facility_id,city,source,name,address,district_code,lng_wgs84,lat_wgs84,coord_source,coord_quality,total_capacity_kg,remain_capacity_kg,receive_type,disposal_type,snapshot
38b0bfa4c86e06ab,宁波,nb_disposal,,,330211002000,121.660906,29.947628,platform_gcj02,ok,39600000.0,20600000.0,,1,2026-09-02
2aeabebba2216f2b,宁波,nb_disposal,,,330211100000,121.591081,30.041355,platform_gcj02,ok,1566291700.0,1085850159.0,,0,2026-09-02
33fcae499f74dc00,宁波,nb_disposal,,,330206003000,121.708812,29.928406,platform_gcj02,ok,120000000.0,66757800.0,,0,2026-09-02
089289964d656e3c,宁波,nb_disposal,,,330206006000,121.929072,29.899488,platform_gcj02,ok,6000000000.0,3706932200.0,,0,2026-09-02
027074c8b751c8e0,宁波,nb_disposal,,,330206006000,121.921771,29.89822,platform_gcj02,ok,900000000.0,792386112.0,,0,2026-09-02
3e92c93b6f3405f6,宁波,nb_disposal,,,330211004000,121.641467,29.915177,platform_gcj02,ok,6000000000.0,2256474464.0,,0,2026-09-02
70c72af3ac7609a0,宁波,nb_disposal,,,330203009000,121.481634,29.831625,platform_gcj02,ok,108000000.0,240000.0,,1,2026-09-02
0d8340c6527d72ff,宁波,nb_disposal,,,330203104000,121.407576,29.771955,platform_gcj02,ok,62600000.0,21200000.0,,1,2026-09-02
1b3bdeff9145945e,宁波,nb_disposal,,,330203104000,121.366126,29.771233,platform_gcj02,ok,1620000000.0,872807567.0,,0,2026-09-02
5969239d9ffb8a77,宁波,nb_disposal,,,330205003000,121.604241,29.908557,platform_gcj02,ok,36000000000.0,32826011592.0,,0,2026-09-02
f3de53ca962a32af,宁波,nb_disposal,,,330211101000,121.533408,30.032719,platform_gcj02,ok,36000000.0,16920000.0,,1,2026-09-02
b347f7e09135af87,宁波,nb_disposal,,,330212006000,121.499877,29.803584,platform_gcj02,ok,13000000000.0,8840139030.0,,0,2026-09-02
9cdbef494c741acc,宁波,nb_disposal,,,330212108000,121.606725,29.757379,platform_gcj02,ok,450000000.0,281655306.0,,0,2026-09-02
db40b9535688b974,宁波,nb_disposal,,,330212110000,121.562407,29.714958,platform_gcj02,ok,300000000.0,246044000.0,,0,2026-09-02
33ed84e83eb8c39d,宁波,nb_disposal,,,330212110000,121.466958,29.721372,platform_gcj02,ok,400000000.0,225000000.0,,0,2026-09-02
8106d2fc413d94a9,宁波,nb_disposal,,,330212006000,121.563207,29.822026,platform_gcj02,ok,3060000.0,2060000.0,,1,2026-09-02
6cdaca4cb92f9a45,宁波,nb_disposal,,,330212105000,121.698335,29.829225,platform_gcj02,ok,2520000000.0,1794826000.0,,0,2026-09-02
40f05bfe89829976,宁波,nb_disposal,,,330212901000,121.599841,29.869058,platform_gcj02,ok,51480000.0,0.0,,1,2026-09-02
590a2d441e155fca,宁波,nb_disposal,,,330212903000,121.859199,29.707775,platform_gcj02,ok,18380340000.0,14402063560.0,,1,2026-09-02
82982e425265d738,宁波,nb_disposal,,,330225107000,121.813614,29.265114,platform_gcj02,ok,1000000000.0,443538490.0,,0,2026-09-02
cdc2e1fadd046f8a,宁波,nb_disposal,,,330225200000,121.946035,29.420181,platform_gcj02,ok,540000000.0,268100000.0,,1,2026-09-02
599d4fb98706cd12,宁波,nb_disposal,,,330226001000,121.413296,29.316956,platform_gcj02,ok,5400090.0,0.0,,1,2026-09-02
78513f77d3cde709,宁波,nb_disposal,,,330226001000,121.381315,29.282834,platform_gcj02,ok,118055088.0,78398206.0,,1,2026-09-02
34a9ee9d994826e8,宁波,nb_disposal,,,330226002000,121.4837,29.367731,platform_gcj02,ok,830000000.0,701891382.2,,0,2026-09-02
7907ad2aa2b3ca9f,宁波,nb_disposal,,,330206002000,121.772047,29.944107,platform_gcj02,ok,1867900000.0,206615200.0,,1,2026-09-02
98a53f5cf9eb3d62,宁波,nb_disposal,,,330206004000,121.753944,29.8739,platform_gcj02,ok,100000000.0,68042180.0,,0,2026-09-02
996e134c6ab01f57,宁波,nb_disposal,,,330226110000,121.513635,29.468741,platform_gcj02,ok,3060000000.0,2561180338.0,,1,2026-09-02
22cecfebeb7112ce,宁波,nb_disposal,,,330226003000,121.415507,29.372708,platform_gcj02,ok,662592000.0,419959296.0,,0,2026-09-02
874e5b37e681d21a,宁波,nb_disposal,,,330226102000,121.613372,29.241097,platform_gcj02,ok,1160000000.0,827593397.56,,1,2026-09-02
19366e60ee2abf29,宁波,nb_disposal,,,33028210L000,121.322241,30.381223,platform_gcj02,ok,360000000.0,263400000.0,,1,2026-09-02
181dc2668d2588ae,宁波,nb_disposal,,,330213007000,121.424829,29.57281,platform_gcj02,ok,360000000.0,7662660.0,,0,2026-09-02
d59bb1dbc2848e9a,宁波,nb_disposal,,,330203101000,121.382174,29.883974,platform_gcj02,ok,1100000000.0,467286600.0,,0,2026-09-02
eb872ee3eb33fa13,宁波,nb_disposal,,,330213005000,121.351969,29.727983,platform_gcj02,ok,63900000.0,47700000.0,,1,2026-09-02
f47ce0e15bcb96f6,宁波,nb_disposal,,,330281102000,121.032337,30.253612,platform_gcj02,ok,1008000000.0,0.0,,1,2026-09-02
52cef9ff6741df1c,宁波,nb_disposal,,,330206007000,121.741392,29.973914,platform_gcj02,ok,700000000.0,354115448.0,,0,2026-09-02
3f390fb587c874bd,宁波,nb_disposal,,,330206005000,121.887474,29.900908,platform_gcj02,ok,80000000.0,50985030.0,,0,2026-09-02
1f842369bc9b2d21,宁波,nb_disposal,,,330206008000,121.876101,29.757851,platform_gcj02,ok,200000000.0,191995000.0,,0,2026-09-02
a7720d8ef57c4bca,宁波,nb_disposal,,,330281002000,121.17077,30.084037,platform_gcj02,ok,6840000.0,0.0,,1,2026-09-02
9383056f93ba58de,宁波,nb_disposal,,,330281005000,121.170624,30.149962,platform_gcj02,ok,300000000.0,217809000.0,,0,2026-09-02
2679f83a13c9e0fb,宁波,nb_disposal,,,330281102000,120.967698,30.230369,platform_gcj02,ok,12715200000.0,11978166000.0,,1,2026-09-02
2bfa4039a616c0e6,宁波,nb_disposal,,,330281006000,121.09221,30.150023,platform_gcj02,ok,19260000.0,9432000.0,,1,2026-09-02
7f9c7febf4c7dc7b,宁波,nb_disposal,,,330281102000,121.030481,30.27211,platform_gcj02,ok,199800000.0,0.0,,1,2026-09-02
9d98f79c1244520b,宁波,nb_disposal,,,330281102000,121.019077,30.244031,platform_gcj02,ok,1839450000.0,201788000.0,,1,2026-09-02
a5d7128ae90eaec5,宁波,nb_disposal,,,330281002000,121.228187,30.034718,platform_gcj02,ok,1000000000.0,561364200.0,,0,2026-09-02
d9e7330f8721f71e,宁波,nb_disposal,,,330212101000,121.770026,29.696592,platform_gcj02,ok,450000000.0,206749676.0,,0,2026-09-02
ba9cd427b881edac,宁波,nb_disposal,,,330212001000,121.578375,29.815864,platform_gcj02,ok,95400000.0,0.0,,1,2026-09-02
9e060b60d6b6074f,宁波,nb_disposal,,,330212101000,121.751437,29.648897,platform_gcj02,ok,600000000.0,456000000.0,,0,2026-09-02
d87ce9b27821a332,宁波,nb_disposal,,,330203100000,121.393325,29.937119,platform_gcj02,ok,120000000.0,120000000.0,,0,2026-09-02
fc4a96617cd046fe,宁波,nb_disposal,,,330203100000,121.388188,29.923927,platform_gcj02,ok,540000000.0,321785800.0,,0,2026-09-02
dd7800f49854349f,宁波,nb_disposal,,,330213006000,121.437119,29.746606,platform_gcj02,ok,800000000.0,816691280.0,,0,2026-09-02
88783216763c67c3,宁波,nb_disposal,,,33028210L000,121.355803,30.359548,platform_gcj02,ok,27000000.0,3600000.0,,1,2026-09-02
5331c1849c5c9011,宁波,nb_disposal,,,330282108000,121.443056,30.238327,platform_gcj02,ok,1250000000.0,84650000.0,,1,2026-09-02
667cca6c006417a5,宁波,nb_disposal,,,330282123000,121.595207,30.070613,platform_gcj02,ok,7000000000.0,3136842849.0,,1,2026-09-02
6753b33bfa666e0f,宁波,nb_disposal,,,330205008000,121.451854,29.936126,platform_gcj02,ok,1950000000.0,2005349890.0,,0,2026-09-02
860544da52f26500,宁波,nb_disposal,,,33028210L000,121.281352,30.365191,platform_gcj02,ok,5400000000.0,1483015000.0,,1,2026-09-02
5748fe0c94ccf861,宁波,nb_disposal,,,33028210L000,121.29808,30.377116,platform_gcj02,ok,52200000.0,44200000.0,,1,2026-09-02
acedbbedd82557a7,宁波,nb_disposal,,,33028210L000,121.281457,30.391758,platform_gcj02,ok,99000000.0,65000000.0,,1,2026-09-02
c3d0336bead64691,宁波,nb_disposal,,,33028210L000,121.283225,30.3165,platform_gcj02,ok,54000000.0,3300000.0,,1,2026-09-02
a4abc16bacfc6ea0,宁波,nb_disposal,,,330205001000,121.550394,29.884721,platform_gcj02,ok,48420000.0,28420000.0,,1,2026-09-02
9cb3a98d33423dcb,宁波,nb_disposal,,,330225200000,121.911376,29.410402,platform_gcj02,ok,360000000.0,57087000.0,,1,2026-09-02
16b51817fc693958,宁波,nb_disposal,,,330203009000,121.502471,29.818519,platform_gcj02,ok,270000000.0,108000000.0,,1,2026-09-02
b05328c8362fb4a1,宁波,nb_disposal,,,330203103000,121.468035,29.82752,platform_gcj02,ok,880000000.0,676990820.0,,0,2026-09-02
c533706741b275fe,宁波,nb_disposal,,,330211004000,121.611884,29.938063,platform_gcj02,ok,56340000.0,51324600.0,,1,2026-09-02
9f0a6631e3d45636,宁波,nb_disposal,,,330211002000,121.681241,29.970582,platform_gcj02,ok,1200000000.0,1177329930.0,,0,2026-09-02
02c4ae378811e374,宁波,nb_disposal,,,33021100L000,121.638431,30.060833,platform_gcj02,ok,26874000.0,8092000.0,,1,2026-09-02
314b3282215f22be,宁波,nb_disposal,,,330281001000,121.178704,30.00093,platform_gcj02,ok,200000000.0,195827000.0,,0,2026-09-02
adec5bb90e11e473,宁波,nb_disposal,,,330281102000,121.001719,30.244874,platform_gcj02,ok,144200000.0,200000.0,,1,2026-09-02
bf7adb0c9e305ca0,宁波,nb_disposal,,,330211003000,121.552574,30.000743,platform_gcj02,ok,28800000.0,762200.0,,1,2026-09-02
24fd114f9775b49c,宁波,nb_disposal,,,330211004000,121.628332,29.926304,platform_gcj02,ok,144000000.0,81700000.0,,1,2026-09-02
074d01b02f9156ae,宁波,nb_disposal,,,330211004000,121.597219,29.940983,platform_gcj02,ok,23760000.0,10160000.0,,1,2026-09-02
be60c9781b664ff1,宁波,nb_disposal,,,33021100L000,121.605207,29.961973,platform_gcj02,ok,108000000.0,96217200.0,,1,2026-09-02
ca7124280128d06d,宁波,nb_disposal,,,33021100L000,121.617193,29.965313,platform_gcj02,ok,39600000.0,19800000.0,,1,2026-09-02
5f6dfa61c87040bb,宁波,nb_disposal,,,33021100L000,121.614609,29.956456,platform_gcj02,ok,42840000.0,27840000.0,,1,2026-09-02
ca5ba6519280b031,宁波,nb_disposal,,,33021100L000,121.638512,30.060771,platform_gcj02,ok,14400000.0,10400000.0,,1,2026-09-02
06e514118faf9659,宁波,nb_disposal,,,33028210L000,121.203265,30.323766,platform_gcj02,ok,12600000.0,0.0,,1,2026-09-02
03581d44e6e1e4a5,宁波,nb_disposal,,,330281002000,121.169828,30.049938,platform_gcj02,ok,143700000.0,600000.0,,1,2026-09-02
7708740411a7dd96,宁波,nb_disposal,,,330203104000,121.412978,29.775154,platform_gcj02,ok,56340000.0,0.0,,1,2026-09-02
fa7b8394e47807f5,宁波,nb_disposal,,,330213004000,121.475377,29.680098,platform_gcj02,ok,63180000.0,23580000.0,,1,2026-09-02
23bcb1c60780b91f,宁波,nb_disposal,,,330213004000,121.47631,29.680968,platform_gcj02,ok,5040000.0,0.0,,1,2026-09-02
5b659f62d2759bda,宁波,nb_disposal,,,330206002000,121.863848,29.917321,platform_gcj02,ok,165000000.0,71455492.0,,0,2026-09-02
3aaf7623239bcb6a,宁波,nb_disposal,,,330281001000,121.178768,30.0097,platform_gcj02,ok,5580000.0,0.0,,1,2026-09-02
a6f1afc3936fe3fe,宁波,nb_disposal,,,330281002000,121.186496,30.067911,platform_gcj02,ok,9804600.0,84600.0,,1,2026-09-02
27b87022edc5b93a,宁波,nb_disposal,,,330212004000,121.660209,29.88109,platform_gcj02,ok,220000000.0,158991000.0,,0,2026-09-02
c75312fce73d6e2e,宁波,nb_disposal,,,330205103000,121.413112,29.955888,platform_gcj02,ok,300000000.0,211688762.0,,0,2026-09-02
0a8120b3a26b2519,宁波,nb_disposal,,,33021100L000,121.634362,30.059149,platform_gcj02,ok,600000000.0,256161091.0,,1,2026-09-02
e678b7f57292b625,宁波,nb_disposal,,,330203009000,121.502128,29.82315,platform_gcj02,ok,87300000.0,2340000.0,,1,2026-09-02
dd67004e11880de6,宁波,nb_disposal,,,330203104000,121.391083,29.76309,platform_gcj02,ok,460000000.0,352000000.0,,0,2026-09-02
c746f4e24e51b38d,宁波,nb_disposal,,,330203106000,121.317055,29.779947,platform_gcj02,ok,58145400.0,37200000.0,,1,2026-09-02
0a4587f46ab8fbce,宁波,nb_disposal,,,330281002000,121.168975,30.097438,platform_gcj02,ok,119520000.0,47520000.0,,1,2026-09-02
ad7578618a3d64f6,宁波,nb_disposal,,,330281004000,121.143868,30.084549,platform_gcj02,ok,35300000.0,0.0,,1,2026-09-02
ee95347c916cb6f2,宁波,nb_disposal,,,330281111000,121.340097,29.96679,platform_gcj02,ok,203400000.0,0.0,,1,2026-09-02
543bc191df8b61e7,宁波,nb_disposal,,,330203009000,121.431809,29.789006,platform_gcj02,ok,200000000.0,200000000.0,,0,2026-09-02
4210066e3dcfb918,宁波,nb_disposal,,,33028210L000,121.23353,30.323658,platform_gcj02,ok,12600000.0,0.0,,1,2026-09-02
e1a399aa9cca1a17,宁波,nb_disposal,,,330282002000,121.223643,30.210826,platform_gcj02,ok,8280000.0,180000.0,,1,2026-09-02
610fa216d6cd3c7e,宁波,nb_disposal,,,33028210L000,121.181935,30.334904,platform_gcj02,ok,3000000000.0,2676000000.0,,0,2026-09-02
1bf18a6251ee1970,宁波,nb_disposal,,,330225109000,121.909776,29.53246,platform_gcj02,ok,400000000.0,335050000.0,,0,2026-09-02
118902bc3c399cb4,宁波,nb_disposal,,,330212109000,121.605842,29.754141,platform_gcj02,ok,120000000.0,120000000.0,,0,2026-09-02
1aa355d393bf6a5f,宁波,nb_disposal,,,330213005000,121.322977,29.729584,platform_gcj02,ok,3790000000.0,16649505.0,,1,2026-09-02
f60f133e5c148488,宁波,nb_disposal,,,330212103000,121.666404,29.820095,platform_gcj02,ok,270000000.0,27000000.0,,1,2026-09-02
f9c80366ba7c66bf,宁波,nb_disposal,,,330212012000,121.585053,29.857295,platform_gcj02,ok,33840000.0,14840000.0,,1,2026-09-02
f75208d1b76595af,宁波,nb_disposal,,,330212106000,121.653557,29.833782,platform_gcj02,ok,147339000.0,21339000.0,,1,2026-09-02
5b6050f3cfdb657c,宁波,nb_disposal,,,330212103L00,121.68932,29.806273,platform_gcj02,ok,3525000000.0,2645574562.0,,0,2026-09-02
b7c4ffa4910f8635,宁波,nb_disposal,,,330282005000,121.283233,30.214108,platform_gcj02,ok,50000000.0,5000000.0,,1,2026-09-02
d4f5fc167db6637e,宁波,nb_disposal,,,33028210L000,121.304092,30.336656,platform_gcj02,ok,14400000.0,0.0,,1,2026-09-02
06ee158e1832294c,宁波,nb_disposal,,,330226111000,121.427613,29.46737,platform_gcj02,ok,3654280800.0,2236777340.0,,1,2026-09-02
0dbad1ab503c8755,宁波,nb_disposal,,,33028210L000,121.276297,30.357366,platform_gcj02,ok,36000000.0,25398000.0,,1,2026-09-02
710febb481442940,宁波,nb_disposal,,,330226004000,121.464692,29.431875,platform_gcj02,ok,510000000.0,508999085.0,,0,2026-09-02
04bbd0e9b622bfa2,宁波,nb_disposal,,,330212903000,121.845655,29.718208,platform_gcj02,ok,1800000000.0,514927580.0,,1,2026-09-02
0c8c931396c71d38,宁波,nb_disposal,,,330213008000,121.459924,29.525245,platform_gcj02,ok,600000000.0,575098920.0,,0,2026-09-02
f4f05b0ed6c50140,宁波,nb_disposal,,,33028210L000,121.291796,30.301116,platform_gcj02,ok,6300000.0,0.0,,1,2026-09-02
8d6fd860c6592ad2,宁波,nb_disposal,,,330282005000,121.274737,30.178992,platform_gcj02,ok,50000000.0,1400000.0,,1,2026-09-02
bb27098215ab2ab9,宁波,nb_disposal,,,330282110000,121.300537,30.136635,platform_gcj02,ok,340000000.0,25000000.0,,0,2026-09-02
f2464d89beabe7ac,宁波,nb_disposal,,,330203100000,121.386297,29.927502,platform_gcj02,ok,600000000.0,600000000.0,,0,2026-09-02
04cf5174cd7fad91,宁波,nb_disposal,,,330282120000,121.159121,30.254316,platform_gcj02,ok,100000000.0,100000000.0,,0,2026-09-02
4c3b2b1b6db752e2,宁波,nb_disposal,,,330211002000,121.665531,29.968338,platform_gcj02,ok,18000000.0,8000000.0,,1,2026-09-02
82c7f0e2bc8ee8d0,宁波,nb_disposal,,,330205006000,121.531107,29.945476,platform_gcj02,ok,800000000.0,796440000.0,,0,2026-09-02
5bb15b65d5c94859,宁波,nb_disposal,,,330211100000,121.616414,30.011129,platform_gcj02,ok,162000000.0,108000000.0,,0,2026-09-02
61332ef458df37ca,宁波,nb_disposal,,,330212108000,121.595327,29.771697,platform_gcj02,ok,63720000.0,120000.0,,1,2026-09-02
e9f277b216d45df1,宁波,nb_disposal,,,330212901000,121.62487,29.861821,platform_gcj02,ok,113220000.0,83220000.0,,1,2026-09-02
b614467645604218,宁波,nb_disposal,,,330206002000,121.846858,29.939598,platform_gcj02,ok,27710000.0,0.0,,1,2026-09-02
7e37499d9d044de4,宁波,nb_disposal,,,330206005000,121.85605,29.899063,platform_gcj02,ok,63000000.0,27000000.0,,1,2026-09-02
c5b0281e78204c38,宁波,nb_disposal,,,330226001000,121.496914,29.276836,platform_gcj02,ok,975624300.0,190400552.0,,1,2026-09-02
cd7baaec10b4ce94,宁波,nb_disposal,,,330211002000,121.601447,30.037561,platform_gcj02,ok,18000000.0,13000000.0,,1,2026-09-02
d79480302d725e0c,宁波,nb_disposal,,,330225108000,121.934437,29.63493,platform_gcj02,ok,100000000.0,89200000.0,,0,2026-09-02
6461200ae48e010d,宁波,nb_disposal,,,330282107000,121.45335,30.223876,platform_gcj02,ok,360000000.0,360000000.0,,0,2026-09-02
46e84922b6ec250d,宁波,nb_disposal,,,330211001000,121.702109,29.98366,platform_gcj02,ok,3600000.0,0.0,,1,2026-09-02
54dc72215b0b0203,宁波,nb_disposal,,,330226002000,121.434115,29.352188,platform_gcj02,ok,450000000.0,396578142.0,,0,2026-09-02
9dd7718c759e3dae,宁波,nb_disposal,,,330281106000,121.019977,30.110455,platform_gcj02,ok,350000000.0,26115000.0,,0,2026-09-02
480641503b7e62a1,宁波,nb_disposal,,,330282005000,121.288979,30.177575,platform_gcj02,ok,36000000.0,3600000.0,,1,2026-09-02
7ea424c9ee9604bd,宁波,nb_disposal,,,33028210L000,121.200984,30.363526,platform_gcj02,ok,144000000.0,36000000.0,,1,2026-09-02
dab72f574fc410dc,宁波,nb_disposal,,,330282109000,121.353616,30.212559,platform_gcj02,ok,30000000.0,3000000.0,,1,2026-09-02
71e6d06b32ac5c89,宁波,nb_disposal,,,330211004000,121.621954,29.947474,platform_gcj02,ok,246956400.0,84956400.0,,1,2026-09-02
552f58cd2e318ac5,宁波,nb_disposal,,,330226111000,121.421103,29.410938,platform_gcj02,ok,500099216.0,459263156.0,,0,2026-09-02
96a4391b213acf4b,宁波,nb_disposal,,,330211004000,121.599193,29.931807,platform_gcj02,ok,21600000.0,0.0,,1,2026-09-02
7493cf79cd3d12ff,宁波,nb_disposal,,,330225101000,121.944908,29.283831,platform_gcj02,ok,270000000.0,260000000.0,,1,2026-09-02
853364538c32c8d2,宁波,nb_disposal,,,330211100000,121.630774,30.003416,platform_gcj02,ok,1782000.0,882000.0,,1,2026-09-02
dcd99e32053195db,宁波,nb_disposal,,,330281003000,121.128982,30.035949,platform_gcj02,ok,7200000.0,0.0,,1,2026-09-02
519fca94f6459980,宁波,nb_disposal,,,330206006000,121.889778,29.854334,platform_gcj02,ok,36000000.0,0.0,,1,2026-09-02
b142cebc7466a6ca,宁波,nb_disposal,,,330206009000,121.937466,29.769286,platform_gcj02,ok,1000000000.0,881517040.0,,0,2026-09-02
dd5585cf479b3ae0,宁波,nb_disposal,,,330213001000,121.386634,29.691603,platform_gcj02,ok,320000000.0,285560600.0,,0,2026-09-02
52ce9be46aafa8b1,宁波,nb_disposal,,,330213000000,121.43857,29.725922,platform_gcj02,ok,223920000.0,61086760.0,,1,2026-09-02
3b6cdeb14cb7d67f,宁波,nb_disposal,,,330206002000,121.804232,29.908733,platform_gcj02,ok,43200000.0,17800000.0,,1,2026-09-02
5c9f19b74a992071,宁波,nb_disposal,,,330206002000,121.811733,29.926088,platform_gcj02,ok,30968000.0,530.0,,1,2026-09-02
6ba397a97993b431,宁波,nb_disposal,,,330206003000,121.695151,29.924775,platform_gcj02,ok,27504000.0,0.0,,1,2026-09-02
62fa6f898b38a96d,宁波,nb_disposal,,,330225102000,121.713057,29.514256,platform_gcj02,ok,200000000.0,168440000.0,,0,2026-09-02
51a3356c28c5465a,宁波,nb_disposal,,,33028210L000,121.306038,30.3843,platform_gcj02,ok,9144000.0,1144000.0,,1,2026-09-02
ea6386303d111f4f,宁波,nb_disposal,,,33028210L000,121.326923,30.302096,platform_gcj02,ok,7200000.0,0.0,,1,2026-09-02
3204e9ea37f120ed,宁波,nb_disposal,,,330282118000,121.363729,30.282762,platform_gcj02,ok,780000000.0,425206500.0,,0,2026-09-02
6baa95c478d7df91,宁波,nb_disposal,,,330282112000,121.405885,30.275512,platform_gcj02,ok,1530000000.0,1452000000.0,,0,2026-09-02
ec80fe9d1a5a2a22,宁波,nb_disposal,,,33021100L000,121.643378,30.036346,platform_gcj02,ok,68400000.0,48400000.0,,1,2026-09-02
aeb8fafa65df05f4,宁波,nb_disposal,,,330212101000,121.779817,29.674327,platform_gcj02,ok,500000000.0,499000000.0,,0,2026-09-02
fadfd10b2f1691d0,宁波,nb_disposal,,,330226002000,121.410924,29.346995,platform_gcj02,ok,360000000.0,348410118.0,,0,2026-09-02
15eab0ac5f55e6b0,宁波,nb_disposal,,,330226001000,121.49532,29.278348,platform_gcj02,ok,46800000.0,18360000.0,,1,2026-09-02
86f0b33f134b5f3e,宁波,nb_disposal,,,330226004000,121.467989,29.395883,platform_gcj02,ok,51617196.0,8779108.96,,1,2026-09-02
4e15853611247f08,宁波,nb_disposal,,,330226109000,121.516235,29.411608,platform_gcj02,ok,480000000.0,437400000.0,,0,2026-09-02
27a21063b1c7fe37,宁波,nb_disposal,,,330225001000,121.917151,29.461261,platform_gcj02,ok,500000000.0,500000000.0,,0,2026-09-02
b13228acff2aeea7,宁波,nb_disposal,,,330225101000,121.95317,29.233286,platform_gcj02,ok,50000000.0,12200000.0,,1,2026-09-02
71f0667f0042b574,宁波,nb_disposal,,,330225110000,121.90892,29.300914,platform_gcj02,ok,52200000.0,0.0,,1,2026-09-02
8109b060cffa1b56,宁波,nb_disposal,,,33028210L000,121.307137,30.38682,platform_gcj02,ok,436000000.0,38800000.0,,1,2026-09-02
279d4340946da045,宁波,nb_disposal,,,330282110000,121.306053,30.15551,platform_gcj02,ok,30000000.0,30000000.0,,0,2026-09-02
e91f8a696e1ef121,宁波,nb_disposal,,,330213007000,121.39795,29.605239,platform_gcj02,ok,100000000.0,58600000.0,,0,2026-09-02
6e499293f968cdea,宁波,nb_disposal,,,330206003000,121.690395,29.917709,platform_gcj02,ok,350000000.0,342800000.0,,0,2026-09-02
33769af00613f7d7,宁波,nb_disposal,,,330206003000,121.714454,29.939268,platform_gcj02,ok,28800000.0,5400000.0,,1,2026-09-02
00a8fb328d7f9435,宁波,nb_disposal,,,330282118000,121.163113,30.329868,platform_gcj02,ok,36000000.0,18000000.0,,1,2026-09-02
b5d473b70e248ef0,宁波,nb_disposal,,,330203009000,121.454982,29.810994,platform_gcj02,ok,400000000.0,396922000.0,,0,2026-09-02
dc904729e1eb5343,宁波,nb_disposal,,,330225200000,121.929987,29.343886,platform_gcj02,ok,400000000.0,348298062.0,,0,2026-09-02
60433312a1f05345,宁波,nb_disposal,,,330282123000,121.519654,30.112898,platform_gcj02,ok,45000000.0,14400000.0,,1,2026-09-02
6cf3c30793a7cfe4,宁波,nb_disposal,,,330211002000,121.655524,29.968925,platform_gcj02,ok,28260000.0,0.0,,1,2026-09-02
db235622d0c4cf66,宁波,nb_disposal,,,330211004000,121.618942,29.955232,platform_gcj02,ok,9000000.0,4000000.0,,1,2026-09-02
058c77e4f4cd6488,宁波,nb_disposal,,,330282123000,121.529729,30.136787,platform_gcj02,ok,360000000.0,221400000.0,,0,2026-09-02
8cb1a775ab67f908,宁波,nb_disposal,,,330212015000,121.595783,29.886553,platform_gcj02,ok,28080000.0,28080000.0,,1,2026-09-02
c07108edda5d32f1,宁波,nb_disposal,,,330211004000,121.601511,29.929144,platform_gcj02,ok,108000000.0,29313000.0,,1,2026-09-02
669a579828e15713,宁波,nb_disposal,,,33028210L000,121.308244,30.389417,platform_gcj02,ok,54000000.0,16200000.0,,1,2026-09-02
472ef5e16377a255,宁波,nb_disposal,,,330282123000,121.586707,30.097053,platform_gcj02,ok,9900000.0,0.0,,1,2026-09-02
33730352fb05e688,宁波,nb_disposal,,,330281001000,121.167556,30.018623,platform_gcj02,ok,27720000.0,20000.0,,1,2026-09-02
1abbe3dd6cbb3e13,宁波,nb_disposal,,,330281002000,121.165814,30.11422,platform_gcj02,ok,200000000.0,182000000.0,,0,2026-09-02
2f565b9a5c0201ff,宁波,nb_disposal,,,330282114000,121.221408,30.108822,platform_gcj02,ok,320000000.0,122000000.0,,0,2026-09-02
708b9c98047ae02c,宁波,nb_disposal,,,330281005000,121.162383,30.120146,platform_gcj02,ok,200000000.0,169891000.0,,0,2026-09-02
5b53fe1971b48dfd,宁波,nb_disposal,,,33021100L000,121.617517,29.959627,platform_gcj02,ok,18000000.0,0.0,,1,2026-09-02
dbb136298416a03e,宁波,nb_disposal,,,33022500L000,121.916195,29.300772,platform_gcj02,ok,72000000.0,54000000.0,,1,2026-09-02
1c273d869b89155d,宁波,nb_disposal,,,330206003000,121.757537,29.940877,platform_gcj02,ok,454900000.0,92137780.0,,1,2026-09-02
4a402267d9786a4d,宁波,nb_disposal,,,330226102000,121.600111,29.262959,platform_gcj02,ok,1080000000.0,1037078086.2,,1,2026-09-02
b18234911f9e414a,宁波,nb_disposal,,,330206008000,121.919217,29.786721,platform_gcj02,ok,27000000.0,16200000.0,,1,2026-09-02
a6e55a4908018d76,宁波,nb_disposal,,,33028210L000,121.295623,30.321192,platform_gcj02,ok,9000000.0,0.0,,1,2026-09-02
9714f77d6a930af0,宁波,nb_disposal,,,330226003000,121.468185,29.376444,platform_gcj02,ok,1750000000.0,1718200000.0,,0,2026-09-02
1a7d3d9365b452e0,宁波,nb_disposal,,,330203009000,121.467584,29.803742,platform_gcj02,ok,300000000.0,299640000.0,,0,2026-09-02
7a91d6ed55f51736,宁波,nb_disposal,,,330212002000,121.519413,29.815349,platform_gcj02,ok,5904000.0,0.0,,1,2026-09-02
9590f97d62da45ab,宁波,nb_disposal,,,330282005000,121.283891,30.217189,platform_gcj02,ok,5400000.0,0.0,,1,2026-09-02
98c5fad1216b89de,宁波,nb_disposal,,,330226001000,121.497662,29.276658,platform_gcj02,ok,47412000.0,12250461.0,,1,2026-09-02
df8c79a9fbbb00b1,宁波,nb_disposal,,,330226110000,121.500087,29.451295,platform_gcj02,ok,2170000000.0,249767856.0,,1,2026-09-02
bb02798680a9b3dc,宁波,nb_disposal,,,330225200000,121.915561,29.349193,platform_gcj02,ok,16351100.0,7864100.0,,1,2026-09-02
6d715a0f9964f3f6,宁波,nb_disposal,,,330206002000,121.855684,29.907462,platform_gcj02,ok,450000000.0,123476000.0,,1,2026-09-02
b291a51fc5e2c794,宁波,nb_disposal,,,330226002000,121.443497,29.332619,platform_gcj02,ok,36208800.0,26128800.0,,1,2026-09-02
2f686b82d68e6687,宁波,nb_disposal,,,330281102000,120.995474,30.236913,platform_gcj02,ok,58800000.0,120000.0,,1,2026-09-02
79d958130349ae25,宁波,nb_disposal,,,330206002000,121.777891,29.939029,platform_gcj02,ok,150000000.0,140000000.0,,0,2026-09-02
53ee148d898a0c33,宁波,nb_disposal,,,330281101000,120.97233,30.13682,platform_gcj02,ok,450000000.0,450000000.0,,0,2026-09-02
0e1670271f651490,宁波,nb_disposal,,,330203102000,121.388523,29.884936,platform_gcj02,ok,700000000.0,700000000.0,,0,2026-09-02
002ac4692a7d5c31,宁波,nb_disposal,,,330225000000,121.921226,29.348239,platform_gcj02,ok,19800000.0,16200000.0,,1,2026-09-02
df92c9283f5c3b02,宁波,nb_disposal,,,330282005000,121.285915,30.185875,platform_gcj02,ok,8100000.0,3600000.0,,1,2026-09-02
dda32bfd83ffa95c,宁波,nb_disposal,,,330211100000,121.617215,30.011932,platform_gcj02,ok,21600000.0,7560000.0,,1,2026-09-02
54e38262319ba87d,宁波,nb_disposal,,,330226001000,121.469619,29.273087,platform_gcj02,ok,606400000.0,606400000.0,,0,2026-09-02
7c8010d2e5a3ccb6,宁波,nb_disposal,,,33021300L000,121.416038,29.600269,platform_gcj02,ok,150000000.0,144600000.0,,0,2026-09-02
991401db83a9dcf9,宁波,nb_disposal,,,330213002000,121.443991,29.6844,platform_gcj02,ok,300000000.0,296400000.0,,0,2026-09-02
bf86e5be10f786d1,宁波,nb_disposal,,,330206010000,122.049689,29.847917,platform_gcj02,ok,200000000.0,56673500.0,,0,2026-09-02
a1505d3a9c11e95f,宁波,nb_disposal,,,330212002000,121.527657,29.840022,platform_gcj02,ok,10000000.0,10000000.0,,0,2026-09-02
278afae21023fb8c,宁波,nb_disposal,,,330211003000,121.580286,29.964194,platform_gcj02,ok,61560000.0,3960000.0,,1,2026-09-02
1f11c4aec848b581,宁波,nb_disposal,,,330212105000,121.664306,29.870408,platform_gcj02,ok,6000000.0,6000000.0,,1,2026-09-02
8ffc34b01504ac9a,宁波,nb_disposal,,,330203008000,121.482175,29.88821,platform_gcj02,ok,150000000.0,150000000.0,,0,2026-09-02
0c7150975d2f2f9b,宁波,nb_disposal,,,330213100000,121.278346,29.705644,platform_gcj02,ok,404000000.0,404000000.0,,0,2026-09-02
1816c163ea6c7b62,宁波,nb_disposal,,,330211100000,121.578235,30.041607,platform_gcj02,ok,25400000.0,20000000.0,,0,2026-09-02
a97d3d9022647bb0,宁波,nb_disposal,,,330203101000,121.373177,29.8493,platform_gcj02,ok,20000000.0,20000000.0,,0,2026-09-02
2ff796206069ff75,宁波,nb_disposal,,,330206002000,121.780887,29.939585,platform_gcj02,ok,10000000.0,10000000.0,,0,2026-09-02
c3b7bcffdc06cd6b,宁波,nb_disposal,,,330203200000,121.314968,29.792239,platform_gcj02,ok,500000000.0,498740000.0,,0,2026-09-02
ef22219b0fe82f73,宁波,nb_disposal,,,330212108000,121.584208,29.788743,platform_gcj02,ok,10800000.0,0.0,,1,2026-09-02
9de3c7e4c5b104d9,宁波,nb_disposal,,,330226111000,121.40678,29.481154,platform_gcj02,ok,48600000.0,34448000.0,,1,2026-09-02
6966fb746fcfb179,宁波,nb_disposal,,,330225103000,121.913073,29.16844,platform_gcj02,ok,48000000.0,48000000.0,,0,2026-09-02
abdd4c350174dc0a,宁波,nb_disposal,,,330203006000,121.502872,29.878863,platform_gcj02,ok,200000000.0,200000000.0,,0,2026-09-02
4449bbc86ec0461e,宁波,nb_disposal,,,330203009000,121.47582,29.797854,platform_gcj02,ok,850000000.0,850000000.0,,0,2026-09-02
410393043134abfc,宁波,nb_disposal,,,330203100000,121.400142,29.938366,platform_gcj02,ok,300000000.0,300000000.0,,0,2026-09-02
cc856c57c9371f12,宁波,nb_disposal,,,330211003000,121.554635,29.964623,platform_gcj02,ok,50000000.0,50000000.0,,0,2026-09-02
f99d4ac0d2a42a15,宁波,nb_disposal,,,330211004000,121.619216,29.960316,platform_gcj02,ok,30000000.0,30000000.0,,0,2026-09-02
1b069a4dcb379314,宁波,nb_disposal,,,330211101000,121.533345,30.051447,platform_gcj02,ok,10000000.0,10000000.0,,0,2026-09-02
721918dbafa12ee6,宁波,nb_disposal,,,330212101000,121.745016,29.691726,platform_gcj02,ok,150000000.0,150000000.0,,0,2026-09-02
2b68f28083b102b9,宁波,nb_disposal,,,330212105000,121.670036,29.841999,platform_gcj02,ok,20000000.0,20000000.0,,0,2026-09-02
274322235acabd8d,宁波,nb_disposal,,,330213001000,121.397554,29.634925,platform_gcj02,ok,350000000.0,350000000.0,,0,2026-09-02
4e430436c49e2621,宁波,nb_disposal,,,330213003000,121.439606,29.687537,platform_gcj02,ok,200000000.0,200000000.0,,0,2026-09-02
bd3190ac62fe3327,宁波,nb_disposal,,,330213008000,121.51054,29.556672,platform_gcj02,ok,300000000.0,300000000.0,,0,2026-09-02
d66a26e3d1d22dd8,宁波,nb_disposal,,,33028210L000,121.277938,30.364638,platform_gcj02,ok,700000000.0,700000000.0,,0,2026-09-02
598d8d315c198dc5,宁波,nb_disposal,,,330282114000,121.275225,30.134612,platform_gcj02,ok,108000000.0,108000000.0,,0,2026-09-02
a94315a9320b734d,宁波,nb_disposal,,,330226003000,121.466814,29.394384,platform_gcj02,ok,180000000.0,72000000.0,,1,2026-09-02
033da1ea754bc4bb,宁波,nb_disposal,,,330226111000,121.430652,29.423691,platform_gcj02,ok,374992200.0,105611220.0,,1,2026-09-02
c5079e2931fcf9b0,宁波,nb_disposal,,,330211004000,121.633092,29.930882,platform_gcj02,ok,72000000.0,28980000.0,,1,2026-09-02
674baf3f4d4d132a,宁波,nb_disposal,,,330226003000,121.46636,29.394647,platform_gcj02,ok,51480000.0,1080000.0,,1,2026-09-02
17aea4172aacf144,宁波,nb_disposal,,,330226111000,121.422135,29.450159,platform_gcj02,ok,981540000.0,913140000.0,,1,2026-09-02
bdeb52c04598ee01,宁波,nb_disposal,,,330211004000,121.598216,29.922718,platform_gcj02,ok,108000000.0,72000000.0,,1,2026-09-02
8713268a32a72cd2,宁波,nb_disposal,,,330226201000,121.589999,29.310729,platform_gcj02,ok,253972800.0,47860200.0,,1,2026-09-02
5385d346fd7398ee,宁波,nb_disposal,,,330226105000,121.305716,29.187645,platform_gcj02,ok,360000000.0,306000000.0,,1,2026-09-02
6f79cba1d1141592,宁波,nb_disposal,,,330226111000,121.414353,29.470922,platform_gcj02,ok,51874200.0,5074200.0,,1,2026-09-02
6d72534aee1b25e8,宁波,nb_disposal,,,330226102000,121.579196,29.28233,platform_gcj02,ok,122400000.0,9000000.0,,1,2026-09-02
38a2ffcdc3898559,绍兴,sx_disposal,,,越城区,120.75315,30.13808,platform_wgs84,ok,,1000000.0,,规模消纳场,2026-09-02
cba4de4f8b291baf,绍兴,sx_disposal,,,新昌县,120.86545,29.53193,platform_wgs84,ok,,180000.0,,临时消纳场,2026-09-02
82f882a8ff8f3d79,绍兴,sx_disposal,,,越城区,120.62521,30.06537,platform_wgs84,ok,,10000.0,,临时消纳场,2026-09-02
4dad1d5c5f0af2b2,绍兴,sx_disposal,,,上虞区,120.86195,30.13264,platform_wgs84,ok,,1000000.0,,临时消纳场,2026-09-02
91f757389151cb44,绍兴,sx_disposal,,,上虞区,120.88624,30.10935,platform_wgs84,ok,,30000.0,,临时消纳场,2026-09-02
707c2680f5e1cfde,绍兴,sx_disposal,,,上虞区,120.85739,30.01803,platform_wgs84,ok,,37000.0,,临时消纳场,2026-09-02
4d57519890c95c76,绍兴,sx_disposal,,,嵊州市,120.93392,29.62059,platform_wgs84,ok,,800000.0,,规模消纳场,2026-09-02
518376629811dcd9,绍兴,sx_disposal,,,新昌县,120.96596,29.52972,platform_wgs84,ok,,300000.0,,规模消纳场,2026-09-02
8ea4cd2b53c25d04,绍兴,sx_disposal,,,嵊州市,120.80548,29.62033,platform_wgs84,ok,,750000.0,,规模消纳场,2026-09-02
d324740b680931a4,绍兴,sx_disposal,,,嵊州市,120.63228,29.48628,platform_wgs84,ok,,50000.0,,规模消纳场,2026-09-02
8a82b89f88f14ed3,绍兴,sx_disposal,,,诸暨市,120.32784,29.78761,platform_wgs84,ok,,2300000.0,,规模消纳场,2026-09-02
46b9ee2faf10aa47,绍兴,sx_disposal,,,诸暨市,120.32208,29.58835,platform_wgs84,ok,,270000.0,,规模消纳场,2026-09-02
8ab968623839f161,绍兴,sx_disposal,,,嵊州市,120.87646,29.66063,platform_wgs84,ok,,1200000.0,,规模消纳场,2026-09-02
7bbb38f40c720ede,绍兴,sx_disposal,,,新昌县,120.82201,29.47911,platform_wgs84,ok,,600000.0,,规模消纳场,2026-09-02
9ce11caa2576d466,绍兴,sx_disposal,,,上虞区,120.8768,30.17155,platform_wgs84,ok,,1000000.0,,规模消纳场,2026-09-02
8635cb853a96862f,绍兴,sx_disposal,,,嵊州市,120.93414,29.62071,platform_wgs84,ok,,800000.0,,规模消纳场,2026-09-02
355c356fd9ef2c49,绍兴,sx_disposal,,,柯桥区,120.54815,30.10907,platform_wgs84,ok,,200000.0,,规模消纳场,2026-09-02
d9c2a514535f88d7,绍兴,sx_disposal,,,上虞区,120.84356,30.20152,platform_wgs84,ok,,1560000.0,,规模消纳场,2026-09-02
3ae019d7d54c9fc4,绍兴,sx_disposal,,,上虞区,120.77068,30.01818,platform_wgs84,ok,,15000.0,,临时消纳场,2026-09-02
0d52e15e0517a0cd,绍兴,sx_disposal,,,越城区,120.73708,30.16387,platform_wgs84,ok,,37000.0,,临时消纳场,2026-09-02
14d7ab9cf8227156,绍兴,sx_disposal,,,越城区,120.66193,30.01527,platform_wgs84,ok,,18000.0,,临时消纳场,2026-09-02
500ada4c0d547f33,绍兴,sx_disposal,,,新昌县,120.97372,29.52415,platform_wgs84,ok,,250000.0,,临时消纳场,2026-09-02
8e9d78a80df78677,绍兴,sx_disposal,,,诸暨市,120.25549,29.69507,platform_wgs84,ok,,64690.0,,临时消纳场,2026-09-02
1706a816ebd9238f,绍兴,sx_disposal,,,诸暨市,120.21938,29.77654,platform_wgs84,ok,,80000.0,,临时消纳场,2026-09-02
1c365cb5a3e000c0,绍兴,sx_disposal,,,柯桥区,120.53639,30.11929,platform_wgs84,ok,,12000.0,,临时消纳场,2026-09-02
f9a572efcdd952d1,绍兴,sx_disposal,,,越城区,120.71535,30.12669,platform_wgs84,ok,,530000.0,,临时消纳场,2026-09-02
bd97ae3f8d8e7cb1,绍兴,sx_disposal,,,新昌县,120.83813,29.411,platform_wgs84,ok,,5000.0,,临时消纳场,2026-09-02
1d726e5e182dd193,绍兴,sx_disposal,,,越城区,120.56524,30.03006,platform_wgs84,ok,,215000.0,,临时消纳场,2026-09-02
1f733f45b32b8a8c,绍兴,sx_disposal,,,新昌县,120.78608,29.49401,platform_wgs84,ok,,20000.0,,临时消纳场,2026-09-02
bde37b9e8b05b485,绍兴,sx_disposal,,,嵊州市,120.83524,29.6091,platform_wgs84,ok,,5000.0,,临时消纳场,2026-09-02
41c23b5c180062d9,绍兴,sx_disposal,,,诸暨市,120.25604,29.77259,platform_wgs84,ok,,46292.0,,临时消纳场,2026-09-02
da88e1b0acb17bf1,绍兴,sx_disposal,,,越城区,120.5401,29.98223,platform_wgs84,ok,,52000.0,,临时消纳场,2026-09-02
78b56b6c6f06825a,绍兴,sx_disposal,,,上虞区,120.85669,30.01808,platform_wgs84,ok,,25000.0,,临时消纳场,2026-09-02
819551405bdf5027,绍兴,sx_disposal,,,诸暨市,120.2478,29.61014,platform_wgs84,ok,,900.0,,临时消纳场,2026-09-02
445cbac3dcfea666,绍兴,sx_disposal,,,新昌县,120.98949,29.53542,platform_wgs84,ok,,30000.0,,临时消纳场,2026-09-02
823feaf3df0cf5a8,绍兴,sx_disposal,,,诸暨市,120.28797,29.76307,platform_wgs84,ok,,54800.0,,临时消纳场,2026-09-02
60bb07c6b9c9f2b9,绍兴,sx_disposal,,,柯桥区,120.45058,30.10706,platform_wgs84,ok,,20000.0,,临时消纳场,2026-09-02
503fbe456a5fbd8a,绍兴,sx_disposal,,,新昌县,120.97546,29.45565,platform_wgs84,ok,,2000000.0,,临时消纳场,2026-09-02
2751b81984c77eaa,绍兴,sx_disposal,,,柯桥区,120.43416,30.09678,platform_wgs84,ok,,18000.0,,临时消纳场,2026-09-02
5b2b456749859b14,绍兴,sx_disposal,,,越城区,120.73946,30.2167,platform_wgs84,ok,,400000.0,,临时消纳场,2026-09-02
841d24f9a57f455e,绍兴,sx_disposal,,,新昌县,120.96044,29.53593,platform_wgs84,ok,,18000.0,,临时消纳场,2026-09-02
6d624696be67801b,绍兴,sx_disposal,,,嵊州市,120.90914,29.58186,platform_wgs84,ok,,60000.0,,临时消纳场,2026-09-02
46a16e08c5ad5778,绍兴,sx_disposal,,,嵊州市,120.86894,29.56716,platform_wgs84,ok,,4000.0,,临时消纳场,2026-09-02
b4448899f876b24d,绍兴,sx_disposal,,,嵊州市,120.77804,29.52148,platform_wgs84,ok,,20000.0,,临时消纳场,2026-09-02
88476362af82b572,绍兴,sx_disposal,,,诸暨市,120.2774,29.69966,platform_wgs84,ok,,38000.0,,临时消纳场,2026-09-02
1bd1c30759f67f8d,绍兴,sx_disposal,,,新昌县,120.92835,29.54081,platform_wgs84,ok,,20000.0,,临时消纳场,2026-09-02
e6b1c904ca995245,绍兴,sx_disposal,,,嵊州市,120.84489,29.61543,platform_wgs84,ok,,20000.0,,临时消纳场,2026-09-02
c43685588a5c3ba4,绍兴,sx_disposal,,,新昌县,121.01136,29.47667,platform_wgs84,ok,,50000.0,,临时消纳场,2026-09-02
cf48c09524ce6fc7,绍兴,sx_disposal,,,上虞区,120.97465,29.94375,platform_wgs84,ok,,28400.0,,临时消纳场,2026-09-02
134514b95ae50791,绍兴,sx_disposal,,,诸暨市,120.32807,29.74252,platform_wgs84,ok,,1800.0,,临时消纳场,2026-09-02
ede62133533ea4fb,绍兴,sx_disposal,,,越城区,120.58264,30.06707,platform_wgs84,ok,,28000.0,,临时消纳场,2026-09-02
889179aa7a6a53af,绍兴,sx_disposal,,,上虞区,120.8315,30.19795,platform_wgs84,ok,,17000.0,,临时消纳场,2026-09-02
77f5fcc447538d80,绍兴,sx_disposal,,,新昌县,120.98117,29.51264,platform_wgs84,ok,,157000.0,,临时消纳场,2026-09-02
836e628d9e48e657,绍兴,sx_disposal,,,越城区,120.76069,30.17144,platform_wgs84,ok,,85141.6,,临时消纳场,2026-09-02
6aa7bde7b1d2c909,绍兴,sx_disposal,,,上虞区,120.84979,30.1616,platform_wgs84,ok,,7200.0,,临时消纳场,2026-09-02
884ab86af0ad7be5,绍兴,sx_disposal,,,柯桥区,120.47688,30.01342,platform_wgs84,ok,,30000.0,,临时消纳场,2026-09-02
e91f9b200056eb52,绍兴,sx_disposal,,,新昌县,120.96708,29.52453,platform_wgs84,ok,,50000.0,,临时消纳场,2026-09-02
d53d99c3d99467b0,绍兴,sx_disposal,,,上虞区,120.83874,30.19368,platform_wgs84,ok,,9360.45,,临时消纳场,2026-09-02
7ea3ef0d320f0334,绍兴,sx_disposal,,,越城区,120.65569,30.03237,platform_wgs84,ok,,197651.0,,临时消纳场,2026-09-02
2730f32181eb54b6,绍兴,sx_disposal,,,越城区,120.6207,29.97564,platform_wgs84,ok,,60000.0,,临时消纳场,2026-09-02
37a6f000627a56fb,绍兴,sx_disposal,,,诸暨市,120.2076,29.73093,platform_wgs84,ok,,20000.0,,临时消纳场,2026-09-02
cb07cfd463598736,绍兴,sx_disposal,,,越城区,120.74387,30.20803,platform_wgs84,ok,,100000.0,,临时消纳场,2026-09-02
1a31cd1a5d0a8619,绍兴,sx_disposal,,,上虞区,120.87259,30.17797,platform_wgs84,ok,,43284.0,,临时消纳场,2026-09-02
c1122aed54d33585,绍兴,sx_disposal,,,新昌县,120.98801,29.47678,platform_wgs84,ok,,5000.0,,临时消纳场,2026-09-02
5783b316e843f168,绍兴,sx_disposal,,,越城区,120.72529,30.12051,platform_wgs84,ok,,70000.0,,临时消纳场,2026-09-02
eddbf21e2e21f9bc,绍兴,sx_disposal,,,越城区,120.60371,30.00298,platform_wgs84,ok,,27000.0,,临时消纳场,2026-09-02
2834647b5ba93ec6,绍兴,sx_disposal,,,嵊州市,120.83547,29.66005,platform_wgs84,ok,,20000.0,,临时消纳场,2026-09-02
0d37e7a4b3ab1347,绍兴,sx_disposal,,,越城区,120.52686,30.09319,platform_wgs84,ok,,28645.0,,临时消纳场,2026-09-02
3dff30c58438a57d,绍兴,sx_disposal,,,上虞区,120.94986,29.92139,platform_wgs84,ok,,50000.0,,临时消纳场,2026-09-02
5e47d45a133ca0e3,绍兴,sx_disposal,,,越城区,120.53681,30.09584,platform_wgs84,ok,,68000.0,,临时消纳场,2026-09-02
a545605a1b676d8f,绍兴,sx_disposal,,,嵊州市,120.85126,29.61239,platform_wgs84,ok,,3000.0,,临时消纳场,2026-09-02
ed22299acda3a34d,绍兴,sx_disposal,,,新昌县,120.97826,29.52756,platform_wgs84,ok,,100000.0,,临时消纳场,2026-09-02
3bf7e48e3e1db853,绍兴,sx_disposal,,,嵊州市,120.84308,29.55252,platform_wgs84,ok,,5000.0,,临时消纳场,2026-09-02
3ae78aa0fd60c574,绍兴,sx_disposal,,,新昌县,120.99078,29.50638,platform_wgs84,ok,,150000.0,,临时消纳场,2026-09-02
0e2f5ba9f7c99a01,绍兴,sx_disposal,,,诸暨市,120.2502,29.76987,platform_wgs84,ok,,2883.0,,临时消纳场,2026-09-02
d2c473f6a65d4693,绍兴,sx_disposal,,,诸暨市,120.22795,29.68108,platform_wgs84,ok,,2000.0,,临时消纳场,2026-09-02
8e7e231f31009c7d,绍兴,sx_disposal,,,越城区,120.5675,29.97272,platform_wgs84,ok,,50000.0,,临时消纳场,2026-09-02
fc54829af9bf8b8b,绍兴,sx_disposal,,,越城区,120.7382,30.21446,platform_wgs84,ok,,280000.0,,临时消纳场,2026-09-02
01e3b59fd7bd153c,绍兴,sx_disposal,,,嵊州市,120.82478,29.58326,platform_wgs84,ok,,4000.0,,临时消纳场,2026-09-02
303d86e23cc462f1,绍兴,sx_disposal,,,诸暨市,120.23151,29.74921,platform_wgs84,ok,,50000.0,,临时消纳场,2026-09-02
a14ab19356af7781,绍兴,sx_disposal,,,新昌县,120.87447,29.51624,platform_wgs84,ok,,20000.0,,临时消纳场,2026-09-02
d6700873519ea0c7,绍兴,sx_disposal,,,越城区,120.57292,30.02592,platform_wgs84,ok,,20414.0,,临时消纳场,2026-09-02
387e24c4f5fca529,绍兴,sx_disposal,,,越城区,120.74633,30.21619,platform_wgs84,ok,,69300.0,,临时消纳场,2026-09-02
c123b1e97090fb36,绍兴,sx_disposal,,,新昌县,120.78375,29.46166,platform_wgs84,ok,,20000.0,,临时消纳场,2026-09-02
ed1e56d42b6145bf,绍兴,sx_disposal,,,越城区,120.58643,30.05039,platform_wgs84,ok,,13500.0,,临时消纳场,2026-09-02
8be147d3d795da99,绍兴,sx_disposal,,,嵊州市,120.8293,29.57649,platform_wgs84,ok,,20000.0,,临时消纳场,2026-09-02
16d9ec9719c777c0,绍兴,sx_disposal,,,嵊州市,120.8674,29.55659,platform_wgs84,ok,,500.0,,临时消纳场,2026-09-02
7eba7e3a1a8f4c74,绍兴,sx_disposal,,,新昌县,120.9693,29.51945,platform_wgs84,ok,,150000.0,,临时消纳场,2026-09-02
13de130830df4bdc,绍兴,sx_disposal,,,诸暨市,120.28051,29.77887,platform_wgs84,ok,,8000.0,,临时消纳场,2026-09-02
35e6a03d898c1401,绍兴,sx_disposal,,,嵊州市,120.87911,29.63391,platform_wgs84,ok,,40000.0,,临时消纳场,2026-09-02
3f53682985109044,绍兴,sx_disposal,,,越城区,120.73909,30.16517,platform_wgs84,ok,,47300.0,,临时消纳场,2026-09-02
2779769181e81e99,绍兴,sx_disposal,,,新昌县,121.03525,29.45135,platform_wgs84,ok,,50000.0,,临时消纳场,2026-09-02
29258864e1c19a69,绍兴,sx_disposal,,,上虞区,120.73924,30.05127,platform_wgs84,ok,,28406.0,,临时消纳场,2026-09-02
ac805938c155353c,绍兴,sx_disposal,,,新昌县,120.78696,29.4669,platform_wgs84,ok,,100000.0,,临时消纳场,2026-09-02
43cab0f7243d8385,绍兴,sx_disposal,,,柯桥区,120.51859,30.13127,platform_wgs84,ok,,100000.0,,临时消纳场,2026-09-02
47ebe862f7151076,绍兴,sx_disposal,,,越城区,120.75189,30.16123,platform_wgs84,ok,,46000.0,,临时消纳场,2026-09-02
726c918820d3050e,绍兴,sx_disposal,,,诸暨市,120.19876,29.77225,platform_wgs84,ok,,140000.0,,临时消纳场,2026-09-02
35fbb66acf9715bd,绍兴,sx_disposal,,,诸暨市,120.20294,29.76848,platform_wgs84,ok,,27700.0,,临时消纳场,2026-09-02
19d1da2e9789461f,绍兴,sx_disposal,,,越城区,120.66352,30.08469,platform_wgs84,ok,,25000.0,,临时消纳场,2026-09-02
b84b043fb7bd4228,绍兴,sx_disposal,,,上虞区,120.76833,30.02423,platform_wgs84,ok,,50000.0,,临时消纳场,2026-09-02
d98a04f43699fce4,绍兴,sx_disposal,,,越城区,120.77423,30.12818,platform_wgs84,ok,,46400.0,,临时消纳场,2026-09-02
3bcabb265169043a,绍兴,sx_disposal,,,上虞区,120.84379,29.83457,platform_wgs84,ok,,57000.0,,临时消纳场,2026-09-02
838cf68842c62a11,绍兴,sx_disposal,,,越城区,120.74747,30.19896,platform_wgs84,ok,,80000.0,,临时消纳场,2026-09-02
75732e3a5a9cce90,绍兴,sx_disposal,,,新昌县,120.9494,29.54212,platform_wgs84,ok,,100000.0,,临时消纳场,2026-09-02
c48b6de24e3ce9a7,绍兴,sx_disposal,,,新昌县,120.98296,29.48044,platform_wgs84,ok,,100000.0,,临时消纳场,2026-09-02
a3d810e19617e2cc,绍兴,sx_disposal,,,诸暨市,120.29857,29.71957,platform_wgs84,ok,,6000.0,,临时消纳场,2026-09-02
16175f20ac95a415,绍兴,sx_disposal,,,诸暨市,120.12877,29.80966,platform_wgs84,ok,,18068.47,,临时消纳场,2026-09-02
663a4b99a51cf878,绍兴,sx_disposal,,,越城区,120.74703,30.14626,platform_wgs84,ok,,48500.0,,临时消纳场,2026-09-02
5005737bb24de818,绍兴,sx_disposal,,,嵊州市,120.82954,29.58856,platform_wgs84,ok,,3000.0,,临时消纳场,2026-09-02
f4059fe13423d741,绍兴,sx_disposal,,,嵊州市,120.91247,29.58369,platform_wgs84,ok,,45000.0,,临时消纳场,2026-09-02
0080fc56760f3f1a,绍兴,sx_disposal,,,诸暨市,120.19481,29.72239,platform_wgs84,ok,,70000.0,,临时消纳场,2026-09-02
1fd3168d825ab81d,绍兴,sx_disposal,,,新昌县,120.93225,29.47639,platform_wgs84,ok,,100000.0,,临时消纳场,2026-09-02
20a44099fcc5352c,绍兴,sx_disposal,,,诸暨市,120.30595,29.7134,platform_wgs84,ok,,120000.0,,临时消纳场,2026-09-02
7a3fa24ae274065b,绍兴,sx_disposal,,,新昌县,120.90736,29.528,platform_wgs84,ok,,50000.0,,临时消纳场,2026-09-02
ca30ce2c087ceb9d,绍兴,sx_disposal,,,嵊州市,120.85402,29.57431,platform_wgs84,ok,,50000.0,,临时消纳场,2026-09-02
523c74a388489334,绍兴,sx_disposal,,,嵊州市,120.63607,29.47974,platform_wgs84,ok,,15000.0,,临时消纳场,2026-09-02
bdcb70460aaed1e9,绍兴,sx_disposal,,,越城区,120.57448,29.91181,platform_wgs84,ok,,3000.0,,临时消纳场,2026-09-02
7bdfc2b360a97e5b,绍兴,sx_disposal,,,诸暨市,120.26486,29.65529,platform_wgs84,ok,,3000.0,,临时消纳场,2026-09-02
8e030f52d61a24d5,绍兴,sx_disposal,,,嵊州市,120.81759,29.58425,platform_wgs84,ok,,10000.0,,临时消纳场,2026-09-02
894754f0f77e2b7c,绍兴,sx_disposal,,,诸暨市,120.18046,29.74154,platform_wgs84,ok,,15000.0,,临时消纳场,2026-09-02
f360a5e8d3743325,绍兴,sx_disposal,,,嵊州市,120.64167,29.49229,platform_wgs84,ok,,5000.0,,临时消纳场,2026-09-02
742898513b1c1cc2,绍兴,sx_disposal,,,柯桥区,120.50335,30.06076,platform_wgs84,ok,,40000.0,,临时消纳场,2026-09-02
378a1a064576f2ac,绍兴,sx_disposal,,,诸暨市,120.26377,29.74341,platform_wgs84,ok,,1000.0,,临时消纳场,2026-09-02
5070ac27a71bf39d,绍兴,sx_disposal,,,越城区,120.51705,30.0813,platform_wgs84,ok,,72093.0,,临时消纳场,2026-09-02
c3c85e38b54ba794,绍兴,sx_disposal,,,越城区,120.61955,30.06095,platform_wgs84,ok,,14411.0,,临时消纳场,2026-09-02
41557e6205626984,绍兴,sx_disposal,,,诸暨市,120.24621,29.68736,platform_wgs84,ok,,1500.0,,临时消纳场,2026-09-02
46fef19288266e22,绍兴,sx_disposal,,,诸暨市,120.21159,29.77934,platform_wgs84,ok,,33324.37,,临时消纳场,2026-09-02
a2fc64ff912bb1b2,绍兴,sx_disposal,,,上虞区,120.87331,30.16715,platform_wgs84,ok,,50000.0,,临时消纳场,2026-09-02
b85cf46b79a51438,绍兴,sx_disposal,,,诸暨市,120.19329,29.64388,platform_wgs84,ok,,29434.3,,临时消纳场,2026-09-02
17835413ae37374b,绍兴,sx_disposal,,,嵊州市,120.76091,29.58586,platform_wgs84,ok,,5000.0,,临时消纳场,2026-09-02
e10f1728e2262d39,绍兴,sx_disposal,,,上虞区,120.90687,30.20493,platform_wgs84,ok,,209000.0,,临时消纳场,2026-09-02
2208fead83870aca,绍兴,sx_disposal,,,诸暨市,120.29208,29.62011,platform_wgs84,ok,,1000.0,,临时消纳场,2026-09-02
21e49958d253b22f,绍兴,sx_disposal,,,柯桥区,120.35276,30.14605,platform_wgs84,ok,,50000.0,,临时消纳场,2026-09-02
f6d0f2b72d712150,绍兴,sx_disposal,,,嵊州市,120.97177,29.60407,platform_wgs84,ok,,4000.0,,临时消纳场,2026-09-02
38aea5cbeca2fe1b,绍兴,sx_disposal,,,诸暨市,120.22636,29.6877,platform_wgs84,ok,,100000.0,,临时消纳场,2026-09-02
0a87a2a6f17fd976,绍兴,sx_disposal,,,诸暨市,120.22826,29.70171,platform_wgs84,ok,,20000.0,,临时消纳场,2026-09-02
09cce98b6d7e2992,绍兴,sx_disposal,,,新昌县,120.84831,29.47752,platform_wgs84,ok,,100000.0,,临时消纳场,2026-09-02
34663766d37ec383,绍兴,sx_disposal,,,越城区,120.53273,30.10307,platform_wgs84,ok,,58000.0,,临时消纳场,2026-09-02
46df99a764c7069c,绍兴,sx_disposal,,,越城区,120.58343,30.07466,platform_wgs84,ok,,18000.0,,临时消纳场,2026-09-02
84ab7dc4a30709b6,绍兴,sx_disposal,,,越城区,120.5644,29.92328,platform_wgs84,ok,,40000.0,,临时消纳场,2026-09-02
1712dc56e45805dd,绍兴,sx_disposal,,,上虞区,120.84843,30.01773,platform_wgs84,ok,,40000.0,,临时消纳场,2026-09-02
c4646cdfe1b9396a,绍兴,sx_disposal,,,新昌县,120.83885,29.52355,platform_wgs84,ok,,42000.0,,临时消纳场,2026-09-02
916e09af9b0baa50,绍兴,sx_disposal,,,嵊州市,120.75568,29.51681,platform_wgs84,ok,,3400.0,,临时消纳场,2026-09-02
e513f9971910af0e,绍兴,sx_disposal,,,新昌县,120.8825,29.52091,platform_wgs84,ok,,250000.0,,临时消纳场,2026-09-02
14c1c2126d8dd30b,绍兴,sx_disposal,,,嵊州市,120.87818,29.59723,platform_wgs84,ok,,20000.0,,临时消纳场,2026-09-02
58e33493d02ba1b2,绍兴,sx_disposal,,,诸暨市,120.27994,29.77987,platform_wgs84,ok,,8000.0,,临时消纳场,2026-09-02
998a98b495bd39f0,绍兴,sx_disposal,,,越城区,120.62976,30.05539,platform_wgs84,ok,,23425.92,,临时消纳场,2026-09-02
257561eb005acf60,绍兴,sx_disposal,,,诸暨市,120.43688,29.80671,platform_wgs84,ok,,23000.0,,临时消纳场,2026-09-02
9ee3f77b7fa5dca5,绍兴,sx_disposal,,,诸暨市,120.22764,29.73654,platform_wgs84,ok,,35000.0,,临时消纳场,2026-09-02
7b68dbe0f1d51baf,绍兴,sx_disposal,,,嵊州市,120.82583,29.56799,platform_wgs84,ok,,4000.0,,临时消纳场,2026-09-02
0dd77461fe7d76f3,绍兴,sx_disposal,,,越城区,120.62091,30.0674,platform_wgs84,ok,,102000.0,,临时消纳场,2026-09-02
b5a6b102c3bc2b1d,绍兴,sx_disposal,,,诸暨市,120.2582,29.70602,platform_wgs84,ok,,50000.0,,临时消纳场,2026-09-02
5c51d0bf7d01045d,绍兴,sx_disposal,,,诸暨市,120.24701,29.66912,platform_wgs84,ok,,2499.0,,临时消纳场,2026-09-02
0f0fe22f646f4190,绍兴,sx_disposal,,,越城区,120.56575,30.04794,platform_wgs84,ok,,147608.0,,临时消纳场,2026-09-02
165e027d0a5a6ec0,绍兴,sx_disposal,,,上虞区,120.58129,29.99344,platform_wgs84,ok,,100000.0,,临时消纳场,2026-09-02
85fc39a203bb84ee,绍兴,sx_disposal,,,越城区,120.67567,30.006,platform_wgs84,ok,,30000.0,,临时消纳场,2026-09-02
e7cd7bcd7df80bd8,绍兴,sx_disposal,,,诸暨市,120.21623,29.62676,platform_wgs84,ok,,60000.0,,临时消纳场,2026-09-02
e3ad43a67d8a5bb6,绍兴,sx_disposal,,,柯桥区,120.46875,30.03033,platform_wgs84,ok,,3000.0,,临时消纳场,2026-09-02
ef12ff8699d2009e,绍兴,sx_disposal,,,诸暨市,120.18978,29.76613,platform_wgs84,ok,,35352.1,,临时消纳场,2026-09-02
6cd8c7dca8c08e5b,绍兴,sx_disposal,,,上虞区,120.90433,30.2002,platform_wgs84,ok,,171400.0,,临时消纳场,2026-09-02
2c698d653b454945,绍兴,sx_disposal,,,诸暨市,120.23969,29.6719,platform_wgs84,ok,,9047.9,,临时消纳场,2026-09-02
06635c0d9aab09e5,绍兴,sx_disposal,,,嵊州市,120.82114,29.59003,platform_wgs84,ok,,1500.0,,临时消纳场,2026-09-02
736ee652303e5a98,绍兴,sx_disposal,,,新昌县,120.87013,29.344,platform_wgs84,ok,,67082.0,,临时消纳场,2026-09-02
47609dcb83f4b465,绍兴,sx_disposal,,,诸暨市,120.1942,29.71722,platform_wgs84,ok,,3000.0,,临时消纳场,2026-09-02
eeef51515099c19a,绍兴,sx_disposal,,,新昌县,120.88562,29.39675,platform_wgs84,ok,,1000000.0,,临时消纳场,2026-09-02
7e9c1346904883b7,绍兴,sx_disposal,,,越城区,120.6786,30.13098,platform_wgs84,ok,,10000.0,,临时消纳场,2026-09-02
6c04e15c399e917d,绍兴,sx_disposal,,,嵊州市,120.82114,29.53167,platform_wgs84,ok,,1000.0,,临时消纳场,2026-09-02
2edf72f161c47438,绍兴,sx_disposal,,,新昌县,120.81004,29.49512,platform_wgs84,ok,,50000.0,,临时消纳场,2026-09-02
bd9410abc6fd767d,绍兴,sx_disposal,,,新昌县,120.97556,29.52164,platform_wgs84,ok,,50000.0,,临时消纳场,2026-09-02
3673682e2928aa2a,绍兴,sx_disposal,,,新昌县,121.02652,29.44243,platform_wgs84,ok,,100000.0,,临时消纳场,2026-09-02
ced3d16578123772,绍兴,sx_disposal,,,诸暨市,120.22873,29.737,platform_wgs84,ok,,48000.0,,临时消纳场,2026-09-02
4a4cd74c33ff069c,绍兴,sx_disposal,,,嵊州市,120.81188,29.56109,platform_wgs84,ok,,16000.0,,临时消纳场,2026-09-02
0c2d15ef82bff4c4,绍兴,sx_disposal,,,新昌县,120.8048,29.4958,platform_wgs84,ok,,20000.0,,临时消纳场,2026-09-02
36ed90295c729282,绍兴,sx_disposal,,,柯桥区,120.46493,30.10647,platform_wgs84,ok,,40000.0,,临时消纳场,2026-09-02
e321682b9d080041,绍兴,sx_disposal,,,上虞区,120.85259,30.14512,platform_wgs84,ok,,252375.0,,临时消纳场,2026-09-02
3aba9d8864f493a7,绍兴,sx_disposal,,,新昌县,120.82494,29.49965,platform_wgs84,ok,,15000.0,,临时消纳场,2026-09-02
4a199507d97be25a,绍兴,sx_disposal,,,柯桥区,120.46055,29.94858,platform_wgs84,ok,,28928.0,,临时消纳场,2026-09-02
85224bcfe87dd6b4,绍兴,sx_disposal,,,嵊州市,120.90243,29.58685,platform_wgs84,ok,,20000.0,,临时消纳场,2026-09-02
92f00484656c372c,绍兴,sx_disposal,,,越城区,120.6183,30.05768,platform_wgs84,ok,,35000.0,,临时消纳场,2026-09-02
c1b96543e1965915,绍兴,sx_disposal,,,诸暨市,120.19498,29.76616,platform_wgs84,ok,,44358.0,,临时消纳场,2026-09-02
a59e614a65558d21,绍兴,sx_disposal,,,新昌县,120.9561,29.52679,platform_wgs84,ok,,100000.0,,临时消纳场,2026-09-02
2d579e48da09ce25,绍兴,sx_disposal,,,越城区,120.57332,30.05505,platform_wgs84,ok,,25645.0,,临时消纳场,2026-09-02
45ec71990633dcce,绍兴,sx_disposal,,,嵊州市,121.01363,29.57045,platform_wgs84,ok,,8000.0,,临时消纳场,2026-09-02
4846878c4b4377de,绍兴,sx_disposal,,,越城区,120.73494,30.16973,platform_wgs84,ok,,25445.0,,临时消纳场,2026-09-02
0eff509407b2e2d5,绍兴,sx_disposal,,,新昌县,120.80919,29.49706,platform_wgs84,ok,,30000.0,,临时消纳场,2026-09-02
7d8a6c90e78d5a52,绍兴,sx_disposal,,,诸暨市,120.15048,29.60677,platform_wgs84,ok,,500.0,,临时消纳场,2026-09-02
248b51f6d239f706,绍兴,sx_disposal,,,越城区,120.70082,30.16776,platform_wgs84,ok,,10000.0,,临时消纳场,2026-09-02
076b58a29bf410b0,绍兴,sx_disposal,,,上虞区,120.58529,30.00013,platform_wgs84,ok,,,,临时消纳场,2026-09-02
ce2fff06e697d0f0,绍兴,sx_disposal,,,嵊州市,120.86686,29.59204,platform_wgs84,ok,,50000.0,,临时消纳场,2026-09-02
aca221f4372c8e3d,绍兴,sx_disposal,,,越城区,120.54374,29.9817,platform_wgs84,ok,,35000.0,,临时消纳场,2026-09-02
f26f1df0058f559b,绍兴,sx_disposal,,,嵊州市,120.81582,29.54582,platform_wgs84,ok,,250000.0,,临时消纳场,2026-09-02
64cf66ff2550d716,绍兴,sx_disposal,,,诸暨市,120.2608,29.71538,platform_wgs84,ok,,9000.0,,临时消纳场,2026-09-02
9ffbb608dce1e273,绍兴,sx_disposal,,,诸暨市,120.27611,29.67819,platform_wgs84,ok,,30000.0,,临时消纳场,2026-09-02
8fc1b97245c693e4,绍兴,sx_disposal,,,柯桥区,120.46471,30.08527,platform_wgs84,ok,,35000.0,,临时消纳场,2026-09-02
84b06a3770ff9969,绍兴,sx_disposal,,,嵊州市,120.82872,29.6294,platform_wgs84,ok,,5000.0,,临时消纳场,2026-09-02
8c6735ce7a3f72e8,绍兴,sx_disposal,,,新昌县,120.79648,29.44853,platform_wgs84,ok,,30000.0,,临时消纳场,2026-09-02
0e074f1ea251cff7,绍兴,sx_disposal,,,嵊州市,120.8106,29.56478,platform_wgs84,ok,,100000.0,,临时消纳场,2026-09-02
f12a9bce2243f66b,绍兴,sx_disposal,,,诸暨市,120.26646,29.69908,platform_wgs84,ok,,4033.0,,临时消纳场,2026-09-02
ccae5736497026bf,绍兴,sx_disposal,,,诸暨市,120.21735,29.76363,platform_wgs84,ok,,8087.0,,临时消纳场,2026-09-02
412eaa3be53b3a15,绍兴,sx_disposal,,,新昌县,120.95219,29.53632,platform_wgs84,ok,,180000.0,,临时消纳场,2026-09-02
e5b0627afde8dd6b,绍兴,sx_disposal,,,越城区,120.6992,30.13295,platform_wgs84,ok,,92532.8,,临时消纳场,2026-09-02
454dc3e155603e1d,绍兴,sx_disposal,,,诸暨市,120.26565,29.74483,platform_wgs84,ok,,2900.0,,临时消纳场,2026-09-02
258113da97569efc,绍兴,sx_disposal,,,新昌县,120.98759,29.49138,platform_wgs84,ok,,5000.0,,临时消纳场,2026-09-02
8331840e29e1b566,绍兴,sx_disposal,,,柯桥区,120.39196,30.1343,platform_wgs84,ok,,20000.0,,临时消纳场,2026-09-02
00579effef503e8c,绍兴,sx_disposal,,,诸暨市,120.24603,29.70076,platform_wgs84,ok,,22169.9,,临时消纳场,2026-09-02
37679402d71b36c4,绍兴,sx_disposal,,,上虞区,120.8843,30.17092,platform_wgs84,ok,,36000.0,,临时消纳场,2026-09-02
8deb0f82252d41f3,绍兴,sx_disposal,,,越城区,120.61834,30.01684,platform_wgs84,ok,,18000.0,,临时消纳场,2026-09-02
7108ac6c552a11b8,绍兴,sx_disposal,,,越城区,120.62326,29.96559,platform_wgs84,ok,,27335.0,,临时消纳场,2026-09-02
97d3e460df52ebc0,绍兴,sx_disposal,,,新昌县,120.98793,29.49346,platform_wgs84,ok,,30000.0,,临时消纳场,2026-09-02
f9195355c6a74c40,绍兴,sx_disposal,,,诸暨市,120.24282,29.76645,platform_wgs84,ok,,10529.0,,临时消纳场,2026-09-02
968bbe029c977690,绍兴,sx_disposal,,,诸暨市,120.19334,29.64328,platform_wgs84,ok,,90700.0,,临时消纳场,2026-09-02
2d91144a90e6f85a,绍兴,sx_disposal,,,嵊州市,120.80646,29.566,platform_wgs84,ok,,20000.0,,临时消纳场,2026-09-02
d8740655d954cb41,绍兴,sx_disposal,,,上虞区,120.82725,30.04225,platform_wgs84,ok,,13408.2,,临时消纳场,2026-09-02
b1ba8af4864f7178,绍兴,sx_disposal,,,嵊州市,120.70429,29.57582,platform_wgs84,ok,,10000.0,,临时消纳场,2026-09-02
f5ad00bb5143bbf9,绍兴,sx_disposal,,,越城区,120.67003,30.00264,platform_wgs84,ok,,10000.0,,临时消纳场,2026-09-02
e5bb7d63885133fb,绍兴,sx_disposal,,,嵊州市,120.86855,29.59722,platform_wgs84,ok,,17000.0,,临时消纳场,2026-09-02
6fee880b0d909dfd,绍兴,sx_disposal,,,上虞区,120.74123,30.14065,platform_wgs84,ok,,10000.0,,临时消纳场,2026-09-02
52aa8d287f15763a,绍兴,sx_disposal,,,新昌县,120.82501,29.49967,platform_wgs84,ok,,15000.0,,临时消纳场,2026-09-02
6e48b6f47dc2549f,绍兴,sx_disposal,,,新昌县,120.97992,29.53557,platform_wgs84,ok,,40000.0,,临时消纳场,2026-09-02
44584b09dfc962c2,绍兴,sx_disposal,,,嵊州市,120.82764,29.55278,platform_wgs84,ok,,15000.0,,临时消纳场,2026-09-02
e93c08cc45f0d3aa,绍兴,sx_disposal,,,新昌县,120.99067,29.47196,platform_wgs84,ok,,500000.0,,临时消纳场,2026-09-02
3228fce76e99281c,绍兴,sx_disposal,,,柯桥区,120.62229,29.91401,platform_wgs84,ok,,78000.0,,临时消纳场,2026-09-02
2eae0347792fc84b,绍兴,sx_disposal,,,诸暨市,120.21852,29.65554,platform_wgs84,ok,,9000.0,,临时消纳场,2026-09-02
3efa30ab3a068cee,绍兴,sx_disposal,,,柯桥区,120.43228,29.952,platform_wgs84,ok,,15000.0,,临时消纳场,2026-09-02
53104f686a5b0c85,绍兴,sx_disposal,,,新昌县,120.85732,29.51921,platform_wgs84,ok,,5000.0,,临时消纳场,2026-09-02
4a7bcc0ab79cd488,绍兴,sx_disposal,,,诸暨市,120.30357,29.74566,platform_wgs84,ok,,15000.0,,临时消纳场,2026-09-02
6d7d4a10ecb91db8,绍兴,sx_disposal,,,诸暨市,120.21637,29.78124,platform_wgs84,ok,,47849.0,,临时消纳场,2026-09-02
9d919d8db2d2c36e,绍兴,sx_disposal,,,柯桥区,120.48906,30.04164,platform_wgs84,ok,,100000.0,,临时消纳场,2026-09-02
cf54731d29603a84,绍兴,sx_disposal,,,越城区,120.66833,30.09401,platform_wgs84,ok,,15000.0,,临时消纳场,2026-09-02
a9163080c6e44d99,绍兴,sx_disposal,,,诸暨市,120.23224,29.70346,platform_wgs84,ok,,20000.0,,临时消纳场,2026-09-02
0a2f3ee4aeae6641,绍兴,sx_disposal,,,嵊州市,120.90457,29.63561,platform_wgs84,ok,,50000.0,,临时消纳场,2026-09-02
80ba6939e678d2a2,绍兴,sx_disposal,,,越城区,120.68307,30.10295,platform_wgs84,ok,,63000.0,,临时消纳场,2026-09-02
198a35efb34f7046,绍兴,sx_disposal,,,嵊州市,120.81235,29.58161,platform_wgs84,ok,,10000.0,,临时消纳场,2026-09-02
fa9068aec9b32ca5,绍兴,sx_disposal,,,越城区,120.60291,30.02112,platform_wgs84,ok,,12000.0,,临时消纳场,2026-09-02
68af76f3b8fb96af,绍兴,sx_disposal,,,诸暨市,120.26976,29.78902,platform_wgs84,ok,,4000.0,,临时消纳场,2026-09-02
0535ded121086aa1,绍兴,sx_disposal,,,越城区,120.6009,30.11335,platform_wgs84,ok,,6680.0,,临时消纳场,2026-09-02
009efa69afbba5b7,绍兴,sx_disposal,,,诸暨市,120.19035,29.6215,platform_wgs84,ok,,6000.0,,临时消纳场,2026-09-02
94ab168bfd586a98,绍兴,sx_disposal,,,柯桥区,120.52585,29.94033,platform_wgs84,ok,,600.0,,临时消纳场,2026-09-02
227e2319d727206b,绍兴,sx_disposal,,,新昌县,120.95164,29.46482,platform_wgs84,ok,,40000.0,,临时消纳场,2026-09-02
1f788ed9cfb50669,绍兴,sx_disposal,,,诸暨市,120.41787,29.8472,platform_wgs84,ok,,120000.0,,临时消纳场,2026-09-02
2d6040458216d36e,绍兴,sx_disposal,,,越城区,120.54062,30.04036,platform_wgs84,ok,,58500.0,,临时消纳场,2026-09-02
6b59481956084ecf,绍兴,sx_disposal,,,新昌县,120.85031,29.51979,platform_wgs84,ok,,20000.0,,临时消纳场,2026-09-02
013b244bd860b066,绍兴,sx_disposal,,,越城区,120.66168,30.11686,platform_wgs84,ok,,13000.0,,临时消纳场,2026-09-02
8a9229826fb62c20,绍兴,sx_disposal,,,越城区,120.59312,29.96299,platform_wgs84,ok,,30000.0,,临时消纳场,2026-09-02
27ceebe964c3f0d5,绍兴,sx_disposal,,,新昌县,120.95918,29.50438,platform_wgs84,ok,,185000.0,,临时消纳场,2026-09-02
6fd7327dbaab9bf5,绍兴,sx_disposal,,,柯桥区,120.55275,30.14962,platform_wgs84,ok,,38000.0,,临时消纳场,2026-09-02
5bbf5b6c2e156373,绍兴,sx_disposal,,,嵊州市,120.87184,29.56445,platform_wgs84,ok,,1000.0,,临时消纳场,2026-09-02
1810f6889facc613,绍兴,sx_disposal,,,新昌县,120.92047,29.46892,platform_wgs84,ok,,75000.0,,临时消纳场,2026-09-02
91761c528a94c85e,绍兴,sx_disposal,,,新昌县,120.94711,29.41358,platform_wgs84,ok,,1200000.0,,临时消纳场,2026-09-02
d635451b758b6a9e,绍兴,sx_disposal,,,新昌县,120.8701,29.53788,platform_wgs84,ok,,150000.0,,临时消纳场,2026-09-02
9e8cf6244fa1e2f8,绍兴,sx_disposal,,,诸暨市,120.2616,29.63222,platform_wgs84,ok,,30000.0,,临时消纳场,2026-09-02
ea79abfdcc121347,绍兴,sx_disposal,,,新昌县,120.79357,29.4398,platform_wgs84,ok,,20000.0,,临时消纳场,2026-09-02
9332ccd86e9a6b3c,绍兴,sx_disposal,,,柯桥区,120.46293,30.07268,platform_wgs84,ok,,60000.0,,临时消纳场,2026-09-02
b54134085d46ea5f,绍兴,sx_disposal,,,嵊州市,120.83016,29.57234,platform_wgs84,ok,,50000.0,,临时消纳场,2026-09-02
2fbe76bba9e336ca,绍兴,sx_disposal,,,诸暨市,120.21724,29.76616,platform_wgs84,ok,,10000.0,,临时消纳场,2026-09-02
720134e1357d09a4,绍兴,sx_disposal,,,新昌县,120.96287,29.53006,platform_wgs84,ok,,100000.0,,临时消纳场,2026-09-02
7cbe82ce9b5778bb,绍兴,sx_disposal,,,诸暨市,120.24801,29.67064,platform_wgs84,ok,,48000.0,,临时消纳场,2026-09-02
edaad3b6f125ae4e,绍兴,sx_disposal,,,嵊州市,120.84401,29.56155,platform_wgs84,ok,,10000.0,,临时消纳场,2026-09-02
507a8f8b62d3fb41,绍兴,sx_disposal,,,新昌县,120.96066,29.53034,platform_wgs84,ok,,400000.0,,临时消纳场,2026-09-02
e6f6a48a447978c5,绍兴,sx_disposal,,,诸暨市,120.20202,29.77374,platform_wgs84,ok,,10000.0,,临时消纳场,2026-09-02
db06e6b2cc542c78,绍兴,sx_disposal,,,越城区,120.88919,30.14725,platform_wgs84,ok,,10482.0,,临时消纳场,2026-09-02
3335f6686ed7c272,绍兴,sx_disposal,,,新昌县,120.97463,29.50316,platform_wgs84,ok,,15000.0,,临时消纳场,2026-09-02
628531e16049d3ed,绍兴,sx_disposal,,,诸暨市,120.27039,29.71169,platform_wgs84,ok,,30000.0,,临时消纳场,2026-09-02
c727e6a270f151a7,绍兴,sx_disposal,,,越城区,120.75867,30.13402,platform_wgs84,ok,,40000.0,,临时消纳场,2026-09-02
91424098d511ffe8,绍兴,sx_disposal,,,嵊州市,120.84786,29.58449,platform_wgs84,ok,,20000.0,,临时消纳场,2026-09-02
15c7e46d343ae562,绍兴,sx_disposal,,,诸暨市,120.24763,29.7033,platform_wgs84,ok,,15000.0,,临时消纳场,2026-09-02
20d80c888e70ea46,绍兴,sx_disposal,,,诸暨市,120.24859,29.65184,platform_wgs84,ok,,57050.0,,临时消纳场,2026-09-02
122904f6283bcc13,绍兴,sx_disposal,,,诸暨市,120.1365,29.70624,platform_wgs84,ok,,2000.0,,临时消纳场,2026-09-02
143a6d270adb6872,绍兴,sx_disposal,,,新昌县,121.00207,29.54094,platform_wgs84,ok,,120000.0,,临时消纳场,2026-09-02
aecbc77fd4323207,绍兴,sx_disposal,,,新昌县,121.01381,29.48401,platform_wgs84,ok,,30000.0,,临时消纳场,2026-09-02
48d76872be3b27e5,绍兴,sx_disposal,,,新昌县,120.86578,29.53389,platform_wgs84,ok,,20000.0,,临时消纳场,2026-09-02
bc9cf8b371e50efb,绍兴,sx_disposal,,,新昌县,120.96378,29.48015,platform_wgs84,ok,,30000.0,,临时消纳场,2026-09-02
b94f74f96026f45c,绍兴,sx_disposal,,,新昌县,120.96781,29.52825,platform_wgs84,ok,,5000.0,,临时消纳场,2026-09-02
e48e0ba864ef4e81,绍兴,sx_disposal,,,嵊州市,120.82815,29.75869,platform_wgs84,ok,,2000.0,,临时消纳场,2026-09-02
d7696e4f33c75ea6,绍兴,sx_disposal,,,诸暨市,120.21366,29.76807,platform_wgs84,ok,,10000.0,,临时消纳场,2026-09-02
de4acd138c7779a9,绍兴,sx_disposal,,,越城区,120.55206,30.03871,platform_wgs84,ok,,23000.0,,临时消纳场,2026-09-02
704af531a037fc48,绍兴,sx_disposal,,,嵊州市,120.84124,29.56171,platform_wgs84,ok,,6000.0,,临时消纳场,2026-09-02
0bcfd7863cb2767e,绍兴,sx_disposal,,,嵊州市,120.87914,29.61995,platform_wgs84,ok,,1000.0,,临时消纳场,2026-09-02
61eee66274429a0c,绍兴,sx_disposal,,,柯桥区,120.48935,29.93192,platform_wgs84,ok,,148000.0,,临时消纳场,2026-09-02
5a53906743ecefcf,绍兴,sx_disposal,,,嵊州市,120.86188,29.61095,platform_wgs84,ok,,3000.0,,临时消纳场,2026-09-02
3249dbc1d3ceed02,绍兴,sx_disposal,,,越城区,120.75852,30.14147,platform_wgs84,ok,,20300.0,,临时消纳场,2026-09-02
f73a5104ef557671,绍兴,sx_disposal,,,越城区,120.54884,30.03902,platform_wgs84,ok,,50000.0,,临时消纳场,2026-09-02
3ff42bdef6abd89b,绍兴,sx_disposal,,,越城区,120.55901,29.99148,platform_wgs84,ok,,47900.0,,临时消纳场,2026-09-02
fbbddf856c697f7b,绍兴,sx_disposal,,,新昌县,120.99343,29.54929,platform_wgs84,ok,,150000.0,,临时消纳场,2026-09-02
5d352f82cd74670f,绍兴,sx_disposal,,,新昌县,120.98377,29.48098,platform_wgs84,ok,,15000.0,,临时消纳场,2026-09-02
a5143a5ffdfb69fd,绍兴,sx_disposal,,,上虞区,120.85465,30.16527,platform_wgs84,ok,,25000.0,,临时消纳场,2026-09-02
72d09556f7fd842a,绍兴,sx_disposal,,,越城区,120.58526,30.07426,platform_wgs84,ok,,40000.0,,临时消纳场,2026-09-02
aebceccd7988a706,绍兴,sx_disposal,,,诸暨市,120.27286,29.68546,platform_wgs84,ok,,270000.0,,临时消纳场,2026-09-02
973ba5bbcb9c4d84,绍兴,sx_disposal,,,新昌县,120.95326,29.45062,platform_wgs84,ok,,1200000.0,,临时消纳场,2026-09-02
c2059e531b7b2e9d,绍兴,sx_disposal,,,诸暨市,120.23176,29.73641,platform_wgs84,ok,,27000.0,,临时消纳场,2026-09-02
3302ea7777ca339a,绍兴,sx_disposal,,,诸暨市,120.24563,29.74974,platform_wgs84,ok,,30000.0,,临时消纳场,2026-09-02
e93ba6888de2ebf9,绍兴,sx_disposal,,,诸暨市,120.28555,29.7164,platform_wgs84,ok,,2960.0,,临时消纳场,2026-09-02
95c7c9cb9cb26da6,绍兴,sx_disposal,,,诸暨市,120.19864,29.67682,platform_wgs84,ok,,2000.0,,临时消纳场,2026-09-02
072cd3cbd633635d,绍兴,sx_disposal,,,新昌县,120.96909,29.53095,platform_wgs84,ok,,50000.0,,临时消纳场,2026-09-02
3f1c45ab41bb21e8,绍兴,sx_disposal,,,上虞区,120.87611,30.19474,platform_wgs84,ok,,20000.0,,临时消纳场,2026-09-02
d48e7c9972050a12,绍兴,sx_disposal,,,柯桥区,120.60063,29.87128,platform_wgs84,ok,,2000.0,,临时消纳场,2026-09-02
e34ac7dcbfaedfd0,绍兴,sx_disposal,,,诸暨市,120.29921,29.7367,platform_wgs84,ok,,42008.3,,临时消纳场,2026-09-02
d75c2234ab691709,绍兴,sx_disposal,,,越城区,120.57517,30.05196,platform_wgs84,ok,,5000.0,,临时消纳场,2026-09-02
49809c26b8833345,绍兴,sx_disposal,,,诸暨市,120.17181,29.70039,platform_wgs84,ok,,960.0,,临时消纳场,2026-09-02
76696e388bd5f3c3,绍兴,sx_disposal,,,嵊州市,120.76946,29.57335,platform_wgs84,ok,,20000.0,,临时消纳场,2026-09-02
ef58f8c2c532d8d4,绍兴,sx_disposal,,,越城区,120.57617,30.04764,platform_wgs84,ok,,90000.0,,临时消纳场,2026-09-02
59ef61047a0496b0,绍兴,sx_disposal,,,越城区,120.74464,30.12685,platform_wgs84,ok,,9164.0,,临时消纳场,2026-09-02
e8d3fa587a911d1e,绍兴,sx_disposal,,,新昌县,120.90641,29.52176,platform_wgs84,ok,,80000.0,,临时消纳场,2026-09-02
5914ed380f89402e,绍兴,sx_disposal,,,诸暨市,120.24336,29.69968,platform_wgs84,ok,,40000.0,,临时消纳场,2026-09-02
ec956f716fdd8d76,绍兴,sx_disposal,,,新昌县,120.9906,29.53065,platform_wgs84,ok,,26000.0,,临时消纳场,2026-09-02
bbd0882a476af28b,绍兴,sx_disposal,,,柯桥区,120.44902,30.0487,platform_wgs84,ok,,20000.0,,临时消纳场,2026-09-02
dcdb6bd21bc76eda,绍兴,sx_disposal,,,诸暨市,120.18252,29.7703,platform_wgs84,ok,,20000.0,,临时消纳场,2026-09-02
6508f09055b34618,绍兴,sx_disposal,,,柯桥区,120.61399,29.79959,platform_wgs84,ok,,5200.0,,临时消纳场,2026-09-02
cdfc38db81e38845,绍兴,sx_disposal,,,柯桥区,120.62283,29.7646,platform_wgs84,ok,,30000.0,,临时消纳场,2026-09-02
cc2b3e4c75d3046f,绍兴,sx_disposal,,,越城区,120.562,29.92213,platform_wgs84,ok,,5000.0,,临时消纳场,2026-09-02
c4fe229ee43eeb95,绍兴,sx_disposal,,,越城区,120.75148,30.15845,platform_wgs84,ok,,58000.0,,临时消纳场,2026-09-02
2ab735cca7019b8f,绍兴,sx_disposal,,,嵊州市,120.84389,29.77266,platform_wgs84,ok,,5000.0,,临时消纳场,2026-09-02
ad3274b0304a65b1,绍兴,sx_disposal,,,新昌县,120.93987,29.48355,platform_wgs84,ok,,20000.0,,临时消纳场,2026-09-02
ef4c2f0e0dfc513f,绍兴,sx_disposal,,,诸暨市,120.32647,29.86671,platform_wgs84,ok,,70000.0,,临时消纳场,2026-09-02
ea399ac9ebf40367,绍兴,sx_disposal,,,柯桥区,120.63254,29.89909,platform_wgs84,ok,,26000.0,,临时消纳场,2026-09-02
46b0648114d40d92,绍兴,sx_disposal,,,新昌县,120.98552,29.51414,platform_wgs84,ok,,30000.0,,临时消纳场,2026-09-02
10f2a03fa04f034c,绍兴,sx_disposal,,,诸暨市,120.24516,29.75649,platform_wgs84,ok,,30772.0,,临时消纳场,2026-09-02
68287e4506cda6c8,绍兴,sx_disposal,,,诸暨市,119.97228,29.73707,platform_wgs84,ok,,5000.0,,临时消纳场,2026-09-02
afb705ee8f9d2fec,绍兴,sx_disposal,,,新昌县,120.9727,29.48378,platform_wgs84,ok,,6000.0,,临时消纳场,2026-09-02
1d05831a084f9096,绍兴,sx_disposal,,,新昌县,120.86496,29.50696,platform_wgs84,ok,,20000.0,,临时消纳场,2026-09-02
3fcb13e838348d76,绍兴,sx_disposal,,,柯桥区,120.51852,30.13152,platform_wgs84,ok,,50000.0,,临时消纳场,2026-09-02
6daeef0d341c0f9c,绍兴,sx_disposal,,,诸暨市,120.22969,29.72845,platform_wgs84,ok,,34578.6,,临时消纳场,2026-09-02
7758ded472ff9edc,绍兴,sx_disposal,,,新昌县,120.8251,29.49964,platform_wgs84,ok,,20000.0,,临时消纳场,2026-09-02
31d276d37695d0e8,绍兴,sx_disposal,,,越城区,120.56668,30.03843,platform_wgs84,ok,,61086.54,,临时消纳场,2026-09-02
28bff2723b4188fa,绍兴,sx_disposal,,,诸暨市,120.21659,29.78043,platform_wgs84,ok,,31416.0,,临时消纳场,2026-09-02
be10169802aea917,绍兴,sx_disposal,,,越城区,120.57065,29.99189,platform_wgs84,ok,,5456.0,,临时消纳场,2026-09-02
849d55c18f5676a3,绍兴,sx_disposal,,,新昌县,120.93351,29.47946,platform_wgs84,ok,,15000.0,,临时消纳场,2026-09-02
c1618645d6e743af,绍兴,sx_disposal,,,新昌县,120.98743,29.53674,platform_wgs84,ok,,100000.0,,临时消纳场,2026-09-02
908c107fa9a45a3a,绍兴,sx_disposal,,,诸暨市,120.4224,29.76607,platform_wgs84,ok,,120000.0,,临时消纳场,2026-09-02
bf05ef2948dc88d4,绍兴,sx_disposal,,,越城区,120.72654,30.1165,platform_wgs84,ok,,40000.0,,临时消纳场,2026-09-02
ce0aecaaa0ab4715,绍兴,sx_disposal,,,诸暨市,120.27744,29.67836,platform_wgs84,ok,,20000.0,,临时消纳场,2026-09-02
1125336aadce273c,绍兴,sx_disposal,,,越城区,120.61828,30.05081,platform_wgs84,ok,,10000.0,,临时消纳场,2026-09-02
d150f607945da30e,绍兴,sx_disposal,,,新昌县,121.00244,29.45763,platform_wgs84,ok,,20000.0,,临时消纳场,2026-09-02
76ac7764581e25ad,绍兴,sx_disposal,,,越城区,120.74472,30.15967,platform_wgs84,ok,,173853.6,,临时消纳场,2026-09-02
09440deb318ccb05,绍兴,sx_disposal,,,新昌县,121.00218,29.4611,platform_wgs84,ok,,135639.33,,临时消纳场,2026-09-02
4452bf1cb7178554,绍兴,sx_disposal,,,新昌县,120.95607,29.51314,platform_wgs84,ok,,200000.0,,临时消纳场,2026-09-02
f8c3cc4122db9b14,绍兴,sx_disposal,,,上虞区,120.71481,30.23253,platform_wgs84,ok,,209000.0,,临时消纳场,2026-09-02
ce1315dd2c0939ea,绍兴,sx_disposal,,,柯桥区,120.69814,30.24498,platform_wgs84,ok,,17695.0,,临时消纳场,2026-09-02
c107fc1c0fa81a45,绍兴,sx_disposal,,,新昌县,120.81245,29.49523,platform_wgs84,ok,,150000.0,,临时消纳场,2026-09-02
7e80b2e793c63931,绍兴,sx_disposal,,,诸暨市,120.2751,29.70205,platform_wgs84,ok,,11085.0,,临时消纳场,2026-09-02
041d8a8252f6040b,绍兴,sx_disposal,,,新昌县,120.78592,29.39588,platform_wgs84,ok,,17000.0,,临时消纳场,2026-09-02
0921b1bf73d4f3cb,绍兴,sx_disposal,,,上虞区,120.86469,30.20373,platform_wgs84,ok,,50000.0,,临时消纳场,2026-09-02
9abb3ff1a9dcce64,绍兴,sx_disposal,,,越城区,120.57472,30.0161,platform_wgs84,ok,,14765.0,,临时消纳场,2026-09-02
851adc634b8ba554,绍兴,sx_disposal,,,上虞区,120.76524,30.05234,platform_wgs84,ok,,15000.0,,临时消纳场,2026-09-02
0f32fa72b9f963fd,绍兴,sx_disposal,,,柯桥区,120.41473,30.10655,platform_wgs84,ok,,60000.0,,临时消纳场,2026-09-02
28f18bc950a47502,绍兴,sx_disposal,,,诸暨市,120.25099,29.67545,platform_wgs84,ok,,1000.0,,临时消纳场,2026-09-02
3fb055f22112b4eb,绍兴,sx_disposal,,,柯桥区,120.3756,30.15125,platform_wgs84,ok,,40000.0,,临时消纳场,2026-09-02
90c1ce38ae94239a,绍兴,sx_disposal,,,越城区,120.56656,30.03973,platform_wgs84,ok,,83000.0,,临时消纳场,2026-09-02
95c71bd7d30086a3,绍兴,sx_disposal,,,越城区,120.61408,30.03568,platform_wgs84,ok,,49300.0,,临时消纳场,2026-09-02
4226413a8d790781,绍兴,sx_disposal,,,诸暨市,120.24732,29.73801,platform_wgs84,ok,,17757.44,,临时消纳场,2026-09-02
10c857563f0ecdbc,绍兴,sx_disposal,,,柯桥区,120.62838,30.13971,platform_wgs84,ok,,18000.0,,临时消纳场,2026-09-02
fa5f21ea7e1e3fb0,绍兴,sx_disposal,,,柯桥区,120.47103,30.03759,platform_wgs84,ok,,40000.0,,临时消纳场,2026-09-02
e29f96a04f486017,绍兴,sx_disposal,,,嵊州市,120.85645,29.57058,platform_wgs84,ok,,30000.0,,临时消纳场,2026-09-02
0abc5b6a83935096,绍兴,sx_disposal,,,柯桥区,120.36003,30.07695,platform_wgs84,ok,,60000.0,,临时消纳场,2026-09-02
b52b1597c6e2bd1c,绍兴,sx_disposal,,,新昌县,120.79374,29.39618,platform_wgs84,ok,,500000.0,,临时消纳场,2026-09-02
667a2e6494f67a0b,绍兴,sx_disposal,,,越城区,120.73365,29.92474,platform_wgs84,ok,,20000.0,,临时消纳场,2026-09-02
51e597fdc45fbd92,绍兴,sx_disposal,,,越城区,120.63902,30.06348,platform_wgs84,ok,,150000.0,,临时消纳场,2026-09-02
016aa343e546cd97,绍兴,sx_disposal,,,越城区,120.56262,30.05463,platform_wgs84,ok,,110360.0,,临时消纳场,2026-09-02
5740d0c0576d0987,绍兴,sx_disposal,,,新昌县,120.97443,29.53691,platform_wgs84,ok,,20000.0,,临时消纳场,2026-09-02
6c45590abf91d500,绍兴,sx_disposal,,,新昌县,120.83501,29.48063,platform_wgs84,ok,,30000.0,,临时消纳场,2026-09-02
842cc7b93fac64a0,绍兴,sx_disposal,,,上虞区,120.83288,30.03645,platform_wgs84,ok,,17000.0,,临时消纳场,2026-09-02
bc8c2765fd66de72,绍兴,sx_disposal,,,诸暨市,120.27704,29.70656,platform_wgs84,ok,,30000.0,,临时消纳场,2026-09-02
b168e55e1a3aa760,绍兴,sx_disposal,,,越城区,120.60894,30.06687,platform_wgs84,ok,,65000.0,,临时消纳场,2026-09-02
0d10203dbfc2a50d,绍兴,sx_disposal,,,越城区,120.66918,29.98425,platform_wgs84,ok,,4000.0,,临时消纳场,2026-09-02
a12548bbadbecbf7,绍兴,sx_disposal,,,越城区,120.60697,30.02559,platform_wgs84,ok,,84323.0,,临时消纳场,2026-09-02
074499fb9c582c14,绍兴,sx_disposal,,,新昌县,120.97279,29.47229,platform_wgs84,ok,,300000.0,,临时消纳场,2026-09-02
3c9c9f73a4bce075,绍兴,sx_disposal,,,上虞区,120.86051,30.18077,platform_wgs84,ok,,20000.0,,临时消纳场,2026-09-02
669aa9847cfa65a6,绍兴,sx_disposal,,,柯桥区,120.61179,30.1593,platform_wgs84,ok,,16000.0,,临时消纳场,2026-09-02
5b9dbbb953d81e5b,绍兴,sx_disposal,,,诸暨市,120.21434,29.77057,platform_wgs84,ok,,2800.0,,临时消纳场,2026-09-02
8b2066f18790432d,绍兴,sx_disposal,,,嵊州市,120.83759,29.65659,platform_wgs84,ok,,20000.0,,临时消纳场,2026-09-02
2433a5c9e7e25f03,绍兴,sx_disposal,,,新昌县,120.80044,29.49401,platform_wgs84,ok,,200000.0,,临时消纳场,2026-09-02
9e89acf2c94d98f9,绍兴,sx_disposal,,,越城区,120.52619,30.08089,platform_wgs84,ok,,26736.0,,临时消纳场,2026-09-02
d60eedf1e52d1406,绍兴,sx_disposal,,,新昌县,120.85445,29.29256,platform_wgs84,ok,,180000.0,,临时消纳场,2026-09-02
1ef5f998e5823b3a,绍兴,sx_disposal,,,新昌县,121.03992,29.45494,platform_wgs84,ok,,73000.0,,临时消纳场,2026-09-02
233be4792740d621,绍兴,sx_disposal,,,越城区,120.57595,30.01296,platform_wgs84,ok,,15000.0,,临时消纳场,2026-09-02
1adb44d2462e0f0b,绍兴,sx_disposal,,,上虞区,120.97168,29.93835,platform_wgs84,ok,,75000.0,,临时消纳场,2026-09-02
1ff22adb243f5a13,绍兴,sx_disposal,,,新昌县,120.98895,29.53625,platform_wgs84,ok,,10000.0,,临时消纳场,2026-09-02
dd70d89b66789022,绍兴,sx_disposal,,,越城区,120.77323,30.13105,platform_wgs84,ok,,23272.3,,临时消纳场,2026-09-02
414aeca157cfc2c0,绍兴,sx_disposal,,,越城区,120.60338,30.02154,platform_wgs84,ok,,12873.14,,临时消纳场,2026-09-02
399ac834c6d7350a,绍兴,sx_disposal,,,上虞区,120.81737,30.18141,platform_wgs84,ok,,49789.0,,临时消纳场,2026-09-02
1a07ca2bae654313,绍兴,sx_disposal,,,诸暨市,120.22278,29.6904,platform_wgs84,ok,,8000.0,,临时消纳场,2026-09-02
abeffcaabfc87732,绍兴,sx_disposal,,,新昌县,120.85644,29.53829,platform_wgs84,ok,,5000.0,,临时消纳场,2026-09-02
1e61fe93fc571d12,绍兴,sx_disposal,,,诸暨市,120.29926,29.87431,platform_wgs84,ok,,20000.0,,临时消纳场,2026-09-02
ce1292c4ddd3a975,绍兴,sx_disposal,,,诸暨市,120.25359,29.74885,platform_wgs84,ok,,1800.0,,临时消纳场,2026-09-02
dac7b7869adcd2dc,绍兴,sx_disposal,,,诸暨市,120.2559,29.73008,platform_wgs84,ok,,54767.95,,临时消纳场,2026-09-02
f3ef65d1d53718cf,绍兴,sx_disposal,,,柯桥区,120.48291,30.0967,platform_wgs84,ok,,5000.0,,临时消纳场,2026-09-02
0f0ad76022f5b789,绍兴,sx_disposal,,,新昌县,120.8555,29.53284,platform_wgs84,ok,,30000.0,,临时消纳场,2026-09-02
3deae9aaa92cd7de,绍兴,sx_disposal,,,诸暨市,120.21261,29.77784,platform_wgs84,ok,,65663.0,,临时消纳场,2026-09-02
235a228ed346d349,绍兴,sx_disposal,,,柯桥区,120.46109,30.08757,platform_wgs84,ok,,30000.0,,临时消纳场,2026-09-02
b7d006b010d793da,绍兴,sx_disposal,,,上虞区,120.85094,30.02508,platform_wgs84,ok,,14000.0,,临时消纳场,2026-09-02
07f91a2c9c7730ea,绍兴,sx_disposal,,,柯桥区,120.66754,30.21912,platform_wgs84,ok,,10000.0,,临时消纳场,2026-09-02
51a9b819094cfbff,绍兴,sx_disposal,,,上虞区,120.89182,30.11033,platform_wgs84,ok,,10000.0,,临时消纳场,2026-09-02
f779a552b998c428,绍兴,sx_disposal,,,越城区,120.61217,30.03605,platform_wgs84,ok,,138039.58,,临时消纳场,2026-09-02
ecb51a2d7c2824a2,绍兴,sx_disposal,,,嵊州市,120.8575,29.62751,platform_wgs84,ok,,20000.0,,临时消纳场,2026-09-02
569d00098b88a6b0,绍兴,sx_disposal,,,柯桥区,120.51591,30.10339,platform_wgs84,ok,,20000.0,,临时消纳场,2026-09-02
f3fd65bc4ad42967,绍兴,sx_disposal,,,新昌县,120.954,29.53417,platform_wgs84,ok,,400000.0,,临时消纳场,2026-09-02
104cd9c5c06f78cc,绍兴,sx_disposal,,,诸暨市,120.26441,29.68879,platform_wgs84,ok,,3000.0,,临时消纳场,2026-09-02
4e7e1ccc7bd6f33d,绍兴,sx_disposal,,,新昌县,120.99201,29.53168,platform_wgs84,ok,,20000.0,,临时消纳场,2026-09-02
5b3122474ea9e8e3,绍兴,sx_disposal,,,诸暨市,120.26098,29.6976,platform_wgs84,ok,,30000.0,,临时消纳场,2026-09-02
5b2c2b7e2f37035b,绍兴,sx_disposal,,,嵊州市,120.82263,29.75665,platform_wgs84,ok,,20000.0,,临时消纳场,2026-09-02
a960fd467440bff5,绍兴,sx_disposal,,,新昌县,120.77712,29.4733,platform_wgs84,ok,,43000.0,,临时消纳场,2026-09-02
daa4bceccd552a43,绍兴,sx_disposal,,,诸暨市,120.24698,29.75832,platform_wgs84,ok,,15000.0,,临时消纳场,2026-09-02
ad2194866b138f61,绍兴,sx_disposal,,,新昌县,120.92633,29.48367,platform_wgs84,ok,,10000.0,,临时消纳场,2026-09-02
33d08c8909de3d25,绍兴,sx_disposal,,,嵊州市,120.80271,29.55033,platform_wgs84,ok,,60000.0,,临时消纳场,2026-09-02
0166c376a6e818fa,绍兴,sx_disposal,,,诸暨市,120.2372,29.67294,platform_wgs84,ok,,82207.1,,临时消纳场,2026-09-02
e3e3d27aaef575bb,绍兴,sx_disposal,,,新昌县,120.96008,29.525,platform_wgs84,ok,,500000.0,,临时消纳场,2026-09-02
7fd5779aaaa2e35f,绍兴,sx_disposal,,,新昌县,120.95778,29.52629,platform_wgs84,ok,,30000.0,,临时消纳场,2026-09-02
5734062898daefb1,绍兴,sx_disposal,,,新昌县,120.85771,29.50716,platform_wgs84,ok,,20000.0,,临时消纳场,2026-09-02
1c6b53ad8c90f571,绍兴,sx_disposal,,,诸暨市,120.27284,29.6942,platform_wgs84,ok,,3000.0,,临时消纳场,2026-09-02
e221084a9839e1fc,绍兴,sx_disposal,,,嵊州市,120.80542,29.55388,platform_wgs84,ok,,100000.0,,临时消纳场,2026-09-02
44463c9c68649023,绍兴,sx_disposal,,,新昌县,120.90515,29.47261,platform_wgs84,ok,,50000.0,,临时消纳场,2026-09-02
b488d2704788ee6b,绍兴,sx_disposal,,,上虞区,120.82674,30.08269,platform_wgs84,ok,,25000.0,,临时消纳场,2026-09-02
90cc2ee055fcc47e,绍兴,sx_disposal,,,嵊州市,120.90098,29.62313,platform_wgs84,ok,,50000.0,,临时消纳场,2026-09-02
cc265c8f7c2dbae2,绍兴,sx_disposal,,,越城区,120.55873,30.00719,platform_wgs84,ok,,53901.0,,临时消纳场,2026-09-02
64b531d2ebe01202,绍兴,sx_disposal,,,越城区,120.56597,29.97516,platform_wgs84,ok,,75000.0,,临时消纳场,2026-09-02
598ebaaedc43bd05,绍兴,sx_disposal,,,诸暨市,120.25279,29.77423,platform_wgs84,ok,,63195.5,,临时消纳场,2026-09-02
cb7671ec0a1b9cc1,绍兴,sx_disposal,,,新昌县,121.12252,29.41422,platform_wgs84,ok,,65000.0,,临时消纳场,2026-09-02
8a1d02b1722a8ee0,绍兴,sx_disposal,,,诸暨市,120.21886,29.74261,platform_wgs84,ok,,84348.0,,临时消纳场,2026-09-02
b9f0ff02fce3a3e4,绍兴,sx_disposal,,,新昌县,120.95263,29.5363,platform_wgs84,ok,,15000.0,,临时消纳场,2026-09-02
809395ea26b891a9,绍兴,sx_disposal,,,新昌县,120.88286,29.24996,platform_wgs84,ok,,20000.0,,临时消纳场,2026-09-02
d3b7d2cacbd1cd25,绍兴,sx_disposal,,,新昌县,120.94687,29.5331,platform_wgs84,ok,,800000.0,,临时消纳场,2026-09-02
616a0214d8775025,绍兴,sx_disposal,,,上虞区,120.83516,30.17791,platform_wgs84,ok,,66954.0,,临时消纳场,2026-09-02
d52218a81a69829b,绍兴,sx_disposal,,,嵊州市,120.76957,29.55139,platform_wgs84,ok,,3000.0,,临时消纳场,2026-09-02
a9498da00e068451,绍兴,sx_disposal,,,诸暨市,120.18322,29.61799,platform_wgs84,ok,,70000.0,,临时消纳场,2026-09-02
bf6fc859a0ec96a5,绍兴,sx_disposal,,,诸暨市,120.2615,29.6322,platform_wgs84,ok,,30000.0,,临时消纳场,2026-09-02
6c791b35cfb6ea7f,绍兴,sx_disposal,,,嵊州市,120.81076,29.61803,platform_wgs84,ok,,1000.0,,临时消纳场,2026-09-02
853acf48c8ab8e41,绍兴,sx_disposal,,,嵊州市,120.8513,29.61996,platform_wgs84,ok,,18000.0,,临时消纳场,2026-09-02
ca4c29e27dc7ef6e,绍兴,sx_disposal,,,诸暨市,120.20908,29.77336,platform_wgs84,ok,,50000.0,,临时消纳场,2026-09-02
7b7cc2479934d9f2,绍兴,sx_disposal,,,上虞区,120.85259,30.18037,platform_wgs84,ok,,116000.0,,临时消纳场,2026-09-02
2a18ad9b6ca92062,绍兴,sx_disposal,,,上虞区,120.82279,30.03111,platform_wgs84,ok,,27000.0,,临时消纳场,2026-09-02
8aca7ec030439d53,绍兴,sx_disposal,,,诸暨市,120.17989,29.6046,platform_wgs84,ok,,,,临时消纳场,2026-09-02
6ee3c971f7588118,绍兴,sx_disposal,,,诸暨市,120.27686,29.70637,platform_wgs84,ok,,2000.0,,临时消纳场,2026-09-02
3a39cb355fb78de8,绍兴,sx_disposal,,,上虞区,120.87522,30.20814,platform_wgs84,ok,,163000.0,,临时消纳场,2026-09-02
517957ec30957cf7,绍兴,sx_disposal,,,诸暨市,120.20786,29.73079,platform_wgs84,ok,,14800.0,,临时消纳场,2026-09-02
860821031941c296,绍兴,sx_disposal,,,诸暨市,120.26106,29.6981,platform_wgs84,ok,,20000.0,,临时消纳场,2026-09-02
b0ecc9e59e966374,绍兴,sx_disposal,,,嵊州市,120.83357,29.56525,platform_wgs84,ok,,20000.0,,临时消纳场,2026-09-02
ff870a3e4622980c,绍兴,sx_disposal,,,越城区,120.75838,30.13722,platform_wgs84,ok,,35000.0,,临时消纳场,2026-09-02
aeacf30894a6f933,绍兴,sx_disposal,,,新昌县,120.94689,29.53249,platform_wgs84,ok,,200000.0,,临时消纳场,2026-09-02
5e18223636dd20d3,绍兴,sx_disposal,,,越城区,120.60153,30.11339,platform_wgs84,ok,,12201.0,,临时消纳场,2026-09-02
c3d83389b7a649e3,绍兴,sx_disposal,,,诸暨市,120.23417,29.56404,platform_wgs84,ok,,25000.0,,临时消纳场,2026-09-02
a6a7c5bdf9d24125,绍兴,sx_disposal,,,柯桥区,120.61709,30.15739,platform_wgs84,ok,,12000.0,,临时消纳场,2026-09-02
316c89dbd3131ad6,绍兴,sx_disposal,,,越城区,120.58957,30.1272,platform_wgs84,ok,,30000.0,,临时消纳场,2026-09-02
fca361141f09a84b,绍兴,sx_disposal,,,嵊州市,120.80875,29.61266,platform_wgs84,ok,,5000.0,,临时消纳场,2026-09-02
814e58dc9434b70e,绍兴,sx_disposal,,,越城区,120.53371,29.9983,platform_wgs84,ok,,94336.0,,临时消纳场,2026-09-02
e4dbe564c545050c,绍兴,sx_disposal,,,诸暨市,120.21216,29.77892,platform_wgs84,ok,,50128.0,,临时消纳场,2026-09-02
63c2cf4cf3e4b6f7,绍兴,sx_disposal,,,新昌县,120.78078,29.46908,platform_wgs84,ok,,6000.0,,临时消纳场,2026-09-02
def7941cf16c06db,绍兴,sx_disposal,,,嵊州市,120.74595,29.53693,platform_wgs84,ok,,5000.0,,临时消纳场,2026-09-02
7b9dc68f186164d7,绍兴,sx_disposal,,,诸暨市,120.41836,29.78377,platform_wgs84,ok,,300000.0,,临时消纳场,2026-09-02
86486ed68a647665,绍兴,sx_disposal,,,新昌县,121.02245,29.44903,platform_wgs84,ok,,100000.0,,临时消纳场,2026-09-02
765cb095d8dea226,绍兴,sx_disposal,,,越城区,120.58023,30.04517,platform_wgs84,ok,,56587.0,,临时消纳场,2026-09-02
e82d2cc73047bf03,绍兴,sx_disposal,,,越城区,120.54579,29.97583,platform_wgs84,ok,,30000.0,,临时消纳场,2026-09-02
708a6e8164401362,绍兴,sx_disposal,,,越城区,120.73128,30.16446,platform_wgs84,ok,,47300.0,,临时消纳场,2026-09-02
bca1678827b904ae,绍兴,sx_disposal,,,新昌县,120.88938,29.41218,platform_wgs84,ok,,15000.0,,临时消纳场,2026-09-02
a7377cd70464b222,绍兴,sx_disposal,,,诸暨市,120.17494,29.71989,platform_wgs84,ok,,20000.0,,临时消纳场,2026-09-02
c4af5e6c57c34371,绍兴,sx_disposal,,,诸暨市,120.26004,29.60758,platform_wgs84,ok,,4000.0,,临时消纳场,2026-09-02
73d73979a48d890f,绍兴,sx_disposal,,,新昌县,120.80137,29.49324,platform_wgs84,ok,,300000.0,,临时消纳场,2026-09-02
dba0f8f1b1d789d7,绍兴,sx_disposal,,,越城区,120.69681,30.17589,platform_wgs84,ok,,81110.0,,临时消纳场,2026-09-02
311e01e673011c30,绍兴,sx_disposal,,,新昌县,120.77937,29.47347,platform_wgs84,ok,,150000.0,,临时消纳场,2026-09-02
ec117bc371847a6c,绍兴,sx_disposal,,,上虞区,120.83183,30.03524,platform_wgs84,ok,,17000.0,,临时消纳场,2026-09-02
a43e764dc9042153,绍兴,sx_disposal,,,越城区,120.76768,30.11265,platform_wgs84,ok,,17040.0,,临时消纳场,2026-09-02
1d16cba40d891a8d,绍兴,sx_disposal,,,诸暨市,120.21418,29.73543,platform_wgs84,ok,,30000.0,,临时消纳场,2026-09-02
a80351120c5a4828,绍兴,sx_disposal,,,诸暨市,120.17944,29.7057,platform_wgs84,ok,,187437.1,,临时消纳场,2026-09-02
d2be8bfdf33189b8,绍兴,sx_disposal,,,诸暨市,120.32556,29.73577,platform_wgs84,ok,,120000.0,,临时消纳场,2026-09-02
2a3fa3e06383c923,绍兴,sx_disposal,,,诸暨市,120.12291,29.65537,platform_wgs84,ok,,50000.0,,临时消纳场,2026-09-02
7ac95163e876fdb5,绍兴,sx_disposal,,,上虞区,120.87241,30.2153,platform_wgs84,ok,,23352.0,,临时消纳场,2026-09-02
2618bb5acc44778e,绍兴,sx_disposal,,,柯桥区,120.47443,30.05559,platform_wgs84,ok,,11628.0,,临时消纳场,2026-09-02
4e6f3ed0850e2f2e,绍兴,sx_disposal,,,新昌县,120.87021,29.35267,platform_wgs84,ok,,30000.0,,临时消纳场,2026-09-02
30250b6288624e84,绍兴,sx_disposal,,,柯桥区,120.72214,30.22207,platform_wgs84,ok,,40000.0,,临时消纳场,2026-09-02
8eef678a7efaabb6,绍兴,sx_disposal,,,上虞区,120.59051,29.99974,platform_wgs84,ok,,10000.0,,临时消纳场,2026-09-02
56faef5037460f17,绍兴,sx_disposal,,,越城区,120.55262,30.03708,platform_wgs84,ok,,51087.0,,临时消纳场,2026-09-02
52cef7780996a8bc,绍兴,sx_disposal,,,嵊州市,120.8211,29.58837,platform_wgs84,ok,,500.0,,临时消纳场,2026-09-02
7b9099e71c58414f,绍兴,sx_disposal,,,诸暨市,120.31426,29.58631,platform_wgs84,ok,,10000.0,,临时消纳场,2026-09-02
95a29521a1f88483,绍兴,sx_disposal,,,诸暨市,120.17318,29.84524,platform_wgs84,ok,,29512.39,,临时消纳场,2026-09-02
3d7ff67f0d2e7cd4,绍兴,sx_disposal,,,柯桥区,120.6635,30.19447,platform_wgs84,ok,,48000.0,,临时消纳场,2026-09-02
0520883521eabb51,绍兴,sx_disposal,,,诸暨市,120.26891,29.67938,platform_wgs84,ok,,9080.0,,临时消纳场,2026-09-02
a876e37bbbabdaaf,绍兴,sx_disposal,,,诸暨市,120.26819,29.71578,platform_wgs84,ok,,3000.0,,临时消纳场,2026-09-02
18fad92e15bbe83d,绍兴,sx_disposal,,,上虞区,120.77017,30.02309,platform_wgs84,ok,,20000.0,,临时消纳场,2026-09-02
0c001a1d00df13c6,绍兴,sx_disposal,,,越城区,120.73262,30.13566,platform_wgs84,ok,,6376.0,,临时消纳场,2026-09-02
fa629ae30128bb0d,绍兴,sx_disposal,,,诸暨市,120.28156,29.83445,platform_wgs84,ok,,111147.0,,临时消纳场,2026-09-02
61e3ebb23c7aa147,绍兴,sx_disposal,,,诸暨市,120.25555,29.73533,platform_wgs84,ok,,53000.0,,临时消纳场,2026-09-02
e416f9119ac68d3c,绍兴,sx_disposal,,,新昌县,120.89985,29.50469,platform_wgs84,ok,,10000.0,,临时消纳场,2026-09-02
034b598e1451b0bb,绍兴,sx_disposal,,,诸暨市,120.21729,29.64338,platform_wgs84,ok,,80000.0,,临时消纳场,2026-09-02
b4d17e42461adc59,绍兴,sx_disposal,,,新昌县,121.02337,29.45647,platform_wgs84,ok,,3500.0,,临时消纳场,2026-09-02
4f301fe6a7b23e12,绍兴,sx_disposal,,,诸暨市,120.27009,29.68591,platform_wgs84,ok,,10000.0,,临时消纳场,2026-09-02
a0a80a4a2b8f82b6,绍兴,sx_disposal,,,嵊州市,120.73646,29.53223,platform_wgs84,ok,,1000.0,,临时消纳场,2026-09-02
211f1d23e9b08055,绍兴,sx_disposal,,,上虞区,120.88975,30.00795,platform_wgs84,ok,,37973.67,,临时消纳场,2026-09-02
f48c3fe353d8ecd8,绍兴,sx_disposal,,,诸暨市,120.22619,29.63736,platform_wgs84,ok,,10000.0,,临时消纳场,2026-09-02
d2be0ec746336626,绍兴,sx_disposal,,,嵊州市,120.64438,29.49615,platform_wgs84,ok,,3000.0,,临时消纳场,2026-09-02
020e555a001a60c3,绍兴,sx_disposal,,,越城区,120.74492,30.15578,platform_wgs84,ok,,36166.3,,临时消纳场,2026-09-02
9f7fe03e43e0948d,绍兴,sx_disposal,,,新昌县,120.90724,29.52755,platform_wgs84,ok,,40000.0,,临时消纳场,2026-09-02
84a69f9aaa2643e2,绍兴,sx_disposal,,,新昌县,120.9918,29.49019,platform_wgs84,ok,,10000.0,,临时消纳场,2026-09-02
1e5955b28e113f99,绍兴,sx_disposal,,,上虞区,120.8743,30.17498,platform_wgs84,ok,,200000.0,,临时消纳场,2026-09-02
a0db3eac433fad66,绍兴,sx_disposal,,,嵊州市,120.8199,29.5399,platform_wgs84,ok,,20000.0,,临时消纳场,2026-09-02
de8abcf69c281b62,绍兴,sx_disposal,,,嵊州市,120.84355,29.60661,platform_wgs84,ok,,30000.0,,临时消纳场,2026-09-02
7448f0cc38867fd0,绍兴,sx_disposal,,,新昌县,120.9423,29.48623,platform_wgs84,ok,,40000.0,,临时消纳场,2026-09-02
f69c889cafc4a7ff,绍兴,sx_disposal,,,越城区,120.59127,29.97456,platform_wgs84,ok,,31419.0,,临时消纳场,2026-09-02
82c22aa06e037e9c,绍兴,sx_disposal,,,越城区,120.73782,30.16254,platform_wgs84,ok,,15000.0,,临时消纳场,2026-09-02
54641d7e6f26d3de,绍兴,sx_disposal,,,越城区,120.55832,30.03483,platform_wgs84,ok,,50000.0,,临时消纳场,2026-09-02
14bf2ead7bd5d474,绍兴,sx_disposal,,,上虞区,120.96351,29.95192,platform_wgs84,ok,,36100.0,,临时消纳场,2026-09-02
70df206f2780c44f,绍兴,sx_disposal,,,上虞区,120.88343,30.138,platform_wgs84,ok,,64100.0,,临时消纳场,2026-09-02
0d90a51039edf8f9,绍兴,sx_disposal,,,上虞区,120.87281,30.18101,platform_wgs84,ok,,335655.0,,临时消纳场,2026-09-02
5e0d39c98c576a74,绍兴,sx_disposal,,,嵊州市,120.83693,29.65644,platform_wgs84,ok,,5000.0,,临时消纳场,2026-09-02
714570e6de85a0bf,绍兴,sx_disposal,,,新昌县,120.90778,29.50168,platform_wgs84,ok,,25000.0,,临时消纳场,2026-09-02
ce56cea062eac0ac,绍兴,sx_disposal,,,越城区,120.55984,30.0406,platform_wgs84,ok,,30000.0,,临时消纳场,2026-09-02
b34d724df6831e43,绍兴,sx_disposal,,,新昌县,120.96533,29.52569,platform_wgs84,ok,,20000.0,,临时消纳场,2026-09-02
14b6c3f885a10e0f,绍兴,sx_disposal,,,嵊州市,120.70651,29.60308,platform_wgs84,ok,,5000.0,,临时消纳场,2026-09-02
fafc9c647a313471,绍兴,sx_disposal,,,上虞区,120.76594,30.05189,platform_wgs84,ok,,20000.0,,临时消纳场,2026-09-02
95b5a4753f39f0f5,绍兴,sx_disposal,,,诸暨市,120.24047,29.7673,platform_wgs84,ok,,43000.0,,临时消纳场,2026-09-02
b9cded9a3678d645,绍兴,sx_disposal,,,越城区,120.58364,29.98103,platform_wgs84,ok,,26000.0,,临时消纳场,2026-09-02
d672047cd365a8d2,绍兴,sx_disposal,,,柯桥区,120.57981,29.85437,platform_wgs84,ok,,70000.0,,临时消纳场,2026-09-02
f724e4551929922d,绍兴,sx_disposal,,,新昌县,120.97389,29.53584,platform_wgs84,ok,,100000.0,,临时消纳场,2026-09-02
bb9c6cb7dace9c2d,绍兴,sx_disposal,,,诸暨市,120.25406,29.75403,platform_wgs84,ok,,15000.0,,临时消纳场,2026-09-02
dd6c6d9eebba18c1,绍兴,sx_disposal,,,嵊州市,120.85828,29.63055,platform_wgs84,ok,,50000.0,,临时消纳场,2026-09-02
217d913daa421778,绍兴,sx_disposal,,,柯桥区,120.45523,30.10877,platform_wgs84,ok,,40000.0,,临时消纳场,2026-09-02
4408407428ba8666,绍兴,sx_disposal,,,越城区,120.70325,30.12888,platform_wgs84,ok,,40000.0,,临时消纳场,2026-09-02
e09681205898158d,绍兴,sx_disposal,,,越城区,120.58868,29.97371,platform_wgs84,ok,,10000.0,,临时消纳场,2026-09-02
c3e590956ab5516b,绍兴,sx_disposal,,,嵊州市,120.84869,29.61207,platform_wgs84,ok,,7000.0,,临时消纳场,2026-09-02
2243806902d8f0c3,绍兴,sx_disposal,,,诸暨市,120.21589,29.76268,platform_wgs84,ok,,2000.0,,临时消纳场,2026-09-02
04d0aab1416120d9,绍兴,sx_disposal,,,嵊州市,120.79641,29.57166,platform_wgs84,ok,,2000.0,,临时消纳场,2026-09-02
0d770d2331923390,绍兴,sx_disposal,,,新昌县,120.95292,29.53417,platform_wgs84,ok,,180000.0,,临时消纳场,2026-09-02
1933395086e781ce,绍兴,sx_disposal,,,越城区,120.59442,29.97328,platform_wgs84,ok,,20000.0,,临时消纳场,2026-09-02
97a59e3934cea91c,绍兴,sx_disposal,,,诸暨市,120.43025,29.76348,platform_wgs84,ok,,40000.0,,临时消纳场,2026-09-02
ab2b2de02960758e,绍兴,sx_disposal,,,诸暨市,120.2764,29.73137,platform_wgs84,ok,,260000.0,,临时消纳场,2026-09-02
814acb8298f60fc3,绍兴,sx_disposal,,,新昌县,120.96688,29.46826,platform_wgs84,ok,,20000.0,,临时消纳场,2026-09-02
870f4ec3970cf561,绍兴,sx_disposal,,,越城区,120.74096,30.21025,platform_wgs84,ok,,30000.0,,临时消纳场,2026-09-02
915c8317a7bee6cf,绍兴,sx_disposal,,,诸暨市,120.24064,29.70219,platform_wgs84,ok,,20000.0,,临时消纳场,2026-09-02
a880702c6b171fc3,绍兴,sx_disposal,,,诸暨市,120.2555,29.732,platform_wgs84,ok,,,,临时消纳场,2026-09-02
14fbe9044fa2884b,绍兴,sx_disposal,,,嵊州市,120.82987,29.55765,platform_wgs84,ok,,6000.0,,临时消纳场,2026-09-02
bdd556a4e8c5b72f,绍兴,sx_disposal,,,诸暨市,120.29584,29.86222,platform_wgs84,ok,,50000.0,,临时消纳场,2026-09-02
52919f07ba7cfd47,绍兴,sx_disposal,,,嵊州市,120.84683,29.60709,platform_wgs84,ok,,5000.0,,临时消纳场,2026-09-02
e495978629ee2364,绍兴,sx_disposal,,,诸暨市,120.26721,29.6893,platform_wgs84,ok,,1730.0,,临时消纳场,2026-09-02
ba46f43472dd4271,绍兴,sx_disposal,,,越城区,120.76693,30.09923,platform_wgs84,ok,,14000.0,,临时消纳场,2026-09-02
e80e6953b4bd43a9,绍兴,sx_disposal,,,诸暨市,120.25261,29.75508,platform_wgs84,ok,,30000.0,,临时消纳场,2026-09-02
24c91db2f94577c1,绍兴,sx_disposal,,,越城区,120.64649,30.05009,platform_wgs84,ok,,51269.0,,临时消纳场,2026-09-02
f0a0ed407d920d7f,绍兴,sx_disposal,,,诸暨市,120.19801,29.72798,platform_wgs84,ok,,1000.0,,临时消纳场,2026-09-02
7a588c6391c69ee7,绍兴,sx_disposal,,,嵊州市,120.75567,29.54491,platform_wgs84,ok,,10000.0,,临时消纳场,2026-09-02
4bfc757869c7ee95,绍兴,sx_disposal,,,嵊州市,120.88742,29.63653,platform_wgs84,ok,,180000.0,,临时消纳场,2026-09-02
707b481f42918984,绍兴,sx_disposal,,,嵊州市,120.84446,29.6135,platform_wgs84,ok,,110000.0,,临时消纳场,2026-09-02
bc0b65d52bcaedea,绍兴,sx_disposal,,,上虞区,120.92629,30.01596,platform_wgs84,ok,,2200.0,,临时消纳场,2026-09-02
c6e151fb24c6b6c4,绍兴,sx_disposal,,,越城区,120.78934,30.08618,platform_wgs84,ok,,2500.0,,临时消纳场,2026-09-02
73402ddcf53645cb,绍兴,sx_disposal,,,越城区,120.65599,29.98524,platform_wgs84,ok,,67360.0,,临时消纳场,2026-09-02
5ea92e56d574ba7c,绍兴,sx_disposal,,,新昌县,120.80018,29.4793,platform_wgs84,ok,,10000.0,,临时消纳场,2026-09-02
560df5d00f4fb983,绍兴,sx_disposal,,,诸暨市,120.25078,29.67483,platform_wgs84,ok,,20000.0,,临时消纳场,2026-09-02
6ed7eceb6e388e8b,绍兴,sx_disposal,,,新昌县,120.7928,29.38982,platform_wgs84,ok,,20000.0,,临时消纳场,2026-09-02
c859a004653644d8,绍兴,sx_disposal,,,越城区,120.62005,30.06234,platform_wgs84,ok,,9000.0,,临时消纳场,2026-09-02
3aec7ed6628155e4,绍兴,sx_disposal,,,新昌县,120.78872,29.46775,platform_wgs84,ok,,50000.0,,临时消纳场,2026-09-02
0c513badf25d1db1,绍兴,sx_disposal,,,诸暨市,120.26738,29.72506,platform_wgs84,ok,,6000.0,,临时消纳场,2026-09-02
4ec488129fd296b2,绍兴,sx_disposal,,,诸暨市,120.23719,29.73392,platform_wgs84,ok,,20000.0,,临时消纳场,2026-09-02
a1d10bb56b02cb52,绍兴,sx_disposal,,,诸暨市,120.18244,29.77017,platform_wgs84,ok,,120000.0,,临时消纳场,2026-09-02
c527fc29d4ad1b90,绍兴,sx_disposal,,,嵊州市,120.83827,29.56828,platform_wgs84,ok,,5000.0,,临时消纳场,2026-09-02
cf2457d10b79b105,绍兴,sx_disposal,,,上虞区,120.85844,30.18088,platform_wgs84,ok,,55500.0,,临时消纳场,2026-09-02
74092d89a6ca32f4,绍兴,sx_disposal,,,诸暨市,120.20365,29.72887,platform_wgs84,ok,,20000.0,,临时消纳场,2026-09-02
8bfab115d9d12d31,绍兴,sx_disposal,,,嵊州市,120.90104,29.58831,platform_wgs84,ok,,15000.0,,临时消纳场,2026-09-02
348696146db49024,绍兴,sx_disposal,,,越城区,120.59431,29.97506,platform_wgs84,ok,,11692.0,,临时消纳场,2026-09-02
f4c2b8651a265742,绍兴,sx_disposal,,,嵊州市,120.60596,29.47529,platform_wgs84,ok,,10000.0,,临时消纳场,2026-09-02
4744bea05eb7084e,绍兴,sx_disposal,,,上虞区,120.78172,30.20317,platform_wgs84,ok,,411950.0,,临时消纳场,2026-09-02
5592e7faa457401f,绍兴,sx_disposal,,,嵊州市,120.67987,29.53149,platform_wgs84,ok,,5000.0,,临时消纳场,2026-09-02
2bc8ae2b8bde6bbd,绍兴,sx_disposal,,,越城区,120.5811,30.07371,platform_wgs84,ok,,19000.0,,临时消纳场,2026-09-02
893c70f892ad9d1f,绍兴,sx_disposal,,,新昌县,120.83494,29.43222,platform_wgs84,ok,,100000.0,,临时消纳场,2026-09-02
e614d4acdef9a2dd,绍兴,sx_disposal,,,新昌县,120.94963,29.53596,platform_wgs84,ok,,60000.0,,临时消纳场,2026-09-02
2db79ecb4aa6fcba,绍兴,sx_disposal,,,诸暨市,120.2319,29.71635,platform_wgs84,ok,,10000.0,,临时消纳场,2026-09-02
49b3504b3f3f874f,绍兴,sx_disposal,,,诸暨市,120.19651,29.69484,platform_wgs84,ok,,3000.0,,临时消纳场,2026-09-02
0ec533a0aecaf663,绍兴,sx_disposal,,,嵊州市,120.81952,29.53447,platform_wgs84,ok,,15000.0,,临时消纳场,2026-09-02
c74f0fcadd0a8120,绍兴,sx_disposal,,,上虞区,120.88638,30.03271,platform_wgs84,ok,,85000.0,,临时消纳场,2026-09-02
22e9f2570e06f54b,绍兴,sx_disposal,,,新昌县,120.9839,29.53521,platform_wgs84,ok,,300000.0,,临时消纳场,2026-09-02
53b278aba3fb79aa,绍兴,sx_disposal,,,越城区,120.5613,30.05585,platform_wgs84,ok,,60000.0,,临时消纳场,2026-09-02
1e9b89e95947ac4d,绍兴,sx_disposal,,,诸暨市,120.26753,29.68744,platform_wgs84,ok,,12500.0,,临时消纳场,2026-09-02
6831a23b2332e3b8,绍兴,sx_disposal,,,上虞区,120.88976,30.14835,platform_wgs84,ok,,130000.0,,临时消纳场,2026-09-02
348efae7aee9088e,绍兴,sx_disposal,,,柯桥区,120.72814,30.2335,platform_wgs84,ok,,148323.1,,临时消纳场,2026-09-02
874486103b93332c,绍兴,sx_disposal,,,诸暨市,120.20744,29.72021,platform_wgs84,ok,,1960.0,,临时消纳场,2026-09-02
136450e69a6332d9,绍兴,sx_disposal,,,诸暨市,120.25777,29.70587,platform_wgs84,ok,,23875.74,,临时消纳场,2026-09-02
610b6924e995b1b1,绍兴,sx_disposal,,,上虞区,120.88769,30.14923,platform_wgs84,ok,,74000.0,,临时消纳场,2026-09-02
00adb0570fd8dee1,绍兴,sx_disposal,,,诸暨市,120.19768,29.73518,platform_wgs84,ok,,150000.0,,临时消纳场,2026-09-02
cc70d1fc29096216,绍兴,sx_disposal,,,越城区,120.54461,30.05112,platform_wgs84,ok,,5000.0,,临时消纳场,2026-09-02
6926286a11e8a3ee,绍兴,sx_disposal,,,柯桥区,120.4866,29.98187,platform_wgs84,ok,,144000.0,,临时消纳场,2026-09-02
0857d0e397ff1dbf,绍兴,sx_disposal,,,越城区,120.62816,30.0745,platform_wgs84,ok,,57844.01,,临时消纳场,2026-09-02
28f03180115cb69a,绍兴,sx_disposal,,,新昌县,120.97794,29.49323,platform_wgs84,ok,,50000.0,,临时消纳场,2026-09-02
3105a5ebfcec608d,绍兴,sx_disposal,,,诸暨市,120.21302,29.76905,platform_wgs84,ok,,5000.0,,临时消纳场,2026-09-02
282e7414ce7cf439,绍兴,sx_disposal,,,诸暨市,120.43562,29.77706,platform_wgs84,ok,,37500.0,,临时消纳场,2026-09-02
a3f21266c0457bf9,绍兴,sx_disposal,,,柯桥区,120.42496,30.11285,platform_wgs84,ok,,123300.0,,临时消纳场,2026-09-02
a992d9c556f341b8,绍兴,sx_disposal,,,上虞区,120.82554,30.1233,platform_wgs84,ok,,15000.0,,临时消纳场,2026-09-02
150ae3c525bb690e,绍兴,sx_disposal,,,越城区,120.57787,30.00926,platform_wgs84,ok,,7000.0,,临时消纳场,2026-09-02
3307a6e05a642885,绍兴,sx_disposal,,,诸暨市,120.21381,29.74112,platform_wgs84,ok,,42000.0,,临时消纳场,2026-09-02
d4327ee548ba7d70,绍兴,sx_disposal,,,越城区,120.54083,30.04068,platform_wgs84,ok,,50000.0,,临时消纳场,2026-09-02
61061004408192f8,绍兴,sx_disposal,,,诸暨市,120.23554,29.6553,platform_wgs84,ok,,18000.0,,临时消纳场,2026-09-02
ba09b34eac52a004,绍兴,sx_disposal,,,新昌县,120.79039,29.39302,platform_wgs84,ok,,40000.0,,临时消纳场,2026-09-02
39db18c7729481d2,绍兴,sx_disposal,,,新昌县,120.79299,29.47153,platform_wgs84,ok,,11000.0,,临时消纳场,2026-09-02
eb552829343508af,绍兴,sx_disposal,,,诸暨市,120.29558,29.826,platform_wgs84,ok,,80000.0,,临时消纳场,2026-09-02
d5773fe1fef61cd0,绍兴,sx_disposal,,,诸暨市,120.24793,29.67979,platform_wgs84,ok,,71439.9,,临时消纳场,2026-09-02
ed5e92b49fa87676,绍兴,sx_disposal,,,嵊州市,120.77626,29.54966,platform_wgs84,ok,,200.0,,临时消纳场,2026-09-02
d95a805c88460868,绍兴,sx_disposal,,,嵊州市,120.78922,29.64991,platform_wgs84,ok,,800.0,,临时消纳场,2026-09-02
8287e3bd81478de6,绍兴,sx_disposal,,,嵊州市,120.82924,29.70957,platform_wgs84,ok,,70000.0,,临时消纳场,2026-09-02
c43f4089e5170544,绍兴,sx_disposal,,,诸暨市,120.20658,29.77599,platform_wgs84,ok,,20000.0,,临时消纳场,2026-09-02
f4212c23d9ede973,绍兴,sx_disposal,,,越城区,120.75292,30.15617,platform_wgs84,ok,,48000.0,,临时消纳场,2026-09-02
fe5d58e2db37b296,绍兴,sx_disposal,,,越城区,120.73812,30.11194,platform_wgs84,ok,,125000.0,,临时消纳场,2026-09-02
d0a4334424189758,绍兴,sx_disposal,,,诸暨市,120.29685,29.71874,platform_wgs84,ok,,2000.0,,临时消纳场,2026-09-02
f1e3e900fcc72435,绍兴,sx_disposal,,,越城区,120.60461,30.02197,platform_wgs84,ok,,15000.0,,临时消纳场,2026-09-02
c6d15c0496a6bf09,绍兴,sx_disposal,,,诸暨市,120.19325,29.64397,platform_wgs84,ok,,102850.0,,临时消纳场,2026-09-02
a9ccdbb9a904ce7b,绍兴,sx_disposal,,,越城区,120.61492,30.01905,platform_wgs84,ok,,2500.0,,临时消纳场,2026-09-02
70a6f3ea9705581d,绍兴,sx_disposal,,,嵊州市,120.85038,29.6059,platform_wgs84,ok,,3000.0,,临时消纳场,2026-09-02
5cc4f4503dda5acf,绍兴,sx_disposal,,,上虞区,120.84547,30.02638,platform_wgs84,ok,,61000.0,,临时消纳场,2026-09-02
8a389c109021803b,绍兴,sx_disposal,,,越城区,120.5282,30.09358,platform_wgs84,ok,,41821.04,,临时消纳场,2026-09-02
5b279caaac365cf8,绍兴,sx_disposal,,,新昌县,120.93678,29.3125,platform_wgs84,ok,,127000.0,,临时消纳场,2026-09-02
8e2459e190368e14,绍兴,sx_disposal,,,新昌县,121.13787,29.54525,platform_wgs84,ok,,160000.0,,临时消纳场,2026-09-02
c5109d133d6cb06a,绍兴,sx_disposal,,,新昌县,120.96037,29.51953,platform_wgs84,ok,,300000.0,,临时消纳场,2026-09-02
773a18f799d86bb5,绍兴,sx_disposal,,,嵊州市,120.79805,29.57272,platform_wgs84,ok,,30000.0,,临时消纳场,2026-09-02
378ceaedede879a7,绍兴,sx_disposal,,,越城区,120.59222,29.99152,platform_wgs84,ok,,25000.0,,临时消纳场,2026-09-02
1f50d2c63cbfe7ff,绍兴,sx_disposal,,,越城区,120.81498,30.01657,platform_wgs84,ok,,60000.0,,临时消纳场,2026-09-02
e9b77d0bd06a90bd,绍兴,sx_disposal,,,柯桥区,120.45006,30.09397,platform_wgs84,ok,,67500.0,,临时消纳场,2026-09-02
c9381b7af807f857,绍兴,sx_disposal,,,越城区,120.66419,30.01533,platform_wgs84,ok,,60000.0,,临时消纳场,2026-09-02
76f4e928c7f1c360,绍兴,sx_disposal,,,越城区,120.57374,30.02603,platform_wgs84,ok,,25000.0,,临时消纳场,2026-09-02
b184c11d98571ac3,绍兴,sx_disposal,,,诸暨市,120.26453,29.68596,platform_wgs84,ok,,70000.0,,临时消纳场,2026-09-02
045231ba7fb95da5,绍兴,sx_disposal,,,嵊州市,120.79378,29.55795,platform_wgs84,ok,,50000.0,,临时消纳场,2026-09-02
184744ee955c0864,绍兴,sx_disposal,,,诸暨市,120.28544,29.73018,platform_wgs84,ok,,3000.0,,临时消纳场,2026-09-02
0673e99fbd57b061,绍兴,sx_disposal,,,越城区,120.62954,30.05211,platform_wgs84,ok,,35000.0,,临时消纳场,2026-09-02
84cd491c05e1c1b6,绍兴,sx_disposal,,,诸暨市,120.32954,29.74524,platform_wgs84,ok,,20000.0,,临时消纳场,2026-09-02
53eee74856551299,绍兴,sx_disposal,,,诸暨市,120.26567,29.67865,platform_wgs84,ok,,30200.0,,临时消纳场,2026-09-02
442da02b3afb77ce,绍兴,sx_disposal,,,上虞区,120.96249,29.95824,platform_wgs84,ok,,350.0,,临时消纳场,2026-09-02
3ee5cacb7d606e75,绍兴,sx_disposal,,,诸暨市,120.24741,29.76491,platform_wgs84,ok,,28000.0,,临时消纳场,2026-09-02
11f528aa128f7579,绍兴,sx_disposal,,,诸暨市,120.11776,29.5392,platform_wgs84,ok,,100000.0,,临时消纳场,2026-09-02
3191994db3e05b85,绍兴,sx_disposal,,,嵊州市,120.88218,29.63666,platform_wgs84,ok,,5000.0,,临时消纳场,2026-09-02
049f7da55170e9d0,绍兴,sx_disposal,,,嵊州市,120.52915,31.26517,platform_wgs84,ok,,20000.0,,临时消纳场,2026-09-02
7de1a96ebb97e9a7,绍兴,sx_disposal,,,新昌县,120.8161,29.49924,platform_wgs84,ok,,450000.0,,临时消纳场,2026-09-02
3b88a0bd5c5edcfe,绍兴,sx_disposal,,,嵊州市,120.81819,29.62173,platform_wgs84,ok,,1000.0,,临时消纳场,2026-09-02
aeb3d10c89131492,绍兴,sx_disposal,,,新昌县,120.98362,29.53598,platform_wgs84,ok,,31000.0,,临时消纳场,2026-09-02
e606e2b48d16d217,绍兴,sx_disposal,,,越城区,120.58038,29.93567,platform_wgs84,ok,,16000.0,,临时消纳场,2026-09-02
d96ce7288f7bb01a,绍兴,sx_disposal,,,上虞区,120.76953,30.02157,platform_wgs84,ok,,5000.0,,临时消纳场,2026-09-02
b37656e967c8b69a,绍兴,sx_disposal,,,越城区,120.60771,29.9978,platform_wgs84,ok,,2500.0,,临时消纳场,2026-09-02
f87e1fe2da744902,绍兴,sx_disposal,,,新昌县,120.9414,29.48467,platform_wgs84,ok,,15000.0,,临时消纳场,2026-09-02
3a06b5ad06ea4f2b,绍兴,sx_disposal,,,新昌县,120.98809,29.53635,platform_wgs84,ok,,50000.0,,临时消纳场,2026-09-02
0e275cacf88474d3,绍兴,sx_disposal,,,柯桥区,120.50789,30.12048,platform_wgs84,ok,,32000.0,,临时消纳场,2026-09-02
4ec9286fc0125170,绍兴,sx_disposal,,,新昌县,120.97193,29.47532,platform_wgs84,ok,,200000.0,,临时消纳场,2026-09-02
071cd76d8f146d95,绍兴,sx_disposal,,,柯桥区,120.59216,30.14656,platform_wgs84,ok,,25000.0,,临时消纳场,2026-09-02
2375b6d92ceea269,绍兴,sx_disposal,,,柯桥区,120.51752,30.1314,platform_wgs84,ok,,30000.0,,临时消纳场,2026-09-02
f73e3754ea2e3d2e,绍兴,sx_disposal,,,嵊州市,120.8415,29.62115,platform_wgs84,ok,,200000.0,,临时消纳场,2026-09-02
760506a922c8013c,绍兴,sx_disposal,,,越城区,120.53606,30.09819,platform_wgs84,ok,,31500.0,,临时消纳场,2026-09-02
ac92604a55d648d4,绍兴,sx_disposal,,,柯桥区,120.48772,30.1128,platform_wgs84,ok,,80000.0,,临时消纳场,2026-09-02
ee33352967ca1f16,绍兴,sx_disposal,,,越城区,120.7529,30.15674,platform_wgs84,ok,,50725.0,,临时消纳场,2026-09-02
f9bd829745c2f199,绍兴,sx_disposal,,,诸暨市,120.19838,29.77376,platform_wgs84,ok,,30530.0,,临时消纳场,2026-09-02
66091a29edf7dc3f,绍兴,sx_disposal,,,诸暨市,120.22898,29.73012,platform_wgs84,ok,,23000.0,,临时消纳场,2026-09-02
ccf033aef9acbeea,绍兴,sx_disposal,,,越城区,120.684,30.1383,platform_wgs84,ok,,78000.0,,临时消纳场,2026-09-02
0989f674789b0a2d,绍兴,sx_disposal,,,柯桥区,120.46147,30.07158,platform_wgs84,ok,,80000.0,,临时消纳场,2026-09-02
ffb8f4f69c6f94a3,绍兴,sx_disposal,,,上虞区,120.84721,30.17293,platform_wgs84,ok,,190000.0,,临时消纳场,2026-09-02
533a7af91015c92c,绍兴,sx_disposal,,,新昌县,121.13038,29.46292,platform_wgs84,ok,,110000.0,,临时消纳场,2026-09-02
4e3015b2e7394af7,绍兴,sx_disposal,,,诸暨市,120.24576,29.69953,platform_wgs84,ok,,400000.0,,临时消纳场,2026-09-02
628cd0b636a97854,绍兴,sx_disposal,,,上虞区,120.8871,30.11217,platform_wgs84,ok,,40000.0,,临时消纳场,2026-09-02
2579f41f7df6921e,绍兴,sx_disposal,,,新昌县,120.88691,29.51996,platform_wgs84,ok,,120000.0,,临时消纳场,2026-09-02
a9892a60eac2a9ed,绍兴,sx_disposal,,,诸暨市,120.16869,29.59697,platform_wgs84,ok,,15000.0,,临时消纳场,2026-09-02
3b6bb26d5a4f15b9,绍兴,sx_disposal,,,越城区,120.60435,30.0216,platform_wgs84,ok,,16717.54,,临时消纳场,2026-09-02
6b670f372a1b13bc,绍兴,sx_disposal,,,嵊州市,120.83661,29.71326,platform_wgs84,ok,,1000.0,,临时消纳场,2026-09-02
5a0ba355e957383b,绍兴,sx_disposal,,,上虞区,121.02485,29.84271,platform_wgs84,ok,,39704.0,,临时消纳场,2026-09-02
590c91099795f135,绍兴,sx_disposal,,,嵊州市,120.71122,29.59642,platform_wgs84,ok,,20000.0,,临时消纳场,2026-09-02
3548aba38f87c41e,绍兴,sx_disposal,,,诸暨市,120.19791,29.67746,platform_wgs84,ok,,70000.0,,临时消纳场,2026-09-02
57bfb4668966578f,绍兴,sx_disposal,,,越城区,120.76461,30.15157,platform_wgs84,ok,,17000.0,,临时消纳场,2026-09-02
900da4b16d404076,绍兴,sx_disposal,,,越城区,120.60935,30.03194,platform_wgs84,ok,,60446.41,,临时消纳场,2026-09-02
27189e87b0acc541,绍兴,sx_disposal,,,诸暨市,120.20629,29.71526,platform_wgs84,ok,,20000.0,,临时消纳场,2026-09-02
537cd0a27cc217d6,绍兴,sx_disposal,,,越城区,120.76498,30.22351,platform_wgs84,ok,,4000.0,,临时消纳场,2026-09-02
d6e5fcc773d15e7b,绍兴,sx_disposal,,,新昌县,120.89105,29.48795,platform_wgs84,ok,,5000.0,,临时消纳场,2026-09-02
f99bedbbf9aa601d,绍兴,sx_disposal,,,越城区,120.75852,30.19983,platform_wgs84,ok,,71000.0,,临时消纳场,2026-09-02
91a8f7fa623d8f06,绍兴,sx_disposal,,,越城区,120.65129,29.99116,platform_wgs84,ok,,28287.0,,临时消纳场,2026-09-02
58dee2b246d4dd1b,绍兴,sx_disposal,,,诸暨市,120.20271,29.73488,platform_wgs84,ok,,39450.0,,临时消纳场,2026-09-02
9483f57cba94d3bd,绍兴,sx_disposal,,,诸暨市,120.22969,29.73549,platform_wgs84,ok,,2000.0,,临时消纳场,2026-09-02
9a0c881af5b19467,绍兴,sx_disposal,,,越城区,120.7676,30.12599,platform_wgs84,ok,,8882.0,,临时消纳场,2026-09-02
4b1ac3ef3e025335,绍兴,sx_disposal,,,诸暨市,120.2514,29.65783,platform_wgs84,ok,,4000.0,,临时消纳场,2026-09-02
ecc2cd02ee0403e2,绍兴,sx_disposal,,,新昌县,120.84994,29.50639,platform_wgs84,ok,,50000.0,,临时消纳场,2026-09-02
ee28cf4fda6abe96,绍兴,sx_disposal,,,新昌县,120.95888,29.50474,platform_wgs84,ok,,500000.0,,临时消纳场,2026-09-02
b036f729b75722e8,绍兴,sx_disposal,,,嵊州市,120.82746,29.55675,platform_wgs84,ok,,60000.0,,临时消纳场,2026-09-02
644965b0f129b126,绍兴,sx_disposal,,,越城区,120.55191,30.03785,platform_wgs84,ok,,80000.0,,临时消纳场,2026-09-02
892e404534873af3,绍兴,sx_disposal,,,诸暨市,120.26166,29.6322,platform_wgs84,ok,,134735.0,,临时消纳场,2026-09-02
8699f7d781a3cc13,绍兴,sx_disposal,,,嵊州市,120.67074,29.50325,platform_wgs84,ok,,5000.0,,临时消纳场,2026-09-02
95752870e6171eaf,绍兴,sx_disposal,,,柯桥区,120.51813,30.10049,platform_wgs84,ok,,28000.0,,临时消纳场,2026-09-02
c52c09010bc8d04f,绍兴,sx_disposal,,,诸暨市,120.20337,29.70408,platform_wgs84,ok,,10000.0,,临时消纳场,2026-09-02
34fdcb0782d1c72f,绍兴,sx_disposal,,,越城区,120.76257,30.16083,platform_wgs84,ok,,30000.0,,临时消纳场,2026-09-02
04499e8a549f1b7f,绍兴,sx_disposal,,,越城区,120.74998,30.12345,platform_wgs84,ok,,16982.0,,临时消纳场,2026-09-02
1a56d446296646ff,绍兴,sx_disposal,,,嵊州市,120.84578,29.61803,platform_wgs84,ok,,3000.0,,临时消纳场,2026-09-02
7a982239cf750cbf,绍兴,sx_disposal,,,诸暨市,120.28749,29.71686,platform_wgs84,ok,,1500.0,,临时消纳场,2026-09-02
c170549b751cccf7,绍兴,sx_disposal,,,新昌县,120.93454,29.48482,platform_wgs84,ok,,15000.0,,临时消纳场,2026-09-02
c4ac458706f3fd0e,绍兴,sx_disposal,,,诸暨市,120.23421,29.64002,platform_wgs84,ok,,5000.0,,临时消纳场,2026-09-02
1b7022145a6976ed,绍兴,sx_disposal,,,新昌县,120.86683,29.41272,platform_wgs84,ok,,20000.0,,临时消纳场,2026-09-02
b67125f6ec41900a,绍兴,sx_disposal,,,诸暨市,120.24936,29.80673,platform_wgs84,ok,,2500.0,,临时消纳场,2026-09-02
5a27b55f7af224c2,绍兴,sx_disposal,,,柯桥区,120.41005,30.10336,platform_wgs84,ok,,76742.0,,临时消纳场,2026-09-02
fdefe6b85b91fb98,绍兴,sx_disposal,,,诸暨市,120.19915,29.63673,platform_wgs84,ok,,8000.0,,临时消纳场,2026-09-02
0f09ac70aefcadeb,绍兴,sx_disposal,,,越城区,120.54757,30.0383,platform_wgs84,ok,,65000.0,,临时消纳场,2026-09-02
e55aaf570786932b,绍兴,sx_disposal,,,上虞区,120.87254,30.18798,platform_wgs84,ok,,35000.0,,临时消纳场,2026-09-02
0847da75756596f6,绍兴,sx_disposal,,,嵊州市,120.80456,29.62028,platform_wgs84,ok,,20000.0,,临时消纳场,2026-09-02
e25f003bf14a6e6e,绍兴,sx_disposal,,,越城区,120.57695,30.04842,platform_wgs84,ok,,24517.5,,临时消纳场,2026-09-02
e9e22f84578a5b2b,绍兴,sx_disposal,,,越城区,120.77161,30.15913,platform_wgs84,ok,,57400.0,,临时消纳场,2026-09-02
399b002580d18b1e,绍兴,sx_disposal,,,越城区,120.68284,30.13849,platform_wgs84,ok,,17113.1,,临时消纳场,2026-09-02
18bd158449a7d8a5,绍兴,sx_disposal,,,柯桥区,120.46717,30.08382,platform_wgs84,ok,,31000.0,,临时消纳场,2026-09-02
a1bbe3bc0a82ee2f,绍兴,sx_disposal,,,诸暨市,120.18317,29.62212,platform_wgs84,ok,,13000.0,,临时消纳场,2026-09-02
4abe515109e0b293,绍兴,sx_disposal,,,嵊州市,120.88442,29.62727,platform_wgs84,ok,,200000.0,,临时消纳场,2026-09-02
3386a5d64d003824,绍兴,sx_disposal,,,诸暨市,120.21743,29.76984,platform_wgs84,ok,,54067.7,,临时消纳场,2026-09-02
5d748f5c280078a0,绍兴,sx_disposal,,,诸暨市,120.35325,29.7579,platform_wgs84,ok,,57096.0,,临时消纳场,2026-09-02
02ad53328248589c,绍兴,sx_disposal,,,新昌县,120.98131,29.4617,platform_wgs84,ok,,50000.0,,临时消纳场,2026-09-02
f105e51928595ec5,绍兴,sx_disposal,,,嵊州市,120.87789,29.62326,platform_wgs84,ok,,10000.0,,临时消纳场,2026-09-02
4cac13dcccdcb183,绍兴,sx_disposal,,,越城区,120.61139,30.04292,platform_wgs84,ok,,50000.0,,临时消纳场,2026-09-02
d29b48bf73195b25,绍兴,sx_disposal,,,越城区,120.56674,30.03814,platform_wgs84,ok,,41300.0,,临时消纳场,2026-09-02
7f0119f01200526c,绍兴,sx_disposal,,,新昌县,120.97653,29.4892,platform_wgs84,ok,,20000.0,,临时消纳场,2026-09-02
de318f1717765e4a,绍兴,sx_disposal,,,越城区,120.55176,30.10235,platform_wgs84,ok,,9000.0,,临时消纳场,2026-09-02
5330d5fb28717ad0,绍兴,sx_disposal,,,嵊州市,120.82922,29.60784,platform_wgs84,ok,,100000.0,,临时消纳场,2026-09-02
b86844a1d24274e9,绍兴,sx_disposal,,,诸暨市,120.20536,29.73487,platform_wgs84,ok,,50000.0,,临时消纳场,2026-09-02
11b746a6a6a7280f,绍兴,sx_disposal,,,新昌县,120.82739,29.46234,platform_wgs84,ok,,100000.0,,临时消纳场,2026-09-02
a846bfd5e2287a6b,绍兴,sx_disposal,,,越城区,120.51764,30.08039,platform_wgs84,ok,,86231.0,,临时消纳场,2026-09-02
08b9cbdb2b2aa8c5,绍兴,sx_disposal,,,越城区,120.74528,30.11122,platform_wgs84,ok,,60000.0,,临时消纳场,2026-09-02
3ac0237f6c6cb19b,绍兴,sx_disposal,,,新昌县,120.92114,29.47291,platform_wgs84,ok,,30000.0,,临时消纳场,2026-09-02
c04c065873c67555,绍兴,sx_disposal,,,上虞区,120.82515,30.02834,platform_wgs84,ok,,20000.0,,临时消纳场,2026-09-02
e970010f281893d7,绍兴,sx_disposal,,,越城区,120.71336,30.13826,platform_wgs84,ok,,60000.0,,临时消纳场,2026-09-02
5f93e37f52c6fa10,绍兴,sx_disposal,,,上虞区,120.894,30.10961,platform_wgs84,ok,,20000.0,,临时消纳场,2026-09-02
bdce105b553524b9,绍兴,sx_disposal,,,越城区,120.55939,30.01183,platform_wgs84,ok,,40000.0,,临时消纳场,2026-09-02
cdc5f4b504e2e018,绍兴,sx_disposal,,,诸暨市,120.26333,29.70936,platform_wgs84,ok,,30000.0,,临时消纳场,2026-09-02
0ec4dc95230d696e,绍兴,sx_disposal,,,越城区,120.59386,29.96324,platform_wgs84,ok,,35000.0,,临时消纳场,2026-09-02
1778df192c45cad4,绍兴,sx_disposal,,,上虞区,120.76141,30.03425,platform_wgs84,ok,,15000.0,,临时消纳场,2026-09-02
06a9eafb4e1f8bd9,绍兴,sx_disposal,,,新昌县,120.96297,29.47736,platform_wgs84,ok,,200000.0,,临时消纳场,2026-09-02
33944121de2c0dc0,绍兴,sx_disposal,,,越城区,120.75374,30.14732,platform_wgs84,ok,,71714.3,,临时消纳场,2026-09-02
9fd494ccdd173b94,绍兴,sx_disposal,,,诸暨市,120.23784,29.67773,platform_wgs84,ok,,10527.0,,临时消纳场,2026-09-02
1f0c32e66981c74a,绍兴,sx_disposal,,,新昌县,121.03137,29.45425,platform_wgs84,ok,,20000.0,,临时消纳场,2026-09-02
37c1b1e81c700530,绍兴,sx_disposal,,,嵊州市,120.75335,29.55399,platform_wgs84,ok,,3000.0,,临时消纳场,2026-09-02
ea7a5a2b05b7e07c,绍兴,sx_disposal,,,诸暨市,120.2143,29.76922,platform_wgs84,ok,,2137.71,,临时消纳场,2026-09-02
0fe52190c7101dff,绍兴,sx_disposal,,,诸暨市,120.42571,29.76338,platform_wgs84,ok,,100000.0,,临时消纳场,2026-09-02
052717378b6c020f,绍兴,sx_disposal,,,诸暨市,120.21689,29.77343,platform_wgs84,ok,,90000.0,,临时消纳场,2026-09-02
b1f713eae5766f95,绍兴,sx_disposal,,,新昌县,120.94382,29.50811,platform_wgs84,ok,,25000.0,,临时消纳场,2026-09-02
ff129368ac53443a,绍兴,sx_disposal,,,嵊州市,120.71275,29.56885,platform_wgs84,ok,,2000.0,,临时消纳场,2026-09-02
c23d33bc3f2e803a,绍兴,sx_disposal,,,柯桥区,120.34443,30.13813,platform_wgs84,ok,,10000.0,,临时消纳场,2026-09-02
79a29f7e9d085e9f,绍兴,sx_disposal,,,上虞区,120.85288,30.17193,platform_wgs84,ok,,10066.96,,临时消纳场,2026-09-02
81869d36be9871eb,绍兴,sx_disposal,,,柯桥区,120.44583,29.9399,platform_wgs84,ok,,50000.0,,临时消纳场,2026-09-02
76578b7aa8c0e00e,绍兴,sx_disposal,,,嵊州市,120.78202,29.59474,platform_wgs84,ok,,30000.0,,临时消纳场,2026-09-02
d21b567028e9742c,绍兴,sx_disposal,,,新昌县,121.01028,29.44659,platform_wgs84,ok,,10000.0,,临时消纳场,2026-09-02
989a5bea4ad98365,绍兴,sx_disposal,,,越城区,120.75644,30.14072,platform_wgs84,ok,,150000.0,,临时消纳场,2026-09-02
fa730b91506232cd,绍兴,sx_disposal,,,新昌县,120.79428,29.48912,platform_wgs84,ok,,90000.0,,临时消纳场,2026-09-02
d11170b46d14d181,绍兴,sx_disposal,,,嵊州市,120.80303,29.64557,platform_wgs84,ok,,30000.0,,临时消纳场,2026-09-02
1579866c3aa6717f,绍兴,sx_disposal,,,越城区,120.57275,29.94066,platform_wgs84,ok,,20000.0,,临时消纳场,2026-09-02
2c3526bcc5ce70a6,绍兴,sx_disposal,,,诸暨市,120.25725,29.76873,platform_wgs84,ok,,47000.0,,临时消纳场,2026-09-02
3357cbc0043db753,绍兴,sx_disposal,,,柯桥区,120.59373,30.14573,platform_wgs84,ok,,84000.0,,临时消纳场,2026-09-02
4eb2948836ce3f1c,绍兴,sx_disposal,,,新昌县,120.95021,29.54128,platform_wgs84,ok,,20000.0,,临时消纳场,2026-09-02
5e0cdadb97fd4c56,绍兴,sx_disposal,,,嵊州市,120.7442,29.53582,platform_wgs84,ok,,30000.0,,临时消纳场,2026-09-02
9f6a2b2838ae9aec,绍兴,sx_disposal,,,上虞区,120.88916,29.93692,platform_wgs84,ok,,100000.0,,临时消纳场,2026-09-02
385b5c359ceec51b,绍兴,sx_disposal,,,诸暨市,120.21944,29.62562,platform_wgs84,ok,,18000.0,,临时消纳场,2026-09-02
a3cf0abfc6d66070,绍兴,sx_disposal,,,越城区,120.55613,29.98029,platform_wgs84,ok,,38606.83,,临时消纳场,2026-09-02
bf825061a84ad8d0,绍兴,sx_disposal,,,上虞区,120.8568,30.15913,platform_wgs84,ok,,40000.0,,临时消纳场,2026-09-02
d4efd25cef9d1374,绍兴,sx_disposal,,,新昌县,121.01191,29.445,platform_wgs84,ok,,30000.0,,临时消纳场,2026-09-02
104669999eca3f5a,绍兴,sx_disposal,,,嵊州市,120.83095,29.54273,platform_wgs84,ok,,4000.0,,临时消纳场,2026-09-02
d4b77d75ccb18181,绍兴,sx_disposal,,,诸暨市,120.2177,29.74426,platform_wgs84,ok,,30000.0,,临时消纳场,2026-09-02
7ab992d7ade583f2,绍兴,sx_disposal,,,新昌县,120.9627,29.4578,platform_wgs84,ok,,1000000.0,,临时消纳场,2026-09-02
236e9fff598b1c64,绍兴,sx_disposal,,,新昌县,120.80869,29.49223,platform_wgs84,ok,,20000.0,,临时消纳场,2026-09-02
08804e8ea6aa71cc,绍兴,sx_disposal,,,柯桥区,120.59406,29.79181,platform_wgs84,ok,,120000.0,,临时消纳场,2026-09-02
7221477e375ebc94,绍兴,sx_disposal,,,诸暨市,120.20857,29.78006,platform_wgs84,ok,,191308.77,,临时消纳场,2026-09-02
04f8d97e8bb7417d,绍兴,sx_disposal,,,嵊州市,120.85873,29.6273,platform_wgs84,ok,,30000.0,,临时消纳场,2026-09-02
76c796f50b9b4c4b,绍兴,sx_disposal,,,上虞区,120.88163,30.17552,platform_wgs84,ok,,400000.0,,临时消纳场,2026-09-02
a065c086b82f1dce,绍兴,sx_disposal,,,越城区,120.65556,30.00341,platform_wgs84,ok,,26800.0,,临时消纳场,2026-09-02
bfc8e9adb110f261,绍兴,sx_disposal,,,新昌县,120.79113,29.42773,platform_wgs84,ok,,38657.0,,临时消纳场,2026-09-02
b111993c0e050a6b,绍兴,sx_disposal,,,越城区,120.7249,30.05548,platform_wgs84,ok,,10000.0,,临时消纳场,2026-09-02
28c46a1a6753ac31,绍兴,sx_disposal,,,诸暨市,120.25722,29.73243,platform_wgs84,ok,,20000.0,,临时消纳场,2026-09-02
0f99cfabeb76c5f3,绍兴,sx_disposal,,,嵊州市,120.79262,29.51716,platform_wgs84,ok,,800.0,,临时消纳场,2026-09-02
47098166f9421eae,绍兴,sx_disposal,,,诸暨市,120.2377,29.79212,platform_wgs84,ok,,1000.0,,临时消纳场,2026-09-02
3888e735e72aa03e,绍兴,sx_disposal,,,越城区,120.58318,30.0721,platform_wgs84,ok,,65109.0,,临时消纳场,2026-09-02
af6ad37e9d68bade,绍兴,sx_disposal,,,新昌县,121.00068,29.53577,platform_wgs84,ok,,14300.0,,临时消纳场,2026-09-02
856e6ab89f068d42,绍兴,sx_disposal,,,新昌县,120.97704,29.48685,platform_wgs84,ok,,30000.0,,临时消纳场,2026-09-02
24ac3ccf25b5d614,绍兴,sx_disposal,,,越城区,120.618,30.05453,platform_wgs84,ok,,63000.0,,临时消纳场,2026-09-02
8eaf8324bba1c3b7,绍兴,sx_disposal,,,嵊州市,120.72858,29.52978,platform_wgs84,ok,,10000.0,,临时消纳场,2026-09-02
4051142f520f26c5,绍兴,sx_disposal,,,新昌县,120.825,29.49965,platform_wgs84,ok,,15000.0,,临时消纳场,2026-09-02
eb3ef9e60ac45fa4,绍兴,sx_disposal,,,诸暨市,120.25518,29.77355,platform_wgs84,ok,,88264.4,,临时消纳场,2026-09-02
8b0c544179c44bd5,绍兴,sx_disposal,,,新昌县,120.9764,29.45539,platform_wgs84,ok,,1000000.0,,临时消纳场,2026-09-02
5e0437909d666832,绍兴,sx_disposal,,,越城区,120.53246,30.05933,platform_wgs84,ok,,20000.0,,临时消纳场,2026-09-02
e89f9223b8e4f11e,绍兴,sx_disposal,,,上虞区,120.84449,30.18166,platform_wgs84,ok,,38000.0,,临时消纳场,2026-09-02
b9df9f99670470d9,绍兴,sx_disposal,,,新昌县,120.86641,29.52671,platform_wgs84,ok,,20000.0,,临时消纳场,2026-09-02
aed6a9fcd3c95487,绍兴,sx_disposal,,,柯桥区,120.52975,30.11506,platform_wgs84,ok,,35000.0,,临时消纳场,2026-09-02
a8c29086d4126af9,绍兴,sx_disposal,,,诸暨市,120.21577,29.64224,platform_wgs84,ok,,2000.0,,临时消纳场,2026-09-02
05227da419b431ae,绍兴,sx_disposal,,,新昌县,120.95953,29.45645,platform_wgs84,ok,,8000.0,,临时消纳场,2026-09-02
e83233c9c6bc17ea,绍兴,sx_disposal,,,越城区,120.73783,30.16371,platform_wgs84,ok,,35000.0,,临时消纳场,2026-09-02
8eccb185e2979598,绍兴,sx_disposal,,,越城区,120.66253,29.99644,platform_wgs84,ok,,103554.0,,临时消纳场,2026-09-02
464ece8e35f5720b,绍兴,sx_disposal,,,嵊州市,120.81974,29.52978,platform_wgs84,ok,,30000.0,,临时消纳场,2026-09-02
075e9a6a17859d82,绍兴,sx_disposal,,,嵊州市,120.84593,29.61198,platform_wgs84,ok,,100000.0,,临时消纳场,2026-09-02
cccefe30d8212e30,绍兴,sx_disposal,,,新昌县,121.11195,29.48139,platform_wgs84,ok,,40000.0,,临时消纳场,2026-09-02
a73a76a9e6ea4f2c,绍兴,sx_disposal,,,上虞区,120.77025,30.02255,platform_wgs84,ok,,100000.0,,临时消纳场,2026-09-02
89c91810e67c5e86,绍兴,sx_disposal,,,越城区,120.74412,30.12683,platform_wgs84,ok,,25000.0,,临时消纳场,2026-09-02
c9ec41f57557c3da,绍兴,sx_disposal,,,诸暨市,120.20949,29.77092,platform_wgs84,ok,,5000.0,,临时消纳场,2026-09-02
36dccf149c2df2ac,绍兴,sx_disposal,,,柯桥区,120.54316,29.97268,platform_wgs84,ok,,12000.0,,临时消纳场,2026-09-02
cae73cc15a62de83,绍兴,sx_disposal,,,新昌县,120.96567,29.52791,platform_wgs84,ok,,200000.0,,临时消纳场,2026-09-02
e988a481372ce9de,绍兴,sx_disposal,,,诸暨市,120.21153,29.77504,platform_wgs84,ok,,90000.0,,临时消纳场,2026-09-02
8bcee0e4ebd4a352,绍兴,sx_disposal,,,新昌县,120.90959,29.47723,platform_wgs84,ok,,100000.0,,临时消纳场,2026-09-02
fd522576e5c82ac0,绍兴,sx_disposal,,,新昌县,120.80813,29.48175,platform_wgs84,ok,,20000.0,,临时消纳场,2026-09-02
69f04799a550b513,绍兴,sx_disposal,,,柯桥区,120.61974,30.13731,platform_wgs84,ok,,14000.0,,临时消纳场,2026-09-02
c63668324771e40e,绍兴,sx_disposal,,,嵊州市,120.89999,29.59263,platform_wgs84,ok,,5000.0,,临时消纳场,2026-09-02
6263fe342ec4b6ca,绍兴,sx_disposal,,,新昌县,120.79959,29.39427,platform_wgs84,ok,,20000.0,,临时消纳场,2026-09-02
e51a63cd2036496a,绍兴,sx_disposal,,,上虞区,120.87176,30.18816,platform_wgs84,ok,,75000.0,,临时消纳场,2026-09-02
44ae2041fbefcf67,绍兴,sx_disposal,,,新昌县,120.81533,29.3922,platform_wgs84,ok,,5000.0,,临时消纳场,2026-09-02
6fa4156e43a1de5c,绍兴,sx_disposal,,,诸暨市,120.26587,29.67771,platform_wgs84,ok,,59936.1,,临时消纳场,2026-09-02
e0e7141cc974371f,绍兴,sx_disposal,,,嵊州市,120.83391,29.63027,platform_wgs84,ok,,5000.0,,临时消纳场,2026-09-02
01eccd904da4aadd,绍兴,sx_disposal,,,越城区,120.60691,30.03639,platform_wgs84,ok,,70000.0,,临时消纳场,2026-09-02
7dbac975cb965638,绍兴,sx_disposal,,,诸暨市,120.26025,29.69338,platform_wgs84,ok,,31823.0,,临时消纳场,2026-09-02
cb1b0b13170099da,绍兴,sx_disposal,,,新昌县,120.90773,29.47564,platform_wgs84,ok,,5000.0,,临时消纳场,2026-09-02
387a8e89c84f73e1,绍兴,sx_disposal,,,上虞区,120.76966,30.0229,platform_wgs84,ok,,1000000.0,,临时消纳场,2026-09-02
03d91b861fc16673,绍兴,sx_disposal,,,新昌县,121.00855,29.4453,platform_wgs84,ok,,50000.0,,临时消纳场,2026-09-02
3f32d7f4fca05ed8,绍兴,sx_disposal,,,越城区,120.71135,30.17201,platform_wgs84,ok,,32612.0,,临时消纳场,2026-09-02
b0ab7f31cb4f136e,绍兴,sx_disposal,,,诸暨市,120.20708,29.73486,platform_wgs84,ok,,48506.9,,临时消纳场,2026-09-02
7c472384149c3229,绍兴,sx_disposal,,,诸暨市,120.26314,29.75333,platform_wgs84,ok,,4000.0,,临时消纳场,2026-09-02
836ca26701aa079f,绍兴,sx_disposal,,,诸暨市,120.2356,29.78217,platform_wgs84,ok,,85000.0,,临时消纳场,2026-09-02
0ee9ac2ccbdafb93,绍兴,sx_disposal,,,嵊州市,120.80423,29.56205,platform_wgs84,ok,,2500.0,,临时消纳场,2026-09-02
ec8cb737f3e57244,绍兴,sx_disposal,,,诸暨市,120.24552,29.65506,platform_wgs84,ok,,3000.0,,临时消纳场,2026-09-02
0dfd16e637381dfc,绍兴,sx_disposal,,,越城区,120.75804,30.14665,platform_wgs84,ok,,5000.0,,临时消纳场,2026-09-02
f35d26b0891811e6,绍兴,sx_disposal,,,上虞区,120.84929,30.02126,platform_wgs84,ok,,100000.0,,临时消纳场,2026-09-02
5dc2eff5efe8cfb7,绍兴,sx_disposal,,,新昌县,120.78802,29.49423,platform_wgs84,ok,,40000.0,,临时消纳场,2026-09-02
de8e1567f8aca652,绍兴,sx_disposal,,,诸暨市,120.33567,29.75147,platform_wgs84,ok,,7000.0,,临时消纳场,2026-09-02
4db8e3149381f344,绍兴,sx_disposal,,,诸暨市,120.28374,29.72078,platform_wgs84,ok,,4600.0,,临时消纳场,2026-09-02
d01ffc7eaa627fe8,绍兴,sx_disposal,,,嵊州市,120.87908,29.64451,platform_wgs84,ok,,70000.0,,临时消纳场,2026-09-02
a9d2f212597610f0,绍兴,sx_disposal,,,诸暨市,120.20872,29.77994,platform_wgs84,ok,,165968.0,,临时消纳场,2026-09-02
75107c32c110ae25,绍兴,sx_disposal,,,诸暨市,120.2556,29.77088,platform_wgs84,ok,,46337.0,,临时消纳场,2026-09-02
810c35e8a84b1ecc,绍兴,sx_disposal,,,越城区,120.59322,29.96299,platform_wgs84,ok,,18000.0,,临时消纳场,2026-09-02
dcc0955b91b6e0b8,绍兴,sx_disposal,,,越城区,120.58861,29.97482,platform_wgs84,ok,,18587.0,,临时消纳场,2026-09-02
e30e491b53fdc481,绍兴,sx_disposal,,,新昌县,120.95707,29.51616,platform_wgs84,ok,,50000.0,,临时消纳场,2026-09-02
77983b3fb086f732,绍兴,sx_disposal,,,新昌县,120.94815,29.53569,platform_wgs84,ok,,300000.0,,临时消纳场,2026-09-02
a500f558896ae16f,绍兴,sx_disposal,,,诸暨市,120.30955,29.72216,platform_wgs84,ok,,191376.8,,临时消纳场,2026-09-02
ae50a8df24d2b664,绍兴,sx_disposal,,,新昌县,120.80106,29.42947,platform_wgs84,ok,,15000.0,,临时消纳场,2026-09-02
58a5eacc756d4832,绍兴,sx_disposal,,,诸暨市,120.27016,29.7129,platform_wgs84,ok,,12000.0,,临时消纳场,2026-09-02
ef5c426cdcfd088a,绍兴,sx_disposal,,,柯桥区,120.37739,30.15196,platform_wgs84,ok,,24000.0,,临时消纳场,2026-09-02
40efabee984b4b36,绍兴,sx_disposal,,,越城区,120.62031,30.06307,platform_wgs84,ok,,134700.0,,临时消纳场,2026-09-02
7fd747214b49dd48,绍兴,sx_disposal,,,新昌县,120.98999,29.56125,platform_wgs84,ok,,200000.0,,临时消纳场,2026-09-02
7d22f9fae3a08176,绍兴,sx_disposal,,,越城区,120.76189,30.1365,platform_wgs84,ok,,45000.0,,临时消纳场,2026-09-02
fe35ca0dd06f6594,绍兴,sx_disposal,,,诸暨市,120.42053,29.84539,platform_wgs84,ok,,120000.0,,临时消纳场,2026-09-02
1130799e43425582,绍兴,sx_disposal,,,越城区,120.66758,30.07281,platform_wgs84,ok,,47500.0,,临时消纳场,2026-09-02
93a0b38f096d2102,绍兴,sx_disposal,,,柯桥区,120.7138,30.24272,platform_wgs84,ok,,70000.0,,临时消纳场,2026-09-02
57d209e8b2499ed9,绍兴,sx_disposal,,,越城区,120.51835,30.08161,platform_wgs84,ok,,78000.0,,临时消纳场,2026-09-02
83aa31061a9ecc40,绍兴,sx_disposal,,,上虞区,120.86924,30.18575,platform_wgs84,ok,,50000.0,,临时消纳场,2026-09-02
7297c273906bfb31,绍兴,sx_disposal,,,越城区,120.73942,30.21328,platform_wgs84,ok,,40000.0,,临时消纳场,2026-09-02
d9fbf9c07cea4368,绍兴,sx_disposal,,,诸暨市,120.21748,29.77898,platform_wgs84,ok,,62401.51,,临时消纳场,2026-09-02
542cdc098c922bdd,绍兴,sx_disposal,,,越城区,120.59627,30.12466,platform_wgs84,ok,,150000.0,,临时消纳场,2026-09-02
4c9c375037961ffb,绍兴,sx_disposal,,,诸暨市,120.23684,29.72212,platform_wgs84,ok,,2000.0,,临时消纳场,2026-09-02
a7690aa2333e1b09,绍兴,sx_disposal,,,柯桥区,120.55851,30.14635,platform_wgs84,ok,,274000.0,,临时消纳场,2026-09-02
569255cf1530c484,绍兴,sx_disposal,,,新昌县,120.94459,29.52031,platform_wgs84,ok,,2000.0,,临时消纳场,2026-09-02
184548e924b6c92c,绍兴,sx_disposal,,,柯桥区,120.49703,29.96719,platform_wgs84,ok,,80000.0,,临时消纳场,2026-09-02
fc579822c237ef6b,绍兴,sx_disposal,,,新昌县,120.86601,29.53585,platform_wgs84,ok,,30000.0,,临时消纳场,2026-09-02
8d32f27a497e2872,绍兴,sx_disposal,,,嵊州市,120.63311,29.48532,platform_wgs84,ok,,200000.0,,临时消纳场,2026-09-02
717ba1b0e5da2f1d,绍兴,sx_disposal,,,上虞区,120.88731,30.1114,platform_wgs84,ok,,100000.0,,临时消纳场,2026-09-02
73c31c8605add4c8,绍兴,sx_disposal,,,新昌县,120.89353,29.48589,platform_wgs84,ok,,30000.0,,临时消纳场,2026-09-02
4ed4ac4852c9ea78,绍兴,sx_disposal,,,嵊州市,120.70413,29.5214,platform_wgs84,ok,,600.0,,临时消纳场,2026-09-02
d96be5aba70d12ee,绍兴,sx_disposal,,,越城区,120.73807,30.21455,platform_wgs84,ok,,400000.0,,临时消纳场,2026-09-02
71e2b69ed4435618,绍兴,sx_disposal,,,嵊州市,120.86757,29.63877,platform_wgs84,ok,,20000.0,,临时消纳场,2026-09-02
e7c6d1704e16a7e3,绍兴,sx_disposal,,,新昌县,120.97132,29.47599,platform_wgs84,ok,,116667.0,,临时消纳场,2026-09-02
189b77e0acc35e04,绍兴,sx_disposal,,,越城区,120.5872,30.05384,platform_wgs84,ok,,2400.0,,临时消纳场,2026-09-02
142f3c057f025fe8,绍兴,sx_disposal,,,越城区,120.65621,29.98798,platform_wgs84,ok,,5279.0,,临时消纳场,2026-09-02
c51ca9b3020c9c3f,绍兴,sx_disposal,,,上虞区,120.84125,30.17904,platform_wgs84,ok,,46700.0,,临时消纳场,2026-09-02
1beb4198930b0966,绍兴,sx_disposal,,,嵊州市,120.82043,29.53925,platform_wgs84,ok,,400.0,,临时消纳场,2026-09-02
308a209b5dd7a406,绍兴,sx_disposal,,,越城区,120.54104,30.04011,platform_wgs84,ok,,50000.0,,临时消纳场,2026-09-02
a526a1a0eb0547e7,绍兴,sx_disposal,,,新昌县,121.03675,29.45115,platform_wgs84,ok,,32000.0,,临时消纳场,2026-09-02
72f88890f5d4f81d,绍兴,sx_disposal,,,上虞区,120.86483,30.02789,platform_wgs84,ok,,47400.0,,临时消纳场,2026-09-02
145d44e9e8e318fd,绍兴,sx_disposal,,,诸暨市,120.18022,29.62299,platform_wgs84,ok,,94736.0,,临时消纳场,2026-09-02
733f84843e1483f4,绍兴,sx_disposal,,,柯桥区,120.4816,29.93713,platform_wgs84,ok,,30000.0,,临时消纳场,2026-09-02
762dd9f1606db3ac,绍兴,sx_disposal,,,上虞区,120.83576,30.00934,platform_wgs84,ok,,17000.0,,临时消纳场,2026-09-02
91345bf66c7c10b8,绍兴,sx_disposal,,,越城区,120.60265,30.08697,platform_wgs84,ok,,11400.0,,临时消纳场,2026-09-02
3a22c938f745a6d4,绍兴,sx_disposal,,,诸暨市,120.27084,29.68703,platform_wgs84,ok,,30000.0,,临时消纳场,2026-09-02
0e3784d210789e16,绍兴,sx_disposal,,,嵊州市,120.74752,29.53882,platform_wgs84,ok,,2000.0,,临时消纳场,2026-09-02
a2d8ba109426fa16,绍兴,sx_disposal,,,诸暨市,120.38123,29.82296,platform_wgs84,ok,,20000.0,,临时消纳场,2026-09-02
2c343e501674df2e,绍兴,sx_disposal,,,诸暨市,120.28471,29.72018,platform_wgs84,ok,,10000.0,,临时消纳场,2026-09-02
b6a389e2014e5bec,绍兴,sx_disposal,,,嵊州市,120.85651,29.65303,platform_wgs84,ok,,60000.0,,临时消纳场,2026-09-02
a5602086589827b2,绍兴,sx_disposal,,,越城区,120.75672,30.20335,platform_wgs84,ok,,156527.0,,临时消纳场,2026-09-02
d2b45a065d6caf1a,绍兴,sx_disposal,,,新昌县,121.01003,29.44922,platform_wgs84,ok,,80000.0,,临时消纳场,2026-09-02
ad25e6c62443083b,绍兴,sx_disposal,,,诸暨市,120.24824,29.77445,platform_wgs84,ok,,7940.0,,临时消纳场,2026-09-02
f30bef1f0bdbec03,绍兴,sx_disposal,,,越城区,120.62409,30.05662,platform_wgs84,ok,,42000.0,,临时消纳场,2026-09-02
e4b94b60f8e46c46,绍兴,sx_disposal,,,诸暨市,120.20612,29.63858,platform_wgs84,ok,,6000.0,,临时消纳场,2026-09-02
09dce5435c43f8ff,绍兴,sx_disposal,,,嵊州市,120.83448,29.57261,platform_wgs84,ok,,20000.0,,临时消纳场,2026-09-02
a335ec72508eeac0,绍兴,sx_disposal,,,诸暨市,120.23222,29.76706,platform_wgs84,ok,,10000.0,,临时消纳场,2026-09-02
983530005bf67cdf,绍兴,sx_disposal,,,越城区,120.53525,30.06051,platform_wgs84,ok,,30000.0,,临时消纳场,2026-09-02
175881dc921dfab6,绍兴,sx_disposal,,,新昌县,120.91934,29.44849,platform_wgs84,ok,,80000.0,,临时消纳场,2026-09-02
00b5a3244efb8c6f,绍兴,sx_disposal,,,新昌县,120.96511,29.48481,platform_wgs84,ok,,150000.0,,临时消纳场,2026-09-02
ef8293cc47cd1111,绍兴,sx_disposal,,,新昌县,120.81806,29.48122,platform_wgs84,ok,,40000.0,,临时消纳场,2026-09-02
2ec196f4b794a5f1,绍兴,sx_disposal,,,诸暨市,120.21396,29.63064,platform_wgs84,ok,,12000.0,,临时消纳场,2026-09-02
9eb0d577f46b10be,绍兴,sx_disposal,,,诸暨市,120.25581,29.7645,platform_wgs84,ok,,2962.2,,临时消纳场,2026-09-02
80f1d84963262893,绍兴,sx_disposal,,,嵊州市,120.81027,29.60177,platform_wgs84,ok,,1000.0,,临时消纳场,2026-09-02
5b32e1641a1ca368,绍兴,sx_disposal,,,上虞区,120.80386,30.20008,platform_wgs84,ok,,115000.0,,临时消纳场,2026-09-02
c16c12dd613dadcd,绍兴,sx_disposal,,,上虞区,120.5788,29.99391,platform_wgs84,ok,,25000.0,,临时消纳场,2026-09-02
b86c70b4df35a1a7,绍兴,sx_disposal,,,嵊州市,120.81185,29.58326,platform_wgs84,ok,,1000.0,,临时消纳场,2026-09-02
5c944f2526c857bc,绍兴,sx_disposal,,,新昌县,120.92767,29.46367,platform_wgs84,ok,,15000.0,,临时消纳场,2026-09-02
070b7698fa06d83b,绍兴,sx_disposal,,,诸暨市,120.24111,29.66547,platform_wgs84,ok,,16542.0,,临时消纳场,2026-09-02
482c7198a3feda11,绍兴,sx_disposal,,,上虞区,120.79534,30.03375,platform_wgs84,ok,,45000.0,,临时消纳场,2026-09-02
034a62a1ac17d655,绍兴,sx_disposal,,,上虞区,120.77235,29.95395,platform_wgs84,ok,,10000.0,,临时消纳场,2026-09-02
21ac86df6eb3e662,绍兴,sx_disposal,,,越城区,120.65095,29.99222,platform_wgs84,ok,,50000.0,,临时消纳场,2026-09-02
40a147844dcb014d,绍兴,sx_disposal,,,嵊州市,120.82808,29.55999,platform_wgs84,ok,,50000.0,,临时消纳场,2026-09-02
77aad539b036ca08,绍兴,sx_disposal,,,新昌县,120.92192,29.49212,platform_wgs84,ok,,80000.0,,临时消纳场,2026-09-02
a07182fb32118fff,绍兴,sx_disposal,,,越城区,120.72607,30.133,platform_wgs84,ok,,100000.0,,临时消纳场,2026-09-02
3f2430a09c345dee,绍兴,sx_disposal,,,上虞区,120.84827,30.0521,platform_wgs84,ok,,65000.0,,临时消纳场,2026-09-02
d1741400ab3bae14,绍兴,sx_disposal,,,诸暨市,120.26319,29.64308,platform_wgs84,ok,,15613.0,,临时消纳场,2026-09-02
d9d99f221f056b45,绍兴,sx_disposal,,,上虞区,120.84346,30.01555,platform_wgs84,ok,,34000.0,,临时消纳场,2026-09-02
a393395cba927458,绍兴,sx_disposal,,,越城区,120.66877,29.98824,platform_wgs84,ok,,5592.5,,临时消纳场,2026-09-02
a9272c12cdd69147,绍兴,sx_disposal,,,诸暨市,120.25356,29.70262,platform_wgs84,ok,,8000.0,,临时消纳场,2026-09-02
6160eeb1f89c98b8,绍兴,sx_disposal,,,越城区,120.60102,29.93751,platform_wgs84,ok,,2000.0,,临时消纳场,2026-09-02
7048a480d70540d7,绍兴,sx_disposal,,,诸暨市,120.32488,29.9223,platform_wgs84,ok,,30000.0,,临时消纳场,2026-09-02
c215c236439ec0c1,绍兴,sx_disposal,,,嵊州市,120.79796,29.56134,platform_wgs84,ok,,800000.0,,临时消纳场,2026-09-02
2417e34f72719ab3,绍兴,sx_disposal,,,新昌县,120.93232,29.50666,platform_wgs84,ok,,20000.0,,临时消纳场,2026-09-02
e88885c40cbdef61,绍兴,sx_disposal,,,诸暨市,120.25098,29.67539,platform_wgs84,ok,,82000.0,,临时消纳场,2026-09-02
e6c73a3612c5251a,绍兴,sx_disposal,,,新昌县,120.82509,29.49962,platform_wgs84,ok,,15000.0,,临时消纳场,2026-09-02
7efaae4a9d547d92,绍兴,sx_disposal,,,新昌县,120.9326,29.51353,platform_wgs84,ok,,200000.0,,临时消纳场,2026-09-02
f090db7a8233c353,绍兴,sx_disposal,,,越城区,120.57423,30.04757,platform_wgs84,ok,,25000.0,,临时消纳场,2026-09-02
c30ea61a73bdf247,绍兴,sx_disposal,,,上虞区,120.88497,30.17079,platform_wgs84,ok,,24000.0,,临时消纳场,2026-09-02
26055c13da65e01a,绍兴,sx_disposal,,,上虞区,120.85329,30.19113,platform_wgs84,ok,,343683.0,,临时消纳场,2026-09-02
727241a078e2a348,绍兴,sx_disposal,,,柯桥区,120.69602,30.21061,platform_wgs84,ok,,1000.0,,临时消纳场,2026-09-02
7e1e76e9ad6f79d4,绍兴,sx_disposal,,,嵊州市,120.86766,29.56751,platform_wgs84,ok,,5000.0,,临时消纳场,2026-09-02
88466610d66eebae,绍兴,sx_disposal,,,新昌县,120.91311,29.47751,platform_wgs84,ok,,50000.0,,临时消纳场,2026-09-02
806ed3604e5ad477,绍兴,sx_disposal,,,新昌县,120.99062,29.48814,platform_wgs84,ok,,16000.0,,临时消纳场,2026-09-02
7b8e7383d6a38ef8,绍兴,sx_disposal,,,越城区,120.73951,30.17509,platform_wgs84,ok,,10000.0,,临时消纳场,2026-09-02
8dbd1f97146e1936,绍兴,sx_disposal,,,越城区,120.58663,30.06851,platform_wgs84,ok,,15000.0,,临时消纳场,2026-09-02
965e3824d00355ad,绍兴,sx_disposal,,,越城区,120.57877,30.04736,platform_wgs84,ok,,14885.0,,临时消纳场,2026-09-02
b73d5fdc6515c404,绍兴,sx_disposal,,,上虞区,120.87821,30.10918,platform_wgs84,ok,,95000.0,,临时消纳场,2026-09-02
1e3971b7e4c422a1,绍兴,sx_disposal,,,越城区,120.60981,30.03556,platform_wgs84,ok,,39205.0,,临时消纳场,2026-09-02
ab4480df671f9f0e,绍兴,sx_disposal,,,上虞区,120.8215,30.17848,platform_wgs84,ok,,20000.0,,临时消纳场,2026-09-02
e097a426a6051f5d,绍兴,sx_disposal,,,嵊州市,120.91773,29.56887,platform_wgs84,ok,,60000.0,,临时消纳场,2026-09-02
b09d39e633896ec7,绍兴,sx_disposal,,,新昌县,120.94059,29.46755,platform_wgs84,ok,,450000.0,,临时消纳场,2026-09-02
e9bbe9de262ccaf4,绍兴,sx_disposal,,,诸暨市,120.28715,29.62923,platform_wgs84,ok,,1800.0,,临时消纳场,2026-09-02
d3956b883190a3f2,绍兴,sx_disposal,,,柯桥区,120.69324,30.20825,platform_wgs84,ok,,50000.0,,临时消纳场,2026-09-02
2a95687ea54c37ec,绍兴,sx_disposal,,,嵊州市,120.84909,29.60625,platform_wgs84,ok,,900.0,,临时消纳场,2026-09-02
ec669f38c276fa55,绍兴,sx_disposal,,,柯桥区,120.39346,30.00142,platform_wgs84,ok,,8500.0,,临时消纳场,2026-09-02
f1973f653812521a,绍兴,sx_disposal,,,柯桥区,120.511,30.05888,platform_wgs84,ok,,2500.0,,临时消纳场,2026-09-02
1ad7075ad4a58562,绍兴,sx_disposal,,,诸暨市,120.21371,29.77805,platform_wgs84,ok,,36287.0,,临时消纳场,2026-09-02
fb1dcbdef29bbc2d,绍兴,sx_disposal,,,柯桥区,120.43818,30.07472,platform_wgs84,ok,,45000.0,,临时消纳场,2026-09-02
4fa9b59bf30cb398,绍兴,sx_disposal,,,诸暨市,120.19065,29.70761,platform_wgs84,ok,,30000.0,,临时消纳场,2026-09-02
5501dca74478afc1,绍兴,sx_disposal,,,诸暨市,120.24007,29.73932,platform_wgs84,ok,,12860.0,,临时消纳场,2026-09-02
e0c69cc0d476b1a0,绍兴,sx_disposal,,,诸暨市,120.26116,29.6933,platform_wgs84,ok,,31823.0,,临时消纳场,2026-09-02
f0aa260347f2c6ff,绍兴,sx_disposal,,,越城区,120.72767,30.14047,platform_wgs84,ok,,800000.0,,临时消纳场,2026-09-02
5c7a79b6215e1b39,绍兴,sx_disposal,,,越城区,120.72897,30.14082,platform_wgs84,ok,,134300.0,,临时消纳场,2026-09-02
0d6ba630216571b6,绍兴,sx_disposal,,,嵊州市,120.8543,29.57749,platform_wgs84,ok,,2000.0,,临时消纳场,2026-09-02
07fea7aaa37aa05e,绍兴,sx_disposal,,,诸暨市,120.21831,29.75796,platform_wgs84,ok,,5280.0,,临时消纳场,2026-09-02
3e0fef73cc87a206,绍兴,sx_disposal,,,嵊州市,120.70829,29.60198,platform_wgs84,ok,,50000.0,,临时消纳场,2026-09-02
29cb5434f39b1f76,绍兴,sx_disposal,,,新昌县,120.98452,29.48091,platform_wgs84,ok,,300000.0,,临时消纳场,2026-09-02
a470927a49522888,绍兴,sx_disposal,,,诸暨市,120.24341,29.77476,platform_wgs84,ok,,8000.0,,临时消纳场,2026-09-02
3dc5a7073dd0b92e,绍兴,sx_disposal,,,上虞区,120.85522,29.99841,platform_wgs84,ok,,20000.0,,临时消纳场,2026-09-02
51a87e3b1e36c0c6,绍兴,sx_disposal,,,新昌县,120.88509,29.51871,platform_wgs84,ok,,15000.0,,临时消纳场,2026-09-02
37ddbcb2fef90fef,绍兴,sx_disposal,,,越城区,120.62426,30.0519,platform_wgs84,ok,,29000.0,,临时消纳场,2026-09-02
8a939fc99288f538,绍兴,sx_disposal,,,越城区,120.52913,30.05959,platform_wgs84,ok,,17300.0,,临时消纳场,2026-09-02
62c3d48de6e7e237,绍兴,sx_disposal,,,嵊州市,120.64486,29.49581,platform_wgs84,ok,,600.0,,临时消纳场,2026-09-02
748c1b851703acb7,绍兴,sx_disposal,,,越城区,120.6237,29.98412,platform_wgs84,ok,,100000.0,,临时消纳场,2026-09-02
914adfe44f51afb5,绍兴,sx_disposal,,,上虞区,120.8405,30.02824,platform_wgs84,ok,,30000.0,,临时消纳场,2026-09-02
5e7430b1747c75c2,绍兴,sx_disposal,,,诸暨市,120.32957,29.73404,platform_wgs84,ok,,2000.0,,临时消纳场,2026-09-02
cc4d11aa7d3226b2,绍兴,sx_disposal,,,越城区,120.75824,30.16457,platform_wgs84,ok,,111252.7,,临时消纳场,2026-09-02
74968f2c1ea63d29,绍兴,sx_disposal,,,嵊州市,120.7734,29.59266,platform_wgs84,ok,,100000.0,,临时消纳场,2026-09-02
e518b394406fc44f,绍兴,sx_disposal,,,诸暨市,120.24778,29.76313,platform_wgs84,ok,,3000.0,,临时消纳场,2026-09-02
6b2ffde6b6980cd9,绍兴,sx_disposal,,,越城区,120.52868,30.05954,platform_wgs84,ok,,133803.0,,临时消纳场,2026-09-02
8dd4ccb14a34c128,绍兴,sx_disposal,,,越城区,120.54609,30.01874,platform_wgs84,ok,,25000.0,,临时消纳场,2026-09-02
33cd2a5baae0c211,绍兴,sx_disposal,,,越城区,120.73276,30.12384,platform_wgs84,ok,,48739.0,,临时消纳场,2026-09-02
8ef0baf49d2116e9,绍兴,sx_disposal,,,诸暨市,120.24743,29.70296,platform_wgs84,ok,,1000.0,,临时消纳场,2026-09-02
0fa9edb8967abef7,绍兴,sx_disposal,,,诸暨市,120.21933,29.62603,platform_wgs84,ok,,30000.0,,临时消纳场,2026-09-02
931111047bfeb384,绍兴,sx_disposal,,,诸暨市,120.29614,29.8675,platform_wgs84,ok,,163834.0,,临时消纳场,2026-09-02
b0b9393855dc51a5,绍兴,sx_disposal,,,诸暨市,120.24122,29.64202,platform_wgs84,ok,,10000.0,,临时消纳场,2026-09-02
39f632743681e216,绍兴,sx_disposal,,,诸暨市,120.27617,29.67778,platform_wgs84,ok,,50000.0,,临时消纳场,2026-09-02
e5dd022523444adf,绍兴,sx_disposal,,,柯桥区,120.45715,30.08187,platform_wgs84,ok,,20000.0,,临时消纳场,2026-09-02
e4555e6e5a872210,绍兴,sx_disposal,,,诸暨市,120.0191,29.67711,platform_wgs84,ok,,2770.0,,临时消纳场,2026-09-02
5c493c5a8630253d,绍兴,sx_disposal,,,诸暨市,120.27302,29.67885,platform_wgs84,ok,,3000.0,,临时消纳场,2026-09-02
15c977b9bcedc5b1,绍兴,sx_disposal,,,诸暨市,120.30492,29.84182,platform_wgs84,ok,,30000.0,,临时消纳场,2026-09-02
aadb0ec32fd671b9,绍兴,sx_disposal,,,越城区,120.56594,30.01832,platform_wgs84,ok,,2000.0,,临时消纳场,2026-09-02
8a9eea5291730625,绍兴,sx_disposal,,,上虞区,120.59128,29.99874,platform_wgs84,ok,,,,临时消纳场,2026-09-02
c20d69d11c28eb21,绍兴,sx_disposal,,,柯桥区,120.51271,30.13622,platform_wgs84,ok,,10000.0,,临时消纳场,2026-09-02
13dc6d98199e837f,绍兴,sx_disposal,,,诸暨市,120.1039,29.67539,platform_wgs84,ok,,5000.0,,临时消纳场,2026-09-02
4601321a3aa93b2c,绍兴,sx_disposal,,,新昌县,120.92431,29.53999,platform_wgs84,ok,,100000.0,,临时消纳场,2026-09-02
6999eaa3c3888948,绍兴,sx_disposal,,,新昌县,120.9029,29.52884,platform_wgs84,ok,,40000.0,,临时消纳场,2026-09-02
57cebd3c841ef4e5,绍兴,sx_disposal,,,越城区,120.73906,30.21216,platform_wgs84,ok,,10000.0,,临时消纳场,2026-09-02
30cedcb8107b16e1,绍兴,sx_disposal,,,诸暨市,120.24602,29.77465,platform_wgs84,ok,,290000.0,,临时消纳场,2026-09-02
807cfc6d3a9d546e,绍兴,sx_disposal,,,上虞区,120.58136,29.99597,platform_wgs84,ok,,170000.0,,临时消纳场,2026-09-02
45ccc19970ecb1b0,绍兴,sx_disposal,,,越城区,120.66229,29.99608,platform_wgs84,ok,,13560.0,,临时消纳场,2026-09-02
6ac782e664fb80cc,绍兴,sx_disposal,,,柯桥区,120.41918,30.12527,platform_wgs84,ok,,35000.0,,临时消纳场,2026-09-02
215b9ac85dc01297,绍兴,sx_disposal,,,越城区,120.59341,30.04657,platform_wgs84,ok,,50000.0,,临时消纳场,2026-09-02
4fc426f26fc7a872,绍兴,sx_disposal,,,柯桥区,120.50356,30.02448,platform_wgs84,ok,,121000.0,,临时消纳场,2026-09-02
b79153dfdfe07852,绍兴,sx_disposal,,,越城区,120.67298,30.13045,platform_wgs84,ok,,29198.8,,临时消纳场,2026-09-02
4b7ab315c08d401d,绍兴,sx_disposal,,,柯桥区,120.34858,30.13052,platform_wgs84,ok,,80000.0,,临时消纳场,2026-09-02
86a2531d73aecd30,绍兴,sx_disposal,,,新昌县,120.94123,29.36189,platform_wgs84,ok,,437400.0,,临时消纳场,2026-09-02
0548be28bb85cf6d,绍兴,sx_disposal,,,上虞区,120.85327,30.1775,platform_wgs84,ok,,72936.0,,临时消纳场,2026-09-02
87e51fda25d22cc0,绍兴,sx_disposal,,,新昌县,120.98958,29.47248,platform_wgs84,ok,,100000.0,,临时消纳场,2026-09-02
a55b27fee650f12d,绍兴,sx_disposal,,,滨海新区,120.74109,30.18956,platform_wgs84,ok,,450000.0,,临时消纳场,2026-09-02
98fdebc3f8e436c6,绍兴,sx_disposal,,,嵊州市,120.85064,29.62012,platform_wgs84,ok,,30000.0,,临时消纳场,2026-09-02
7321669d658d0631,绍兴,sx_disposal,,,上虞区,120.86764,30.16433,platform_wgs84,ok,,10000.0,,临时消纳场,2026-09-02
8b2fabe972ca55fe,绍兴,sx_disposal,,,越城区,120.55096,29.90398,platform_wgs84,ok,,80000.0,,临时消纳场,2026-09-02
882dbb68005fafc2,绍兴,sx_disposal,,,上虞区,120.84635,30.18494,platform_wgs84,ok,,48000.0,,临时消纳场,2026-09-02
08f443df6332f8c7,绍兴,sx_disposal,,,越城区,120.73612,30.14591,platform_wgs84,ok,,22.6,,临时消纳场,2026-09-02
084521d5c3cb7e70,绍兴,sx_disposal,,,越城区,120.55998,30.00061,platform_wgs84,ok,,260861.0,,临时消纳场,2026-09-02
6ced2f97887293d0,绍兴,sx_disposal,,,诸暨市,120.2543,29.75223,platform_wgs84,ok,,3850.0,,临时消纳场,2026-09-02
18c350bae64d6fd6,绍兴,sx_disposal,,,越城区,120.70526,30.13654,platform_wgs84,ok,,41275.0,,临时消纳场,2026-09-02
d07496434a6dd3c6,绍兴,sx_disposal,,,柯桥区,120.61242,29.90986,platform_wgs84,ok,,16000.0,,临时消纳场,2026-09-02
cc26f364b1ec08a7,绍兴,sx_disposal,,,嵊州市,120.8484,29.58432,platform_wgs84,ok,,50000.0,,临时消纳场,2026-09-02
5a44e001a594ae44,绍兴,sx_disposal,,,上虞区,120.89262,30.10864,platform_wgs84,ok,,115000.0,,临时消纳场,2026-09-02
42187a3209f9df6c,绍兴,sx_disposal,,,诸暨市,120.26963,29.71513,platform_wgs84,ok,,20000.0,,临时消纳场,2026-09-02
cf585570507e476b,绍兴,sx_disposal,,,越城区,120.68211,30.10484,platform_wgs84,ok,,11000.0,,临时消纳场,2026-09-02
3f42a8b256a09280,绍兴,sx_disposal,,,越城区,120.74451,30.11302,platform_wgs84,ok,,153117.0,,临时消纳场,2026-09-02
66908e9e14931820,绍兴,sx_disposal,,,柯桥区,120.33809,30.14294,platform_wgs84,ok,,40000.0,,临时消纳场,2026-09-02
ca0ec121d2c993b3,绍兴,sx_disposal,,,新昌县,120.98473,29.54016,platform_wgs84,ok,,200000.0,,临时消纳场,2026-09-02
111557a4ac2b4bbd,绍兴,sx_disposal,,,诸暨市,120.20863,29.73118,platform_wgs84,ok,,2495.0,,临时消纳场,2026-09-02
e03a0bad8eb198fe,绍兴,sx_disposal,,,新昌县,120.81087,29.4977,platform_wgs84,ok,,3000000.0,,临时消纳场,2026-09-02
7ee24cd1017a8d16,绍兴,sx_disposal,,,越城区,120.7488,30.145,platform_wgs84,ok,,3000.0,,临时消纳场,2026-09-02
52e1e96f78b04e1b,绍兴,sx_disposal,,,诸暨市,120.26172,29.73205,platform_wgs84,ok,,55250.0,,临时消纳场,2026-09-02
fcc8e6b2c147047c,绍兴,sx_disposal,,,嵊州市,120.88365,29.62583,platform_wgs84,ok,,100000.0,,临时消纳场,2026-09-02
718bfa8f5cbb2c11,绍兴,sx_disposal,,,柯桥区,120.58644,29.78714,platform_wgs84,ok,,60000.0,,临时消纳场,2026-09-02
06ed89dd47ab24ec,绍兴,sx_disposal,,,嵊州市,120.84339,29.55839,platform_wgs84,ok,,7000.0,,临时消纳场,2026-09-02
12b2f87b91ff5839,绍兴,sx_disposal,,,越城区,120.72874,30.13926,platform_wgs84,ok,,208800.0,,临时消纳场,2026-09-02
0123abe09a3a53c9,绍兴,sx_disposal,,,新昌县,120.78041,29.46904,platform_wgs84,ok,,15000.0,,临时消纳场,2026-09-02
8bdac4d6c1bde7c9,绍兴,sx_disposal,,,诸暨市,120.24997,29.8015,platform_wgs84,ok,,163895.0,,临时消纳场,2026-09-02
93626a2550001b24,绍兴,sx_disposal,,,诸暨市,120.23619,29.70558,platform_wgs84,ok,,1000.0,,临时消纳场,2026-09-02
0555da4460070c24,绍兴,sx_disposal,,,越城区,120.57137,29.96839,platform_wgs84,ok,,25000.0,,临时消纳场,2026-09-02
660aa12ae40369f3,绍兴,sx_disposal,,,上虞区,120.79717,30.15285,platform_wgs84,ok,,1000000.0,,临时消纳场,2026-09-02
beec6a834535ad42,绍兴,sx_disposal,,,新昌县,120.91195,29.47366,platform_wgs84,ok,,20000.0,,临时消纳场,2026-09-02
9c52251f99b48af5,绍兴,sx_disposal,,,嵊州市,120.85103,29.61783,platform_wgs84,ok,,30000.0,,临时消纳场,2026-09-02
ea11000e8dc0c610,绍兴,sx_disposal,,,越城区,120.57813,30.01332,platform_wgs84,ok,,20000.0,,临时消纳场,2026-09-02
131c2471e9a2754c,绍兴,sx_disposal,,,诸暨市,120.21103,29.72851,platform_wgs84,ok,,20000.0,,临时消纳场,2026-09-02
104ac3ee71c17f5f,绍兴,sx_disposal,,,新昌县,120.78859,29.46764,platform_wgs84,ok,,80000.0,,临时消纳场,2026-09-02
5f387a5774009417,绍兴,sx_disposal,,,新昌县,120.86196,29.51073,platform_wgs84,ok,,180000.0,,临时消纳场,2026-09-02
3e17833fbb38b933,绍兴,sx_disposal,,,诸暨市,120.27898,29.68443,platform_wgs84,ok,,46872.0,,临时消纳场,2026-09-02
50d36b009672b486,绍兴,sx_disposal,,,越城区,120.73727,30.16552,platform_wgs84,ok,,47300.0,,临时消纳场,2026-09-02
a7006c22674d2d3d,绍兴,sx_disposal,,,诸暨市,120.25806,29.73181,platform_wgs84,ok,,30000.0,,临时消纳场,2026-09-02
ca327acefbd2a9a5,绍兴,sx_disposal,,,柯桥区,120.61161,29.90811,platform_wgs84,ok,,200000.0,,临时消纳场,2026-09-02
c5f3aeb67924ec1d,绍兴,sx_disposal,,,柯桥区,120.44567,29.94558,platform_wgs84,ok,,22000.0,,临时消纳场,2026-09-02
39f4429cbd1fa5fd,绍兴,sx_disposal,,,嵊州市,120.81841,29.58331,platform_wgs84,ok,,10000.0,,临时消纳场,2026-09-02
850b4ab4ccde53cf,绍兴,sx_disposal,,,诸暨市,120.21272,29.7546,platform_wgs84,ok,,500.0,,临时消纳场,2026-09-02
a8d2217c934792a5,绍兴,sx_disposal,,,越城区,120.58595,30.04758,platform_wgs84,ok,,95000.0,,临时消纳场,2026-09-02
0459f40d17ce0029,绍兴,sx_disposal,,,越城区,120.73545,30.17344,platform_wgs84,ok,,32992.0,,临时消纳场,2026-09-02
475b663f3e5d2a10,绍兴,sx_disposal,,,新昌县,120.90312,29.52752,platform_wgs84,ok,,110000.0,,临时消纳场,2026-09-02
ff21d7e4921b2c04,绍兴,sx_disposal,,,新昌县,120.98249,29.48043,platform_wgs84,ok,,90000.0,,临时消纳场,2026-09-02
057afd6495e744e7,绍兴,sx_disposal,,,柯桥区,120.61949,29.89713,platform_wgs84,ok,,94000.0,,临时消纳场,2026-09-02
338f2f2e80462eea,绍兴,sx_disposal,,,嵊州市,120.70537,29.55588,platform_wgs84,ok,,5000.0,,临时消纳场,2026-09-02
0f8b415c824062c8,绍兴,sx_disposal,,,越城区,120.71615,30.12958,platform_wgs84,ok,,63547.0,,临时消纳场,2026-09-02
0940107ef377bb78,绍兴,sx_disposal,,,上虞区,120.80868,30.18528,platform_wgs84,ok,,49300.0,,临时消纳场,2026-09-02
dafc889ff5839844,绍兴,sx_disposal,,,上虞区,120.91513,30.06466,platform_wgs84,ok,,50000.0,,临时消纳场,2026-09-02
f726fca9a9d487d1,绍兴,sx_disposal,,,诸暨市,120.24778,29.67975,platform_wgs84,ok,,31682.4,,临时消纳场,2026-09-02
9794d94f4d65cdd7,绍兴,sx_disposal,,,越城区,120.56704,30.05745,platform_wgs84,ok,,131072.0,,临时消纳场,2026-09-02
95c3826b7998a747,绍兴,sx_disposal,,,诸暨市,120.35361,29.74637,platform_wgs84,ok,,10000.0,,临时消纳场,2026-09-02
d204157444139d47,绍兴,sx_disposal,,,上虞区,120.87605,30.04734,platform_wgs84,ok,,40000.0,,临时消纳场,2026-09-02
7156a65eb0a86d30,绍兴,sx_disposal,,,诸暨市,120.22763,29.74409,platform_wgs84,ok,,79600.0,,临时消纳场,2026-09-02
dfa7e31ffe4b6147,绍兴,sx_disposal,,,柯桥区,120.36195,30.14203,platform_wgs84,ok,,50000.0,,临时消纳场,2026-09-02
e0ba8698d245bff6,绍兴,sx_disposal,,,诸暨市,120.24778,29.67083,platform_wgs84,ok,,36000.0,,临时消纳场,2026-09-02
09489426d3ab1390,绍兴,sx_disposal,,,诸暨市,120.2538,29.75366,platform_wgs84,ok,,24200.0,,临时消纳场,2026-09-02
d07174150eeef914,绍兴,sx_disposal,,,新昌县,120.99401,29.48567,platform_wgs84,ok,,3000000.0,,临时消纳场,2026-09-02
435f4a9b6e395902,绍兴,sx_disposal,,,新昌县,120.87196,29.50002,platform_wgs84,ok,,70000.0,,临时消纳场,2026-09-02
4be7f819b79bdca0,绍兴,sx_disposal,,,诸暨市,120.20606,29.65796,platform_wgs84,ok,,23261.1,,临时消纳场,2026-09-02
d36560c035656304,绍兴,sx_disposal,,,诸暨市,120.19134,29.64978,platform_wgs84,ok,,6000.0,,临时消纳场,2026-09-02
36c2b10725366e46,绍兴,sx_disposal,,,嵊州市,120.83162,29.56641,platform_wgs84,ok,,20000.0,,临时消纳场,2026-09-02
00cc3c7fa3f1e0c0,绍兴,sx_disposal,,,诸暨市,120.27371,29.69846,platform_wgs84,ok,,20000.0,,临时消纳场,2026-09-02
802af9979804e222,绍兴,sx_disposal,,,新昌县,120.89457,29.41892,platform_wgs84,ok,,30000.0,,临时消纳场,2026-09-02
b0d4dec99e944ce9,绍兴,sx_disposal,,,新昌县,120.99499,29.53153,platform_wgs84,ok,,300000.0,,临时消纳场,2026-09-02
c8c7d4a780b602a0,绍兴,sx_disposal,,,新昌县,120.98367,29.47808,platform_wgs84,ok,,5000.0,,临时消纳场,2026-09-02
da7eb1e36840881b,绍兴,sx_disposal,,,新昌县,121.03032,29.44991,platform_wgs84,ok,,5000.0,,临时消纳场,2026-09-02
4847a9ee79af9901,绍兴,sx_disposal,,,诸暨市,120.2705,29.7078,platform_wgs84,ok,,2800.0,,临时消纳场,2026-09-02
0248b9fcb4644ea3,绍兴,sx_disposal,,,诸暨市,120.28115,29.75901,platform_wgs84,ok,,180000.0,,临时消纳场,2026-09-02
744332a4d715d599,绍兴,sx_disposal,,,上虞区,120.73468,29.94738,platform_wgs84,ok,,10000.0,,临时消纳场,2026-09-02
ef4f1a84da846a56,绍兴,sx_disposal,,,诸暨市,120.26891,29.7678,platform_wgs84,ok,,2000.0,,临时消纳场,2026-09-02
d02e2255477dd468,绍兴,sx_disposal,,,新昌县,120.89033,29.51959,platform_wgs84,ok,,5000.0,,临时消纳场,2026-09-02
62593bb3d1771bbe,绍兴,sx_disposal,,,诸暨市,120.34431,29.69558,platform_wgs84,ok,,10000.0,,临时消纳场,2026-09-02
3b76799e655eedaa,绍兴,sx_disposal,,,嵊州市,120.82223,29.62327,platform_wgs84,ok,,1500.0,,临时消纳场,2026-09-02
93e49294a20fe645,绍兴,sx_disposal,,,上虞区,120.86486,30.16889,platform_wgs84,ok,,15000.0,,临时消纳场,2026-09-02
53ed652b6a31c4dc,绍兴,sx_disposal,,,诸暨市,120.25079,29.67198,platform_wgs84,ok,,7500.0,,临时消纳场,2026-09-02
77c9769aa28fe7f4,绍兴,sx_disposal,,,柯桥区,120.36678,30.15071,platform_wgs84,ok,,50000.0,,临时消纳场,2026-09-02
c3070afc671c4c80,绍兴,sx_disposal,,,新昌县,120.99606,29.50255,platform_wgs84,ok,,30000.0,,临时消纳场,2026-09-02
819285d29c15239f,绍兴,sx_disposal,,,越城区,120.72796,30.16006,platform_wgs84,ok,,29009.0,,临时消纳场,2026-09-02
5e534dfdf39aa692,绍兴,sx_disposal,,,越城区,120.58684,30.06932,platform_wgs84,ok,,2000.0,,临时消纳场,2026-09-02
b88a987ed7e5cc6f,绍兴,sx_disposal,,,越城区,120.62031,30.05977,platform_wgs84,ok,,35000.0,,临时消纳场,2026-09-02
a6d6355624a6c654,绍兴,sx_disposal,,,诸暨市,120.2494,29.77222,platform_wgs84,ok,,30000.0,,临时消纳场,2026-09-02
a7f0a75fa482b22a,绍兴,sx_disposal,,,诸暨市,120.28771,29.74584,platform_wgs84,ok,,15000.0,,临时消纳场,2026-09-02
069a12b891c53e67,绍兴,sx_disposal,,,越城区,120.76641,30.12843,platform_wgs84,ok,,25000.0,,临时消纳场,2026-09-02
406fc0c30d64784c,绍兴,sx_disposal,,,嵊州市,120.59587,29.43281,platform_wgs84,ok,,15000.0,,临时消纳场,2026-09-02
01cbe879bde9f89f,绍兴,sx_disposal,,,越城区,120.73451,30.14789,platform_wgs84,ok,,45651.8,,临时消纳场,2026-09-02
aa7de3afb142e448,绍兴,sx_disposal,,,诸暨市,120.25144,29.74464,platform_wgs84,ok,,3000.0,,临时消纳场,2026-09-02
51a2dc65b43f3566,绍兴,sx_disposal,,,越城区,120.61744,29.97728,platform_wgs84,ok,,85000.0,,临时消纳场,2026-09-02
18e0d4df354e51de,绍兴,sx_disposal,,,诸暨市,120.23242,29.71367,platform_wgs84,ok,,30000.0,,临时消纳场,2026-09-02
365b9f1770202ee0,绍兴,sx_disposal,,,越城区,120.56766,30.04764,platform_wgs84,ok,,30000.0,,临时消纳场,2026-09-02
c575a597e974281a,绍兴,sx_disposal,,,越城区,120.54728,30.04222,platform_wgs84,ok,,40000.0,,临时消纳场,2026-09-02
1f0c4e76f4e26bdb,绍兴,sx_disposal,,,新昌县,120.82741,29.46131,platform_wgs84,ok,,80000.0,,临时消纳场,2026-09-02
bd0fe302e0774f42,绍兴,sx_disposal,,,新昌县,120.80173,29.48829,platform_wgs84,ok,,33000.0,,临时消纳场,2026-09-02
63c2c737156e0e11,绍兴,sx_disposal,,,越城区,120.55956,30.03234,platform_wgs84,ok,,70000.0,,临时消纳场,2026-09-02
6ee74455fb79045e,绍兴,sx_disposal,,,诸暨市,120.21007,29.77246,platform_wgs84,ok,,50000.0,,临时消纳场,2026-09-02
baf810bad1945f12,绍兴,sx_disposal,,,越城区,120.62047,30.05929,platform_wgs84,ok,,35000.0,,临时消纳场,2026-09-02
92e105eec8b74bed,绍兴,sx_disposal,,,上虞区,120.88244,30.1961,platform_wgs84,ok,,17000.0,,临时消纳场,2026-09-02
86c116d0e80f093a,绍兴,sx_disposal,,,越城区,120.60787,30.0354,platform_wgs84,ok,,11000.0,,临时消纳场,2026-09-02
f9711cb6b046e831,绍兴,sx_disposal,,,新昌县,120.89172,29.48834,platform_wgs84,ok,,150000.0,,临时消纳场,2026-09-02
86789037b2059b20,绍兴,sx_disposal,,,诸暨市,120.24664,29.68774,platform_wgs84,ok,,60000.0,,临时消纳场,2026-09-02
94090908f469c38c,绍兴,sx_disposal,,,诸暨市,120.23877,29.67623,platform_wgs84,ok,,2000.0,,临时消纳场,2026-09-02
c0a1a0d5f05cdab5,绍兴,sx_disposal,,,上虞区,120.77753,30.18539,platform_wgs84,ok,,574800.0,,临时消纳场,2026-09-02
cc51ee1e90762e85,绍兴,sx_disposal,,,新昌县,120.92819,29.52323,platform_wgs84,ok,,15000.0,,临时消纳场,2026-09-02
bacf9ead93f51763,绍兴,sx_disposal,,,新昌县,120.96628,29.50525,platform_wgs84,ok,,10000.0,,临时消纳场,2026-09-02
9fbb4fe3fff1228f,绍兴,sx_disposal,,,柯桥区,120.44057,30.07381,platform_wgs84,ok,,40000.0,,临时消纳场,2026-09-02
38f10111dc25022f,绍兴,sx_disposal,,,上虞区,120.81754,30.17834,platform_wgs84,ok,,22093.0,,临时消纳场,2026-09-02
c2567585171f4046,绍兴,sx_disposal,,,诸暨市,120.18772,29.76744,platform_wgs84,ok,,21315.6,,临时消纳场,2026-09-02
99773a6cc2018c62,绍兴,sx_disposal,,,嵊州市,120.85854,29.63628,platform_wgs84,ok,,5000.0,,临时消纳场,2026-09-02
6ff1a53963b6c8ee,绍兴,sx_disposal,,,上虞区,120.85291,30.18699,platform_wgs84,ok,,112000.0,,临时消纳场,2026-09-02
8dd8f888b0c6080f,绍兴,sx_disposal,,,诸暨市,120.18607,29.77273,platform_wgs84,ok,,35000.0,,临时消纳场,2026-09-02
c5ad88ad450e2b90,绍兴,sx_disposal,,,嵊州市,120.85386,29.60435,platform_wgs84,ok,,60000.0,,临时消纳场,2026-09-02
86017be0c171fe41,绍兴,sx_disposal,,,越城区,120.75609,30.11722,platform_wgs84,ok,,12666.7,,临时消纳场,2026-09-02
52c7b21335788340,绍兴,sx_disposal,,,嵊州市,120.81928,29.53912,platform_wgs84,ok,,20000.0,,临时消纳场,2026-09-02
f8682ae4702d3deb,绍兴,sx_disposal,,,上虞区,120.85029,30.01931,platform_wgs84,ok,,10000.0,,临时消纳场,2026-09-02
fe7af9a53b9aa1b5,绍兴,sx_disposal,,,诸暨市,120.28097,29.67277,platform_wgs84,ok,,37529.0,,临时消纳场,2026-09-02
6325583193ef9612,绍兴,sx_disposal,,,新昌县,120.96751,29.54281,platform_wgs84,ok,,100000.0,,临时消纳场,2026-09-02
c7c438ebe8231e14,绍兴,sx_disposal,,,越城区,120.55012,30.10263,platform_wgs84,ok,,1000.0,,临时消纳场,2026-09-02
b27273d66946d004,绍兴,sx_disposal,,,新昌县,120.95378,29.54294,platform_wgs84,ok,,10000.0,,临时消纳场,2026-09-02
17e1c5e1c5e2b9b2,绍兴,sx_disposal,,,越城区,120.6819,30.13841,platform_wgs84,ok,,18849.0,,临时消纳场,2026-09-02
9c0ae09d36ce5513,绍兴,sx_disposal,,,诸暨市,120.22735,29.7683,platform_wgs84,ok,,25000.0,,临时消纳场,2026-09-02
ab3356313063ccb9,绍兴,sx_disposal,,,诸暨市,120.2429,29.7665,platform_wgs84,ok,,10529.0,,临时消纳场,2026-09-02
d07af85d68612e23,绍兴,sx_disposal,,,新昌县,120.96299,29.52049,platform_wgs84,ok,,30000.0,,临时消纳场,2026-09-02
999670e936b23460,绍兴,sx_disposal,,,柯桥区,120.52229,30.08944,platform_wgs84,ok,,345769.0,,临时消纳场,2026-09-02
28ca7e97f4daa18d,绍兴,sx_disposal,,,嵊州市,120.74132,29.53064,platform_wgs84,ok,,114600.0,,临时消纳场,2026-09-02
e307418a81e45c2e,绍兴,sx_disposal,,,诸暨市,120.25388,29.66526,platform_wgs84,ok,,10000.0,,临时消纳场,2026-09-02
538a9150075c3f7f,绍兴,sx_disposal,,,上虞区,120.97935,29.95009,platform_wgs84,ok,,15000.0,,临时消纳场,2026-09-02
e5cf1c0171676a98,绍兴,sx_disposal,,,上虞区,120.8173,30.01129,platform_wgs84,ok,,40000.0,,临时消纳场,2026-09-02
a3973ec77ac683e1,绍兴,sx_disposal,,,上虞区,120.58611,29.99628,platform_wgs84,ok,,20000.0,,临时消纳场,2026-09-02
de6cadea204eb945,绍兴,sx_disposal,,,柯桥区,120.62941,30.16565,platform_wgs84,ok,,130000.0,,临时消纳场,2026-09-02
659ff8d477d1ec6e,绍兴,sx_disposal,,,嵊州市,120.79069,29.62986,platform_wgs84,ok,,80000.0,,临时消纳场,2026-09-02
21d4fd2709a37b86,绍兴,sx_disposal,,,新昌县,120.86789,29.51175,platform_wgs84,ok,,30000.0,,临时消纳场,2026-09-02
2c5748eb16edfdf7,绍兴,sx_disposal,,,嵊州市,120.86856,29.579,platform_wgs84,ok,,30000.0,,临时消纳场,2026-09-02
3619cc584b7a02a1,绍兴,sx_disposal,,,诸暨市,120.25015,29.80579,platform_wgs84,ok,,50000.0,,临时消纳场,2026-09-02
86d4955eecf5134e,绍兴,sx_disposal,,,新昌县,120.9639,29.52363,platform_wgs84,ok,,50000.0,,临时消纳场,2026-09-02
98cd85800d94295c,绍兴,sx_disposal,,,新昌县,120.79582,29.44758,platform_wgs84,ok,,38657.0,,临时消纳场,2026-09-02
a821a6265fa8e15c,绍兴,sx_disposal,,,上虞区,120.85173,30.16089,platform_wgs84,ok,,55000.0,,临时消纳场,2026-09-02
8e53eef125c1b371,绍兴,sx_disposal,,,越城区,120.61927,30.03997,platform_wgs84,ok,,2500.0,,临时消纳场,2026-09-02
a1d75e1cc77557ae,绍兴,sx_disposal,,,诸暨市,120.21021,29.7803,platform_wgs84,ok,,40000.0,,临时消纳场,2026-09-02
43f95a935bd18cd1,绍兴,sx_disposal,,,上虞区,120.83742,30.00715,platform_wgs84,ok,,10500.0,,临时消纳场,2026-09-02
0bea3b5c7bed3efc,绍兴,sx_disposal,,,柯桥区,120.3191,30.12745,platform_wgs84,ok,,17000.0,,临时消纳场,2026-09-02
59c1a19e63434a23,绍兴,sx_disposal,,,越城区,120.52826,30.05951,platform_wgs84,ok,,63000.0,,临时消纳场,2026-09-02
186f874a1efda57c,绍兴,sx_disposal,,,嵊州市,120.77595,29.52137,platform_wgs84,ok,,8000.0,,临时消纳场,2026-09-02
ebbfd547635c3196,绍兴,sx_disposal,,,诸暨市,120.24065,29.75678,platform_wgs84,ok,,73858.1,,临时消纳场,2026-09-02
23222e5eccd5218a,绍兴,sx_disposal,,,新昌县,120.87381,29.50012,platform_wgs84,ok,,100000.0,,临时消纳场,2026-09-02
60789ae1bcfc56f6,绍兴,sx_disposal,,,新昌县,120.93372,29.48021,platform_wgs84,ok,,30000.0,,临时消纳场,2026-09-02
8488ab43ab31360a,绍兴,sx_disposal,,,上虞区,120.87172,30.18661,platform_wgs84,ok,,34000.0,,临时消纳场,2026-09-02
d64ad1ebbd0302da,绍兴,sx_disposal,,,嵊州市,120.75324,29.54388,platform_wgs84,ok,,10000.0,,临时消纳场,2026-09-02
fb3b90d1ec353f5c,绍兴,sx_disposal,,,上虞区,120.81114,30.03408,platform_wgs84,ok,,180000.0,,临时消纳场,2026-09-02
54d677a1026f75f2,绍兴,sx_disposal,,,越城区,120.56568,30.03466,platform_wgs84,ok,,160000.0,,临时消纳场,2026-09-02
6137b4b430dcfe47,绍兴,sx_disposal,,,越城区,120.65733,30.03984,platform_wgs84,ok,,48000.0,,临时消纳场,2026-09-02
6b0ece67fe01f0ce,绍兴,sx_disposal,,,诸暨市,120.24479,29.76148,platform_wgs84,ok,,21001.7,,临时消纳场,2026-09-02
4bf416d64a58044d,绍兴,sx_disposal,,,诸暨市,120.23943,29.67728,platform_wgs84,ok,,2500.0,,临时消纳场,2026-09-02
87dedd57075330b0,绍兴,sx_disposal,,,柯桥区,120.39376,30.10413,platform_wgs84,ok,,45000.0,,临时消纳场,2026-09-02
a98bf2ad5b423fb2,绍兴,sx_disposal,,,嵊州市,120.74378,29.534,platform_wgs84,ok,,100000.0,,临时消纳场,2026-09-02
b17a44f725e6ff2b,绍兴,sx_disposal,,,新昌县,120.94616,29.53164,platform_wgs84,ok,,100000.0,,临时消纳场,2026-09-02
6d696e863298ac78,绍兴,sx_disposal,,,越城区,120.61318,30.04269,platform_wgs84,ok,,2000.0,,临时消纳场,2026-09-02
d633aac593d7ef0f,绍兴,sx_disposal,,,新昌县,120.82116,29.47671,platform_wgs84,ok,,35000.0,,临时消纳场,2026-09-02
20bca27c202f9f25,绍兴,sx_disposal,,,嵊州市,120.77645,29.52262,platform_wgs84,ok,,1000.0,,临时消纳场,2026-09-02
30b408398a68c51e,绍兴,sx_disposal,,,诸暨市,120.28174,29.70936,platform_wgs84,ok,,37919.0,,临时消纳场,2026-09-02
96cf69fa82b37619,绍兴,sx_disposal,,,越城区,120.55981,30.0412,platform_wgs84,ok,,18360.0,,临时消纳场,2026-09-02
2b32dd48c72b2147,绍兴,sx_disposal,,,柯桥区,120.45546,30.06742,platform_wgs84,ok,,150000.0,,临时消纳场,2026-09-02
0f53d0e3dd1963df,绍兴,sx_disposal,,,越城区,120.66336,30.1187,platform_wgs84,ok,,31000.0,,临时消纳场,2026-09-02
19de6803706947ca,绍兴,sx_disposal,,,上虞区,120.93599,30.06172,platform_wgs84,ok,,35000.0,,临时消纳场,2026-09-02
0204dc1daf9d8c85,绍兴,sx_disposal,,,诸暨市,120.18516,29.72927,platform_wgs84,ok,,44481.67,,临时消纳场,2026-09-02
d337db7986303891,绍兴,sx_disposal,,,越城区,120.52532,30.04183,platform_wgs84,ok,,7300.0,,临时消纳场,2026-09-02
fefa69e344f6d4a2,绍兴,sx_disposal,,,越城区,120.76504,30.14646,platform_wgs84,ok,,13000.0,,临时消纳场,2026-09-02
9e24e9fb3ccf506a,绍兴,sx_disposal,,,柯桥区,120.63797,29.93433,platform_wgs84,ok,,25000.0,,临时消纳场,2026-09-02
2db3201b9bd950f0,绍兴,sx_disposal,,,新昌县,120.96644,29.33927,platform_wgs84,ok,,100000.0,,临时消纳场,2026-09-02
27d47a5a05c10184,绍兴,sx_disposal,,,柯桥区,120.46049,30.06924,platform_wgs84,ok,,15000.0,,临时消纳场,2026-09-02
67aefc226d24f7b1,绍兴,sx_disposal,,,越城区,120.57546,30.03222,platform_wgs84,ok,,40000.0,,临时消纳场,2026-09-02
0a04d7014f5c4fdc,绍兴,sx_disposal,,,越城区,120.55156,29.91287,platform_wgs84,ok,,6200.0,,临时消纳场,2026-09-02
43da0cf0735143e8,绍兴,sx_disposal,,,新昌县,120.95551,29.54214,platform_wgs84,ok,,200000.0,,临时消纳场,2026-09-02
77d8b3ed212e5266,绍兴,sx_disposal,,,越城区,120.52946,30.06938,platform_wgs84,ok,,11000.0,,临时消纳场,2026-09-02
973c23dd627244b0,绍兴,sx_disposal,,,诸暨市,120.19256,29.7044,platform_wgs84,ok,,40000.0,,临时消纳场,2026-09-02
8b4fc42f9fe44c7f,绍兴,sx_disposal,,,越城区,120.567,30.05777,platform_wgs84,ok,,60000.0,,临时消纳场,2026-09-02
1ec77ca629cb48e4,绍兴,sx_disposal,,,嵊州市,120.80432,29.62011,platform_wgs84,ok,,,,临时消纳场,2026-09-02
3d03e2be28724c92,绍兴,sx_disposal,,,嵊州市,120.81874,29.58299,platform_wgs84,ok,,,,临时消纳场,2026-09-02
882ba640e8221dd4,绍兴,sx_disposal,,,嵊州市,120.85517,29.60387,platform_wgs84,ok,,,,临时消纳场,2026-09-02
dcc09c2742363ae2,绍兴,sx_disposal,,,越城区,120.74273,30.11167,platform_wgs84,ok,,125000.0,,临时消纳场,2026-09-02
d4df5da8c880365a,绍兴,sx_disposal,,,越城区,120.75731,30.20366,platform_wgs84,ok,,150000.0,,临时消纳场,2026-09-02
bf36117a46566bde,绍兴,sx_disposal,,,嵊州市,120.82925,29.609,platform_wgs84,ok,,,,临时消纳场,2026-09-02
ae3f2f8624515591,绍兴,sx_disposal,,,越城区,120.57807,29.9961,platform_wgs84,ok,,,,临时消纳场,2026-09-02
