vehicle_id,city,source,plate,company_id,company_name,district_code,status,rated_load,real_load,vehicle_type,credit_code,snapshot
f7ffa11286bd4ed8,温州,wz_vehicle,,,,330324,0,,,,,2026-09-02
2068d0ee79291eac,温州,wz_vehicle,,,,330327,0,,,,,2026-09-02
80c375522681785a,温州,wz_vehicle,,,,330324,0,,,,,2026-09-02
5913232a47ad62a6,温州,wz_vehicle,,,,330303,0,,,,,2026-09-02
d60181cc28d71ee6,温州,wz_vehicle,,,,330304,0,,,,,2026-09-02
b5ac1a02ced30206,温州,wz_vehicle,,,,330328,0,,,,,2026-09-02
078e699cd98994e0,温州,wz_vehicle,,,,330304,0,,,,,2026-09-02
56303cb0f70b97dc,温州,wz_vehicle,,,,330324,0,,,,,2026-09-02
eeba645e2bec5cc6,温州,wz_vehicle,,,,330327,0,,,,,2026-09-02
a9f6f6e0f56e120e,温州,wz_vehicle,,,,330383,0,,,,,2026-09-02
b807f2e0f70ae455,温州,wz_vehicle,,,,330382,0,,,,,2026-09-02
8aac434deb2595fc,温州,wz_vehicle,,,,330327,0,,,,,2026-09-02
8b0095fec44f8a7d,温州,wz_vehicle,,,,330383,0,,,,,2026-09-02
5c40c6caebada06c,温州,wz_vehicle,,,,330383,0,,,,,2026-09-02
d77f867ae6a1db8a,温州,wz_vehicle,,,,330303,0,,,,,2026-09-02
4a0b62286044976c,温州,wz_vehicle,,,,330304,0,,,,,2026-09-02
9b2fd50ae13467bf,温州,wz_vehicle,,,,330383,0,,,,,2026-09-02
1ac92b32ccdae99d,温州,wz_vehicle,,,,330391,0,,,,,2026-09-02
0779cb426bece144,温州,wz_vehicle,,,,330381,0,,,,,2026-09-02
199ca9594a0f04d6,温州,wz_vehicle,,,,330302,0,,,,,2026-09-02
b03f174e12eea84f,温州,wz_vehicle,,,,330328,0,,,,,2026-09-02
40a81b4a9d36ce28,温州,wz_vehicle,,,,330382,0,,,,,2026-09-02
7856af40b70f5820,温州,wz_vehicle,,,,330328,0,,,,,2026-09-02
73d9a23d67008ac9,温州,wz_vehicle,,,,330328,0,,,,,2026-09-02
4e098d2078273c80,温州,wz_vehicle,,,,330382,0,,,,,2026-09-02
d0b232a10b758788,温州,wz_vehicle,,,,330324,0,,,,,2026-09-02
99bfc1abab9af582,温州,wz_vehicle,,,,330381,0,,,,,2026-09-02
1e921e622a30e87d,温州,wz_vehicle,,,,330303,0,,,,,2026-09-02
783dc00c1540e44c,温州,wz_vehicle,,,,330381,0,,,,,2026-09-02
4c84188c21e9fee4,温州,wz_vehicle,,,,330383,0,,,,,2026-09-02
ba4a6b577bfebc43,温州,wz_vehicle,,,,330302,0,,,,,2026-09-02
b16a68f79b0d73f4,温州,wz_vehicle,,,,330302,0,,,,,2026-09-02
b6096ad55f755a7c,温州,wz_vehicle,,,,330391,0,,,,,2026-09-02
6e448016452e8e81,温州,wz_vehicle,,,,330302,0,,,,,2026-09-02
8c9f62c080ce37f9,温州,wz_vehicle,,,,330327,0,,,,,2026-09-02
d08e60418a858398,温州,wz_vehicle,,,,330382,0,,,,,2026-09-02
0a916b0e4bcc62be,温州,wz_vehicle,,,,330328,0,,,,,2026-09-02
41de7a86d00cb973,温州,wz_vehicle,,,,330329,0,,,,,2026-09-02
e3dd472b71d002a6,温州,wz_vehicle,,,,330381,0,,,,,2026-09-02
e7d00ae704708126,温州,wz_vehicle,,,,330381,0,,,,,2026-09-02
7071deed080ae9f2,温州,wz_vehicle,,,,330326,0,,,,,2026-09-02
3873eeacb2edc59e,温州,wz_vehicle,,,,330382,0,,,,,2026-09-02
e46044a2122a9e76,温州,wz_vehicle,,,,330326,0,,,,,2026-09-02
9c10b4d0413b9595,温州,wz_vehicle,,,,330382,0,,,,,2026-09-02
426800e55b163ab8,温州,wz_vehicle,,,,330324,0,,,,,2026-09-02
b52734185d672e50,温州,wz_vehicle,,,,330302,0,,,,,2026-09-02
eaa9b3bc15686f1a,温州,wz_vehicle,,,,330326,0,,,,,2026-09-02
876988c94bc1e808,温州,wz_vehicle,,,,330382,0,,,,,2026-09-02
ffb434c98207ea3b,温州,wz_vehicle,,,,330382,0,,,,,2026-09-02
51e110881099e9c1,温州,wz_vehicle,,,,330304,0,,,,,2026-09-02
437742c6956f665c,温州,wz_vehicle,,,,330383,0,,,,,2026-09-02
5633ddefa561bf8a,温州,wz_vehicle,,,,330326,0,,,,,2026-09-02
41fdbf07968eba8b,温州,wz_vehicle,,,,330391,0,,,,,2026-09-02
8e34cf2a88f37434,温州,wz_vehicle,,,,330381,0,,,,,2026-09-02
e3e31fe41dcc5e4a,温州,wz_vehicle,,,,330303,0,,,,,2026-09-02
f8b722d0bccf4928,温州,wz_vehicle,,,,330328,0,,,,,2026-09-02
a22fe074f7bf6290,温州,wz_vehicle,,,,330382,0,,,,,2026-09-02
6c4efcee41eb0909,温州,wz_vehicle,,,,330383,0,,,,,2026-09-02
e61b8f1c4aa83069,温州,wz_vehicle,,,,330324,0,,,,,2026-09-02
05ea9cf4a3598171,温州,wz_vehicle,,,,330326,0,,,,,2026-09-02
c4feafdd5c87207e,温州,wz_vehicle,,,,330324,0,,,,,2026-09-02
b9b42a23d47a3fac,温州,wz_vehicle,,,,330381,0,,,,,2026-09-02
5421048985effb64,温州,wz_vehicle,,,,330303,0,,,,,2026-09-02
c2c73427340fec18,温州,wz_vehicle,,,,330328,0,,,,,2026-09-02
04230916b9f87f11,温州,wz_vehicle,,,,330381,0,,,,,2026-09-02
f12462534739bcce,温州,wz_vehicle,,,,330381,0,,,,,2026-09-02
252c94071dc64043,温州,wz_vehicle,,,,330382,0,,,,,2026-09-02
f1ee6d7ee3324922,温州,wz_vehicle,,,,330302,0,,,,,2026-09-02
2c51e3f2ae6fa4ba,温州,wz_vehicle,,,,330324,0,,,,,2026-09-02
a6708e8c91b5f61f,温州,wz_vehicle,,,,330328,0,,,,,2026-09-02
6330610b2157ba92,温州,wz_vehicle,,,,330304,0,,,,,2026-09-02
5bf18bb5d1d9b644,温州,wz_vehicle,,,,330382,0,,,,,2026-09-02
33686f9dbae063a5,温州,wz_vehicle,,,,330383,0,,,,,2026-09-02
55f4ae442f19f664,温州,wz_vehicle,,,,330302,0,,,,,2026-09-02
14c97cb345e6fa50,温州,wz_vehicle,,,,330302,0,,,,,2026-09-02
35e2253263a838c4,温州,wz_vehicle,,,,330303,0,,,,,2026-09-02
1154e4b8ca3e16d9,温州,wz_vehicle,,,,330329,0,,,,,2026-09-02
4763eff39929be27,温州,wz_vehicle,,,,330303,0,,,,,2026-09-02
6d8c789d67887925,温州,wz_vehicle,,,,330326,0,,,,,2026-09-02
5f67d73dd245e6fe,温州,wz_vehicle,,,,330327,0,,,,,2026-09-02
f95e5839852dff6f,温州,wz_vehicle,,,,330327,0,,,,,2026-09-02
21f0262b23336485,温州,wz_vehicle,,,,330381,0,,,,,2026-09-02
56de6e2950fb1676,温州,wz_vehicle,,,,330304,0,,,,,2026-09-02
3a3908a9073774dd,温州,wz_vehicle,,,,330391,0,,,,,2026-09-02
2e3392f67b0b26df,温州,wz_vehicle,,,,330302,0,,,,,2026-09-02
215af4561442ad6a,温州,wz_vehicle,,,,330381,0,,,,,2026-09-02
98e949641fdd7cc3,温州,wz_vehicle,,,,330303,0,,,,,2026-09-02
c3f76487ad2b7100,温州,wz_vehicle,,,,330327,0,,,,,2026-09-02
f4379cb2f1c91935,温州,wz_vehicle,,,,330303,0,,,,,2026-09-02
283e119b2d619883,温州,wz_vehicle,,,,330326,0,,,,,2026-09-02
4e862fa5f15b1040,温州,wz_vehicle,,,,330303,0,,,,,2026-09-02
f259354499011030,温州,wz_vehicle,,,,330382,0,,,,,2026-09-02
edaef5a3e5df2400,温州,wz_vehicle,,,,330327,0,,,,,2026-09-02
66fba0615fda85aa,温州,wz_vehicle,,,,330382,0,,,,,2026-09-02
1424f80d7895ef98,温州,wz_vehicle,,,,330327,0,,,,,2026-09-02
655fbbcc56e64c85,温州,wz_vehicle,,,,330304,0,,,,,2026-09-02
84996aedf7e12f9e,温州,wz_vehicle,,,,330303,0,,,,,2026-09-02
13a69c61dcc365e5,温州,wz_vehicle,,,,330303,0,,,,,2026-09-02
2b84181aa0d83570,温州,wz_vehicle,,,,330381,0,,,,,2026-09-02
80188b2f0413dd05,温州,wz_vehicle,,,,330391,0,,,,,2026-09-02
4b4c827b4538e3a1,温州,wz_vehicle,,,,330303,0,,,,,2026-09-02
63137cee8bb3949b,温州,wz_vehicle,,,,330304,0,,,,,2026-09-02
69059ac639c20b15,温州,wz_vehicle,,,,330383,0,,,,,2026-09-02
c785d8ac855abfaa,温州,wz_vehicle,,,,330304,0,,,,,2026-09-02
b2093665027e5e0e,温州,wz_vehicle,,,,330391,0,,,,,2026-09-02
bbef0500544767c7,温州,wz_vehicle,,,,330329,0,,,,,2026-09-02
a0a0ae575b14de11,温州,wz_vehicle,,,,330391,0,,,,,2026-09-02
06b273f897bca82b,温州,wz_vehicle,,,,330382,0,,,,,2026-09-02
f56169aa18caa981,温州,wz_vehicle,,,,330303,0,,,,,2026-09-02
33ddb9e3385f7ac9,温州,wz_vehicle,,,,330327,0,,,,,2026-09-02
fd6c3cf910069237,温州,wz_vehicle,,,,330391,0,,,,,2026-09-02
6375a4fcb912407b,温州,wz_vehicle,,,,330324,0,,,,,2026-09-02
cf94d2ebb3c12bca,温州,wz_vehicle,,,,330382,0,,,,,2026-09-02
06ecd79133529512,温州,wz_vehicle,,,,330381,0,,,,,2026-09-02
5c43a84de105c3d1,温州,wz_vehicle,,,,330303,0,,,,,2026-09-02
b9c9c448abb1ece6,温州,wz_vehicle,,,,330303,0,,,,,2026-09-02
798854c1a8d14952,温州,wz_vehicle,,,,330381,0,,,,,2026-09-02
3d98dc9086870735,温州,wz_vehicle,,,,330304,0,,,,,2026-09-02
81e8b3cc5c6e7a19,温州,wz_vehicle,,,,330383,0,,,,,2026-09-02
24c956f5f84de56b,温州,wz_vehicle,,,,330302,0,,,,,2026-09-02
c4ff5d5dc735f032,温州,wz_vehicle,,,,330382,0,,,,,2026-09-02
b83b3a7176a9d26f,温州,wz_vehicle,,,,330327,0,,,,,2026-09-02
4f360d01c70691cb,温州,wz_vehicle,,,,330304,0,,,,,2026-09-02
a3b06b16fe81801b,温州,wz_vehicle,,,,330302,0,,,,,2026-09-02
7a100349cfe4dc98,温州,wz_vehicle,,,,330304,0,,,,,2026-09-02
26b6b6752b268b7b,温州,wz_vehicle,,,,330302,0,,,,,2026-09-02
381eed2d09c6b743,温州,wz_vehicle,,,,330324,0,,,,,2026-09-02
bf7063d169a0eb20,温州,wz_vehicle,,,,330381,0,,,,,2026-09-02
a12db1e6bcf11331,温州,wz_vehicle,,,,330327,0,,,,,2026-09-02
7a0d768532702f1b,温州,wz_vehicle,,,,330303,0,,,,,2026-09-02
8b82dd2350823811,温州,wz_vehicle,,,,330381,0,,,,,2026-09-02
2c96917f164298c2,温州,wz_vehicle,,,,330324,0,,,,,2026-09-02
9d4723a4fa16be9a,温州,wz_vehicle,,,,330304,0,,,,,2026-09-02
0b7c84c658abc4d5,温州,wz_vehicle,,,,330304,0,,,,,2026-09-02
63286a4b498ac1e5,温州,wz_vehicle,,,,330324,0,,,,,2026-09-02
35d5c2254a2a1da4,温州,wz_vehicle,,,,330300,0,,,,,2026-09-02
6224c4b2d961000c,温州,wz_vehicle,,,,330383,0,,,,,2026-09-02
b8ca59e974fcc4b1,温州,wz_vehicle,,,,330383,0,,,,,2026-09-02
1b321f39b1a3ba69,温州,wz_vehicle,,,,330391,0,,,,,2026-09-02
5d145be2be7311f5,温州,wz_vehicle,,,,330303,0,,,,,2026-09-02
530d5bfe9040b5cb,温州,wz_vehicle,,,,330328,0,,,,,2026-09-02
462c426f567350ca,温州,wz_vehicle,,,,330327,0,,,,,2026-09-02
f513de5ee131d511,温州,wz_vehicle,,,,330324,0,,,,,2026-09-02
1de708bd09381ae2,温州,wz_vehicle,,,,330381,0,,,,,2026-09-02
db472a229d117428,温州,wz_vehicle,,,,330303,0,,,,,2026-09-02
56a571397ef960a7,温州,wz_vehicle,,,,330304,0,,,,,2026-09-02
ede681c30c019c7c,温州,wz_vehicle,,,,330382,0,,,,,2026-09-02
39515b795f7a2884,温州,wz_vehicle,,,,330303,0,,,,,2026-09-02
9cdee573a60a30a3,温州,wz_vehicle,,,,330327,0,,,,,2026-09-02
d8668e8a11342cfc,温州,wz_vehicle,,,,330382,0,,,,,2026-09-02
2c7a641188a5f1f4,温州,wz_vehicle,,,,330327,0,,,,,2026-09-02
9fd48023da2340a0,温州,wz_vehicle,,,,330328,0,,,,,2026-09-02
840b386f660b3081,温州,wz_vehicle,,,,330382,0,,,,,2026-09-02
d7c4d5d683768ba0,温州,wz_vehicle,,,,330381,0,,,,,2026-09-02
930ca8b6444f5077,温州,wz_vehicle,,,,330391,0,,,,,2026-09-02
1193fab287dba99c,温州,wz_vehicle,,,,330381,0,,,,,2026-09-02
15da742a81d253dd,温州,wz_vehicle,,,,330382,0,,,,,2026-09-02
8ba0f880cef61cb1,温州,wz_vehicle,,,,330328,0,,,,,2026-09-02
6e935a925b29a68e,温州,wz_vehicle,,,,330328,0,,,,,2026-09-02
802c47111982383f,温州,wz_vehicle,,,,330326,0,,,,,2026-09-02
43001a6a96a232a8,温州,wz_vehicle,,,,330383,0,,,,,2026-09-02
d1c1e83a5ebee36b,温州,wz_vehicle,,,,330324,0,,,,,2026-09-02
7a816aa6543b8475,温州,wz_vehicle,,,,330303,0,,,,,2026-09-02
7eafd97d7de227d1,温州,wz_vehicle,,,,330303,0,,,,,2026-09-02
4774235e20165326,温州,wz_vehicle,,,,330328,0,,,,,2026-09-02
5a5fe5ba5caee5cb,温州,wz_vehicle,,,,330328,0,,,,,2026-09-02
71d5009fd184ccac,温州,wz_vehicle,,,,330391,0,,,,,2026-09-02
1f8c097f05bd7578,温州,wz_vehicle,,,,330326,0,,,,,2026-09-02
448858745422eab2,温州,wz_vehicle,,,,330304,0,,,,,2026-09-02
2a8f5919c71319bc,温州,wz_vehicle,,,,330303,0,,,,,2026-09-02
b0e7f771626dc8c6,温州,wz_vehicle,,,,330303,0,,,,,2026-09-02
98ca54e8adeb1a16,温州,wz_vehicle,,,,330329,0,,,,,2026-09-02
00b0d2b76b5dfb3f,温州,wz_vehicle,,,,330391,0,,,,,2026-09-02
bbd9be2ff7198401,温州,wz_vehicle,,,,330304,0,,,,,2026-09-02
38006241fb84085b,温州,wz_vehicle,,,,330302,0,,,,,2026-09-02
b204e410ae448eda,温州,wz_vehicle,,,,330382,0,,,,,2026-09-02
6277b3662c5a8e85,温州,wz_vehicle,,,,330327,0,,,,,2026-09-02
607466a356994474,温州,wz_vehicle,,,,330302,0,,,,,2026-09-02
f8d217855b5364a7,温州,wz_vehicle,,,,330328,0,,,,,2026-09-02
7aea6a8cedbd0e1b,温州,wz_vehicle,,,,330391,0,,,,,2026-09-02
019c74b7687a1e7c,温州,wz_vehicle,,,,330302,0,,,,,2026-09-02
8feb730469c5ca10,温州,wz_vehicle,,,,330304,0,,,,,2026-09-02
9654b6d6c1bd2085,温州,wz_vehicle,,,,330303,0,,,,,2026-09-02
4e3b4488aae99a06,温州,wz_vehicle,,,,330324,0,,,,,2026-09-02
84b3e024a98dba8b,温州,wz_vehicle,,,,330304,0,,,,,2026-09-02
fc3c95c5e693a93a,温州,wz_vehicle,,,,330302,0,,,,,2026-09-02
cff53539704699e8,温州,wz_vehicle,,,,330327,0,,,,,2026-09-02
5f83d9a745740625,温州,wz_vehicle,,,,330324,0,,,,,2026-09-02
b5022cd1375633ad,温州,wz_vehicle,,,,330327,0,,,,,2026-09-02
864fe46756805e7f,温州,wz_vehicle,,,,330391,0,,,,,2026-09-02
ddea1ef6c0c1acdd,温州,wz_vehicle,,,,330327,0,,,,,2026-09-02
4092972bfa7968ac,温州,wz_vehicle,,,,330382,0,,,,,2026-09-02
7f16240c3a88e9d7,温州,wz_vehicle,,,,330391,0,,,,,2026-09-02
0aa420922d2ff5b8,温州,wz_vehicle,,,,330302,0,,,,,2026-09-02
1d10be816a59a263,温州,wz_vehicle,,,,330391,0,,,,,2026-09-02
ebfb3a17f12d32e7,温州,wz_vehicle,,,,330303,0,,,,,2026-09-02
6b4ac1f8fc9c0417,温州,wz_vehicle,,,,330382,0,,,,,2026-09-02
449b60c98f62f2be,温州,wz_vehicle,,,,330382,0,,,,,2026-09-02
e9b65bd6ccd2ae44,温州,wz_vehicle,,,,330328,0,,,,,2026-09-02
29b5f8f97360a25a,温州,wz_vehicle,,,,330327,0,,,,,2026-09-02
49f1277c6ddffebc,温州,wz_vehicle,,,,330328,0,,,,,2026-09-02
4b66a00ce7f2d87a,温州,wz_vehicle,,,,330303,0,,,,,2026-09-02
c0a0778e8aa395e0,温州,wz_vehicle,,,,330382,0,,,,,2026-09-02
b80bb282ffd5d83f,温州,wz_vehicle,,,,330382,0,,,,,2026-09-02
dd55186cc92a6f9c,温州,wz_vehicle,,,,330382,0,,,,,2026-09-02
c705e631d7e6a398,温州,wz_vehicle,,,,330327,0,,,,,2026-09-02
d852c1a15e7a2817,温州,wz_vehicle,,,,330302,0,,,,,2026-09-02
64e389c70f598e67,温州,wz_vehicle,,,,330382,0,,,,,2026-09-02
79164837e795afa3,温州,wz_vehicle,,,,330382,0,,,,,2026-09-02
98354eaa66a0beb7,温州,wz_vehicle,,,,330383,0,,,,,2026-09-02
4fc78ba3579445ff,温州,wz_vehicle,,,,330391,0,,,,,2026-09-02
bf0ec1350a14698b,温州,wz_vehicle,,,,330303,0,,,,,2026-09-02
ee11fd28fba4a4db,温州,wz_vehicle,,,,330326,0,,,,,2026-09-02
032b53e89d747193,温州,wz_vehicle,,,,330304,0,,,,,2026-09-02
aa2385b43f0caef2,温州,wz_vehicle,,,,330391,0,,,,,2026-09-02
c09e308bf4cbc2a4,温州,wz_vehicle,,,,330327,0,,,,,2026-09-02
8e2cd3349e3d106a,温州,wz_vehicle,,,,330382,0,,,,,2026-09-02
6f15e699d431bc93,温州,wz_vehicle,,,,330327,0,,,,,2026-09-02
60ec1064a3c4d0e5,温州,wz_vehicle,,,,330391,0,,,,,2026-09-02
ba30dd86f035dabe,温州,wz_vehicle,,,,330303,0,,,,,2026-09-02
8e45796b4392d611,温州,wz_vehicle,,,,330303,0,,,,,2026-09-02
28fe488cc069a446,温州,wz_vehicle,,,,330381,0,,,,,2026-09-02
eb880ea081fcd223,温州,wz_vehicle,,,,330382,0,,,,,2026-09-02
bd363544ed9e3e47,温州,wz_vehicle,,,,330391,0,,,,,2026-09-02
8ae5e09e796d3bbe,温州,wz_vehicle,,,,330382,0,,,,,2026-09-02
5cd3012c050cf833,温州,wz_vehicle,,,,330381,0,,,,,2026-09-02
e0b97d81e0806253,温州,wz_vehicle,,,,330381,0,,,,,2026-09-02
3a87781a1310fd88,温州,wz_vehicle,,,,330324,0,,,,,2026-09-02
120f91735938f24f,温州,wz_vehicle,,,,330302,0,,,,,2026-09-02
2280538495b64c9c,温州,wz_vehicle,,,,330327,0,,,,,2026-09-02
942a29261014acdd,温州,wz_vehicle,,,,330391,0,,,,,2026-09-02
32c6641dc2b88a5d,温州,wz_vehicle,,,,330304,0,,,,,2026-09-02
d1bee235ee8488b0,温州,wz_vehicle,,,,330382,0,,,,,2026-09-02
f0d5e2104ff67ec4,温州,wz_vehicle,,,,330302,0,,,,,2026-09-02
fe3c48482c9b1eb3,温州,wz_vehicle,,,,330383,0,,,,,2026-09-02
ac539e0705c63ff1,温州,wz_vehicle,,,,330302,0,,,,,2026-09-02
488e12151eb7b6ee,温州,wz_vehicle,,,,330327,0,,,,,2026-09-02
0239a8f4aa617c9f,温州,wz_vehicle,,,,330303,0,,,,,2026-09-02
fcb7555fc07ff258,温州,wz_vehicle,,,,330381,0,,,,,2026-09-02
2f53bb42b47d7b2a,温州,wz_vehicle,,,,330303,0,,,,,2026-09-02
1a352b214c0b3b09,温州,wz_vehicle,,,,330382,0,,,,,2026-09-02
eb40310ba1af6b08,温州,wz_vehicle,,,,330326,0,,,,,2026-09-02
8c39b7c4073e3d55,温州,wz_vehicle,,,,330326,0,,,,,2026-09-02
29d5c2bb8d6266c8,温州,wz_vehicle,,,,330326,0,,,,,2026-09-02
12d77db5578bbda6,温州,wz_vehicle,,,,330303,0,,,,,2026-09-02
c57f89d1464266e9,温州,wz_vehicle,,,,330391,0,,,,,2026-09-02
8a3827c029e85b87,温州,wz_vehicle,,,,330391,0,,,,,2026-09-02
2330f82d4a99cf47,温州,wz_vehicle,,,,330391,0,,,,,2026-09-02
104225b1f65d47b5,温州,wz_vehicle,,,,330302,0,,,,,2026-09-02
3f22c61034539608,温州,wz_vehicle,,,,330324003,0,,,,,2026-09-02
eacdac4582ecbb60,温州,wz_vehicle,,,,330303,0,,,,,2026-09-02
cb15bf7203d02e69,温州,wz_vehicle,,,,330382,0,,,,,2026-09-02
7de47bb7bc858ade,温州,wz_vehicle,,,,330327,0,,,,,2026-09-02
fea28ff706450fe2,温州,wz_vehicle,,,,330381,0,,,,,2026-09-02
6601dfad5381581e,温州,wz_vehicle,,,,330326,0,,,,,2026-09-02
a8aaec4305fe5d47,温州,wz_vehicle,,,,330381,0,,,,,2026-09-02
724d46fa4f1c1527,温州,wz_vehicle,,,,330326,0,,,,,2026-09-02
71e293599f77791b,温州,wz_vehicle,,,,330391,0,,,,,2026-09-02
390b3104f6245bcf,温州,wz_vehicle,,,,330381,0,,,,,2026-09-02
9346e7a0400372a5,温州,wz_vehicle,,,,330381,0,,,,,2026-09-02
e43f645fef2861fe,温州,wz_vehicle,,,,330381,0,,,,,2026-09-02
4a59d7872195436c,温州,wz_vehicle,,,,330302,0,,,,,2026-09-02
881ba88022883a3b,温州,wz_vehicle,,,,330382,0,,,,,2026-09-02
e65d9c65035ae98c,温州,wz_vehicle,,,,330303,0,,,,,2026-09-02
d32dfd94ae328248,温州,wz_vehicle,,,,330382,0,,,,,2026-09-02
18bbb1827f6dbb30,温州,wz_vehicle,,,,330382,0,,,,,2026-09-02
627d87f1e87f172d,温州,wz_vehicle,,,,330391,0,,,,,2026-09-02
e5da4937472e8295,温州,wz_vehicle,,,,330391,0,,,,,2026-09-02
5bc6d4edc31d1bd4,温州,wz_vehicle,,,,330303,0,,,,,2026-09-02
49124a942cf83b33,温州,wz_vehicle,,,,330302,0,,,,,2026-09-02
858a49588c63b259,温州,wz_vehicle,,,,330382,0,,,,,2026-09-02
0f51689aee016688,温州,wz_vehicle,,,,330303,0,,,,,2026-09-02
572009bafb7c9696,温州,wz_vehicle,,,,330326,0,,,,,2026-09-02
7d4b9a39ae31a2de,温州,wz_vehicle,,,,330324,0,,,,,2026-09-02
627a53fbf1cbb38c,温州,wz_vehicle,,,,330324,0,,,,,2026-09-02
62ba094d82490369,温州,wz_vehicle,,,,330303,0,,,,,2026-09-02
ea3b7def8d22dca5,温州,wz_vehicle,,,,330303,0,,,,,2026-09-02
b3e5b03d3e306c52,温州,wz_vehicle,,,,330303,0,,,,,2026-09-02
c8a491285656e776,温州,wz_vehicle,,,,330324,0,,,,,2026-09-02
4100cd89f58619e1,温州,wz_vehicle,,,,330324,0,,,,,2026-09-02
b0b6d48629469847,温州,wz_vehicle,,,,330327,0,,,,,2026-09-02
5553f31d94841755,温州,wz_vehicle,,,,330391,0,,,,,2026-09-02
976dcb22571bd001,温州,wz_vehicle,,,,330381,0,,,,,2026-09-02
84e2311e49b46344,温州,wz_vehicle,,,,330326,0,,,,,2026-09-02
adc7577026d8d04f,温州,wz_vehicle,,,,330382,0,,,,,2026-09-02
17ec1dd4dd8164a2,温州,wz_vehicle,,,,330304,0,,,,,2026-09-02
5d0ce1d902b03aa2,温州,wz_vehicle,,,,330326,0,,,,,2026-09-02
bd6002a8825e9300,温州,wz_vehicle,,,,330303,0,,,,,2026-09-02
c92e8747da12aae7,温州,wz_vehicle,,,,330304,0,,,,,2026-09-02
ab5de2bde2e39ba0,温州,wz_vehicle,,,,330302,0,,,,,2026-09-02
80c8e46368a63678,温州,wz_vehicle,,,,330382,0,,,,,2026-09-02
e76c1c45f524fa02,温州,wz_vehicle,,,,330328,0,,,,,2026-09-02
fca503d578061425,温州,wz_vehicle,,,,330382,0,,,,,2026-09-02
24d4c146c0673dec,温州,wz_vehicle,,,,330382,0,,,,,2026-09-02
07dcff031681cc75,温州,wz_vehicle,,,,330304,0,,,,,2026-09-02
d40a005975d8aa2d,温州,wz_vehicle,,,,330303,0,,,,,2026-09-02
b70a6acf617f8141,温州,wz_vehicle,,,,330328,0,,,,,2026-09-02
ca9a8261edc59a9e,温州,wz_vehicle,,,,330304,0,,,,,2026-09-02
703e388993d13543,温州,wz_vehicle,,,,330327,0,,,,,2026-09-02
167f85216a2cd691,温州,wz_vehicle,,,,330324,0,,,,,2026-09-02
ab2cfc802e09694d,温州,wz_vehicle,,,,330327,0,,,,,2026-09-02
6476046f080863af,温州,wz_vehicle,,,,330324,0,,,,,2026-09-02
71f2e774421026a1,温州,wz_vehicle,,,,330304,0,,,,,2026-09-02
e69ea12adc154dc9,温州,wz_vehicle,,,,330324,0,,,,,2026-09-02
d691f904c69ffc57,温州,wz_vehicle,,,,330302,0,,,,,2026-09-02
cc5a4167c2101d79,温州,wz_vehicle,,,,330324003,0,,,,,2026-09-02
ac5fb576c184fb28,温州,wz_vehicle,,,,330303,0,,,,,2026-09-02
f47fde922f6bb000,温州,wz_vehicle,,,,330391,0,,,,,2026-09-02
f3b9fb3469193302,温州,wz_vehicle,,,,330327,0,,,,,2026-09-02
b8147cf74f006bd9,温州,wz_vehicle,,,,330303,0,,,,,2026-09-02
40322ab2613a9230,温州,wz_vehicle,,,,330303,0,,,,,2026-09-02
51a4e49121a23ed2,温州,wz_vehicle,,,,330382,0,,,,,2026-09-02
8bce22ad066354f7,温州,wz_vehicle,,,,330303,0,,,,,2026-09-02
d877b1f351690785,温州,wz_vehicle,,,,330324,0,,,,,2026-09-02
3420792bc043e628,温州,wz_vehicle,,,,330382,0,,,,,2026-09-02
4655b7662f138f83,温州,wz_vehicle,,,,330383,0,,,,,2026-09-02
a12cb9b3cab222a4,温州,wz_vehicle,,,,330302,0,,,,,2026-09-02
e67c3f367caa5de0,温州,wz_vehicle,,,,330391,0,,,,,2026-09-02
beb38619aeed0b88,温州,wz_vehicle,,,,330326,0,,,,,2026-09-02
7a59c3bcb51037f2,温州,wz_vehicle,,,,330327,0,,,,,2026-09-02
0413e160e1ca04c2,温州,wz_vehicle,,,,330382,0,,,,,2026-09-02
a1882ee0efd24b0f,温州,wz_vehicle,,,,330328,0,,,,,2026-09-02
fd32bd53ffabd1ca,温州,wz_vehicle,,,,330383,0,,,,,2026-09-02
afe0a8b25119fef2,温州,wz_vehicle,,,,330326,0,,,,,2026-09-02
9b28643f6d1da022,温州,wz_vehicle,,,,330302,0,,,,,2026-09-02
cb00d7f9fa60c178,温州,wz_vehicle,,,,330303,0,,,,,2026-09-02
d86835d09a52d817,温州,wz_vehicle,,,,330382,0,,,,,2026-09-02
fee28eaec39d6efd,温州,wz_vehicle,,,,330391,0,,,,,2026-09-02
98d1ef4309be4e70,温州,wz_vehicle,,,,330327,0,,,,,2026-09-02
42fe10db558cf815,温州,wz_vehicle,,,,330303,0,,,,,2026-09-02
7eb8c41ba987a8b7,温州,wz_vehicle,,,,330391,0,,,,,2026-09-02
40e14c23c5a18e11,温州,wz_vehicle,,,,330326,0,,,,,2026-09-02
539decef1e593f5f,温州,wz_vehicle,,,,330328,0,,,,,2026-09-02
9d9cef679f4d961f,温州,wz_vehicle,,,,330383,0,,,,,2026-09-02
e2e921638bd613b0,温州,wz_vehicle,,,,330382,0,,,,,2026-09-02
b5d44bcf1c29c02d,温州,wz_vehicle,,,,330302,0,,,,,2026-09-02
f0fad1490465aa13,温州,wz_vehicle,,,,330381,0,,,,,2026-09-02
a429387d752674dd,温州,wz_vehicle,,,,330324003,0,,,,,2026-09-02
19e0f2a73961d385,温州,wz_vehicle,,,,330382,0,,,,,2026-09-02
bb38119fa6e59d96,温州,wz_vehicle,,,,330382,0,,,,,2026-09-02
99d5c90fdc0700b1,温州,wz_vehicle,,,,330303,0,,,,,2026-09-02
5659faa262f6d454,温州,wz_vehicle,,,,330324,0,,,,,2026-09-02
0548108e992cd8c7,温州,wz_vehicle,,,,330326,0,,,,,2026-09-02
002453f28d94ccee,温州,wz_vehicle,,,,330381,0,,,,,2026-09-02
b839f0e0e140658e,温州,wz_vehicle,,,,330328,0,,,,,2026-09-02
cf5dddf4f9e925f4,温州,wz_vehicle,,,,330303,0,,,,,2026-09-02
883da1771a0319fa,温州,wz_vehicle,,,,330381,0,,,,,2026-09-02
0ade8b0d927e9522,温州,wz_vehicle,,,,330304,0,,,,,2026-09-02
34abc2feaa4941b0,温州,wz_vehicle,,,,330326,0,,,,,2026-09-02
7b7f4aac74521abc,温州,wz_vehicle,,,,330327,0,,,,,2026-09-02
70fdab1b22ab1968,温州,wz_vehicle,,,,330391,0,,,,,2026-09-02
40c8dbba9b0c5a1e,温州,wz_vehicle,,,,330327,0,,,,,2026-09-02
a79e3c4c4a4faea8,温州,wz_vehicle,,,,330324,0,,,,,2026-09-02
0c1bb24d19404b2e,温州,wz_vehicle,,,,330303,0,,,,,2026-09-02
c067ab2cdb05c1af,温州,wz_vehicle,,,,330303,0,,,,,2026-09-02
2eb97a9d38f34918,温州,wz_vehicle,,,,330327,0,,,,,2026-09-02
77d3126c514182b5,温州,wz_vehicle,,,,330324,0,,,,,2026-09-02
03680dd83c3d6176,温州,wz_vehicle,,,,330327,0,,,,,2026-09-02
0939297b04969be9,温州,wz_vehicle,,,,330326,0,,,,,2026-09-02
41f0ad9b9ef2c931,温州,wz_vehicle,,,,330383,0,,,,,2026-09-02
2ef40b7decd92d70,温州,wz_vehicle,,,,330382,0,,,,,2026-09-02
59217ceb4c96333f,温州,wz_vehicle,,,,330382,0,,,,,2026-09-02
a8e0f9bde9d28b9f,温州,wz_vehicle,,,,330304,0,,,,,2026-09-02
1d15d37ef2092f65,温州,wz_vehicle,,,,330328,0,,,,,2026-09-02
3ccbf8e618ff9997,温州,wz_vehicle,,,,330382,0,,,,,2026-09-02
4100dee52534457f,温州,wz_vehicle,,,,330304,0,,,,,2026-09-02
783a6aee10226190,温州,wz_vehicle,,,,330327,0,,,,,2026-09-02
66acc3b6f0c6728d,温州,wz_vehicle,,,,330326,0,,,,,2026-09-02
51ccc212f6b5f39a,温州,wz_vehicle,,,,330381,0,,,,,2026-09-02
c75326ca7f87ad20,温州,wz_vehicle,,,,330302,0,,,,,2026-09-02
1a991140214ab302,温州,wz_vehicle,,,,330326,0,,,,,2026-09-02
e7536ebc23e9cec2,温州,wz_vehicle,,,,330391,0,,,,,2026-09-02
b64805802611c741,温州,wz_vehicle,,,,330383,0,,,,,2026-09-02
44835e9620d6ecac,温州,wz_vehicle,,,,330302,0,,,,,2026-09-02
714a67decb60bc88,温州,wz_vehicle,,,,330383,0,,,,,2026-09-02
73ea9e208cf3822c,温州,wz_vehicle,,,,330324,0,,,,,2026-09-02
ee3e11578150e8ac,温州,wz_vehicle,,,,330324,0,,,,,2026-09-02
1637726d7d28cdf2,温州,wz_vehicle,,,,330383,0,,,,,2026-09-02
f1ba40fc3d7b75b0,温州,wz_vehicle,,,,330391,0,,,,,2026-09-02
73f4533fa8379fb2,温州,wz_vehicle,,,,330304,0,,,,,2026-09-02
e1fb5fce7c9f6560,温州,wz_vehicle,,,,330383,0,,,,,2026-09-02
cbf96204b1ae26dd,温州,wz_vehicle,,,,330303,0,,,,,2026-09-02
84eea12a6cec6e86,温州,wz_vehicle,,,,330304,0,,,,,2026-09-02
de634faecf2a2cc2,温州,wz_vehicle,,,,330329,0,,,,,2026-09-02
db67c4962870033d,温州,wz_vehicle,,,,330302,0,,,,,2026-09-02
38f806ec43f679a0,温州,wz_vehicle,,,,330303,0,,,,,2026-09-02
b8cdf490b026ea89,温州,wz_vehicle,,,,330391,0,,,,,2026-09-02
7700a6adcda388e1,温州,wz_vehicle,,,,330381,0,,,,,2026-09-02
eb7129235547a725,温州,wz_vehicle,,,,330382,0,,,,,2026-09-02
81cdd5ea73f72bde,温州,wz_vehicle,,,,330326,0,,,,,2026-09-02
12cfa630b0caeced,温州,wz_vehicle,,,,330326,0,,,,,2026-09-02
a1a7184eaa27cb30,温州,wz_vehicle,,,,330382,0,,,,,2026-09-02
0245fba90799a79f,温州,wz_vehicle,,,,330327,0,,,,,2026-09-02
a3bce66c6696855d,温州,wz_vehicle,,,,330328,0,,,,,2026-09-02
c2957a701cc0f0a2,温州,wz_vehicle,,,,330381,0,,,,,2026-09-02
3a7f88322822b804,温州,wz_vehicle,,,,330382,0,,,,,2026-09-02
978d297baaf03c94,温州,wz_vehicle,,,,330381,0,,,,,2026-09-02
a709739462bde195,温州,wz_vehicle,,,,330326,0,,,,,2026-09-02
dfed9f05b3c80c2b,温州,wz_vehicle,,,,330303,0,,,,,2026-09-02
7ee18a9f55f073c9,温州,wz_vehicle,,,,330381,0,,,,,2026-09-02
d93e1e927d6d93c6,温州,wz_vehicle,,,,330302,0,,,,,2026-09-02
705d03f1c2aa7993,温州,wz_vehicle,,,,330326,0,,,,,2026-09-02
f34d403917d829d5,温州,wz_vehicle,,,,330383,0,,,,,2026-09-02
269f0566fa2476b1,温州,wz_vehicle,,,,330302,0,,,,,2026-09-02
3d6729a0e1398ad9,温州,wz_vehicle,,,,330324,0,,,,,2026-09-02
a407b86245a4b163,温州,wz_vehicle,,,,330391,0,,,,,2026-09-02
ecf25384b1b3b3d8,温州,wz_vehicle,,,,330304,0,,,,,2026-09-02
2bb8682abd1096f3,温州,wz_vehicle,,,,330303,0,,,,,2026-09-02
38181e108c02803d,温州,wz_vehicle,,,,330391,0,,,,,2026-09-02
55c8692012b20dd4,温州,wz_vehicle,,,,330303,0,,,,,2026-09-02
a3d328a34e0398aa,温州,wz_vehicle,,,,330383,0,,,,,2026-09-02
5f457b9bb40e1496,温州,wz_vehicle,,,,330304,0,,,,,2026-09-02
163d2f90ed80d69c,温州,wz_vehicle,,,,330327,0,,,,,2026-09-02
90cc9f94f53b1f52,温州,wz_vehicle,,,,330302,0,,,,,2026-09-02
2ba3048ef03df3ca,温州,wz_vehicle,,,,330382,0,,,,,2026-09-02
8b740e8c6922446f,温州,wz_vehicle,,,,330303,0,,,,,2026-09-02
1ab654550bc74bb0,温州,wz_vehicle,,,,330324,0,,,,,2026-09-02
30c83d32d99551b8,温州,wz_vehicle,,,,330304,0,,,,,2026-09-02
88bd69ab250df649,温州,wz_vehicle,,,,330327,0,,,,,2026-09-02
360d288f5f113635,温州,wz_vehicle,,,,330303,0,,,,,2026-09-02
bfe89bb67c8d4d0d,温州,wz_vehicle,,,,330302,0,,,,,2026-09-02
afed67a803f63c36,温州,wz_vehicle,,,,330391,0,,,,,2026-09-02
d733b7246d3e2654,温州,wz_vehicle,,,,330382,0,,,,,2026-09-02
88cb0af83e3a763b,温州,wz_vehicle,,,,330327,0,,,,,2026-09-02
7bc977d6c883c964,温州,wz_vehicle,,,,330391,0,,,,,2026-09-02
59b3ad3da94b2b48,温州,wz_vehicle,,,,330304,0,,,,,2026-09-02
26fae28e9abbc607,温州,wz_vehicle,,,,330382,0,,,,,2026-09-02
2cfc192cc86c8650,温州,wz_vehicle,,,,330303,0,,,,,2026-09-02
9e9d560278f6b249,温州,wz_vehicle,,,,330327,0,,,,,2026-09-02
ea2864f0b31c5773,温州,wz_vehicle,,,,330381,0,,,,,2026-09-02
c7d312087c60b5a0,温州,wz_vehicle,,,,330303,0,,,,,2026-09-02
f985ee35808811b5,温州,wz_vehicle,,,,330304,0,,,,,2026-09-02
02495ffe1027277b,温州,wz_vehicle,,,,330303,0,,,,,2026-09-02
39bc6ddf17d4939c,温州,wz_vehicle,,,,330381,0,,,,,2026-09-02
28a21fa1dc87713a,温州,wz_vehicle,,,,330391,0,,,,,2026-09-02
858fe3cacf943781,温州,wz_vehicle,,,,330391,0,,,,,2026-09-02
f8939802290f142e,温州,wz_vehicle,,,,330381,0,,,,,2026-09-02
b9b8f5dd4c6814d6,温州,wz_vehicle,,,,330304,0,,,,,2026-09-02
696f5e0daffb2c6e,温州,wz_vehicle,,,,330383,0,,,,,2026-09-02
7817795b94bb2c12,温州,wz_vehicle,,,,330326,0,,,,,2026-09-02
041333433e309a87,温州,wz_vehicle,,,,330391,0,,,,,2026-09-02
20b3e19af00f5acc,温州,wz_vehicle,,,,330327,0,,,,,2026-09-02
dfb0d771096634bd,温州,wz_vehicle,,,,330382,0,,,,,2026-09-02
c9f00cffd8bb6f51,温州,wz_vehicle,,,,330302,0,,,,,2026-09-02
b111229a50782b6c,温州,wz_vehicle,,,,330303,0,,,,,2026-09-02
732d1d42b7f3dd7c,温州,wz_vehicle,,,,330324,0,,,,,2026-09-02
3cf3f0a39dc0c20f,温州,wz_vehicle,,,,330302,0,,,,,2026-09-02
ff7cfa5d204d8ba1,温州,wz_vehicle,,,,330304,0,,,,,2026-09-02
9226851b40b23f30,温州,wz_vehicle,,,,330382,0,,,,,2026-09-02
56ef28113f8f5f59,温州,wz_vehicle,,,,330324,0,,,,,2026-09-02
0a57a2a2156076df,温州,wz_vehicle,,,,330382,0,,,,,2026-09-02
75ad459a260ce247,温州,wz_vehicle,,,,330382,0,,,,,2026-09-02
f26ce03fd9d9c510,温州,wz_vehicle,,,,330327,0,,,,,2026-09-02
2c113aa56649f2ea,温州,wz_vehicle,,,,330326,0,,,,,2026-09-02
6736db2fc40128ac,温州,wz_vehicle,,,,330381,0,,,,,2026-09-02
668cc6e1efd006de,温州,wz_vehicle,,,,330382,0,,,,,2026-09-02
a68c7b785d7cea2c,温州,wz_vehicle,,,,330326,0,,,,,2026-09-02
13ee5ff99778759b,温州,wz_vehicle,,,,330327,0,,,,,2026-09-02
edbc029c9262a8ba,温州,wz_vehicle,,,,330328,0,,,,,2026-09-02
9e13f28efd7fff70,温州,wz_vehicle,,,,330391,0,,,,,2026-09-02
dc681e149bf63b18,温州,wz_vehicle,,,,330324,0,,,,,2026-09-02
d7e4f9c0c16388d0,温州,wz_vehicle,,,,330391,0,,,,,2026-09-02
41e2cc547a99e8f8,温州,wz_vehicle,,,,330381,0,,,,,2026-09-02
4f86ca1f4d2c42c9,温州,wz_vehicle,,,,330326,0,,,,,2026-09-02
fcd981ff6fb3f3ad,温州,wz_vehicle,,,,330381,0,,,,,2026-09-02
152264a3e55cca1d,温州,wz_vehicle,,,,330304,0,,,,,2026-09-02
717f1b0f394d61de,温州,wz_vehicle,,,,330324,0,,,,,2026-09-02
b207ed5e86058f5c,温州,wz_vehicle,,,,330303,0,,,,,2026-09-02
c092bdeb3868a7f6,温州,wz_vehicle,,,,330382,0,,,,,2026-09-02
8b27914ad303d1a5,温州,wz_vehicle,,,,,0,,,,,2026-09-02
36bf9792f28dbc5d,温州,wz_vehicle,,,,330382,0,,,,,2026-09-02
b339e8b283366cad,温州,wz_vehicle,,,,330327,0,,,,,2026-09-02
80c8c5d6a0efb8c7,温州,wz_vehicle,,,,330391,0,,,,,2026-09-02
563d0c20effa5dd7,温州,wz_vehicle,,,,330302,0,,,,,2026-09-02
9d1085676f1df17a,温州,wz_vehicle,,,,330381,0,,,,,2026-09-02
e03eda8d9c2df2ae,温州,wz_vehicle,,,,330383,0,,,,,2026-09-02
82d166ef473bb9fb,温州,wz_vehicle,,,,330328,0,,,,,2026-09-02
a5b9bf72463e1ae7,温州,wz_vehicle,,,,330382,0,,,,,2026-09-02
3b027408442daae6,温州,wz_vehicle,,,,330303,0,,,,,2026-09-02
9b3412a08d2bf54f,温州,wz_vehicle,,,,330391,0,,,,,2026-09-02
7901bd10afd75b89,温州,wz_vehicle,,,,330327,0,,,,,2026-09-02
53146ffb29faaeae,温州,wz_vehicle,,,,330303,0,,,,,2026-09-02
dc00ad592a816243,温州,wz_vehicle,,,,330391,0,,,,,2026-09-02
00a4d15c31292fd7,温州,wz_vehicle,,,,330327,0,,,,,2026-09-02
57dc6402b5af8d2b,温州,wz_vehicle,,,,330391,0,,,,,2026-09-02
40d8fe4fe4ef73da,温州,wz_vehicle,,,,330383,0,,,,,2026-09-02
3d3c0059d5822d7f,温州,wz_vehicle,,,,330391,0,,,,,2026-09-02
195924616dac4724,温州,wz_vehicle,,,,330329,0,,,,,2026-09-02
2b1756ce951ae1e9,温州,wz_vehicle,,,,330327,0,,,,,2026-09-02
c95ac7b5e0ffee8c,温州,wz_vehicle,,,,330328,0,,,,,2026-09-02
2dc73697d0064dbb,温州,wz_vehicle,,,,330303,0,,,,,2026-09-02
ee616565f5a7b3f6,温州,wz_vehicle,,,,330382,0,,,,,2026-09-02
818dd2fffe874877,温州,wz_vehicle,,,,330300,0,,,,,2026-09-02
c6ebbb09ff1b61ba,温州,wz_vehicle,,,,330303,0,,,,,2026-09-02
7b198b6f646c479e,温州,wz_vehicle,,,,330327,0,,,,,2026-09-02
58cca642e26bdedb,温州,wz_vehicle,,,,330382,0,,,,,2026-09-02
4acc5bcb036bea18,温州,wz_vehicle,,,,330302,0,,,,,2026-09-02
a0b936959c4db422,温州,wz_vehicle,,,,330382,0,,,,,2026-09-02
6e74754ac76fcd13,温州,wz_vehicle,,,,330304,0,,,,,2026-09-02
3438dad93f3cad44,温州,wz_vehicle,,,,330391,0,,,,,2026-09-02
d7850d55406bf9bd,温州,wz_vehicle,,,,330391,0,,,,,2026-09-02
1edaa32dfa6673bd,温州,wz_vehicle,,,,330381,0,,,,,2026-09-02
3e259259a691258e,温州,wz_vehicle,,,,330382,0,,,,,2026-09-02
4baba20c948c4e5e,温州,wz_vehicle,,,,330326,0,,,,,2026-09-02
fcf8ea612552016c,温州,wz_vehicle,,,,330383,0,,,,,2026-09-02
672fd28a8f1997e7,温州,wz_vehicle,,,,330303,0,,,,,2026-09-02
57d94fb78a9cd0b9,温州,wz_vehicle,,,,330303,0,,,,,2026-09-02
ba5bd67363ced35f,温州,wz_vehicle,,,,330391,0,,,,,2026-09-02
fce61d3ef0d8ac9e,温州,wz_vehicle,,,,330381,0,,,,,2026-09-02
8eb272c77617b4d6,温州,wz_vehicle,,,,330303,0,,,,,2026-09-02
ba43a148baa26fcb,温州,wz_vehicle,,,,330381,0,,,,,2026-09-02
631c1cb5a6a7c93b,温州,wz_vehicle,,,,330302,0,,,,,2026-09-02
eeaf83d3c4d5c969,温州,wz_vehicle,,,,330303,0,,,,,2026-09-02
303d6b701692049b,温州,wz_vehicle,,,,330382,0,,,,,2026-09-02
56eb882d9ca9d362,温州,wz_vehicle,,,,330381,0,,,,,2026-09-02
a71a4a20c49dfb9a,温州,wz_vehicle,,,,330383,0,,,,,2026-09-02
283bfeda60838691,温州,wz_vehicle,,,,330303,0,,,,,2026-09-02
62e1f475b86e0598,温州,wz_vehicle,,,,330303,0,,,,,2026-09-02
f94b57f2e7be6a23,温州,wz_vehicle,,,,330304,0,,,,,2026-09-02
f69c7679d72c35d8,温州,wz_vehicle,,,,330383,0,,,,,2026-09-02
487741de5af1ef7e,温州,wz_vehicle,,,,330324,0,,,,,2026-09-02
2b3d58819f031ec1,温州,wz_vehicle,,,,330324,0,,,,,2026-09-02
84daae9af98f4e24,温州,wz_vehicle,,,,330303,0,,,,,2026-09-02
c344003168089134,温州,wz_vehicle,,,,330327,0,,,,,2026-09-02
9030fde40d5f7ac3,温州,wz_vehicle,,,,330324,0,,,,,2026-09-02
b04c566eeccb415d,温州,wz_vehicle,,,,330381,0,,,,,2026-09-02
7da70ace879353d8,温州,wz_vehicle,,,,330381,0,,,,,2026-09-02
982198ccb9141f71,温州,wz_vehicle,,,,330324,0,,,,,2026-09-02
f9ba1ae90c1b0f07,温州,wz_vehicle,,,,330327,0,,,,,2026-09-02
26443bb56926bc48,温州,wz_vehicle,,,,330327,0,,,,,2026-09-02
46f0df02e1d0bcb8,温州,wz_vehicle,,,,330303,0,,,,,2026-09-02
cad63763f99713f8,温州,wz_vehicle,,,,330302,0,,,,,2026-09-02
317504b7e3857ffe,温州,wz_vehicle,,,,330302,0,,,,,2026-09-02
14cb9826f6d5b2f1,温州,wz_vehicle,,,,330381,0,,,,,2026-09-02
d886e94f6c034b6f,温州,wz_vehicle,,,,330326,0,,,,,2026-09-02
f9e4720d80b72bad,温州,wz_vehicle,,,,330304,0,,,,,2026-09-02
a3bd4dd92289fd52,温州,wz_vehicle,,,,330391,0,,,,,2026-09-02
8fdfc05f4ca3fb54,温州,wz_vehicle,,,,330304,0,,,,,2026-09-02
51ccba4971d9d50b,温州,wz_vehicle,,,,330327,0,,,,,2026-09-02
a60270b83ae88d6c,温州,wz_vehicle,,,,330391,0,,,,,2026-09-02
f7bc305cbebcaac5,温州,wz_vehicle,,,,330303,0,,,,,2026-09-02
f89964f7b56d071c,温州,wz_vehicle,,,,330324,0,,,,,2026-09-02
90647410cd128303,温州,wz_vehicle,,,,330302,0,,,,,2026-09-02
92cf27546905123d,温州,wz_vehicle,,,,330382,0,,,,,2026-09-02
fb9c9629d957941f,温州,wz_vehicle,,,,330302,0,,,,,2026-09-02
d84cbbf78ddca6e8,温州,wz_vehicle,,,,330302,0,,,,,2026-09-02
110fda17e8da19d7,温州,wz_vehicle,,,,330391,0,,,,,2026-09-02
9c4a08af224f9132,温州,wz_vehicle,,,,330303,0,,,,,2026-09-02
b0e361cd863d3a50,温州,wz_vehicle,,,,330327,0,,,,,2026-09-02
bd69585882708d75,温州,wz_vehicle,,,,330326,0,,,,,2026-09-02
a185b0d480b13bfe,温州,wz_vehicle,,,,330382,0,,,,,2026-09-02
5b203ad8dd7aad32,温州,wz_vehicle,,,,330304,0,,,,,2026-09-02
5d160b16e99d75ac,温州,wz_vehicle,,,,330382,0,,,,,2026-09-02
197e859fc16b39a0,温州,wz_vehicle,,,,330391,0,,,,,2026-09-02
51f619fae868011e,温州,wz_vehicle,,,,330302,0,,,,,2026-09-02
a4b105205a9cc9e4,温州,wz_vehicle,,,,330326,0,,,,,2026-09-02
978fb8dd235cb22e,温州,wz_vehicle,,,,330303,0,,,,,2026-09-02
8a6f221db84219f8,温州,wz_vehicle,,,,330324,0,,,,,2026-09-02
de61a9f66129ca46,温州,wz_vehicle,,,,330391,0,,,,,2026-09-02
f21387f328c539e9,温州,wz_vehicle,,,,330381,0,,,,,2026-09-02
ea5f80f36accb498,温州,wz_vehicle,,,,330382,0,,,,,2026-09-02
25f09edec462c6e4,温州,wz_vehicle,,,,330381,0,,,,,2026-09-02
935ebcae030be19a,温州,wz_vehicle,,,,,0,,,,,2026-09-02
c8f2a6cb1ebb6402,温州,wz_vehicle,,,,330383,0,,,,,2026-09-02
a3da8ce4e6922e67,温州,wz_vehicle,,,,330381,0,,,,,2026-09-02
c89310c4ecc6bfa8,温州,wz_vehicle,,,,330328,0,,,,,2026-09-02
5c31bd821b3eca95,温州,wz_vehicle,,,,330383,0,,,,,2026-09-02
b183e292a8cdfe44,温州,wz_vehicle,,,,330382,0,,,,,2026-09-02
08829637cdcc3a1f,温州,wz_vehicle,,,,330327,0,,,,,2026-09-02
024f4611da5fc96c,温州,wz_vehicle,,,,330303,0,,,,,2026-09-02
8ee58950401ee4a6,温州,wz_vehicle,,,,330382,0,,,,,2026-09-02
ca245a02809e2d0b,温州,wz_vehicle,,,,330391,0,,,,,2026-09-02
d7fe675bb2adf10c,温州,wz_vehicle,,,,330303,0,,,,,2026-09-02
02ec31f71da41ee8,温州,wz_vehicle,,,,330329,0,,,,,2026-09-02
18168f5b042aeca2,温州,wz_vehicle,,,,330327,0,,,,,2026-09-02
53b545523ef9d94f,温州,wz_vehicle,,,,330391,0,,,,,2026-09-02
5130e2a04640bea7,温州,wz_vehicle,,,,330381,0,,,,,2026-09-02
8c27a4a05209d348,温州,wz_vehicle,,,,330304,0,,,,,2026-09-02
d74435a20417bb1a,温州,wz_vehicle,,,,330328,0,,,,,2026-09-02
75b8d3f07f5e6cc6,温州,wz_vehicle,,,,330302,0,,,,,2026-09-02
7fe55580cea8c46d,温州,wz_vehicle,,,,330326,0,,,,,2026-09-02
ba2eb4875661a4cd,温州,wz_vehicle,,,,330383,0,,,,,2026-09-02
80560d0e3b079028,温州,wz_vehicle,,,,330324,0,,,,,2026-09-02
9641b7a47c9e4dd2,温州,wz_vehicle,,,,330329,0,,,,,2026-09-02
12be7ac0502e750f,温州,wz_vehicle,,,,330382,0,,,,,2026-09-02
dd9ff37086c1e667,温州,wz_vehicle,,,,330381,0,,,,,2026-09-02
b9ab5917d3f6f9f5,温州,wz_vehicle,,,,330391,0,,,,,2026-09-02
17fd5a86d0896eb9,温州,wz_vehicle,,,,330327,0,,,,,2026-09-02
9fd3ce7ae3c8a4bd,温州,wz_vehicle,,,,330327,0,,,,,2026-09-02
a8ed5f7153d787db,温州,wz_vehicle,,,,330328,0,,,,,2026-09-02
b2a50aef4c7cbf53,温州,wz_vehicle,,,,330304,0,,,,,2026-09-02
c8a60f045801bd3b,温州,wz_vehicle,,,,330382,0,,,,,2026-09-02
2234712774547442,温州,wz_vehicle,,,,330391,0,,,,,2026-09-02
4d3cbd87a8b975d6,温州,wz_vehicle,,,,330381,0,,,,,2026-09-02
de4f92a25886e01f,温州,wz_vehicle,,,,330302,0,,,,,2026-09-02
bd8ac3c2ff82adca,温州,wz_vehicle,,,,330382,0,,,,,2026-09-02
bae02d45324a90a3,温州,wz_vehicle,,,,330327,0,,,,,2026-09-02
9546a3bb11ed893a,温州,wz_vehicle,,,,330391,0,,,,,2026-09-02
ba06dcb48dd2cd40,温州,wz_vehicle,,,,330324,0,,,,,2026-09-02
bf5d8fea5b943758,温州,wz_vehicle,,,,330302,0,,,,,2026-09-02
fc64a455a790d0e3,温州,wz_vehicle,,,,330327,0,,,,,2026-09-02
bdc84a59aa869e6d,温州,wz_vehicle,,,,330382,0,,,,,2026-09-02
29bbe8ea3ecd4482,温州,wz_vehicle,,,,330302,0,,,,,2026-09-02
f16c08144b819168,温州,wz_vehicle,,,,330381,0,,,,,2026-09-02
a0deb321d6ccb4c7,温州,wz_vehicle,,,,330324,0,,,,,2026-09-02
b826eb9bcae5efa7,温州,wz_vehicle,,,,330383,0,,,,,2026-09-02
a8b27e12063f5814,温州,wz_vehicle,,,,330391,0,,,,,2026-09-02
c5fe62014d6ba83f,温州,wz_vehicle,,,,330324,0,,,,,2026-09-02
fa7f26ebd047fb7d,温州,wz_vehicle,,,,330303,0,,,,,2026-09-02
447719cdfa6a9c7c,温州,wz_vehicle,,,,330303,0,,,,,2026-09-02
cb689c26c0cbd1f7,温州,wz_vehicle,,,,330391,0,,,,,2026-09-02
f8e2df434c1de194,温州,wz_vehicle,,,,330383,0,,,,,2026-09-02
2a692365a4ba027b,温州,wz_vehicle,,,,330303,0,,,,,2026-09-02
a386a402e5e7f3a3,温州,wz_vehicle,,,,330391,0,,,,,2026-09-02
4697f66d6c4fa1c9,温州,wz_vehicle,,,,330303,0,,,,,2026-09-02
d663be843a90db5f,温州,wz_vehicle,,,,330302,0,,,,,2026-09-02
323a1cd55a3af2f7,温州,wz_vehicle,,,,330326,0,,,,,2026-09-02
f1dd5ef443adec54,温州,wz_vehicle,,,,330391,0,,,,,2026-09-02
1325008f7f6f2783,温州,wz_vehicle,,,,330302,0,,,,,2026-09-02
4cdc07c38e92bd27,温州,wz_vehicle,,,,330303,0,,,,,2026-09-02
85737cc4051fd998,温州,wz_vehicle,,,,330302,0,,,,,2026-09-02
14c1f25fc2c91641,温州,wz_vehicle,,,,330391,0,,,,,2026-09-02
f32f6b171733b156,温州,wz_vehicle,,,,330324,0,,,,,2026-09-02
ea6dbae7a886cb27,温州,wz_vehicle,,,,330382,0,,,,,2026-09-02
d8218492c5a7e4fd,温州,wz_vehicle,,,,330302,0,,,,,2026-09-02
af1bbec0a6b5d2e5,温州,wz_vehicle,,,,330382,0,,,,,2026-09-02
ab70c9190426a4a6,温州,wz_vehicle,,,,330381,0,,,,,2026-09-02
b7e74e2772e30eba,温州,wz_vehicle,,,,330326,0,,,,,2026-09-02
c446ab1071849bb5,温州,wz_vehicle,,,,330391,0,,,,,2026-09-02
aacd6a529b803972,温州,wz_vehicle,,,,330327,0,,,,,2026-09-02
30c0753eca4e3359,温州,wz_vehicle,,,,330381,0,,,,,2026-09-02
2d3ed4f18b4544d3,温州,wz_vehicle,,,,330303,0,,,,,2026-09-02
e79f44dd870a5a0c,温州,wz_vehicle,,,,330383,0,,,,,2026-09-02
4df11169ee7ed2ef,温州,wz_vehicle,,,,330326,0,,,,,2026-09-02
d0d11e62d9c525cc,温州,wz_vehicle,,,,330303,0,,,,,2026-09-02
ced8744829001037,温州,wz_vehicle,,,,330324,0,,,,,2026-09-02
6d291e9401267691,温州,wz_vehicle,,,,330328,0,,,,,2026-09-02
820b1037b1412c5b,温州,wz_vehicle,,,,330391,0,,,,,2026-09-02
bfa2590eab001e7d,温州,wz_vehicle,,,,330303,0,,,,,2026-09-02
f60a5e95b676dccd,温州,wz_vehicle,,,,330391,0,,,,,2026-09-02
1ddc2ee3f25cbc91,温州,wz_vehicle,,,,330302,0,,,,,2026-09-02
bc0538b001d15310,温州,wz_vehicle,,,,330391,0,,,,,2026-09-02
1a342ef28cbfedfd,温州,wz_vehicle,,,,330327,0,,,,,2026-09-02
546997cebbc0dfb9,温州,wz_vehicle,,,,330327,0,,,,,2026-09-02
3f690f44204222d6,温州,wz_vehicle,,,,330383,0,,,,,2026-09-02
8998e894d60b63b7,温州,wz_vehicle,,,,330391,0,,,,,2026-09-02
8fcbcb518ef4a0f3,温州,wz_vehicle,,,,330329,0,,,,,2026-09-02
7d1e32a9ec2211c7,温州,wz_vehicle,,,,330303,0,,,,,2026-09-02
e38cb91f03fd767c,温州,wz_vehicle,,,,330326,0,,,,,2026-09-02
3d01fafcd2e810e8,温州,wz_vehicle,,,,330391,0,,,,,2026-09-02
9dd03e599257bcbc,温州,wz_vehicle,,,,330302,0,,,,,2026-09-02
baad27f0fe94d41f,温州,wz_vehicle,,,,330303,0,,,,,2026-09-02
1bc2954ac1016371,温州,wz_vehicle,,,,330328,0,,,,,2026-09-02
01af1836fbbe1a96,温州,wz_vehicle,,,,330382,0,,,,,2026-09-02
4106fe0aa34e9111,温州,wz_vehicle,,,,330381,0,,,,,2026-09-02
023ed2ef7313572b,温州,wz_vehicle,,,,330324,0,,,,,2026-09-02
a859aaf699f48a16,温州,wz_vehicle,,,,330382,0,,,,,2026-09-02
77bc7e7273c4d126,温州,wz_vehicle,,,,330382,0,,,,,2026-09-02
96dc46fc02195ca9,温州,wz_vehicle,,,,330327,0,,,,,2026-09-02
a2a45595c8322aea,温州,wz_vehicle,,,,330381,0,,,,,2026-09-02
25deb6741595586e,温州,wz_vehicle,,,,330303,0,,,,,2026-09-02
5c44ba150fc32fc1,温州,wz_vehicle,,,,330383,0,,,,,2026-09-02
32849c2fb737bdaf,温州,wz_vehicle,,,,330324,0,,,,,2026-09-02
7dab670aee96d511,温州,wz_vehicle,,,,330303,0,,,,,2026-09-02
7c3d0cf17ae9e70c,温州,wz_vehicle,,,,330381,0,,,,,2026-09-02
23041794c6128f35,温州,wz_vehicle,,,,330328,0,,,,,2026-09-02
36c072e1895bfaec,温州,wz_vehicle,,,,330382,0,,,,,2026-09-02
35e112ed6ba56107,温州,wz_vehicle,,,,330304,0,,,,,2026-09-02
9f88b4db4270b33a,温州,wz_vehicle,,,,330304,0,,,,,2026-09-02
5c20b4c1a708d79c,温州,wz_vehicle,,,,330391,0,,,,,2026-09-02
e623d4ab244be50d,温州,wz_vehicle,,,,330381,0,,,,,2026-09-02
2734f592906d6b5a,温州,wz_vehicle,,,,330383,0,,,,,2026-09-02
015f0b5087bde795,温州,wz_vehicle,,,,330327,0,,,,,2026-09-02
d516f94cc7550e72,温州,wz_vehicle,,,,330391,0,,,,,2026-09-02
c9008eb617322d13,温州,wz_vehicle,,,,330383,0,,,,,2026-09-02
6449a35084411a6f,温州,wz_vehicle,,,,330382,0,,,,,2026-09-02
e71c42a1b79f83d5,温州,wz_vehicle,,,,330382,0,,,,,2026-09-02
8275ad39e9e2ac60,温州,wz_vehicle,,,,330326,0,,,,,2026-09-02
ff72fee465f409bd,温州,wz_vehicle,,,,330326,0,,,,,2026-09-02
fee8ccad1c813c87,温州,wz_vehicle,,,,330327,0,,,,,2026-09-02
6434e2741861cc1c,温州,wz_vehicle,,,,330303,0,,,,,2026-09-02
837023cf5abdfd59,温州,wz_vehicle,,,,330382,0,,,,,2026-09-02
e043bfe4a29c1638,温州,wz_vehicle,,,,330326,0,,,,,2026-09-02
89d25e87d9b87a81,温州,wz_vehicle,,,,330324,0,,,,,2026-09-02
27feb1b514a36510,温州,wz_vehicle,,,,330303,0,,,,,2026-09-02
a5b3d2cb3ebf8e37,温州,wz_vehicle,,,,330304,0,,,,,2026-09-02
52a49c14a299e5f9,温州,wz_vehicle,,,,330300,0,,,,,2026-09-02
3208df6d777f6fee,温州,wz_vehicle,,,,330381,0,,,,,2026-09-02
af92833e412d22e2,温州,wz_vehicle,,,,330383,0,,,,,2026-09-02
feb05c6edb98d25d,温州,wz_vehicle,,,,330391,0,,,,,2026-09-02
348f036ab3dd35bb,温州,wz_vehicle,,,,330304,0,,,,,2026-09-02
bdeb19e89b094107,温州,wz_vehicle,,,,330327,0,,,,,2026-09-02
f46876cd70a920b8,温州,wz_vehicle,,,,330382,0,,,,,2026-09-02
79edd27dd828e7f4,温州,wz_vehicle,,,,330383,0,,,,,2026-09-02
2764e520e69d01ad,温州,wz_vehicle,,,,330327,0,,,,,2026-09-02
139d485e0c9dc003,温州,wz_vehicle,,,,330383,0,,,,,2026-09-02
8213ef89f435f107,温州,wz_vehicle,,,,330326,0,,,,,2026-09-02
3e8bbf4796c57463,温州,wz_vehicle,,,,330382,0,,,,,2026-09-02
d8eff17a817bd7e2,温州,wz_vehicle,,,,330304,0,,,,,2026-09-02
c04c8eceb62a17ad,温州,wz_vehicle,,,,330326,0,,,,,2026-09-02
c2ea27a81513b027,温州,wz_vehicle,,,,330326,0,,,,,2026-09-02
8e5b1a40022379b4,温州,wz_vehicle,,,,330382,0,,,,,2026-09-02
a09c1a346830060a,温州,wz_vehicle,,,,330382,0,,,,,2026-09-02
d7280833b0454d44,温州,wz_vehicle,,,,330382,0,,,,,2026-09-02
4c70d25b0cbeebba,温州,wz_vehicle,,,,330324,0,,,,,2026-09-02
a1a698cf089ce942,温州,wz_vehicle,,,,330381,0,,,,,2026-09-02
d22623b52f0b449e,温州,wz_vehicle,,,,330326,0,,,,,2026-09-02
35eef08b85b6f8c2,温州,wz_vehicle,,,,330303,0,,,,,2026-09-02
7f054f8efc0a6080,温州,wz_vehicle,,,,330302,0,,,,,2026-09-02
c3c7861a2d367d3d,温州,wz_vehicle,,,,330303,0,,,,,2026-09-02
4365e4350eca5514,温州,wz_vehicle,,,,330381,0,,,,,2026-09-02
b63e7cd08aba2e24,温州,wz_vehicle,,,,330391,0,,,,,2026-09-02
af3e22c4030aae4a,温州,wz_vehicle,,,,330391,0,,,,,2026-09-02
8525f251a2dbf0eb,温州,wz_vehicle,,,,330304,0,,,,,2026-09-02
e86d6dc1f0a5decd,温州,wz_vehicle,,,,330391,0,,,,,2026-09-02
0b4fc6e812aab86c,温州,wz_vehicle,,,,330381,0,,,,,2026-09-02
95c5356c6ba2cc73,温州,wz_vehicle,,,,330327,0,,,,,2026-09-02
d88b8070692667c5,温州,wz_vehicle,,,,330303,0,,,,,2026-09-02
46bb332afc2bdff8,温州,wz_vehicle,,,,330304,0,,,,,2026-09-02
4e5807e14d81fbd7,温州,wz_vehicle,,,,330329,0,,,,,2026-09-02
3205b02dde9bdbde,温州,wz_vehicle,,,,330382,0,,,,,2026-09-02
8f181269e069c879,温州,wz_vehicle,,,,330304,0,,,,,2026-09-02
289bf26eac4869a5,温州,wz_vehicle,,,,330391,0,,,,,2026-09-02
393db0959cc6a5b5,温州,wz_vehicle,,,,330303,0,,,,,2026-09-02
f5b333a4582db582,温州,wz_vehicle,,,,330303,0,,,,,2026-09-02
873b9cfd1020a223,温州,wz_vehicle,,,,330383,0,,,,,2026-09-02
34232e4a6859bd72,温州,wz_vehicle,,,,330326,0,,,,,2026-09-02
41a69ff11be8ab07,温州,wz_vehicle,,,,330324,0,,,,,2026-09-02
5593148c5073c45f,温州,wz_vehicle,,,,330303,0,,,,,2026-09-02
f74325a9233a4b4b,温州,wz_vehicle,,,,330382,0,,,,,2026-09-02
397634b37023fda9,温州,wz_vehicle,,,,330327,0,,,,,2026-09-02
2f6f0bdd9b589f00,温州,wz_vehicle,,,,330304,0,,,,,2026-09-02
63f658dc73518456,温州,wz_vehicle,,,,330302,0,,,,,2026-09-02
e11ba9a12b3a2d70,温州,wz_vehicle,,,,330303,0,,,,,2026-09-02
ba61a4167837a930,温州,wz_vehicle,,,,330391,0,,,,,2026-09-02
ee5120d53139faeb,温州,wz_vehicle,,,,330329,0,,,,,2026-09-02
1b660dc3bd259103,温州,wz_vehicle,,,,330326,0,,,,,2026-09-02
3af53dd8f9ea0270,温州,wz_vehicle,,,,330327,0,,,,,2026-09-02
45d726a99a64a37f,温州,wz_vehicle,,,,330326,0,,,,,2026-09-02
137bf9a5aeea5480,温州,wz_vehicle,,,,330382,0,,,,,2026-09-02
e2ca6f48d55b6f69,温州,wz_vehicle,,,,330327,0,,,,,2026-09-02
81be25c8b2377101,温州,wz_vehicle,,,,330383,0,,,,,2026-09-02
f7afeebc7f07d6e9,温州,wz_vehicle,,,,330303,0,,,,,2026-09-02
ee065e96213f98cd,温州,wz_vehicle,,,,330303,0,,,,,2026-09-02
ad6671b86cb291a5,温州,wz_vehicle,,,,330327,0,,,,,2026-09-02
ecc5507d8ebcbfbc,温州,wz_vehicle,,,,330382,0,,,,,2026-09-02
1cb762ba8745fe2f,温州,wz_vehicle,,,,330324,0,,,,,2026-09-02
b0ffc7ff68fdc7de,温州,wz_vehicle,,,,330327,0,,,,,2026-09-02
66e4e81ef744b82f,温州,wz_vehicle,,,,330324003,0,,,,,2026-09-02
a9f47ec97ca9b59a,温州,wz_vehicle,,,,330391,0,,,,,2026-09-02
dc9e343a0a21609e,温州,wz_vehicle,,,,330324,0,,,,,2026-09-02
26adfda5f3ee32d7,温州,wz_vehicle,,,,330302,0,,,,,2026-09-02
1e76aa39113c88e9,温州,wz_vehicle,,,,330383,0,,,,,2026-09-02
40398f6cc8e3ec7d,温州,wz_vehicle,,,,330391,0,,,,,2026-09-02
8d44ec8d64ec130d,温州,wz_vehicle,,,,330381,0,,,,,2026-09-02
874d2d12e7080690,温州,wz_vehicle,,,,330381,0,,,,,2026-09-02
63db6255892e41dd,温州,wz_vehicle,,,,330326,0,,,,,2026-09-02
278e6eacf61fa865,温州,wz_vehicle,,,,330382,0,,,,,2026-09-02
7579cf37c757ac62,温州,wz_vehicle,,,,330383,0,,,,,2026-09-02
6373cc77d20cd762,温州,wz_vehicle,,,,330324,0,,,,,2026-09-02
b72d38fe4425ee78,温州,wz_vehicle,,,,330324,0,,,,,2026-09-02
9ebee277f53c145c,温州,wz_vehicle,,,,330324,0,,,,,2026-09-02
274521fbe79d62d9,温州,wz_vehicle,,,,330304,0,,,,,2026-09-02
e7db33f55e86992f,温州,wz_vehicle,,,,330381,0,,,,,2026-09-02
5b53b1d58a0df14c,温州,wz_vehicle,,,,330324004,0,,,,,2026-09-02
a18a2a4c2a2e2c63,温州,wz_vehicle,,,,330391,0,,,,,2026-09-02
ed2078c6868bff4b,温州,wz_vehicle,,,,330382,0,,,,,2026-09-02
a588b50a04efaf95,温州,wz_vehicle,,,,330304,0,,,,,2026-09-02
2c1a92428d8a5736,温州,wz_vehicle,,,,330326,0,,,,,2026-09-02
d101fccaceac80c0,温州,wz_vehicle,,,,330391,0,,,,,2026-09-02
8939902dcde570f3,温州,wz_vehicle,,,,330303,0,,,,,2026-09-02
2113ca5ead61951e,温州,wz_vehicle,,,,330382,0,,,,,2026-09-02
b9d72fc21a03f4c4,温州,wz_vehicle,,,,,0,,,,,2026-09-02
fca049faf2ba657d,温州,wz_vehicle,,,,330328,0,,,,,2026-09-02
65227dac8af7586a,温州,wz_vehicle,,,,330382,0,,,,,2026-09-02
2e3955a8a91ef774,温州,wz_vehicle,,,,330383,0,,,,,2026-09-02
95ba636d06038145,温州,wz_vehicle,,,,330381,0,,,,,2026-09-02
eb931d0f3fc51696,温州,wz_vehicle,,,,330382,0,,,,,2026-09-02
705573114166eb85,温州,wz_vehicle,,,,330327,0,,,,,2026-09-02
0913db4a7cd00bcd,温州,wz_vehicle,,,,330327,0,,,,,2026-09-02
eb2ba784f8dfd920,温州,wz_vehicle,,,,330327,0,,,,,2026-09-02
c4085f4c58a43e63,温州,wz_vehicle,,,,330391,0,,,,,2026-09-02
895e516a025218cc,温州,wz_vehicle,,,,330382,0,,,,,2026-09-02
8bff049f04ca2385,温州,wz_vehicle,,,,330382,0,,,,,2026-09-02
9214db472b01a090,温州,wz_vehicle,,,,330391,0,,,,,2026-09-02
1e5eccb876254be2,温州,wz_vehicle,,,,330327,0,,,,,2026-09-02
7d905a85b2eb6196,温州,wz_vehicle,,,,330327,0,,,,,2026-09-02
c25cc77697621717,温州,wz_vehicle,,,,330327,0,,,,,2026-09-02
dd15a0021b2d4fa0,温州,wz_vehicle,,,,330391,0,,,,,2026-09-02
a51426a35bf08bd9,温州,wz_vehicle,,,,330303,0,,,,,2026-09-02
f9a471f316fe9d89,温州,wz_vehicle,,,,330324,0,,,,,2026-09-02
ccfc69b6cd62b3b8,温州,wz_vehicle,,,,330383,0,,,,,2026-09-02
77ad325705362a95,温州,wz_vehicle,,,,330304,0,,,,,2026-09-02
931981e20c296915,温州,wz_vehicle,,,,330383,0,,,,,2026-09-02
7a2b1b463765bcc1,温州,wz_vehicle,,,,330327,0,,,,,2026-09-02
51a83e4df29f4c50,温州,wz_vehicle,,,,330391,0,,,,,2026-09-02
70dee076f4ea5037,温州,wz_vehicle,,,,330382,0,,,,,2026-09-02
56d348b3518eabbb,温州,wz_vehicle,,,,330328,0,,,,,2026-09-02
a52cf126a1231187,温州,wz_vehicle,,,,330303,0,,,,,2026-09-02
5607bf459173aa02,温州,wz_vehicle,,,,330303,0,,,,,2026-09-02
4f65f07b81f1e69e,温州,wz_vehicle,,,,330327,0,,,,,2026-09-02
405abcea50a9888c,温州,wz_vehicle,,,,330381,0,,,,,2026-09-02
1fdd80776d614e7d,温州,wz_vehicle,,,,330381,0,,,,,2026-09-02
011e583e2ee4b900,温州,wz_vehicle,,,,330391,0,,,,,2026-09-02
49cdab371aed2bce,温州,wz_vehicle,,,,330391,0,,,,,2026-09-02
05eb7b333d06e695,温州,wz_vehicle,,,,330327,0,,,,,2026-09-02
b52c6d6064e12d72,温州,wz_vehicle,,,,330383,0,,,,,2026-09-02
4ee2b8d578b33394,温州,wz_vehicle,,,,330381,0,,,,,2026-09-02
4a7436a3cd2fbfe1,温州,wz_vehicle,,,,330324,0,,,,,2026-09-02
06731b11b39b94e5,温州,wz_vehicle,,,,330303,0,,,,,2026-09-02
3198c20d93e31465,温州,wz_vehicle,,,,330303,0,,,,,2026-09-02
b972b3fca13fd05d,温州,wz_vehicle,,,,330381,0,,,,,2026-09-02
089da545be80b50d,温州,wz_vehicle,,,,330329,0,,,,,2026-09-02
698b817fb2b22b57,温州,wz_vehicle,,,,330304,0,,,,,2026-09-02
9d7e5b4c1a191205,温州,wz_vehicle,,,,330381,0,,,,,2026-09-02
903ba81c1d7ef607,温州,wz_vehicle,,,,330324,0,,,,,2026-09-02
91e42ff00caaa2d1,温州,wz_vehicle,,,,330382,0,,,,,2026-09-02
0f219e15fd208213,温州,wz_vehicle,,,,330382,0,,,,,2026-09-02
452ad42c89158b47,温州,wz_vehicle,,,,330304,0,,,,,2026-09-02
17403cb7dee5042a,温州,wz_vehicle,,,,330324,0,,,,,2026-09-02
0f8e373fd69eb676,温州,wz_vehicle,,,,330382,0,,,,,2026-09-02
21f70bb967a1609c,温州,wz_vehicle,,,,330382,0,,,,,2026-09-02
b4fdb21522eaa42f,温州,wz_vehicle,,,,330382,0,,,,,2026-09-02
a6a65a53ffea4820,温州,wz_vehicle,,,,330383,0,,,,,2026-09-02
f01028f63340c089,温州,wz_vehicle,,,,330304,0,,,,,2026-09-02
ae73b8c2c7bf4e35,温州,wz_vehicle,,,,330327,0,,,,,2026-09-02
9931d6a785b64d23,温州,wz_vehicle,,,,330303,0,,,,,2026-09-02
bf70f5aa31bd718a,温州,wz_vehicle,,,,330391,0,,,,,2026-09-02
0a3aab484829c4aa,温州,wz_vehicle,,,,330391,0,,,,,2026-09-02
4f5403b475cb4a9f,温州,wz_vehicle,,,,330327,0,,,,,2026-09-02
0ca9c2c8bf6d9969,温州,wz_vehicle,,,,330303,0,,,,,2026-09-02
e4d85afd0fc9a3da,温州,wz_vehicle,,,,330326,0,,,,,2026-09-02
1704fb4d9ab5d9c3,温州,wz_vehicle,,,,330329,0,,,,,2026-09-02
93ded963a423fcfe,温州,wz_vehicle,,,,330324,0,,,,,2026-09-02
c25459dace3f815c,温州,wz_vehicle,,,,330326,0,,,,,2026-09-02
97746d820840da3d,温州,wz_vehicle,,,,330382,0,,,,,2026-09-02
aff14d4aba8aec73,温州,wz_vehicle,,,,330303,0,,,,,2026-09-02
d20a87d7d56e83ef,温州,wz_vehicle,,,,330302,0,,,,,2026-09-02
0b3c1617469ec035,温州,wz_vehicle,,,,330382,0,,,,,2026-09-02
ae1d9e80bd427b0d,温州,wz_vehicle,,,,330391,0,,,,,2026-09-02
b3022a50000a2c4c,温州,wz_vehicle,,,,330324,0,,,,,2026-09-02
707fff728aa3236b,温州,wz_vehicle,,,,330391,0,,,,,2026-09-02
0e37c07aab8346b8,温州,wz_vehicle,,,,330391,0,,,,,2026-09-02
37986792392e9f7a,温州,wz_vehicle,,,,330326,0,,,,,2026-09-02
4732ab541c55d613,温州,wz_vehicle,,,,330303,0,,,,,2026-09-02
19b1cfabd2e4720e,温州,wz_vehicle,,,,330328,0,,,,,2026-09-02
93cf179b7e6baa0d,温州,wz_vehicle,,,,330327,0,,,,,2026-09-02
310acf1a3ceb4fde,温州,wz_vehicle,,,,330382,0,,,,,2026-09-02
4049f019fa65def4,温州,wz_vehicle,,,,330326,0,,,,,2026-09-02
103c2a3f64eca4e4,温州,wz_vehicle,,,,330391,0,,,,,2026-09-02
fa7b7ae009fa1982,温州,wz_vehicle,,,,330381,0,,,,,2026-09-02
4e9eb52a7595ddfd,温州,wz_vehicle,,,,330382,0,,,,,2026-09-02
06fe446e49c30fde,温州,wz_vehicle,,,,330303,0,,,,,2026-09-02
1f550050f6f42aa2,温州,wz_vehicle,,,,330327,0,,,,,2026-09-02
1b882e814720d989,温州,wz_vehicle,,,,330391,0,,,,,2026-09-02
379f99c646280438,温州,wz_vehicle,,,,330391,0,,,,,2026-09-02
6cd459e9f9b2c9b0,温州,wz_vehicle,,,,330304,0,,,,,2026-09-02
f08e961f3d08cb9f,温州,wz_vehicle,,,,330304,0,,,,,2026-09-02
69523982d017171e,温州,wz_vehicle,,,,330326,0,,,,,2026-09-02
1a06502ea4fd674c,温州,wz_vehicle,,,,330326,0,,,,,2026-09-02
92ec74c7f72d26f5,温州,wz_vehicle,,,,330328,0,,,,,2026-09-02
74e8b199a5d94c15,温州,wz_vehicle,,,,330303,0,,,,,2026-09-02
9cabfbf21ca3bed9,温州,wz_vehicle,,,,330324,0,,,,,2026-09-02
c3ee2b18cbbd005c,温州,wz_vehicle,,,,330383,0,,,,,2026-09-02
8e2ce44232c19b9a,温州,wz_vehicle,,,,330302,0,,,,,2026-09-02
757e77671feb6dff,温州,wz_vehicle,,,,330391,0,,,,,2026-09-02
35f8f12e60746c24,温州,wz_vehicle,,,,330391,0,,,,,2026-09-02
911b2dc6d78d27dd,温州,wz_vehicle,,,,330381,0,,,,,2026-09-02
446e696b0a93173a,温州,wz_vehicle,,,,330383,0,,,,,2026-09-02
cdb3308b471b684d,温州,wz_vehicle,,,,330391,0,,,,,2026-09-02
a30bfad82e7fd5bb,温州,wz_vehicle,,,,330391,0,,,,,2026-09-02
a375cd257bdb30e1,温州,wz_vehicle,,,,330382,0,,,,,2026-09-02
b094a0363ad102bc,温州,wz_vehicle,,,,330304,0,,,,,2026-09-02
0ca6e2f5e234c895,温州,wz_vehicle,,,,330327,0,,,,,2026-09-02
22d2f8c3dcf8fdf9,温州,wz_vehicle,,,,330381,0,,,,,2026-09-02
25e1693298be736b,温州,wz_vehicle,,,,330327,0,,,,,2026-09-02
d9b45960daa30d6b,温州,wz_vehicle,,,,330326,0,,,,,2026-09-02
24633520a61f5c8d,温州,wz_vehicle,,,,330324,0,,,,,2026-09-02
44629648468713d9,温州,wz_vehicle,,,,330391,0,,,,,2026-09-02
2dd119492c236b72,温州,wz_vehicle,,,,330382,0,,,,,2026-09-02
3876a54516751b03,温州,wz_vehicle,,,,330302,0,,,,,2026-09-02
dfd850294cb2da55,温州,wz_vehicle,,,,330324,0,,,,,2026-09-02
29eabac6c0b55aee,温州,wz_vehicle,,,,330381,0,,,,,2026-09-02
bb796715abb07988,温州,wz_vehicle,,,,330383,0,,,,,2026-09-02
d4c15341d2442cfd,温州,wz_vehicle,,,,330324,0,,,,,2026-09-02
b91c8a5191a06575,温州,wz_vehicle,,,,330381,0,,,,,2026-09-02
148f8d0bfeb5ac65,温州,wz_vehicle,,,,330304,0,,,,,2026-09-02
3f84202a2e6b942e,温州,wz_vehicle,,,,330303,0,,,,,2026-09-02
1dd5640ac1826e7d,温州,wz_vehicle,,,,330383,0,,,,,2026-09-02
b2fa5ba054d737ef,温州,wz_vehicle,,,,330324,0,,,,,2026-09-02
2f38316831c423a2,温州,wz_vehicle,,,,330303,0,,,,,2026-09-02
3531f95c9ef3772a,温州,wz_vehicle,,,,330327,0,,,,,2026-09-02
45cd8becbc707ddf,温州,wz_vehicle,,,,330328,0,,,,,2026-09-02
95fc7e529ec2927a,温州,wz_vehicle,,,,330303,0,,,,,2026-09-02
443b22187ee1f51d,温州,wz_vehicle,,,,330382,0,,,,,2026-09-02
86ad23b245ee8b58,温州,wz_vehicle,,,,330302,0,,,,,2026-09-02
322b1490c5c532f1,温州,wz_vehicle,,,,330391,0,,,,,2026-09-02
5988df664979724e,温州,wz_vehicle,,,,330391,0,,,,,2026-09-02
db7d23fcb5e9dad5,温州,wz_vehicle,,,,330304,0,,,,,2026-09-02
bf54ef78cd3b5ebe,温州,wz_vehicle,,,,330303,0,,,,,2026-09-02
5370b8eb082c59f7,温州,wz_vehicle,,,,330324,0,,,,,2026-09-02
2dbfab2591ca3677,温州,wz_vehicle,,,,330303,0,,,,,2026-09-02
20f4dbc02d70ec96,温州,wz_vehicle,,,,330381,0,,,,,2026-09-02
20a60729c10f062e,温州,wz_vehicle,,,,330303,0,,,,,2026-09-02
6c7d8269d0de3a1f,温州,wz_vehicle,,,,330324,0,,,,,2026-09-02
1c9cc45566870027,温州,wz_vehicle,,,,330304,0,,,,,2026-09-02
f8af5dfa905320af,温州,wz_vehicle,,,,330303,0,,,,,2026-09-02
937935e4e46f342a,温州,wz_vehicle,,,,330303,0,,,,,2026-09-02
b9b07d6bafc2f6a8,温州,wz_vehicle,,,,330391,0,,,,,2026-09-02
4085fe63290ea598,温州,wz_vehicle,,,,330391,0,,,,,2026-09-02
f1505023cde6f7a5,温州,wz_vehicle,,,,330329,0,,,,,2026-09-02
c33414c6c10fd588,温州,wz_vehicle,,,,330324,0,,,,,2026-09-02
1188991f1906303d,温州,wz_vehicle,,,,330328,0,,,,,2026-09-02
772681252768ad65,温州,wz_vehicle,,,,330382,0,,,,,2026-09-02
e4b93bd1894af860,温州,wz_vehicle,,,,330383,0,,,,,2026-09-02
4dbf7c5847b8f5c1,温州,wz_vehicle,,,,330326,0,,,,,2026-09-02
36a43e44877a0820,温州,wz_vehicle,,,,330383,0,,,,,2026-09-02
6eb431cb2fad6456,温州,wz_vehicle,,,,330303,0,,,,,2026-09-02
500c66def163f62b,温州,wz_vehicle,,,,330324,0,,,,,2026-09-02
99f8d21680c7711d,温州,wz_vehicle,,,,330391,0,,,,,2026-09-02
cbed58a5250d2c62,温州,wz_vehicle,,,,330304,0,,,,,2026-09-02
bcc62c70200225a6,温州,wz_vehicle,,,,330383,0,,,,,2026-09-02
a6a904c1e36fbb62,温州,wz_vehicle,,,,330391,0,,,,,2026-09-02
377bec4cb76c37ae,温州,wz_vehicle,,,,330391,0,,,,,2026-09-02
3bebd8e1ece46f3d,温州,wz_vehicle,,,,330391,0,,,,,2026-09-02
8fb1723e0ecf4c31,温州,wz_vehicle,,,,330328,0,,,,,2026-09-02
eab3ffc2be8ccac0,温州,wz_vehicle,,,,330324,0,,,,,2026-09-02
c71ffc74ea6cd265,温州,wz_vehicle,,,,330304,0,,,,,2026-09-02
a5633e75d73d7501,温州,wz_vehicle,,,,330302,0,,,,,2026-09-02
22764d7f30cdadce,温州,wz_vehicle,,,,330382,0,,,,,2026-09-02
4aba8c74ee6adf04,温州,wz_vehicle,,,,330391,0,,,,,2026-09-02
15bd9e09e7ad3297,温州,wz_vehicle,,,,330303,0,,,,,2026-09-02
702ddd779c992862,温州,wz_vehicle,,,,330383,0,,,,,2026-09-02
de62b061b6642481,温州,wz_vehicle,,,,330302,0,,,,,2026-09-02
8fa9308e7ef6eabb,温州,wz_vehicle,,,,330391,0,,,,,2026-09-02
2eefdbc3b888bba6,温州,wz_vehicle,,,,330382,0,,,,,2026-09-02
3b6d9090690b3bc9,温州,wz_vehicle,,,,330303,0,,,,,2026-09-02
cfa14c683891fcaf,温州,wz_vehicle,,,,330391,0,,,,,2026-09-02
e9e9d9dfca2e3f64,温州,wz_vehicle,,,,330304,0,,,,,2026-09-02
b9721eef7ad932bc,温州,wz_vehicle,,,,330324,0,,,,,2026-09-02
1d85afaea9fd3c15,温州,wz_vehicle,,,,330304,0,,,,,2026-09-02
55f3087eb37418b5,温州,wz_vehicle,,,,330391,0,,,,,2026-09-02
d26ff33865667094,温州,wz_vehicle,,,,330381,0,,,,,2026-09-02
5a94c8aed67d3861,温州,wz_vehicle,,,,330391,0,,,,,2026-09-02
8863150739faf868,温州,wz_vehicle,,,,330382,0,,,,,2026-09-02
02f9ad32443dd72f,温州,wz_vehicle,,,,330383,0,,,,,2026-09-02
5bc706be21773aad,温州,wz_vehicle,,,,330383,0,,,,,2026-09-02
c339c33a3b69023e,温州,wz_vehicle,,,,330382,0,,,,,2026-09-02
46b2309a3cc60805,温州,wz_vehicle,,,,330382,0,,,,,2026-09-02
ee621cf454d04b56,温州,wz_vehicle,,,,330381,0,,,,,2026-09-02
07a046ea000bde7d,温州,wz_vehicle,,,,330328,0,,,,,2026-09-02
a3172162502c962a,温州,wz_vehicle,,,,330324,0,,,,,2026-09-02
707f368b83ab6b98,温州,wz_vehicle,,,,330303,0,,,,,2026-09-02
a355f3bbf9f36c1d,温州,wz_vehicle,,,,330381,0,,,,,2026-09-02
64aa491fd1e18733,温州,wz_vehicle,,,,330383,0,,,,,2026-09-02
2283a9a470440645,温州,wz_vehicle,,,,330382,0,,,,,2026-09-02
fcfa709af805a748,温州,wz_vehicle,,,,330327,0,,,,,2026-09-02
9ca6949f951f90b5,温州,wz_vehicle,,,,330327,0,,,,,2026-09-02
e644ebde518a5348,温州,wz_vehicle,,,,330326,0,,,,,2026-09-02
88516a6126f60a00,温州,wz_vehicle,,,,330303,0,,,,,2026-09-02
ad08ae27341fd804,温州,wz_vehicle,,,,330326,0,,,,,2026-09-02
95c203abfac0102f,温州,wz_vehicle,,,,330327,0,,,,,2026-09-02
5516626c360b9ea9,温州,wz_vehicle,,,,330326,0,,,,,2026-09-02
a4e0595add4a55ba,温州,wz_vehicle,,,,330381,0,,,,,2026-09-02
a27e4f073d06fee3,温州,wz_vehicle,,,,330383,0,,,,,2026-09-02
a6f81106bafebd7a,温州,wz_vehicle,,,,,0,,,,,2026-09-02
c4ba8b67da7c2dfe,温州,wz_vehicle,,,,330304,0,,,,,2026-09-02
32ce844af9a68e34,温州,wz_vehicle,,,,330303,0,,,,,2026-09-02
dbfae0826ca8c613,温州,wz_vehicle,,,,330303,0,,,,,2026-09-02
0351e0d91039638d,温州,wz_vehicle,,,,330382,0,,,,,2026-09-02
74e095fd35bf3a01,温州,wz_vehicle,,,,330326,0,,,,,2026-09-02
60d15c70420e4396,温州,wz_vehicle,,,,330327,0,,,,,2026-09-02
29f5a291e5a539f8,温州,wz_vehicle,,,,330304,0,,,,,2026-09-02
1af1628d1a405c89,温州,wz_vehicle,,,,330328,0,,,,,2026-09-02
6e62aef40205cc95,温州,wz_vehicle,,,,330328,0,,,,,2026-09-02
52b53cb2fdafde17,温州,wz_vehicle,,,,330327,0,,,,,2026-09-02
77e0aa4846eb365c,温州,wz_vehicle,,,,330302,0,,,,,2026-09-02
bfcc84f0323cf762,温州,wz_vehicle,,,,330381,0,,,,,2026-09-02
253bc7a88d34b6ae,温州,wz_vehicle,,,,330327,0,,,,,2026-09-02
a6142c30f8a2ed4e,温州,wz_vehicle,,,,330327,0,,,,,2026-09-02
e1eda673074e2533,温州,wz_vehicle,,,,330302,0,,,,,2026-09-02
6b59ab1737ff09ee,温州,wz_vehicle,,,,330326,0,,,,,2026-09-02
4fc90d3d5c3ddc1e,温州,wz_vehicle,,,,330304,0,,,,,2026-09-02
718df07f06cbf5c5,温州,wz_vehicle,,,,330391,0,,,,,2026-09-02
35aa917086c52f47,温州,wz_vehicle,,,,330327,0,,,,,2026-09-02
3b053b3ce631b0b1,温州,wz_vehicle,,,,330381,0,,,,,2026-09-02
2e3056117f53228a,温州,wz_vehicle,,,,330324,0,,,,,2026-09-02
8759461fe3827e77,温州,wz_vehicle,,,,330302,0,,,,,2026-09-02
f87c2559f75eecf1,温州,wz_vehicle,,,,330383,0,,,,,2026-09-02
f42f14c22a547758,温州,wz_vehicle,,,,330324,0,,,,,2026-09-02
da29c406a7b7a75f,温州,wz_vehicle,,,,330383,0,,,,,2026-09-02
a62b1dd871ab3fcd,温州,wz_vehicle,,,,330381,0,,,,,2026-09-02
b4979fae1f821de2,温州,wz_vehicle,,,,330326,0,,,,,2026-09-02
bf2ac8a484cc43be,温州,wz_vehicle,,,,330303,0,,,,,2026-09-02
5ed020b25c93af73,温州,wz_vehicle,,,,330383,0,,,,,2026-09-02
9e38d64c08ec5bc2,温州,wz_vehicle,,,,330381,0,,,,,2026-09-02
a54c6d049b4117f4,温州,wz_vehicle,,,,330326,0,,,,,2026-09-02
e26d9c6944b42e16,温州,wz_vehicle,,,,330303,0,,,,,2026-09-02
5dc342360ce785d5,温州,wz_vehicle,,,,330391,0,,,,,2026-09-02
37bf39603d35b34b,温州,wz_vehicle,,,,330303,0,,,,,2026-09-02
a353d5da86f1e2ac,温州,wz_vehicle,,,,330327,0,,,,,2026-09-02
eb7b678ee48ce43f,温州,wz_vehicle,,,,330327,0,,,,,2026-09-02
f439389832f001e4,温州,wz_vehicle,,,,330302,0,,,,,2026-09-02
4650f61f6372f46a,温州,wz_vehicle,,,,330324,0,,,,,2026-09-02
cf42e98031394b42,温州,wz_vehicle,,,,330382,0,,,,,2026-09-02
5f7e61c50ca6e818,温州,wz_vehicle,,,,330304,0,,,,,2026-09-02
e37f3f1f52ab2f08,温州,wz_vehicle,,,,330391,0,,,,,2026-09-02
c6fb4e1e6950a293,温州,wz_vehicle,,,,330326,0,,,,,2026-09-02
444564c822729377,温州,wz_vehicle,,,,330381,0,,,,,2026-09-02
9ece5f00b3f0bfdd,温州,wz_vehicle,,,,330324,0,,,,,2026-09-02
b4cb56eaad21c2ae,温州,wz_vehicle,,,,330382,0,,,,,2026-09-02
74efcd2ecbc2b315,温州,wz_vehicle,,,,330382,0,,,,,2026-09-02
76b1af201cf5ec95,温州,wz_vehicle,,,,330303,0,,,,,2026-09-02
ec58c08ebade41d2,温州,wz_vehicle,,,,330326,0,,,,,2026-09-02
cc971ac8ee90e716,温州,wz_vehicle,,,,330324,0,,,,,2026-09-02
68dfa62a2fef0042,温州,wz_vehicle,,,,330382,0,,,,,2026-09-02
1a738e281e03cab6,温州,wz_vehicle,,,,330303,0,,,,,2026-09-02
7b888622962b2d5b,温州,wz_vehicle,,,,330381,0,,,,,2026-09-02
a12729cf3e17ec64,温州,wz_vehicle,,,,330324,0,,,,,2026-09-02
be4a7956d82b3e6c,温州,wz_vehicle,,,,330327,0,,,,,2026-09-02
56e9ea34e7f615e2,温州,wz_vehicle,,,,330382,0,,,,,2026-09-02
34387afd40cf17d8,温州,wz_vehicle,,,,330326,0,,,,,2026-09-02
1ba8fef341ee3832,温州,wz_vehicle,,,,330303,0,,,,,2026-09-02
7c0cbe10faec065b,温州,wz_vehicle,,,,330327,0,,,,,2026-09-02
0601d99aee2796b5,温州,wz_vehicle,,,,330326,0,,,,,2026-09-02
b68b6492157afd02,温州,wz_vehicle,,,,330391,0,,,,,2026-09-02
99ec64465fa3c748,温州,wz_vehicle,,,,330383,0,,,,,2026-09-02
a0f442698c4f7b14,温州,wz_vehicle,,,,330324,0,,,,,2026-09-02
a2b55781883eeddc,温州,wz_vehicle,,,,330382,0,,,,,2026-09-02
beaf722d321894e8,温州,wz_vehicle,,,,330329,0,,,,,2026-09-02
926387bbcdb67bb2,温州,wz_vehicle,,,,330382,0,,,,,2026-09-02
3355e3ae43a78b3c,温州,wz_vehicle,,,,330303,0,,,,,2026-09-02
ad531d608d877a00,温州,wz_vehicle,,,,330382,0,,,,,2026-09-02
3a4e5e605de5b71c,温州,wz_vehicle,,,,330383,0,,,,,2026-09-02
b367885276fa140f,温州,wz_vehicle,,,,330327,0,,,,,2026-09-02
01dc629fb1b37daa,温州,wz_vehicle,,,,330328,0,,,,,2026-09-02
e18cc88259a8d28d,温州,wz_vehicle,,,,330303,0,,,,,2026-09-02
f43888094e207702,温州,wz_vehicle,,,,330383,0,,,,,2026-09-02
e12baa002f467879,温州,wz_vehicle,,,,330391,0,,,,,2026-09-02
6a039bda36ed0fa5,温州,wz_vehicle,,,,330304,0,,,,,2026-09-02
832628c6e21bd50f,温州,wz_vehicle,,,,330326,0,,,,,2026-09-02
7d41429b878d0e05,温州,wz_vehicle,,,,330324,0,,,,,2026-09-02
7e455417519be9cf,温州,wz_vehicle,,,,330382,0,,,,,2026-09-02
daf148edd73c782f,温州,wz_vehicle,,,,330303,0,,,,,2026-09-02
c9f46568b61fd166,温州,wz_vehicle,,,,330302,0,,,,,2026-09-02
421fc98d19e9b4bc,温州,wz_vehicle,,,,330326,0,,,,,2026-09-02
f427032b2bdf91de,温州,wz_vehicle,,,,330391,0,,,,,2026-09-02
b0ee68c339a17e31,温州,wz_vehicle,,,,330329,0,,,,,2026-09-02
1d4e30ab91202635,温州,wz_vehicle,,,,330324,0,,,,,2026-09-02
c4b7503f350bd1db,温州,wz_vehicle,,,,330391,0,,,,,2026-09-02
51c485bbc33c5400,温州,wz_vehicle,,,,330383,0,,,,,2026-09-02
3649ad18a9e887c9,温州,wz_vehicle,,,,330303,0,,,,,2026-09-02
1f6f4ee2997a2522,温州,wz_vehicle,,,,330303,0,,,,,2026-09-02
421c1fa4d79b083e,温州,wz_vehicle,,,,330391,0,,,,,2026-09-02
e81c6b114e57091a,温州,wz_vehicle,,,,330303,0,,,,,2026-09-02
dc5311e5cea7f45e,温州,wz_vehicle,,,,330381,0,,,,,2026-09-02
5de0b6739a52794b,温州,wz_vehicle,,,,330381,0,,,,,2026-09-02
e73ad75df9465034,温州,wz_vehicle,,,,330304,0,,,,,2026-09-02
7c8e552b8f50fd26,温州,wz_vehicle,,,,330391,0,,,,,2026-09-02
4688854b456e09f7,温州,wz_vehicle,,,,330327,0,,,,,2026-09-02
5440393d06bc253a,温州,wz_vehicle,,,,330391,0,,,,,2026-09-02
7207e7f0ea47dc63,温州,wz_vehicle,,,,330391,0,,,,,2026-09-02
968966b74df47c69,温州,wz_vehicle,,,,330391,0,,,,,2026-09-02
691c71e918980bd2,温州,wz_vehicle,,,,330326,0,,,,,2026-09-02
b2d38f5ebfe27cf2,温州,wz_vehicle,,,,330324,0,,,,,2026-09-02
e9f7272eeb16734e,温州,wz_vehicle,,,,330324,0,,,,,2026-09-02
8e4e28bd5a4d846c,温州,wz_vehicle,,,,330302,0,,,,,2026-09-02
7f673e3372e582e7,温州,wz_vehicle,,,,330381,0,,,,,2026-09-02
767d5269a37b0598,温州,wz_vehicle,,,,330381,0,,,,,2026-09-02
faa0a26959dc238a,温州,wz_vehicle,,,,330382,0,,,,,2026-09-02
25722d2d9f4c0255,温州,wz_vehicle,,,,330327,0,,,,,2026-09-02
efc9b84708e6bebb,温州,wz_vehicle,,,,330303,0,,,,,2026-09-02
46d47dcef1718a13,温州,wz_vehicle,,,,330303,0,,,,,2026-09-02
e1fd663c5063d6ec,温州,wz_vehicle,,,,330324,0,,,,,2026-09-02
a7a439ddfc1ea25a,温州,wz_vehicle,,,,330382,0,,,,,2026-09-02
58ff007a6f868cff,温州,wz_vehicle,,,,330324,0,,,,,2026-09-02
34ae528e9e5d93ad,温州,wz_vehicle,,,,330383,0,,,,,2026-09-02
309b670628521100,温州,wz_vehicle,,,,330303,0,,,,,2026-09-02
384dd1aece7fd1d9,温州,wz_vehicle,,,,330324,0,,,,,2026-09-02
78bf2549642d1268,温州,wz_vehicle,,,,330391,0,,,,,2026-09-02
f68b5ad0076df5e6,温州,wz_vehicle,,,,330326,0,,,,,2026-09-02
86ff37f7dca30a07,温州,wz_vehicle,,,,3303,0,,,,,2026-09-02
1aa84b483662eda8,温州,wz_vehicle,,,,330383,0,,,,,2026-09-02
d469e467ef02062e,温州,wz_vehicle,,,,330303,0,,,,,2026-09-02
93acf2a7b834697c,温州,wz_vehicle,,,,330304,0,,,,,2026-09-02
d9baf08e51342164,温州,wz_vehicle,,,,330304,0,,,,,2026-09-02
199bae03b3c08b65,温州,wz_vehicle,,,,330327,0,,,,,2026-09-02
d30572235403a913,温州,wz_vehicle,,,,330304,0,,,,,2026-09-02
f3d09cb35dc15099,温州,wz_vehicle,,,,330381,0,,,,,2026-09-02
a3f65bffc9d9eb4f,温州,wz_vehicle,,,,330382,0,,,,,2026-09-02
4b0925dd6b60eadd,温州,wz_vehicle,,,,330324,0,,,,,2026-09-02
ea397c03bea0bc6c,温州,wz_vehicle,,,,330383,0,,,,,2026-09-02
c5e571d0a226ab38,温州,wz_vehicle,,,,330391,0,,,,,2026-09-02
881c900fe2a684bc,温州,wz_vehicle,,,,330383,0,,,,,2026-09-02
528ba409a216de32,温州,wz_vehicle,,,,330391,0,,,,,2026-09-02
3f6486ff8615820e,温州,wz_vehicle,,,,330303,0,,,,,2026-09-02
647363f37c25fd84,温州,wz_vehicle,,,,330391,0,,,,,2026-09-02
4a2fb06d769fe993,温州,wz_vehicle,,,,330382,0,,,,,2026-09-02
bea5aef91f7a6e3a,温州,wz_vehicle,,,,330324,0,,,,,2026-09-02
c38f438c9ccc306f,温州,wz_vehicle,,,,330324,0,,,,,2026-09-02
9f2817ab343b7d89,温州,wz_vehicle,,,,330326,0,,,,,2026-09-02
ecb71e31cec749d9,温州,wz_vehicle,,,,330304,0,,,,,2026-09-02
f39972c888d45875,温州,wz_vehicle,,,,330383,0,,,,,2026-09-02
646393bd77f288d8,温州,wz_vehicle,,,,330303,0,,,,,2026-09-02
8dba12cc9c9a838c,温州,wz_vehicle,,,,330381,0,,,,,2026-09-02
3665ad8950662864,温州,wz_vehicle,,,,330382,0,,,,,2026-09-02
2189aafebe95f002,温州,wz_vehicle,,,,330304,0,,,,,2026-09-02
f3350d5c233cf8de,温州,wz_vehicle,,,,330326,0,,,,,2026-09-02
03de147ea2bcc5f2,温州,wz_vehicle,,,,330391,0,,,,,2026-09-02
53ff0df7351a36d6,温州,wz_vehicle,,,,330391,0,,,,,2026-09-02
8315d90fe525b540,温州,wz_vehicle,,,,330381,0,,,,,2026-09-02
d5307fd751084faa,温州,wz_vehicle,,,,330383,0,,,,,2026-09-02
026c0884d964c40e,温州,wz_vehicle,,,,330391,0,,,,,2026-09-02
314e8cd86d4c43b9,温州,wz_vehicle,,,,330381,0,,,,,2026-09-02
92ae1e041bf9bd4c,温州,wz_vehicle,,,,330381,0,,,,,2026-09-02
2f685a1e1c59fd8c,温州,wz_vehicle,,,,,0,,,,,2026-09-02
f1cc5fb50ae3ef60,温州,wz_vehicle,,,,330303,0,,,,,2026-09-02
ba0dc88a25aba769,温州,wz_vehicle,,,,330326,0,,,,,2026-09-02
dd74c52e3b380e16,温州,wz_vehicle,,,,330303,0,,,,,2026-09-02
f8f45d4e6c15d8ab,温州,wz_vehicle,,,,330304,0,,,,,2026-09-02
d8c9dda2430f7f1c,温州,wz_vehicle,,,,330303,0,,,,,2026-09-02
4769e70de77a42ef,温州,wz_vehicle,,,,330324,0,,,,,2026-09-02
fcada9ea2375e581,温州,wz_vehicle,,,,330304,0,,,,,2026-09-02
41eceb6677b7b6cc,温州,wz_vehicle,,,,330304,0,,,,,2026-09-02
c454c1029eeba5b9,温州,wz_vehicle,,,,330382,0,,,,,2026-09-02
8ffb087431222b82,温州,wz_vehicle,,,,330381,0,,,,,2026-09-02
eb491df28132a04c,温州,wz_vehicle,,,,330326,0,,,,,2026-09-02
b97ed8142811326d,温州,wz_vehicle,,,,330303,0,,,,,2026-09-02
f2f8f6f7a3a184ee,温州,wz_vehicle,,,,330304,0,,,,,2026-09-02
8d8eac0836a271c5,温州,wz_vehicle,,,,330304,0,,,,,2026-09-02
ca845e43cde98bd6,温州,wz_vehicle,,,,330383,0,,,,,2026-09-02
4d7534fc4b3570c7,温州,wz_vehicle,,,,330302,0,,,,,2026-09-02
621834e3a146beed,温州,wz_vehicle,,,,330382,0,,,,,2026-09-02
aa49511e87ad0acf,温州,wz_vehicle,,,,330327,0,,,,,2026-09-02
9a891348f890ad65,温州,wz_vehicle,,,,330382,0,,,,,2026-09-02
a4314c73cfe350bc,温州,wz_vehicle,,,,330383,0,,,,,2026-09-02
081dc501ccb1957e,温州,wz_vehicle,,,,330381,0,,,,,2026-09-02
da4f16cc6f141366,温州,wz_vehicle,,,,330302,0,,,,,2026-09-02
45664f9fedf4681f,温州,wz_vehicle,,,,330381,0,,,,,2026-09-02
0adaec46a4276ed0,温州,wz_vehicle,,,,330303,0,,,,,2026-09-02
6d23c8049a67e278,温州,wz_vehicle,,,,330327,0,,,,,2026-09-02
2216a5d72c13e2d2,温州,wz_vehicle,,,,330391,0,,,,,2026-09-02
f2280f553f066d57,温州,wz_vehicle,,,,330383,0,,,,,2026-09-02
36b5f725f0063934,温州,wz_vehicle,,,,330382,0,,,,,2026-09-02
8a0acb5e78f573e2,温州,wz_vehicle,,,,330302,0,,,,,2026-09-02
a5fb6e91e4ef8a46,温州,wz_vehicle,,,,330383,0,,,,,2026-09-02
f95d95630dfcd676,温州,wz_vehicle,,,,330303,0,,,,,2026-09-02
38fc20a6d94b8d0a,温州,wz_vehicle,,,,330382,0,,,,,2026-09-02
047975273dcedc39,温州,wz_vehicle,,,,330326,0,,,,,2026-09-02
dc9f901c95bc94b6,温州,wz_vehicle,,,,330326,0,,,,,2026-09-02
37844552d63d9964,温州,wz_vehicle,,,,330383,0,,,,,2026-09-02
c0a6e2b9098fa8a1,温州,wz_vehicle,,,,330304,0,,,,,2026-09-02
a93768a0d30df6ad,温州,wz_vehicle,,,,330383,0,,,,,2026-09-02
321a5b89fd084036,温州,wz_vehicle,,,,330303,0,,,,,2026-09-02
2af93c14becf0233,温州,wz_vehicle,,,,330329,0,,,,,2026-09-02
fb95474627f7382d,温州,wz_vehicle,,,,330381,0,,,,,2026-09-02
10939b29f64d078b,温州,wz_vehicle,,,,330302,0,,,,,2026-09-02
1d1ed5ad2b0c3999,温州,wz_vehicle,,,,330304,0,,,,,2026-09-02
4ad10a77407b0d8c,温州,wz_vehicle,,,,330303,0,,,,,2026-09-02
6443bcf3fa595a4d,温州,wz_vehicle,,,,330324,0,,,,,2026-09-02
12b1b54f38b612a0,温州,wz_vehicle,,,,330326,0,,,,,2026-09-02
ad8c77b87f51a9db,温州,wz_vehicle,,,,330327,0,,,,,2026-09-02
13c571cb4d0ce172,温州,wz_vehicle,,,,330327,0,,,,,2026-09-02
467ee6f6403c582d,温州,wz_vehicle,,,,330327,0,,,,,2026-09-02
3baeb43d78d3339a,温州,wz_vehicle,,,,330303,0,,,,,2026-09-02
99c67ee40531d65c,温州,wz_vehicle,,,,330327,0,,,,,2026-09-02
bf6e77e46f8537db,温州,wz_vehicle,,,,330382,0,,,,,2026-09-02
dfb6f793238d9b6d,温州,wz_vehicle,,,,330303,0,,,,,2026-09-02
899da029f53b1cbd,温州,wz_vehicle,,,,330326,0,,,,,2026-09-02
821d1e8d3cf922a3,温州,wz_vehicle,,,,330383,0,,,,,2026-09-02
b462b7caf3c2e876,温州,wz_vehicle,,,,330391,0,,,,,2026-09-02
1881227d892b6d0f,温州,wz_vehicle,,,,330302,0,,,,,2026-09-02
14ccdef4e5b5131a,温州,wz_vehicle,,,,330391,0,,,,,2026-09-02
1a362acf0b37edd2,温州,wz_vehicle,,,,330300,0,,,,,2026-09-02
291f6405a48307c9,温州,wz_vehicle,,,,330303,0,,,,,2026-09-02
cc06859d35998533,温州,wz_vehicle,,,,330324,0,,,,,2026-09-02
1cc66826a0724b69,温州,wz_vehicle,,,,330324,0,,,,,2026-09-02
2f37f4fea0de0801,温州,wz_vehicle,,,,330382,0,,,,,2026-09-02
905c870dd6650281,温州,wz_vehicle,,,,330300,0,,,,,2026-09-02
82cd3be0fe43f335,温州,wz_vehicle,,,,330383,0,,,,,2026-09-02
64473b62d4921a6f,温州,wz_vehicle,,,,330328,0,,,,,2026-09-02
41beae483a431fb1,温州,wz_vehicle,,,,330327,0,,,,,2026-09-02
d5722c44c10f1b3d,温州,wz_vehicle,,,,330381,0,,,,,2026-09-02
c9c0dfcfb899757b,温州,wz_vehicle,,,,330381,0,,,,,2026-09-02
d1c88b55d45f65fc,温州,wz_vehicle,,,,330382,0,,,,,2026-09-02
70d0c578b076a641,温州,wz_vehicle,,,,330327,0,,,,,2026-09-02
d9aadeb68dc2f687,温州,wz_vehicle,,,,330302,0,,,,,2026-09-02
2c5db2ff5dd812d5,温州,wz_vehicle,,,,330383,0,,,,,2026-09-02
130a7ff7feeeb80c,温州,wz_vehicle,,,,330303,0,,,,,2026-09-02
246df1397c302933,温州,wz_vehicle,,,,330328,0,,,,,2026-09-02
0ad9113022b58b94,温州,wz_vehicle,,,,330382,0,,,,,2026-09-02
45f6d685eb001971,温州,wz_vehicle,,,,330326,0,,,,,2026-09-02
bb4197fff78a3812,温州,wz_vehicle,,,,,0,,,,,2026-09-02
d09180dcc3d84d0c,温州,wz_vehicle,,,,330303,0,,,,,2026-09-02
c808b2dc4eda2d80,温州,wz_vehicle,,,,330304,0,,,,,2026-09-02
9bfd8d68b1f0bab5,温州,wz_vehicle,,,,330326,0,,,,,2026-09-02
033a4c9d9c0a2621,温州,wz_vehicle,,,,330328,0,,,,,2026-09-02
b34d40e7ce85f0d2,温州,wz_vehicle,,,,330382,0,,,,,2026-09-02
a2bc2c6e7fd00c12,温州,wz_vehicle,,,,330324,0,,,,,2026-09-02
583a98b9b97eb46e,温州,wz_vehicle,,,,330324,0,,,,,2026-09-02
7a3dfe4d5eab62c6,温州,wz_vehicle,,,,330302,0,,,,,2026-09-02
d89a03ecb3739e84,温州,wz_vehicle,,,,330382,0,,,,,2026-09-02
278d2a4fc6502633,温州,wz_vehicle,,,,330327,0,,,,,2026-09-02
22edad6ecf0730e3,温州,wz_vehicle,,,,330303,0,,,,,2026-09-02
dea824b393744271,温州,wz_vehicle,,,,330382,0,,,,,2026-09-02
958ff12d435a8386,温州,wz_vehicle,,,,330326,0,,,,,2026-09-02
4f06be3d96011ca6,温州,wz_vehicle,,,,330303,0,,,,,2026-09-02
38c32dbf4ab57b25,温州,wz_vehicle,,,,330391,0,,,,,2026-09-02
45883b6fb91f0627,温州,wz_vehicle,,,,330328,0,,,,,2026-09-02
6d0ca881a5823116,温州,wz_vehicle,,,,330382,0,,,,,2026-09-02
80eedf2c57c1ed32,温州,wz_vehicle,,,,330327,0,,,,,2026-09-02
170e7e8c89ff3f76,温州,wz_vehicle,,,,330328,0,,,,,2026-09-02
7d00f703a8b10b95,温州,wz_vehicle,,,,330324,0,,,,,2026-09-02
677eb46fe552bd23,温州,wz_vehicle,,,,330324,0,,,,,2026-09-02
e5e396858ea56531,温州,wz_vehicle,,,,330383,0,,,,,2026-09-02
220318f4dd181935,温州,wz_vehicle,,,,330302,0,,,,,2026-09-02
a5a9a95038dd56c3,温州,wz_vehicle,,,,330381,0,,,,,2026-09-02
4158219c857d0619,温州,wz_vehicle,,,,330324,0,,,,,2026-09-02
bbc3bf9185c0bf2b,温州,wz_vehicle,,,,330327,0,,,,,2026-09-02
63eaa06d715a4817,温州,wz_vehicle,,,,330383,0,,,,,2026-09-02
85a35d0f023373b2,温州,wz_vehicle,,,,330391,0,,,,,2026-09-02
e1136b218f0b91ee,温州,wz_vehicle,,,,330381,0,,,,,2026-09-02
84aa4d23675c7e93,温州,wz_vehicle,,,,330303,0,,,,,2026-09-02
6f1e8fbac2dcf618,温州,wz_vehicle,,,,330324,0,,,,,2026-09-02
3342816491979c55,温州,wz_vehicle,,,,330324,0,,,,,2026-09-02
1483b7a9c1e8fb48,温州,wz_vehicle,,,,330304,0,,,,,2026-09-02
56e205f79499b58c,温州,wz_vehicle,,,,330381,0,,,,,2026-09-02
ccda554830f36186,温州,wz_vehicle,,,,330327,0,,,,,2026-09-02
15905cde078e7b59,温州,wz_vehicle,,,,330382,0,,,,,2026-09-02
bab1e7eaaafa0383,温州,wz_vehicle,,,,330391,0,,,,,2026-09-02
e6f42503ce60fa89,温州,wz_vehicle,,,,330383,0,,,,,2026-09-02
51251aeed7356af3,温州,wz_vehicle,,,,330303,0,,,,,2026-09-02
174fdf4030630634,温州,wz_vehicle,,,,330326,0,,,,,2026-09-02
79ef97d8e6f9c994,温州,wz_vehicle,,,,330304,0,,,,,2026-09-02
179c1788d184e261,温州,wz_vehicle,,,,330391,0,,,,,2026-09-02
29f4a5bcf04dbf26,温州,wz_vehicle,,,,330302,0,,,,,2026-09-02
d846a50592d2359c,温州,wz_vehicle,,,,330382,0,,,,,2026-09-02
92f2c1c8f63e1162,温州,wz_vehicle,,,,330303,0,,,,,2026-09-02
c2b9a25e5789cc6a,温州,wz_vehicle,,,,330391,0,,,,,2026-09-02
f068b38e23ab9ffe,温州,wz_vehicle,,,,330381,0,,,,,2026-09-02
21d56b3f3230f104,温州,wz_vehicle,,,,330383,0,,,,,2026-09-02
36c942be4dba1924,温州,wz_vehicle,,,,330326,0,,,,,2026-09-02
b8224c644fe375dc,温州,wz_vehicle,,,,330324,0,,,,,2026-09-02
6ad5586afc1e0032,温州,wz_vehicle,,,,330382,0,,,,,2026-09-02
66202fba57839660,温州,wz_vehicle,,,,330327,0,,,,,2026-09-02
9855a696c579aa3a,温州,wz_vehicle,,,,330302,0,,,,,2026-09-02
c7896a66b0b13e14,温州,wz_vehicle,,,,330303,0,,,,,2026-09-02
c7488371103bbd6a,温州,wz_vehicle,,,,330383,0,,,,,2026-09-02
289b9555c9e1a43b,温州,wz_vehicle,,,,330303,0,,,,,2026-09-02
e7f0251134000173,温州,wz_vehicle,,,,330391,0,,,,,2026-09-02
6bf2d066de644baa,温州,wz_vehicle,,,,330326,0,,,,,2026-09-02
3dc9e7f27d54a90c,温州,wz_vehicle,,,,330382,0,,,,,2026-09-02
aeb169ddb76ab9cd,温州,wz_vehicle,,,,330302,0,,,,,2026-09-02
4d761ed5a7655478,温州,wz_vehicle,,,,330324,0,,,,,2026-09-02
68290150a05660e0,温州,wz_vehicle,,,,330302,0,,,,,2026-09-02
9ac5f2fe8d910059,温州,wz_vehicle,,,,330327,0,,,,,2026-09-02
2aea60bd90cf8481,温州,wz_vehicle,,,,330382,0,,,,,2026-09-02
8e18679ceb16caa7,温州,wz_vehicle,,,,330328,0,,,,,2026-09-02
5e919ef0652e50db,温州,wz_vehicle,,,,330304,0,,,,,2026-09-02
4312c86f9942b9d9,温州,wz_vehicle,,,,330324,0,,,,,2026-09-02
d97c75cad5c355e9,温州,wz_vehicle,,,,330304,0,,,,,2026-09-02
9d4fb68ec21a1647,温州,wz_vehicle,,,,330328,0,,,,,2026-09-02
3c60a90c031af746,温州,wz_vehicle,,,,330381,0,,,,,2026-09-02
2db25683437552ef,温州,wz_vehicle,,,,330382,0,,,,,2026-09-02
854bc622d7ead79b,温州,wz_vehicle,,,,330329,0,,,,,2026-09-02
bc82f38818d1e729,温州,wz_vehicle,,,,330303,0,,,,,2026-09-02
496d3f64293dc360,温州,wz_vehicle,,,,330304,0,,,,,2026-09-02
b158490cafee40d6,温州,wz_vehicle,,,,330303,0,,,,,2026-09-02
78b69e7fa8531738,温州,wz_vehicle,,,,330302,0,,,,,2026-09-02
d196451b6f6816b6,温州,wz_vehicle,,,,330326,0,,,,,2026-09-02
9dcba0d2127ab848,温州,wz_vehicle,,,,330383,0,,,,,2026-09-02
4e2e16c95df0f65c,温州,wz_vehicle,,,,330303,0,,,,,2026-09-02
3f0bae747b9f4ed5,温州,wz_vehicle,,,,330324,0,,,,,2026-09-02
7ddfe915f2ed18dc,温州,wz_vehicle,,,,330391,0,,,,,2026-09-02
ae52dbabb90ee88e,温州,wz_vehicle,,,,330328,0,,,,,2026-09-02
532711905175dd90,温州,wz_vehicle,,,,330391,0,,,,,2026-09-02
391eb3db38bb253c,温州,wz_vehicle,,,,330328,0,,,,,2026-09-02
cf23a0c6d35fb363,温州,wz_vehicle,,,,330303,0,,,,,2026-09-02
9e5f091627bbbe7d,温州,wz_vehicle,,,,330383,0,,,,,2026-09-02
2a540ad382e7acda,温州,wz_vehicle,,,,330381,0,,,,,2026-09-02
f1674a4154461146,温州,wz_vehicle,,,,330391,0,,,,,2026-09-02
fde07c59713e9c3a,温州,wz_vehicle,,,,330391,0,,,,,2026-09-02
730cc1bcf8b8ee3a,温州,wz_vehicle,,,,330303,0,,,,,2026-09-02
535cf64dc683b504,温州,wz_vehicle,,,,330329,0,,,,,2026-09-02
fda388e94d6f0c8a,温州,wz_vehicle,,,,330304,0,,,,,2026-09-02
6732aeeed5b6e61f,温州,wz_vehicle,,,,330324,0,,,,,2026-09-02
6cee0c32adae717d,温州,wz_vehicle,,,,330304,0,,,,,2026-09-02
c920318c9ea04d00,温州,wz_vehicle,,,,330303,0,,,,,2026-09-02
7cbcf63bd309f766,温州,wz_vehicle,,,,330326,0,,,,,2026-09-02
b5c00fe04de21dfc,温州,wz_vehicle,,,,330391,0,,,,,2026-09-02
5a67bf1d3b0071c0,温州,wz_vehicle,,,,330304,0,,,,,2026-09-02
01b5ec1a59df7738,温州,wz_vehicle,,,,330324,0,,,,,2026-09-02
20958f7cb52cb2b7,温州,wz_vehicle,,,,330302,0,,,,,2026-09-02
b2f4e04661f013f6,温州,wz_vehicle,,,,330329,0,,,,,2026-09-02
32f9df5841cc13ca,温州,wz_vehicle,,,,330303,0,,,,,2026-09-02
87adec510934a53d,温州,wz_vehicle,,,,330302,0,,,,,2026-09-02
062df039d17a4788,温州,wz_vehicle,,,,330383,0,,,,,2026-09-02
9d94f0f826432e02,温州,wz_vehicle,,,,330304,0,,,,,2026-09-02
d2176dd0a851c270,温州,wz_vehicle,,,,330391,0,,,,,2026-09-02
84c7e1910810fbcc,温州,wz_vehicle,,,,330391,0,,,,,2026-09-02
48f1ed3424f91e34,温州,wz_vehicle,,,,330303,0,,,,,2026-09-02
7308a7167b6f40a9,温州,wz_vehicle,,,,330381,0,,,,,2026-09-02
5b942a838b2d3203,温州,wz_vehicle,,,,330383,0,,,,,2026-09-02
6a1efbd0a04a4a3b,温州,wz_vehicle,,,,330382,0,,,,,2026-09-02
f57a72be3fc31d6d,温州,wz_vehicle,,,,330391,0,,,,,2026-09-02
958e77e3f32c0072,温州,wz_vehicle,,,,330382,0,,,,,2026-09-02
3802200c324ce2b5,温州,wz_vehicle,,,,330326,0,,,,,2026-09-02
2b1a42e7a13df14e,温州,wz_vehicle,,,,330381,0,,,,,2026-09-02
7c988860ebb2f668,温州,wz_vehicle,,,,330382,0,,,,,2026-09-02
8be81f45612dad8d,温州,wz_vehicle,,,,330304,0,,,,,2026-09-02
34444ed959cc161c,温州,wz_vehicle,,,,330327,0,,,,,2026-09-02
c455eb411323cf7c,温州,wz_vehicle,,,,330383,0,,,,,2026-09-02
71405b7556b757e9,温州,wz_vehicle,,,,330381,0,,,,,2026-09-02
009a650631774c32,温州,wz_vehicle,,,,330381,0,,,,,2026-09-02
8b9a8b3041efb785,温州,wz_vehicle,,,,330304,0,,,,,2026-09-02
b6b7bcb22ae0822c,温州,wz_vehicle,,,,330303,0,,,,,2026-09-02
02a8fc24851b9539,温州,wz_vehicle,,,,330391,0,,,,,2026-09-02
9577846a3c67a38d,温州,wz_vehicle,,,,330391,0,,,,,2026-09-02
e5a13f7c42eadf90,温州,wz_vehicle,,,,330383,0,,,,,2026-09-02
a1f7d6bf46d1f655,温州,wz_vehicle,,,,330303,0,,,,,2026-09-02
8877ce2cdc303bd1,温州,wz_vehicle,,,,330381,0,,,,,2026-09-02
e1b6223b6a7fbb16,温州,wz_vehicle,,,,330391,0,,,,,2026-09-02
2988dba4fc75020a,温州,wz_vehicle,,,,330391,0,,,,,2026-09-02
fe88efe4859b028e,温州,wz_vehicle,,,,330303,0,,,,,2026-09-02
b1b55350d7edbd55,温州,wz_vehicle,,,,330326,0,,,,,2026-09-02
cefeed150f2717fa,温州,wz_vehicle,,,,330382,0,,,,,2026-09-02
9a0fdd91633dc692,温州,wz_vehicle,,,,330303,0,,,,,2026-09-02
f37353e180afdac7,温州,wz_vehicle,,,,330304,0,,,,,2026-09-02
1c1b8e57ab370ff8,温州,wz_vehicle,,,,330326,0,,,,,2026-09-02
403d55430ddc46ed,温州,wz_vehicle,,,,330326,0,,,,,2026-09-02
0dabf231a2154853,温州,wz_vehicle,,,,330303,0,,,,,2026-09-02
15b7c870827bfdb0,温州,wz_vehicle,,,,330303,0,,,,,2026-09-02
8cc709211e95f47e,温州,wz_vehicle,,,,330381,0,,,,,2026-09-02
0b1586f505b95e10,温州,wz_vehicle,,,,330329,0,,,,,2026-09-02
5616599d6b6ff2a6,温州,wz_vehicle,,,,330303,0,,,,,2026-09-02
b18fad916bf0ac35,温州,wz_vehicle,,,,330326,0,,,,,2026-09-02
9cd37bd7315837d0,温州,wz_vehicle,,,,330382,0,,,,,2026-09-02
7a5ff46a3edaf4da,温州,wz_vehicle,,,,330382,0,,,,,2026-09-02
86f0817e8098bc6b,温州,wz_vehicle,,,,330391,0,,,,,2026-09-02
86b3b1e18ff06a2f,温州,wz_vehicle,,,,330327,0,,,,,2026-09-02
90491019ec194d78,温州,wz_vehicle,,,,330382,0,,,,,2026-09-02
5746d455603d3ab2,温州,wz_vehicle,,,,330326,0,,,,,2026-09-02
0b0bf6aa54e66902,温州,wz_vehicle,,,,330324,0,,,,,2026-09-02
ea40266b26f76cd2,温州,wz_vehicle,,,,330327,0,,,,,2026-09-02
ea0a8f89022194f2,温州,wz_vehicle,,,,330303,0,,,,,2026-09-02
7a63f96e8f73f5e8,温州,wz_vehicle,,,,330326,0,,,,,2026-09-02
52b73fee885ed4f0,温州,wz_vehicle,,,,330326,0,,,,,2026-09-02
7a817e261e5df61e,温州,wz_vehicle,,,,330382,0,,,,,2026-09-02
7bf5b450d6744443,温州,wz_vehicle,,,,330382,0,,,,,2026-09-02
6a83c5d593754294,温州,wz_vehicle,,,,330326,0,,,,,2026-09-02
eaf649d0159e329f,温州,wz_vehicle,,,,330391,0,,,,,2026-09-02
fe53fd9491a95fb6,温州,wz_vehicle,,,,330382,0,,,,,2026-09-02
bd4d17b248e66891,温州,wz_vehicle,,,,330303,0,,,,,2026-09-02
a3a0b97f6bb2c560,温州,wz_vehicle,,,,330381,0,,,,,2026-09-02
021351ef50a745af,温州,wz_vehicle,,,,330382,0,,,,,2026-09-02
54939a692956d213,温州,wz_vehicle,,,,330327,0,,,,,2026-09-02
656c3e70b3bd6dd4,温州,wz_vehicle,,,,330381,0,,,,,2026-09-02
b1c7c68c296b3d8e,温州,wz_vehicle,,,,330382,0,,,,,2026-09-02
5cf68d89a531e57c,温州,wz_vehicle,,,,330328,0,,,,,2026-09-02
2f0c138b237e5ca9,温州,wz_vehicle,,,,330303,0,,,,,2026-09-02
4a82a7079e041cfe,温州,wz_vehicle,,,,330382,0,,,,,2026-09-02
5d33977f43566b00,温州,wz_vehicle,,,,330304,0,,,,,2026-09-02
0419eb5664e107d8,温州,wz_vehicle,,,,330391,0,,,,,2026-09-02
8925cb14721b8387,温州,wz_vehicle,,,,330326,0,,,,,2026-09-02
ce5dc792996d8084,温州,wz_vehicle,,,,330382,0,,,,,2026-09-02
27ce462ba4e8764e,温州,wz_vehicle,,,,330324,0,,,,,2026-09-02
cac1eaa6393a9ee2,温州,wz_vehicle,,,,330327,0,,,,,2026-09-02
506c05b3fc78928a,温州,wz_vehicle,,,,330327,0,,,,,2026-09-02
9742a8d587ccb61f,温州,wz_vehicle,,,,330329,0,,,,,2026-09-02
81db4ccdf3d99c74,温州,wz_vehicle,,,,330391,0,,,,,2026-09-02
a97cf0f3aa3db96f,温州,wz_vehicle,,,,330329,0,,,,,2026-09-02
ff4444552ffbe79d,温州,wz_vehicle,,,,330381,0,,,,,2026-09-02
b59fe5bb779068e3,温州,wz_vehicle,,,,330324,0,,,,,2026-09-02
397e68f79fc7182f,温州,wz_vehicle,,,,330303,0,,,,,2026-09-02
f5565c73cc010d97,温州,wz_vehicle,,,,330324,0,,,,,2026-09-02
2357180e242767d7,温州,wz_vehicle,,,,330391,0,,,,,2026-09-02
c887cc18ad81d34c,温州,wz_vehicle,,,,330391,0,,,,,2026-09-02
e088ff9591c18a14,温州,wz_vehicle,,,,330326,0,,,,,2026-09-02
54940eb30a6bd001,温州,wz_vehicle,,,,330303,0,,,,,2026-09-02
494fb9b01a7a3806,温州,wz_vehicle,,,,330327,0,,,,,2026-09-02
fc2eef22911d8b48,温州,wz_vehicle,,,,330383,0,,,,,2026-09-02
88601c36e72ecc23,温州,wz_vehicle,,,,330381,0,,,,,2026-09-02
65de0a4f7cbf7053,温州,wz_vehicle,,,,330381,0,,,,,2026-09-02
373f29c5ecc903cd,温州,wz_vehicle,,,,330303,0,,,,,2026-09-02
4862855b5cf69381,温州,wz_vehicle,,,,330382,0,,,,,2026-09-02
a7910ab34b00aa3a,温州,wz_vehicle,,,,330302,0,,,,,2026-09-02
529d978f8d460f02,温州,wz_vehicle,,,,330327,0,,,,,2026-09-02
8e28ee22dd57c1a0,温州,wz_vehicle,,,,330328,0,,,,,2026-09-02
f864fa6c502d8d43,温州,wz_vehicle,,,,330326,0,,,,,2026-09-02
026e4041840b73d2,温州,wz_vehicle,,,,330381,0,,,,,2026-09-02
691f97ab36ba0fe4,温州,wz_vehicle,,,,330329,0,,,,,2026-09-02
2ec92f4abb610ecf,温州,wz_vehicle,,,,330304,0,,,,,2026-09-02
69ffb9bf63d511b9,温州,wz_vehicle,,,,330303,0,,,,,2026-09-02
b98909d5284071d4,温州,wz_vehicle,,,,330302,0,,,,,2026-09-02
93ff30bf3d19bc59,温州,wz_vehicle,,,,330383,0,,,,,2026-09-02
60301ba34feae92b,温州,wz_vehicle,,,,330328,0,,,,,2026-09-02
3abc16ae2cc168ca,温州,wz_vehicle,,,,330327,0,,,,,2026-09-02
a756da737442a757,温州,wz_vehicle,,,,330383,0,,,,,2026-09-02
4920ceea0466e273,温州,wz_vehicle,,,,330383,0,,,,,2026-09-02
0ee0d3c6ebaf1e1d,温州,wz_vehicle,,,,330303,0,,,,,2026-09-02
7df59a2fd56eba01,温州,wz_vehicle,,,,330324,0,,,,,2026-09-02
eb13193e08ae9680,温州,wz_vehicle,,,,330324,0,,,,,2026-09-02
34785d2c5900decc,温州,wz_vehicle,,,,330327,0,,,,,2026-09-02
91c3fd5f3a801b86,温州,wz_vehicle,,,,330303,0,,,,,2026-09-02
27b2b13d39a59e28,温州,wz_vehicle,,,,330382,0,,,,,2026-09-02
166fa02ac7325da3,温州,wz_vehicle,,,,330304,0,,,,,2026-09-02
553aa4d551ee3e97,温州,wz_vehicle,,,,330327,0,,,,,2026-09-02
1502de495334db8e,温州,wz_vehicle,,,,330304,0,,,,,2026-09-02
e7cdfd39c25e0f8a,温州,wz_vehicle,,,,330391,0,,,,,2026-09-02
214fcd79e13e8fc4,温州,wz_vehicle,,,,330303,0,,,,,2026-09-02
81bab360eddf30c1,温州,wz_vehicle,,,,330326,0,,,,,2026-09-02
d008aae55c31a830,温州,wz_vehicle,,,,330381,0,,,,,2026-09-02
0be712977354422a,温州,wz_vehicle,,,,330303,0,,,,,2026-09-02
a30737a79349114c,温州,wz_vehicle,,,,330303,0,,,,,2026-09-02
e62f54ab2266691b,温州,wz_vehicle,,,,330303,0,,,,,2026-09-02
2de634bc032b8dcd,温州,wz_vehicle,,,,330302,0,,,,,2026-09-02
8a5b431efa19aecf,温州,wz_vehicle,,,,330327,0,,,,,2026-09-02
89ec8162ab8bb798,温州,wz_vehicle,,,,330303,0,,,,,2026-09-02
a627ce4085e10fe4,温州,wz_vehicle,,,,330326,0,,,,,2026-09-02
511510bf47b79cdf,温州,wz_vehicle,,,,330326,0,,,,,2026-09-02
e320ccee09232c3d,温州,wz_vehicle,,,,330327,0,,,,,2026-09-02
4f8cc4feeec68764,温州,wz_vehicle,,,,330304,0,,,,,2026-09-02
57b3c5c21eb7333b,温州,wz_vehicle,,,,330324,0,,,,,2026-09-02
69a1e02e762643c6,温州,wz_vehicle,,,,330382,0,,,,,2026-09-02
4259ce99343c97a4,温州,wz_vehicle,,,,330303,0,,,,,2026-09-02
47f27d8bf2ebe5a1,温州,wz_vehicle,,,,330383,0,,,,,2026-09-02
4c700eef90e8a34a,温州,wz_vehicle,,,,330324,0,,,,,2026-09-02
35e01d5deba80ace,温州,wz_vehicle,,,,330383,0,,,,,2026-09-02
203998d64cbedcbf,温州,wz_vehicle,,,,330383,0,,,,,2026-09-02
f6b87b1e46f42d83,温州,wz_vehicle,,,,330303,0,,,,,2026-09-02
b138a1e3df2382f8,温州,wz_vehicle,,,,330382,0,,,,,2026-09-02
1d5f87993d243ac6,温州,wz_vehicle,,,,330383,0,,,,,2026-09-02
e727e5cc03bf0566,温州,wz_vehicle,,,,330303,0,,,,,2026-09-02
705def406a9245bc,温州,wz_vehicle,,,,330382,0,,,,,2026-09-02
10c0b8adbddebfec,温州,wz_vehicle,,,,330329,0,,,,,2026-09-02
19b60e4b0147fc74,温州,wz_vehicle,,,,330381,0,,,,,2026-09-02
2ff95e06d232a3a8,温州,wz_vehicle,,,,330391,0,,,,,2026-09-02
e63575ea24611636,温州,wz_vehicle,,,,330302,0,,,,,2026-09-02
85adcc1573f7df61,温州,wz_vehicle,,,,330381,0,,,,,2026-09-02
7a569b4a1c73067e,温州,wz_vehicle,,,,330303,0,,,,,2026-09-02
264855d2b5482685,温州,wz_vehicle,,,,330381,0,,,,,2026-09-02
dbe432f17cb198c0,温州,wz_vehicle,,,,330303,0,,,,,2026-09-02
dcca9f601899a099,温州,wz_vehicle,,,,330382,0,,,,,2026-09-02
8f96774e28aa8b34,温州,wz_vehicle,,,,330327,0,,,,,2026-09-02
5b36ec66b2e0b0a0,温州,wz_vehicle,,,,330383,0,,,,,2026-09-02
d88d6154b0c983a1,温州,wz_vehicle,,,,330391,0,,,,,2026-09-02
30bae4616c1d8408,温州,wz_vehicle,,,,330303,0,,,,,2026-09-02
b659704468ad886c,温州,wz_vehicle,,,,330381,0,,,,,2026-09-02
b703f31ef09c403e,温州,wz_vehicle,,,,330382,0,,,,,2026-09-02
f66cdaf1f89bfb85,温州,wz_vehicle,,,,330303,0,,,,,2026-09-02
8cea28c41145bcc4,温州,wz_vehicle,,,,330326,0,,,,,2026-09-02
4c4a1b30a893ac6d,温州,wz_vehicle,,,,330391,0,,,,,2026-09-02
7ef348030a5c6029,温州,wz_vehicle,,,,330381,0,,,,,2026-09-02
9546495db049da30,温州,wz_vehicle,,,,330327,0,,,,,2026-09-02
b82be32565456588,温州,wz_vehicle,,,,330302,0,,,,,2026-09-02
21bfd742cf0ebfe3,温州,wz_vehicle,,,,330391,0,,,,,2026-09-02
fff7bf05eb1a9dfa,温州,wz_vehicle,,,,330383,0,,,,,2026-09-02
be5579074b64e910,温州,wz_vehicle,,,,330304,0,,,,,2026-09-02
6aa3fccdf29709b1,温州,wz_vehicle,,,,330324004,0,,,,,2026-09-02
fd2cac693216589f,温州,wz_vehicle,,,,330391,0,,,,,2026-09-02
5f26e3604a3ceeb0,温州,wz_vehicle,,,,330327,0,,,,,2026-09-02
894d6659c0da6d0b,温州,wz_vehicle,,,,330302,0,,,,,2026-09-02
041f2f24762cb259,温州,wz_vehicle,,,,330382,0,,,,,2026-09-02
8b1e215fcf73751d,温州,wz_vehicle,,,,330381,0,,,,,2026-09-02
2c4437d35938dfd4,温州,wz_vehicle,,,,330381,0,,,,,2026-09-02
e44512e930be2727,温州,wz_vehicle,,,,330326,0,,,,,2026-09-02
3ece835c363b7cfa,温州,wz_vehicle,,,,330329,0,,,,,2026-09-02
fae51306c2f32d95,温州,wz_vehicle,,,,330303,0,,,,,2026-09-02
e286dc120a09b4f0,温州,wz_vehicle,,,,330391,0,,,,,2026-09-02
fc366e0fb10d0d34,温州,wz_vehicle,,,,330391,0,,,,,2026-09-02
adccd9d52a7a0f10,温州,wz_vehicle,,,,330303,0,,,,,2026-09-02
1e39adb7495dad09,温州,wz_vehicle,,,,330381,0,,,,,2026-09-02
001b6f9c93a786a6,温州,wz_vehicle,,,,330382,0,,,,,2026-09-02
a59c905a2128f31a,温州,wz_vehicle,,,,330324003,0,,,,,2026-09-02
972f7501d15a9acc,温州,wz_vehicle,,,,330391,0,,,,,2026-09-02
0677bffa35d3d34b,温州,wz_vehicle,,,,330302,0,,,,,2026-09-02
6414c1a2c1569c68,温州,wz_vehicle,,,,330383,0,,,,,2026-09-02
d9bf4af0f3669420,温州,wz_vehicle,,,,330391,0,,,,,2026-09-02
577bf83c27eec5ab,温州,wz_vehicle,,,,330382,0,,,,,2026-09-02
9eda3a67586c899f,温州,wz_vehicle,,,,330303,0,,,,,2026-09-02
2b38927c147e4b74,温州,wz_vehicle,,,,330304,0,,,,,2026-09-02
939548dd7b13307e,温州,wz_vehicle,,,,330302,0,,,,,2026-09-02
24684b8000a8e205,温州,wz_vehicle,,,,330324,0,,,,,2026-09-02
99763b331a857c04,温州,wz_vehicle,,,,330303,0,,,,,2026-09-02
c9a9c4c020d69652,温州,wz_vehicle,,,,330381,0,,,,,2026-09-02
9570cd7dd09a8447,温州,wz_vehicle,,,,330382,0,,,,,2026-09-02
62c30dfaf5a78ce5,温州,wz_vehicle,,,,330326,0,,,,,2026-09-02
ac51352c5a718021,温州,wz_vehicle,,,,330391,0,,,,,2026-09-02
a9cead448720e9a7,温州,wz_vehicle,,,,330391,0,,,,,2026-09-02
a3b143cf29f32ded,温州,wz_vehicle,,,,330391,0,,,,,2026-09-02
173eae7ceff0919f,温州,wz_vehicle,,,,330327,0,,,,,2026-09-02
678433491b0cd5d8,温州,wz_vehicle,,,,330303,0,,,,,2026-09-02
cddc8c4f5ccd1958,温州,wz_vehicle,,,,330326,0,,,,,2026-09-02
c4636ece144a7540,温州,wz_vehicle,,,,330303,0,,,,,2026-09-02
7a167a96a051ae41,温州,wz_vehicle,,,,330302,0,,,,,2026-09-02
0ca7cb77209c6bdf,温州,wz_vehicle,,,,330302,0,,,,,2026-09-02
79a024b015ee4f24,温州,wz_vehicle,,,,330391,0,,,,,2026-09-02
9eb4e0a65d3e85e7,温州,wz_vehicle,,,,330327,0,,,,,2026-09-02
c87aff1ece911751,温州,wz_vehicle,,,,330382,0,,,,,2026-09-02
26462bff8adfd514,温州,wz_vehicle,,,,330391,0,,,,,2026-09-02
533dea3f3716dc98,温州,wz_vehicle,,,,330302,0,,,,,2026-09-02
f5f3e64670752f88,温州,wz_vehicle,,,,330324,0,,,,,2026-09-02
e48731b7b52c0366,温州,wz_vehicle,,,,330302,0,,,,,2026-09-02
ab502593f4eb55d6,温州,wz_vehicle,,,,330327,0,,,,,2026-09-02
3a34378561dc0768,温州,wz_vehicle,,,,330381,0,,,,,2026-09-02
4e9a9f61b2b9f4eb,温州,wz_vehicle,,,,330382,0,,,,,2026-09-02
43a16221a9ccef48,温州,wz_vehicle,,,,330391,0,,,,,2026-09-02
06c0e5c485fbfca1,温州,wz_vehicle,,,,330327,0,,,,,2026-09-02
0d9cbeae04b15152,温州,wz_vehicle,,,,330304,0,,,,,2026-09-02
294b202c93032a40,温州,wz_vehicle,,,,330381,0,,,,,2026-09-02
b7a65e3e2643c8af,温州,wz_vehicle,,,,330326,0,,,,,2026-09-02
928402e3a48d8700,温州,wz_vehicle,,,,330382,0,,,,,2026-09-02
126aab3f8017898d,温州,wz_vehicle,,,,330303,0,,,,,2026-09-02
7ca22959b7bcbf28,温州,wz_vehicle,,,,330304,0,,,,,2026-09-02
45f2254130279a61,温州,wz_vehicle,,,,330327,0,,,,,2026-09-02
370f12e077410a87,温州,wz_vehicle,,,,330328,0,,,,,2026-09-02
0e4f7ab82ffc6231,温州,wz_vehicle,,,,330326,0,,,,,2026-09-02
a72ce72308926ced,温州,wz_vehicle,,,,330324,0,,,,,2026-09-02
119cbd6218507ab3,温州,wz_vehicle,,,,330383,0,,,,,2026-09-02
de09a804892c3e3e,温州,wz_vehicle,,,,330381,0,,,,,2026-09-02
f6d9f329e0171584,温州,wz_vehicle,,,,330381,0,,,,,2026-09-02
46d397de9f34412e,温州,wz_vehicle,,,,330383,0,,,,,2026-09-02
2f9fbebb30dac219,温州,wz_vehicle,,,,330327,0,,,,,2026-09-02
fdd412f2733557be,温州,wz_vehicle,,,,330327,0,,,,,2026-09-02
5f96eb5d5e3984bf,温州,wz_vehicle,,,,330304,0,,,,,2026-09-02
c882de201507260e,温州,wz_vehicle,,,,330382,0,,,,,2026-09-02
6e17dbb53ca413f0,温州,wz_vehicle,,,,330302,0,,,,,2026-09-02
1c254d8d134e7c60,温州,wz_vehicle,,,,330303,0,,,,,2026-09-02
5b55a62fac6c86d8,温州,wz_vehicle,,,,330326,0,,,,,2026-09-02
bab290aefac7c5d7,温州,wz_vehicle,,,,330383,0,,,,,2026-09-02
ad0078eb1cad00bb,温州,wz_vehicle,,,,330326,0,,,,,2026-09-02
412475b0d761e378,温州,wz_vehicle,,,,330302,0,,,,,2026-09-02
b2515ba18521e847,温州,wz_vehicle,,,,330302,0,,,,,2026-09-02
09d733b90a21c5b3,温州,wz_vehicle,,,,330324,0,,,,,2026-09-02
71e43624936db65d,温州,wz_vehicle,,,,330304,0,,,,,2026-09-02
24f3c11d59b97285,温州,wz_vehicle,,,,330329,0,,,,,2026-09-02
dd7a78f6822bd282,温州,wz_vehicle,,,,330303,0,,,,,2026-09-02
de3176043d49cabc,温州,wz_vehicle,,,,330327,0,,,,,2026-09-02
49e5d2033b19df99,温州,wz_vehicle,,,,330327,0,,,,,2026-09-02
4d51e4047faebb0d,温州,wz_vehicle,,,,330382,0,,,,,2026-09-02
990c21d2f8586b1d,温州,wz_vehicle,,,,330383,0,,,,,2026-09-02
d21b580b4e14e336,温州,wz_vehicle,,,,330326,0,,,,,2026-09-02
e88f55fd56cd0cbd,温州,wz_vehicle,,,,330391,0,,,,,2026-09-02
e9b1b7a64849e2be,温州,wz_vehicle,,,,330324004,0,,,,,2026-09-02
879e2038931ea520,温州,wz_vehicle,,,,330391,0,,,,,2026-09-02
a37ce5e9e11aa897,温州,wz_vehicle,,,,330324,0,,,,,2026-09-02
31bb0ed9dca07931,温州,wz_vehicle,,,,330391,0,,,,,2026-09-02
fc96350e54c7bfd9,温州,wz_vehicle,,,,330382,0,,,,,2026-09-02
4cb5b9d88a65e54d,温州,wz_vehicle,,,,330329,0,,,,,2026-09-02
dadce8ad526bbfc1,温州,wz_vehicle,,,,330327,0,,,,,2026-09-02
ea8c51e779f9a398,温州,wz_vehicle,,,,330382,0,,,,,2026-09-02
7a8380256345903d,温州,wz_vehicle,,,,330300,0,,,,,2026-09-02
6e7e347bcaca1e4a,温州,wz_vehicle,,,,330303,0,,,,,2026-09-02
fe9bdca6ccee2948,温州,wz_vehicle,,,,330304,0,,,,,2026-09-02
6134ff0e0283005a,温州,wz_vehicle,,,,330327,0,,,,,2026-09-02
84bcb5a544641a25,温州,wz_vehicle,,,,330382,0,,,,,2026-09-02
468473de58f6858d,温州,wz_vehicle,,,,330382,0,,,,,2026-09-02
eaf0cba861506668,温州,wz_vehicle,,,,330328,0,,,,,2026-09-02
f50ab29fe4559505,温州,wz_vehicle,,,,330326,0,,,,,2026-09-02
2e99ea15d81ed2de,温州,wz_vehicle,,,,330391,0,,,,,2026-09-02
3c113dfc10288510,温州,wz_vehicle,,,,330381,0,,,,,2026-09-02
772be40abd4fdd4d,温州,wz_vehicle,,,,330382,0,,,,,2026-09-02
0b53c4a925c6475d,温州,wz_vehicle,,,,330382,0,,,,,2026-09-02
7c575e02a8dc4416,温州,wz_vehicle,,,,330302,0,,,,,2026-09-02
0676b03d0be529ab,温州,wz_vehicle,,,,330328,0,,,,,2026-09-02
a410f7b3f2e68165,温州,wz_vehicle,,,,330324,0,,,,,2026-09-02
24209be7904dda36,温州,wz_vehicle,,,,330303,0,,,,,2026-09-02
3ade710b36b1406d,温州,wz_vehicle,,,,330382,0,,,,,2026-09-02
258c662c14f6eb85,温州,wz_vehicle,,,,330303,0,,,,,2026-09-02
9e5cc1d23d78e41b,温州,wz_vehicle,,,,330382,0,,,,,2026-09-02
c08bbfdda69aa2a0,温州,wz_vehicle,,,,330304,0,,,,,2026-09-02
5739562ba958e0aa,温州,wz_vehicle,,,,330381,0,,,,,2026-09-02
32000a8197fe3197,温州,wz_vehicle,,,,330326,0,,,,,2026-09-02
eb7e26957c9b411e,温州,wz_vehicle,,,,330302,0,,,,,2026-09-02
cdde1bdcc2e5a1a3,温州,wz_vehicle,,,,330382,0,,,,,2026-09-02
2a98589b1fd815b6,温州,wz_vehicle,,,,330324,0,,,,,2026-09-02
ed560d1bbafae83b,温州,wz_vehicle,,,,330382,0,,,,,2026-09-02
8790cfca29230729,温州,wz_vehicle,,,,330326,0,,,,,2026-09-02
6ad06049e14b49ef,温州,wz_vehicle,,,,330326,0,,,,,2026-09-02
1d7c42e224704c5d,温州,wz_vehicle,,,,330303,0,,,,,2026-09-02
96bf4a5226aa80e0,温州,wz_vehicle,,,,330391,0,,,,,2026-09-02
63ec02ffece24371,温州,wz_vehicle,,,,330326,0,,,,,2026-09-02
0a061570b97f3a76,温州,wz_vehicle,,,,330391,0,,,,,2026-09-02
c4aaabd92c4a574f,温州,wz_vehicle,,,,330326,0,,,,,2026-09-02
cd19376ba52b1d81,温州,wz_vehicle,,,,330383,0,,,,,2026-09-02
388e9bebfb854ac1,温州,wz_vehicle,,,,330302,0,,,,,2026-09-02
f8a875b9096cdf3a,温州,wz_vehicle,,,,330381,0,,,,,2026-09-02
90a91d4b102a3d0e,温州,wz_vehicle,,,,330382,0,,,,,2026-09-02
aeff368f1c7d5cab,温州,wz_vehicle,,,,330381,0,,,,,2026-09-02
7c5b332f9d3391ee,温州,wz_vehicle,,,,330303,0,,,,,2026-09-02
05b9ed2a1e040f3f,温州,wz_vehicle,,,,330324,0,,,,,2026-09-02
34691ddc8baaacb3,温州,wz_vehicle,,,,330324,0,,,,,2026-09-02
03e858f1489f7ab3,温州,wz_vehicle,,,,330391,0,,,,,2026-09-02
ce83baad785a9127,温州,wz_vehicle,,,,330381,0,,,,,2026-09-02
57bae57adf70edf8,温州,wz_vehicle,,,,330391,0,,,,,2026-09-02
d1acddccb4bcaf91,温州,wz_vehicle,,,,330329,0,,,,,2026-09-02
28bc0045b8fed855,温州,wz_vehicle,,,,330326,0,,,,,2026-09-02
71c80bd05a8fd599,温州,wz_vehicle,,,,330304,0,,,,,2026-09-02
cfe20c5f87a02d86,温州,wz_vehicle,,,,330303,0,,,,,2026-09-02
e2d46e1e388c6ba5,温州,wz_vehicle,,,,330381,0,,,,,2026-09-02
b2f395c48b5d28cd,温州,wz_vehicle,,,,330382,0,,,,,2026-09-02
21263345bfabe4ab,温州,wz_vehicle,,,,330381,0,,,,,2026-09-02
ba88ec4e58f1c8fc,温州,wz_vehicle,,,,330302,0,,,,,2026-09-02
35e197bb0fc2754d,温州,wz_vehicle,,,,330304,0,,,,,2026-09-02
a94840a7a4a7dfc8,温州,wz_vehicle,,,,330381,0,,,,,2026-09-02
691ed6f3929befb4,温州,wz_vehicle,,,,330381,0,,,,,2026-09-02
15c5f00a9a043515,温州,wz_vehicle,,,,330329,0,,,,,2026-09-02
bce4389678104cfd,温州,wz_vehicle,,,,330391,0,,,,,2026-09-02
60f115469cb28291,温州,wz_vehicle,,,,,0,,,,,2026-09-02
138b7f50f1ae026f,温州,wz_vehicle,,,,330383,0,,,,,2026-09-02
e5c39f8392b146b6,温州,wz_vehicle,,,,330381,0,,,,,2026-09-02
ae180b3dd6ce5e4d,温州,wz_vehicle,,,,330304,0,,,,,2026-09-02
3190051e20ea7735,温州,wz_vehicle,,,,330303,0,,,,,2026-09-02
67437c2a7482dc31,温州,wz_vehicle,,,,330304,0,,,,,2026-09-02
f94b48dec1aa62cc,温州,wz_vehicle,,,,330391,0,,,,,2026-09-02
8a9cd1e695b2fff2,温州,wz_vehicle,,,,330304,0,,,,,2026-09-02
4f515ef0e96ed539,温州,wz_vehicle,,,,330302,0,,,,,2026-09-02
b2bb054ea92da728,温州,wz_vehicle,,,,330381,0,,,,,2026-09-02
08b86fdae09c6e69,温州,wz_vehicle,,,,330382,0,,,,,2026-09-02
e7793c7bc6b1431a,温州,wz_vehicle,,,,330326,0,,,,,2026-09-02
af558987986e62b9,温州,wz_vehicle,,,,330328,0,,,,,2026-09-02
a5d43c0be2d3b40d,温州,wz_vehicle,,,,330381,0,,,,,2026-09-02
43f212767d5e0433,温州,wz_vehicle,,,,330303,0,,,,,2026-09-02
27404388ca95d476,温州,wz_vehicle,,,,330329,0,,,,,2026-09-02
6693abaa08a177c8,温州,wz_vehicle,,,,330303,0,,,,,2026-09-02
d82a4e3afe135eab,温州,wz_vehicle,,,,330303,0,,,,,2026-09-02
eb2eef4907b00315,温州,wz_vehicle,,,,330381,0,,,,,2026-09-02
9fc8052f91e45515,温州,wz_vehicle,,,,330303,0,,,,,2026-09-02
9700e80f41d5f94f,温州,wz_vehicle,,,,330304,0,,,,,2026-09-02
dc7ee06e180ca389,温州,wz_vehicle,,,,330302,0,,,,,2026-09-02
67f89c357ee4abd9,温州,wz_vehicle,,,,330381,0,,,,,2026-09-02
699dee0f7e63488e,温州,wz_vehicle,,,,330327,0,,,,,2026-09-02
2c5bfff6edfc06d0,温州,wz_vehicle,,,,330302,0,,,,,2026-09-02
e8294c023bc87c5e,温州,wz_vehicle,,,,330391,0,,,,,2026-09-02
c691cc5f5428cdd3,温州,wz_vehicle,,,,330381,0,,,,,2026-09-02
0367feb62a6dbfb4,温州,wz_vehicle,,,,330327,0,,,,,2026-09-02
aa1cd4db3e795623,温州,wz_vehicle,,,,330381,0,,,,,2026-09-02
a61d00e5faf8e656,温州,wz_vehicle,,,,330383,0,,,,,2026-09-02
004e17ab9f276046,温州,wz_vehicle,,,,330326,0,,,,,2026-09-02
5aef1bb8627c68c6,温州,wz_vehicle,,,,330383,0,,,,,2026-09-02
03867881b6723a9d,温州,wz_vehicle,,,,330303,0,,,,,2026-09-02
24158dd8e682c4d1,温州,wz_vehicle,,,,330381,0,,,,,2026-09-02
81a6236fc0bfb720,温州,wz_vehicle,,,,330382,0,,,,,2026-09-02
c23a781465249470,温州,wz_vehicle,,,,330381,0,,,,,2026-09-02
9a27ad8bc6ba260e,温州,wz_vehicle,,,,330304,0,,,,,2026-09-02
a39ce09210929773,温州,wz_vehicle,,,,330326,0,,,,,2026-09-02
25eefd227208838b,温州,wz_vehicle,,,,330304,0,,,,,2026-09-02
f5a2ee05d56f5a81,温州,wz_vehicle,,,,330302,0,,,,,2026-09-02
03a37b91d7912ef3,温州,wz_vehicle,,,,330303,0,,,,,2026-09-02
2cc5d742ad6807ed,温州,wz_vehicle,,,,330302,0,,,,,2026-09-02
37ddbe88a631072c,温州,wz_vehicle,,,,330382,0,,,,,2026-09-02
853fecb64332a226,温州,wz_vehicle,,,,330382,0,,,,,2026-09-02
9b3729b8eee70e72,温州,wz_vehicle,,,,330303,0,,,,,2026-09-02
23f9cee0d33c2d44,温州,wz_vehicle,,,,330327,0,,,,,2026-09-02
25fe6ec41d185b08,温州,wz_vehicle,,,,330327,0,,,,,2026-09-02
78bf8d5a862867b4,温州,wz_vehicle,,,,330327,0,,,,,2026-09-02
f9b22493eb19bed9,温州,wz_vehicle,,,,330327,0,,,,,2026-09-02
3d48614af34789c2,温州,wz_vehicle,,,,330302,0,,,,,2026-09-02
052ebba2e57dc014,温州,wz_vehicle,,,,330383,0,,,,,2026-09-02
50ca8edab448bbe7,温州,wz_vehicle,,,,330304,0,,,,,2026-09-02
5d2fe85cd00ef997,温州,wz_vehicle,,,,330382,0,,,,,2026-09-02
a961176332d6c5fc,温州,wz_vehicle,,,,330383,0,,,,,2026-09-02
63512665583e1f39,温州,wz_vehicle,,,,330327,0,,,,,2026-09-02
fbfa033dc20deaa6,温州,wz_vehicle,,,,330303,0,,,,,2026-09-02
646a0a60f45ca61d,温州,wz_vehicle,,,,330303,0,,,,,2026-09-02
b9d00f38397ae1f8,温州,wz_vehicle,,,,330324,0,,,,,2026-09-02
284102660c983655,温州,wz_vehicle,,,,330303,0,,,,,2026-09-02
d1494dbd1241d065,温州,wz_vehicle,,,,330382,0,,,,,2026-09-02
cc69cc82f0b3b0ad,温州,wz_vehicle,,,,330382,0,,,,,2026-09-02
54853c7ab9bd7556,温州,wz_vehicle,,,,330324004,0,,,,,2026-09-02
de7de8317bfaad2e,温州,wz_vehicle,,,,330381,0,,,,,2026-09-02
916fc507f7a79a5b,温州,wz_vehicle,,,,330329,0,,,,,2026-09-02
b4313ff95ba52e70,温州,wz_vehicle,,,,330382,0,,,,,2026-09-02
29b9bff4ab665b6d,温州,wz_vehicle,,,,330304,0,,,,,2026-09-02
47f4824e8cdcf0de,温州,wz_vehicle,,,,330382,0,,,,,2026-09-02
d3a8003a9060483c,温州,wz_vehicle,,,,330327,0,,,,,2026-09-02
0d44e1579e860f75,温州,wz_vehicle,,,,330381,0,,,,,2026-09-02
81006fc2e66ca47c,温州,wz_vehicle,,,,330327,0,,,,,2026-09-02
22c14c9c0a9d7985,温州,wz_vehicle,,,,330302,0,,,,,2026-09-02
beb1a843073d5813,温州,wz_vehicle,,,,330302,0,,,,,2026-09-02
4b766e496eefbc90,温州,wz_vehicle,,,,330391,0,,,,,2026-09-02
b33a2bb440ea6b41,温州,wz_vehicle,,,,330382,0,,,,,2026-09-02
ebafac17d7cc0034,温州,wz_vehicle,,,,330302,0,,,,,2026-09-02
2df73ec3dcd72dc1,温州,wz_vehicle,,,,330324,0,,,,,2026-09-02
f8ae24194162fbf0,温州,wz_vehicle,,,,330381,0,,,,,2026-09-02
b16ebfe554e0e691,温州,wz_vehicle,,,,330303,0,,,,,2026-09-02
1d86a0e1ee1d1f43,温州,wz_vehicle,,,,330304,0,,,,,2026-09-02
3c4d62c5a6b1fa1b,温州,wz_vehicle,,,,330324,0,,,,,2026-09-02
c87a0757b5ad097f,温州,wz_vehicle,,,,330328,0,,,,,2026-09-02
24b61abb25e0e461,温州,wz_vehicle,,,,330329,0,,,,,2026-09-02
6ac89c3d1e41234a,温州,wz_vehicle,,,,330324,0,,,,,2026-09-02
b35bf4a8894dd1c0,温州,wz_vehicle,,,,330382,0,,,,,2026-09-02
8aa0e08f1883d14a,温州,wz_vehicle,,,,330303,0,,,,,2026-09-02
786542ec6c9433de,温州,wz_vehicle,,,,330382,0,,,,,2026-09-02
d406ccb2dec2433f,温州,wz_vehicle,,,,330381,0,,,,,2026-09-02
c2623c995d54a244,温州,wz_vehicle,,,,330326,0,,,,,2026-09-02
b84692856c19b89b,温州,wz_vehicle,,,,330324,0,,,,,2026-09-02
3380aee3da9df102,温州,wz_vehicle,,,,330303,0,,,,,2026-09-02
e726b855c0b59027,温州,wz_vehicle,,,,3303,0,,,,,2026-09-02
27b524c6d692616b,温州,wz_vehicle,,,,330382,0,,,,,2026-09-02
3f499b1eed252d5f,温州,wz_vehicle,,,,330324,0,,,,,2026-09-02
ca29dd48752bbb60,温州,wz_vehicle,,,,330381,0,,,,,2026-09-02
622e8ff46869718d,温州,wz_vehicle,,,,330327,0,,,,,2026-09-02
c2476b9d4f978ab6,温州,wz_vehicle,,,,330324004,0,,,,,2026-09-02
23682d121e5c4761,温州,wz_vehicle,,,,330382,0,,,,,2026-09-02
b2e0d475c0fdf7bb,温州,wz_vehicle,,,,330391,0,,,,,2026-09-02
1b577f445ed1f69b,温州,wz_vehicle,,,,330302,0,,,,,2026-09-02
f5daadbb20160465,温州,wz_vehicle,,,,330324,0,,,,,2026-09-02
c7db8ad041d024df,温州,wz_vehicle,,,,330326,0,,,,,2026-09-02
8447bdc00a3a6d64,温州,wz_vehicle,,,,330304,0,,,,,2026-09-02
e72689f323bce020,温州,wz_vehicle,,,,330302,0,,,,,2026-09-02
963c1af20564f6f5,温州,wz_vehicle,,,,330304,0,,,,,2026-09-02
b2cda290420209ae,温州,wz_vehicle,,,,330382,0,,,,,2026-09-02
33b15d347a0d5411,温州,wz_vehicle,,,,330324003,0,,,,,2026-09-02
eb4aed36c787adcc,温州,wz_vehicle,,,,330382,0,,,,,2026-09-02
8eca14fc0c0b96a4,温州,wz_vehicle,,,,330302,0,,,,,2026-09-02
84364d95e6507284,温州,wz_vehicle,,,,330391,0,,,,,2026-09-02
89e09327e2bbef0a,温州,wz_vehicle,,,,330381,0,,,,,2026-09-02
2ff24efdf7635c6e,温州,wz_vehicle,,,,330302,0,,,,,2026-09-02
691b523084d824b3,温州,wz_vehicle,,,,330381,0,,,,,2026-09-02
91f49728e57bdd23,温州,wz_vehicle,,,,330304,0,,,,,2026-09-02
7205053d7ffead20,温州,wz_vehicle,,,,330302,0,,,,,2026-09-02
a26bfc30fe94c1aa,温州,wz_vehicle,,,,330391,0,,,,,2026-09-02
0fb2529fc44ba404,温州,wz_vehicle,,,,330383,0,,,,,2026-09-02
94b41a89b2cd2609,温州,wz_vehicle,,,,330391,0,,,,,2026-09-02
b5909e09dbf1b6d3,温州,wz_vehicle,,,,330327,0,,,,,2026-09-02
910c3bfdcabccf41,温州,wz_vehicle,,,,330382,0,,,,,2026-09-02
ad59351ccc2d6671,温州,wz_vehicle,,,,330326,0,,,,,2026-09-02
3ee56867ef2618db,温州,wz_vehicle,,,,330303,0,,,,,2026-09-02
dff1740fdb55ee53,温州,wz_vehicle,,,,330381,0,,,,,2026-09-02
28aaeacba0f94664,温州,wz_vehicle,,,,330324004,0,,,,,2026-09-02
5dca84c015c58504,温州,wz_vehicle,,,,330326,0,,,,,2026-09-02
e013aefe582a7959,温州,wz_vehicle,,,,330304,0,,,,,2026-09-02
c5d891a48571ab9b,温州,wz_vehicle,,,,330327,0,,,,,2026-09-02
5d3b6733957e1653,温州,wz_vehicle,,,,330383,0,,,,,2026-09-02
577023813e236d35,温州,wz_vehicle,,,,330326,0,,,,,2026-09-02
23d9637b5757704a,温州,wz_vehicle,,,,330382,0,,,,,2026-09-02
5a6c8ae05fdd7851,温州,wz_vehicle,,,,330391,0,,,,,2026-09-02
567818f46460f256,温州,wz_vehicle,,,,330304,0,,,,,2026-09-02
5458b5d9b3fdcae8,温州,wz_vehicle,,,,330381,0,,,,,2026-09-02
40938dc6897d959d,温州,wz_vehicle,,,,330382,0,,,,,2026-09-02
3712b180394d437c,温州,wz_vehicle,,,,330329,0,,,,,2026-09-02
4d3af1644db13f92,温州,wz_vehicle,,,,330382,0,,,,,2026-09-02
6d0e9fb9ba0d1490,温州,wz_vehicle,,,,330303,0,,,,,2026-09-02
9e76e878ee910ce4,温州,wz_vehicle,,,,330303,0,,,,,2026-09-02
7693c69cafa3a42b,温州,wz_vehicle,,,,330327,0,,,,,2026-09-02
4eee1c568ba32d7f,温州,wz_vehicle,,,,330382,0,,,,,2026-09-02
c1cd2e647aaedb1a,温州,wz_vehicle,,,,330303,0,,,,,2026-09-02
970dfade9c488951,温州,wz_vehicle,,,,330303,0,,,,,2026-09-02
ae89d50734340880,温州,wz_vehicle,,,,330303,0,,,,,2026-09-02
3259f039e0a65242,温州,wz_vehicle,,,,330326,0,,,,,2026-09-02
e2ab4e54457d7ca2,温州,wz_vehicle,,,,330329,0,,,,,2026-09-02
2b1a5d6cd18a4cf3,温州,wz_vehicle,,,,330327,0,,,,,2026-09-02
1072496a2e620ea5,温州,wz_vehicle,,,,330382,0,,,,,2026-09-02
0d3d0cc24a2cf32b,温州,wz_vehicle,,,,330303,0,,,,,2026-09-02
69524dad0506e2ec,温州,wz_vehicle,,,,330324,0,,,,,2026-09-02
a95ec2327c6f7344,温州,wz_vehicle,,,,330391,0,,,,,2026-09-02
0260296d8e941bc0,温州,wz_vehicle,,,,330303,0,,,,,2026-09-02
6c4a68cc52a60be2,温州,wz_vehicle,,,,330302,0,,,,,2026-09-02
6496099fbba9fa14,温州,wz_vehicle,,,,330304,0,,,,,2026-09-02
3d7a8f80893a755c,温州,wz_vehicle,,,,330381,0,,,,,2026-09-02
e2ce61c12b955ca1,温州,wz_vehicle,,,,330303,0,,,,,2026-09-02
a97e9706f0c1ba05,温州,wz_vehicle,,,,330391,0,,,,,2026-09-02
1d856ad81face229,温州,wz_vehicle,,,,330303,0,,,,,2026-09-02
2a4268db0e0a35f8,温州,wz_vehicle,,,,330329,0,,,,,2026-09-02
548e0805edb4e3a1,温州,wz_vehicle,,,,330326,0,,,,,2026-09-02
3911527a1529f438,温州,wz_vehicle,,,,330391,0,,,,,2026-09-02
d67ac58a32c0d608,温州,wz_vehicle,,,,330328,0,,,,,2026-09-02
bb61d6dd1181b0ac,温州,wz_vehicle,,,,330324,0,,,,,2026-09-02
1434ca9ff5724e31,温州,wz_vehicle,,,,330324,0,,,,,2026-09-02
3b5f66749beb7fe5,温州,wz_vehicle,,,,330303,0,,,,,2026-09-02
17ebaf126d91d1c3,温州,wz_vehicle,,,,330326,0,,,,,2026-09-02
68e8862a6cd10e9c,温州,wz_vehicle,,,,330381,0,,,,,2026-09-02
b66b87483d87fa03,温州,wz_vehicle,,,,330391,0,,,,,2026-09-02
b6297526e5f5a377,温州,wz_vehicle,,,,330382,0,,,,,2026-09-02
13229e7e906c9db1,温州,wz_vehicle,,,,,0,,,,,2026-09-02
ccb7d88e76641015,温州,wz_vehicle,,,,330382,0,,,,,2026-09-02
564e5c01f5609672,温州,wz_vehicle,,,,330303,0,,,,,2026-09-02
cad97a1bc30433a1,温州,wz_vehicle,,,,330383,0,,,,,2026-09-02
24e9e1e327c063b0,温州,wz_vehicle,,,,330303,0,,,,,2026-09-02
bee01dc282f2628a,温州,wz_vehicle,,,,330302,0,,,,,2026-09-02
75fbfef1680d4030,温州,wz_vehicle,,,,330382,0,,,,,2026-09-02
d436d8f221055a4e,温州,wz_vehicle,,,,330383,0,,,,,2026-09-02
cce0bb67258e27f6,温州,wz_vehicle,,,,330303,0,,,,,2026-09-02
25430ec3e2037e3a,温州,wz_vehicle,,,,330382,0,,,,,2026-09-02
6c16eb6b7ad36d6a,温州,wz_vehicle,,,,330329,0,,,,,2026-09-02
9293993aa3140cc6,温州,wz_vehicle,,,,330391,0,,,,,2026-09-02
cbb30f34ef25b1cc,温州,wz_vehicle,,,,330302,0,,,,,2026-09-02
bdf1c01332ae68ac,温州,wz_vehicle,,,,330382,0,,,,,2026-09-02
2bad183046c7909d,温州,wz_vehicle,,,,330303,0,,,,,2026-09-02
fecf28fdca5f0c76,温州,wz_vehicle,,,,330326,0,,,,,2026-09-02
44b38940d9bdd3cb,温州,wz_vehicle,,,,330391,0,,,,,2026-09-02
98905b0235d37754,温州,wz_vehicle,,,,330381,0,,,,,2026-09-02
cb02b84f887d0360,温州,wz_vehicle,,,,330383,0,,,,,2026-09-02
57714ae6a519a93e,温州,wz_vehicle,,,,330327,0,,,,,2026-09-02
50e56ebaf663eed7,温州,wz_vehicle,,,,330382,0,,,,,2026-09-02
7c67ab3c27ad228b,温州,wz_vehicle,,,,330324,0,,,,,2026-09-02
85e6295ee7d0d8c3,温州,wz_vehicle,,,,330382,0,,,,,2026-09-02
1d143f85d98006e7,温州,wz_vehicle,,,,330382,0,,,,,2026-09-02
9703d904e5819baf,温州,wz_vehicle,,,,330302,0,,,,,2026-09-02
1b1d4dbb7387e612,温州,wz_vehicle,,,,330327,0,,,,,2026-09-02
3d795d8bde4e70c0,温州,wz_vehicle,,,,330382,0,,,,,2026-09-02
85b33493c868426a,温州,wz_vehicle,,,,330382,0,,,,,2026-09-02
bc8ee7f428521246,温州,wz_vehicle,,,,330303,0,,,,,2026-09-02
af1e2a472daafbd7,温州,wz_vehicle,,,,330327,0,,,,,2026-09-02
70630337907b62e6,温州,wz_vehicle,,,,330382,0,,,,,2026-09-02
42de9fe803f075ca,温州,wz_vehicle,,,,330382,0,,,,,2026-09-02
bb298b9de678c787,温州,wz_vehicle,,,,330391,0,,,,,2026-09-02
9ab131234e442daf,温州,wz_vehicle,,,,330303,0,,,,,2026-09-02
f35ccbfd4017118a,温州,wz_vehicle,,,,330381,0,,,,,2026-09-02
6ae7e7c1a071a60d,温州,wz_vehicle,,,,330304,0,,,,,2026-09-02
9a9adf5b975a2e65,温州,wz_vehicle,,,,330303,0,,,,,2026-09-02
657f6b78603cd120,温州,wz_vehicle,,,,330382,0,,,,,2026-09-02
d50b66ed55538de1,温州,wz_vehicle,,,,330383,0,,,,,2026-09-02
075d260e40ea1343,温州,wz_vehicle,,,,330382,0,,,,,2026-09-02
09312303d456bc0b,温州,wz_vehicle,,,,330304,0,,,,,2026-09-02
4787a95033642d8d,温州,wz_vehicle,,,,330382,0,,,,,2026-09-02
6e348fb6f29dc5a0,温州,wz_vehicle,,,,330391,0,,,,,2026-09-02
9e7835bafbcad1f7,温州,wz_vehicle,,,,330381,0,,,,,2026-09-02
09f5444123cc2dd9,温州,wz_vehicle,,,,330383,0,,,,,2026-09-02
8ed294a29731f3f0,温州,wz_vehicle,,,,330328,0,,,,,2026-09-02
3741d5642da4a247,温州,wz_vehicle,,,,330327,0,,,,,2026-09-02
d9c66d3ddfb21c41,温州,wz_vehicle,,,,330382,0,,,,,2026-09-02
c99c932a5c836a44,温州,wz_vehicle,,,,330391,0,,,,,2026-09-02
fc2447f7a44b4f84,温州,wz_vehicle,,,,330324,0,,,,,2026-09-02
7fea94a31248ea71,温州,wz_vehicle,,,,330382,0,,,,,2026-09-02
80110bc6f166e842,温州,wz_vehicle,,,,330391,0,,,,,2026-09-02
d99ef77a63c6c4ee,温州,wz_vehicle,,,,330302,0,,,,,2026-09-02
6ea060e83a979876,温州,wz_vehicle,,,,330327,0,,,,,2026-09-02
73fbb7c565dbf9a0,温州,wz_vehicle,,,,330326,0,,,,,2026-09-02
73b3246402260636,温州,wz_vehicle,,,,330381,0,,,,,2026-09-02
df778d21ee432a54,温州,wz_vehicle,,,,330303,0,,,,,2026-09-02
e7a6a999924a9add,温州,wz_vehicle,,,,330391,0,,,,,2026-09-02
c39706228c3aa68c,温州,wz_vehicle,,,,330381,0,,,,,2026-09-02
39020260c709c5c6,温州,wz_vehicle,,,,330304,0,,,,,2026-09-02
e0f745d054dfffcd,温州,wz_vehicle,,,,330391,0,,,,,2026-09-02
a376faac6949964b,温州,wz_vehicle,,,,330381,0,,,,,2026-09-02
82d4f09751965b1f,温州,wz_vehicle,,,,330327,0,,,,,2026-09-02
88b072535a11f6e6,温州,wz_vehicle,,,,330303,0,,,,,2026-09-02
dc2b47f489c983e2,温州,wz_vehicle,,,,330302,0,,,,,2026-09-02
c905f3bd44a9c168,温州,wz_vehicle,,,,330328,0,,,,,2026-09-02
2a165d284ba346c7,温州,wz_vehicle,,,,330382,0,,,,,2026-09-02
c3bd759cf64c2caa,温州,wz_vehicle,,,,330382,0,,,,,2026-09-02
f35532860abc90a9,温州,wz_vehicle,,,,330302,0,,,,,2026-09-02
bacf4e001077f685,温州,wz_vehicle,,,,330383,0,,,,,2026-09-02
9b0f3df666addead,温州,wz_vehicle,,,,330391,0,,,,,2026-09-02
2da80c10b60bee46,温州,wz_vehicle,,,,,0,,,,,2026-09-02
d82ead99af97ff41,温州,wz_vehicle,,,,330391,0,,,,,2026-09-02
aedf4498b7f0eb7c,温州,wz_vehicle,,,,330382,0,,,,,2026-09-02
9f2862b1e3ee4830,温州,wz_vehicle,,,,330327,0,,,,,2026-09-02
ae2ef00218170292,温州,wz_vehicle,,,,330383,0,,,,,2026-09-02
b119810ec4bd72e5,温州,wz_vehicle,,,,330383,0,,,,,2026-09-02
7378301db0549251,温州,wz_vehicle,,,,330304,0,,,,,2026-09-02
9ce586744e3f5d8c,温州,wz_vehicle,,,,330327,0,,,,,2026-09-02
03321f503e5372ae,温州,wz_vehicle,,,,330302,0,,,,,2026-09-02
50d1d0c82d3c5547,温州,wz_vehicle,,,,330382,0,,,,,2026-09-02
5d71a9f36d37f362,温州,wz_vehicle,,,,330381,0,,,,,2026-09-02
2bfd42d490669524,温州,wz_vehicle,,,,330381,0,,,,,2026-09-02
01e7732e61efe0ec,温州,wz_vehicle,,,,330391,0,,,,,2026-09-02
e4421e5c7b5a9b04,温州,wz_vehicle,,,,330304,0,,,,,2026-09-02
f38ba3de21a9316a,温州,wz_vehicle,,,,330303,0,,,,,2026-09-02
473710d23919022f,温州,wz_vehicle,,,,330300,0,,,,,2026-09-02
9baa487e60b7b619,温州,wz_vehicle,,,,,0,,,,,2026-09-02
aa55af67545a680b,温州,wz_vehicle,,,,330383,0,,,,,2026-09-02
d3c66d90b82ff878,温州,wz_vehicle,,,,330326,0,,,,,2026-09-02
2f355b542c03fcf5,温州,wz_vehicle,,,,330303,0,,,,,2026-09-02
b4de6d0044eca848,温州,wz_vehicle,,,,330302,0,,,,,2026-09-02
830da957f0d90844,温州,wz_vehicle,,,,330382,0,,,,,2026-09-02
8e33f2f536e8d6a9,温州,wz_vehicle,,,,330382,0,,,,,2026-09-02
ab61e1da1bbf15c0,温州,wz_vehicle,,,,330382,0,,,,,2026-09-02
38f6b40f61b66ed3,温州,wz_vehicle,,,,330326,0,,,,,2026-09-02
344b2fa4dcf4f369,温州,wz_vehicle,,,,330303,0,,,,,2026-09-02
8c68644e58c54eb9,温州,wz_vehicle,,,,330327,0,,,,,2026-09-02
eb00a6dfcc3bdf6f,温州,wz_vehicle,,,,330382,0,,,,,2026-09-02
a442871600248cd4,温州,wz_vehicle,,,,330326,0,,,,,2026-09-02
878240db4bee2d16,温州,wz_vehicle,,,,330382,0,,,,,2026-09-02
f1fc6cbe2a811661,温州,wz_vehicle,,,,330382,0,,,,,2026-09-02
3f46882fa230eb66,温州,wz_vehicle,,,,330382,0,,,,,2026-09-02
4d2f49ad5b50523e,温州,wz_vehicle,,,,330303,0,,,,,2026-09-02
40abc11e312f8245,温州,wz_vehicle,,,,330302,0,,,,,2026-09-02
3afbc44adcd7cadd,温州,wz_vehicle,,,,330324004,0,,,,,2026-09-02
395a0198e6e7910c,温州,wz_vehicle,,,,330383,0,,,,,2026-09-02
63e37d520514ca42,温州,wz_vehicle,,,,,0,,,,,2026-09-02
285787bb79d4fc0b,温州,wz_vehicle,,,,330303,0,,,,,2026-09-02
969ea413c311708f,温州,wz_vehicle,,,,330304,0,,,,,2026-09-02
aec23bbfe0c3aaab,温州,wz_vehicle,,,,330391,0,,,,,2026-09-02
9c68daac4145d273,温州,wz_vehicle,,,,330383,0,,,,,2026-09-02
46fc0fded44c01a2,温州,wz_vehicle,,,,330326,0,,,,,2026-09-02
c1c2e77ee6ec4085,温州,wz_vehicle,,,,330326,0,,,,,2026-09-02
b0182946bc22f4d1,温州,wz_vehicle,,,,330324,0,,,,,2026-09-02
2f1dd381480a345e,温州,wz_vehicle,,,,330383,0,,,,,2026-09-02
70ebcc0dc9b6b32d,温州,wz_vehicle,,,,330303,0,,,,,2026-09-02
2dcc2f5d227f1c99,温州,wz_vehicle,,,,330304,0,,,,,2026-09-02
95216ca742844c09,温州,wz_vehicle,,,,330381,0,,,,,2026-09-02
dd614a0c4f2b470d,温州,wz_vehicle,,,,330303,0,,,,,2026-09-02
6e8f18e1f04dcbe2,温州,wz_vehicle,,,,330381,0,,,,,2026-09-02
22c96044f868e375,温州,wz_vehicle,,,,330324,0,,,,,2026-09-02
9c2415c07c73701a,温州,wz_vehicle,,,,330381,0,,,,,2026-09-02
64ec6af86c6ea731,温州,wz_vehicle,,,,330382,0,,,,,2026-09-02
2ca5adc0002b56d3,温州,wz_vehicle,,,,330381,0,,,,,2026-09-02
173cfce5ebd0708e,温州,wz_vehicle,,,,330324,0,,,,,2026-09-02
31cb6dd723c9b73c,温州,wz_vehicle,,,,330382,0,,,,,2026-09-02
6e6c83f4b324ca33,温州,wz_vehicle,,,,330324004,0,,,,,2026-09-02
a8c516f9b9e40d21,温州,wz_vehicle,,,,330326,0,,,,,2026-09-02
5869c7c5598be4aa,温州,wz_vehicle,,,,330381,0,,,,,2026-09-02
10988dfd3001ef3c,温州,wz_vehicle,,,,330304,0,,,,,2026-09-02
1651a716f5757feb,温州,wz_vehicle,,,,330382,0,,,,,2026-09-02
c1e0324390c01b2c,温州,wz_vehicle,,,,330381,0,,,,,2026-09-02
3ec89ea23fa4301b,温州,wz_vehicle,,,,330391,0,,,,,2026-09-02
7ebdf3dc85d8e396,温州,wz_vehicle,,,,330303,0,,,,,2026-09-02
eea618b9ed24e703,温州,wz_vehicle,,,,330304,0,,,,,2026-09-02
f2e893eb9dfd582c,温州,wz_vehicle,,,,330304,0,,,,,2026-09-02
204ba2d431bbdcbc,温州,wz_vehicle,,,,,0,,,,,2026-09-02
dd9b60069602a5e2,温州,wz_vehicle,,,,330302,0,,,,,2026-09-02
c9be5f688ff3e4cc,温州,wz_vehicle,,,,330391,0,,,,,2026-09-02
e08582936a4caaac,温州,wz_vehicle,,,,330302,0,,,,,2026-09-02
fa9b26642405a431,温州,wz_vehicle,,,,330324,0,,,,,2026-09-02
b49349ee7e0fa202,温州,wz_vehicle,,,,330391,0,,,,,2026-09-02
fa0dd9e798a4b3fc,温州,wz_vehicle,,,,330328,0,,,,,2026-09-02
ae1a19ec6758d4d6,温州,wz_vehicle,,,,330303,0,,,,,2026-09-02
e0c88f58c3e4d193,温州,wz_vehicle,,,,330303,0,,,,,2026-09-02
cb2bca39b1297806,温州,wz_vehicle,,,,330303,0,,,,,2026-09-02
0b8de33f80c09881,温州,wz_vehicle,,,,330391,0,,,,,2026-09-02
99919c95d740fec4,温州,wz_vehicle,,,,330383,0,,,,,2026-09-02
622bb840776d2665,温州,wz_vehicle,,,,330381,0,,,,,2026-09-02
d4b5c3cacef5cd2e,温州,wz_vehicle,,,,330391,0,,,,,2026-09-02
bc422235026130bd,温州,wz_vehicle,,,,330303,0,,,,,2026-09-02
56a77441d6f4eb80,温州,wz_vehicle,,,,330382,0,,,,,2026-09-02
4eb1c17cadaa4225,温州,wz_vehicle,,,,330327,0,,,,,2026-09-02
95d98d8f5467519e,温州,wz_vehicle,,,,330303,0,,,,,2026-09-02
9679279065dcf95d,温州,wz_vehicle,,,,330326,0,,,,,2026-09-02
69d22a61474050cb,温州,wz_vehicle,,,,330324,0,,,,,2026-09-02
9b174bb6f21141ae,温州,wz_vehicle,,,,330326,0,,,,,2026-09-02
2ceea1309ec8e817,温州,wz_vehicle,,,,330391,0,,,,,2026-09-02
bfdcc414156393f7,温州,wz_vehicle,,,,330304,0,,,,,2026-09-02
fa2585fe301eb793,温州,wz_vehicle,,,,330303,0,,,,,2026-09-02
103a5f8a71741e63,温州,wz_vehicle,,,,330303,0,,,,,2026-09-02
a70db6dcaf917db6,温州,wz_vehicle,,,,330383,0,,,,,2026-09-02
aea5388ea5a317bd,温州,wz_vehicle,,,,330304,0,,,,,2026-09-02
116c4bc1a1a44bc0,温州,wz_vehicle,,,,330381,0,,,,,2026-09-02
a1f8b0328f25b5b5,温州,wz_vehicle,,,,330302,0,,,,,2026-09-02
374eeaf3e7aee8c4,温州,wz_vehicle,,,,330382,0,,,,,2026-09-02
010a65fcfcbd94a8,温州,wz_vehicle,,,,330324,0,,,,,2026-09-02
a95ebed8dac3a609,温州,wz_vehicle,,,,330327,0,,,,,2026-09-02
c957770b2e69793d,温州,wz_vehicle,,,,330324,0,,,,,2026-09-02
ac2c3be4b11632b7,温州,wz_vehicle,,,,330324,0,,,,,2026-09-02
b9afe522d257ac0e,温州,wz_vehicle,,,,330302,0,,,,,2026-09-02
dc950f450cc6b30c,温州,wz_vehicle,,,,330391,0,,,,,2026-09-02
b2bfa75d260ee5c6,温州,wz_vehicle,,,,330324,0,,,,,2026-09-02
057ed7566adc6f91,温州,wz_vehicle,,,,330327,0,,,,,2026-09-02
39d3d614b30d4732,温州,wz_vehicle,,,,330324,0,,,,,2026-09-02
ee92f55713301ea1,温州,wz_vehicle,,,,330304,0,,,,,2026-09-02
52dc450cd83cd31b,温州,wz_vehicle,,,,330382,0,,,,,2026-09-02
3e575921253ddd29,温州,wz_vehicle,,,,330329,0,,,,,2026-09-02
1ee1a3f5da393ef8,温州,wz_vehicle,,,,330302,0,,,,,2026-09-02
dd6d597b0054e7ea,温州,wz_vehicle,,,,330381,0,,,,,2026-09-02
ae0ef36ab0caa879,温州,wz_vehicle,,,,330382,0,,,,,2026-09-02
19157aa897f61680,温州,wz_vehicle,,,,330326,0,,,,,2026-09-02
a5d6d56ff05f6282,温州,wz_vehicle,,,,330303,0,,,,,2026-09-02
e7af9b444014c626,温州,wz_vehicle,,,,330327,0,,,,,2026-09-02
b8807660c6731992,温州,wz_vehicle,,,,330303,0,,,,,2026-09-02
9983061f72bf2a62,温州,wz_vehicle,,,,330324,0,,,,,2026-09-02
5aeec58f6c9448ce,温州,wz_vehicle,,,,330382,0,,,,,2026-09-02
a720a6ef3142a005,温州,wz_vehicle,,,,330326,0,,,,,2026-09-02
96b99474d553a35f,温州,wz_vehicle,,,,330327,0,,,,,2026-09-02
5f4b9f5c9bfcd600,温州,wz_vehicle,,,,330382,0,,,,,2026-09-02
2040f0647b8c9a89,温州,wz_vehicle,,,,330326,0,,,,,2026-09-02
d3a7604a20a5c31e,温州,wz_vehicle,,,,330383,0,,,,,2026-09-02
43ce7230fb7b3efc,温州,wz_vehicle,,,,330382,0,,,,,2026-09-02
83613e1eb36db82a,温州,wz_vehicle,,,,330382,0,,,,,2026-09-02
218bb10764bab4ab,温州,wz_vehicle,,,,330324,0,,,,,2026-09-02
ba3f4a97a46e9231,温州,wz_vehicle,,,,,0,,,,,2026-09-02
489567ad2357bb17,温州,wz_vehicle,,,,330326,0,,,,,2026-09-02
f292c7cfb909e965,温州,wz_vehicle,,,,330391,0,,,,,2026-09-02
37563107d7cc4015,温州,wz_vehicle,,,,330304,0,,,,,2026-09-02
107d5caecc8fe125,温州,wz_vehicle,,,,330304,0,,,,,2026-09-02
860b78035b21ce6d,温州,wz_vehicle,,,,330304,0,,,,,2026-09-02
383b3769d8bff2c0,温州,wz_vehicle,,,,330391,0,,,,,2026-09-02
00e5482d230617df,温州,wz_vehicle,,,,330326,0,,,,,2026-09-02
39e6a80d3d792e75,温州,wz_vehicle,,,,330303,0,,,,,2026-09-02
49918b721d4acccd,温州,wz_vehicle,,,,330303,0,,,,,2026-09-02
4ec59ebef5ca727c,温州,wz_vehicle,,,,330302,0,,,,,2026-09-02
582eb36433e63d66,温州,wz_vehicle,,,,330324,0,,,,,2026-09-02
7bb3f8d3cd933a73,温州,wz_vehicle,,,,330324,0,,,,,2026-09-02
8e9f8fd43c1fa314,温州,wz_vehicle,,,,330303,0,,,,,2026-09-02
017c1ba36ad63c41,温州,wz_vehicle,,,,330381,0,,,,,2026-09-02
8cdc5aed4548c315,温州,wz_vehicle,,,,330382,0,,,,,2026-09-02
706bee6c3e480f68,温州,wz_vehicle,,,,330303,0,,,,,2026-09-02
2848b6a4583ad349,温州,wz_vehicle,,,,330328,0,,,,,2026-09-02
73ecbb51f50c9146,温州,wz_vehicle,,,,330391,0,,,,,2026-09-02
24fd9edfeadf195c,温州,wz_vehicle,,,,330303,0,,,,,2026-09-02
3a75e66697d02392,温州,wz_vehicle,,,,330381,0,,,,,2026-09-02
1e61d792eeb40ff6,温州,wz_vehicle,,,,330300,0,,,,,2026-09-02
73c27d240bf36547,温州,wz_vehicle,,,,330304,0,,,,,2026-09-02
22ff057ae98afa99,温州,wz_vehicle,,,,330383,0,,,,,2026-09-02
dad9e26664e9de40,温州,wz_vehicle,,,,330381,0,,,,,2026-09-02
c7906d26dddf64e0,温州,wz_vehicle,,,,330328,0,,,,,2026-09-02
128df13dc4c04060,温州,wz_vehicle,,,,330391,0,,,,,2026-09-02
90503aa63b0ab719,温州,wz_vehicle,,,,330327,0,,,,,2026-09-02
c9bddef7ebb96d6c,温州,wz_vehicle,,,,330303,0,,,,,2026-09-02
62cb80aea61d1635,温州,wz_vehicle,,,,330303,0,,,,,2026-09-02
e1b264f6b2e8480d,温州,wz_vehicle,,,,330324,0,,,,,2026-09-02
6f2585f4bc59af81,温州,wz_vehicle,,,,330303,0,,,,,2026-09-02
fea55463516e96f1,温州,wz_vehicle,,,,330381,0,,,,,2026-09-02
fd30d4c93099b471,温州,wz_vehicle,,,,330304,0,,,,,2026-09-02
977b9ec9405049f2,温州,wz_vehicle,,,,330381,0,,,,,2026-09-02
4af4d0b0293c36bf,温州,wz_vehicle,,,,330304,0,,,,,2026-09-02
8d27ad5f3a089e07,温州,wz_vehicle,,,,330327,0,,,,,2026-09-02
699b6951bd9b5208,温州,wz_vehicle,,,,330382,0,,,,,2026-09-02
6e671a48c17c9e82,温州,wz_vehicle,,,,330382,0,,,,,2026-09-02
bfd795d27b372012,温州,wz_vehicle,,,,330303,0,,,,,2026-09-02
c2751bddc7bdd0fb,温州,wz_vehicle,,,,330383,0,,,,,2026-09-02
332b521e102db99c,温州,wz_vehicle,,,,330326,0,,,,,2026-09-02
84a5baf12b531de6,温州,wz_vehicle,,,,330303,0,,,,,2026-09-02
0803d6a3717984a8,温州,wz_vehicle,,,,330327,0,,,,,2026-09-02
c9f6ec5e47981014,温州,wz_vehicle,,,,330303,0,,,,,2026-09-02
cbd199aee298c2ec,温州,wz_vehicle,,,,330324,0,,,,,2026-09-02
d01655872a8ba994,温州,wz_vehicle,,,,330304,0,,,,,2026-09-02
378f879c9d9aab37,温州,wz_vehicle,,,,330324,0,,,,,2026-09-02
31337b790cbed92c,温州,wz_vehicle,,,,330382,0,,,,,2026-09-02
90d759543a8ac54e,温州,wz_vehicle,,,,330327,0,,,,,2026-09-02
b7d47b77790ecfcf,温州,wz_vehicle,,,,330302,0,,,,,2026-09-02
35eeaf5a44216920,温州,wz_vehicle,,,,330391,0,,,,,2026-09-02
b7fe75805722c5d6,温州,wz_vehicle,,,,3303,0,,,,,2026-09-02
d81d9301bf5d2fb2,温州,wz_vehicle,,,,330383,0,,,,,2026-09-02
4550557219bd6841,温州,wz_vehicle,,,,330329,0,,,,,2026-09-02
d6b58606b6d6a181,温州,wz_vehicle,,,,330382,0,,,,,2026-09-02
1cee30dd77612ce1,温州,wz_vehicle,,,,330303,0,,,,,2026-09-02
ebb022d681471728,温州,wz_vehicle,,,,330326,0,,,,,2026-09-02
34ccf382f194844d,温州,wz_vehicle,,,,330304,0,,,,,2026-09-02
7074eb06d18ee70c,温州,wz_vehicle,,,,330326,0,,,,,2026-09-02
3e58433a5d67869d,温州,wz_vehicle,,,,330381,0,,,,,2026-09-02
731098360f0c2d94,温州,wz_vehicle,,,,330303,0,,,,,2026-09-02
4d2f6d80d98f415a,温州,wz_vehicle,,,,330324,0,,,,,2026-09-02
e0ac5f2bc935d24e,温州,wz_vehicle,,,,330327,0,,,,,2026-09-02
ba7ba5fa5c42f837,温州,wz_vehicle,,,,330304,0,,,,,2026-09-02
06dab56f6b241617,温州,wz_vehicle,,,,330324,0,,,,,2026-09-02
80b1becc54629f3f,温州,wz_vehicle,,,,330391,0,,,,,2026-09-02
3ef39f831892160a,温州,wz_vehicle,,,,330327,0,,,,,2026-09-02
fe539103aae653fe,温州,wz_vehicle,,,,330382,0,,,,,2026-09-02
5d8e980b481cf659,温州,wz_vehicle,,,,330304,0,,,,,2026-09-02
45df9449b1423f09,温州,wz_vehicle,,,,330391,0,,,,,2026-09-02
33e4117cd01e7a60,温州,wz_vehicle,,,,330382,0,,,,,2026-09-02
535f382656ce7b73,温州,wz_vehicle,,,,330381,0,,,,,2026-09-02
b3a0036ca07cfa81,温州,wz_vehicle,,,,330302,0,,,,,2026-09-02
b8449a3df08995db,温州,wz_vehicle,,,,330327,0,,,,,2026-09-02
cd5ddf944460477f,温州,wz_vehicle,,,,330326,0,,,,,2026-09-02
cb173adfe90f650a,温州,wz_vehicle,,,,330327,0,,,,,2026-09-02
1a6e061363d4084d,温州,wz_vehicle,,,,330324,0,,,,,2026-09-02
d9078298596013d7,温州,wz_vehicle,,,,330327,0,,,,,2026-09-02
aabbbc99700b3add,温州,wz_vehicle,,,,330381,0,,,,,2026-09-02
eec2db8652b6e997,温州,wz_vehicle,,,,330383,0,,,,,2026-09-02
7768cc4e9ae4a240,温州,wz_vehicle,,,,330304,0,,,,,2026-09-02
7e3861aae2cab82c,温州,wz_vehicle,,,,330327,0,,,,,2026-09-02
c0f0a35a4553f87f,温州,wz_vehicle,,,,330324,0,,,,,2026-09-02
466443ecd92fd193,温州,wz_vehicle,,,,330304,0,,,,,2026-09-02
b230aef9b3ef095b,温州,wz_vehicle,,,,330381,0,,,,,2026-09-02
0e356b24adeeed4a,温州,wz_vehicle,,,,330383,0,,,,,2026-09-02
68cd8c0cd2fbe271,温州,wz_vehicle,,,,330381,0,,,,,2026-09-02
8c695191f3702707,温州,wz_vehicle,,,,330329,0,,,,,2026-09-02
42fbdd311ce6ba5f,温州,wz_vehicle,,,,330324,0,,,,,2026-09-02
5a88ceb90a5c999a,温州,wz_vehicle,,,,330300,0,,,,,2026-09-02
474223a3934ce714,温州,wz_vehicle,,,,330382,0,,,,,2026-09-02
7a44710058a08c33,温州,wz_vehicle,,,,330304,0,,,,,2026-09-02
fbe2449f75c94e37,温州,wz_vehicle,,,,330382,0,,,,,2026-09-02
1f01d29e26f873c5,温州,wz_vehicle,,,,330329,0,,,,,2026-09-02
20f2b6f1266cda0d,温州,wz_vehicle,,,,330324,0,,,,,2026-09-02
2f1b43d96e1de0ef,温州,wz_vehicle,,,,330381,0,,,,,2026-09-02
99be5558f778ed73,温州,wz_vehicle,,,,330391,0,,,,,2026-09-02
adafd3889a93d3bf,温州,wz_vehicle,,,,330303,0,,,,,2026-09-02
51dd644a9c12ad12,温州,wz_vehicle,,,,330304,0,,,,,2026-09-02
34d6fc6d60700859,温州,wz_vehicle,,,,330329,0,,,,,2026-09-02
48798edec88e807d,温州,wz_vehicle,,,,330303,0,,,,,2026-09-02
a0d77a080306e21c,温州,wz_vehicle,,,,330303,0,,,,,2026-09-02
b06c55fbee4fdbb2,温州,wz_vehicle,,,,330326,0,,,,,2026-09-02
9983c68be8c1e03e,温州,wz_vehicle,,,,330382,0,,,,,2026-09-02
53b48b98cdd94047,温州,wz_vehicle,,,,330391,0,,,,,2026-09-02
160f43c235bf4098,温州,wz_vehicle,,,,330382,0,,,,,2026-09-02
f37001beb03e4935,温州,wz_vehicle,,,,330391,0,,,,,2026-09-02
ca87456cf3c1b416,温州,wz_vehicle,,,,330382,0,,,,,2026-09-02
f5576f34989658ed,温州,wz_vehicle,,,,330391,0,,,,,2026-09-02
0c6bb6d8a05febd4,温州,wz_vehicle,,,,330391,0,,,,,2026-09-02
42096ba01292291f,温州,wz_vehicle,,,,330324,0,,,,,2026-09-02
f8a2646782e77b65,温州,wz_vehicle,,,,330383,0,,,,,2026-09-02
a3480ef276c0ee3c,温州,wz_vehicle,,,,330324,0,,,,,2026-09-02
a539608fdd25540a,温州,wz_vehicle,,,,330381,0,,,,,2026-09-02
e858027ce8eaf2eb,温州,wz_vehicle,,,,330324,0,,,,,2026-09-02
6e2bec4d665fd03c,温州,wz_vehicle,,,,330381,0,,,,,2026-09-02
44b3a847c394cf9e,温州,wz_vehicle,,,,330391,0,,,,,2026-09-02
d77fc7da486f2f35,温州,wz_vehicle,,,,330324,0,,,,,2026-09-02
55a3248db24034cc,温州,wz_vehicle,,,,330382,0,,,,,2026-09-02
8ae78c7e1f40c494,温州,wz_vehicle,,,,330327,0,,,,,2026-09-02
b6e63cbe560ccca6,温州,wz_vehicle,,,,330382,0,,,,,2026-09-02
bf99cc6333d51d9e,温州,wz_vehicle,,,,330302,0,,,,,2026-09-02
e386b1667e753bd2,温州,wz_vehicle,,,,330329,0,,,,,2026-09-02
5eeaf38acf2f6801,温州,wz_vehicle,,,,330327,0,,,,,2026-09-02
803324b18a6e832e,温州,wz_vehicle,,,,330382,0,,,,,2026-09-02
dc2967ac98733878,温州,wz_vehicle,,,,330382,0,,,,,2026-09-02
3cb6af5cac200a60,温州,wz_vehicle,,,,330304,0,,,,,2026-09-02
dd4cbb1086a1f572,温州,wz_vehicle,,,,330304,0,,,,,2026-09-02
894c4558f872cbc0,温州,wz_vehicle,,,,330304,0,,,,,2026-09-02
4bf487be4657af2f,温州,wz_vehicle,,,,330303,0,,,,,2026-09-02
49a54cc7568a4464,温州,wz_vehicle,,,,330391,0,,,,,2026-09-02
efa710fd84cb621b,温州,wz_vehicle,,,,330391,0,,,,,2026-09-02
14039c8963dcaeba,温州,wz_vehicle,,,,330303,0,,,,,2026-09-02
317a68d2651ab7a1,温州,wz_vehicle,,,,330383,0,,,,,2026-09-02
43a9b1a4563d7ecd,温州,wz_vehicle,,,,330383,0,,,,,2026-09-02
16ada936df2a7326,温州,wz_vehicle,,,,330327,0,,,,,2026-09-02
4f0ec39a3435b2b4,温州,wz_vehicle,,,,330302,0,,,,,2026-09-02
485eee2bf0ba4b17,温州,wz_vehicle,,,,330303,0,,,,,2026-09-02
c8277d654b898594,温州,wz_vehicle,,,,330303,0,,,,,2026-09-02
e10d841fd0caab86,温州,wz_vehicle,,,,330303,0,,,,,2026-09-02
c76cd954dc0719cd,温州,wz_vehicle,,,,330304,0,,,,,2026-09-02
2102d13131de8df5,温州,wz_vehicle,,,,330383,0,,,,,2026-09-02
2c580b8ab79df57e,温州,wz_vehicle,,,,330326,0,,,,,2026-09-02
1d0116eb1f538f70,温州,wz_vehicle,,,,330303,0,,,,,2026-09-02
5baa7a5f12f29d6c,温州,wz_vehicle,,,,330303,0,,,,,2026-09-02
8e1a64df5f64c090,温州,wz_vehicle,,,,330303,0,,,,,2026-09-02
141bdac8dd872d7e,温州,wz_vehicle,,,,330381,0,,,,,2026-09-02
7b55352101e5aba4,温州,wz_vehicle,,,,330304,0,,,,,2026-09-02
c29deeeeb32294e1,温州,wz_vehicle,,,,330327,0,,,,,2026-09-02
b494621d0dda67ca,温州,wz_vehicle,,,,330327,0,,,,,2026-09-02
7db1cd9813e55024,温州,wz_vehicle,,,,330304,0,,,,,2026-09-02
e3347472badd555b,温州,wz_vehicle,,,,330381,0,,,,,2026-09-02
0855620880968f81,温州,wz_vehicle,,,,330391,0,,,,,2026-09-02
d9e578e0dba43980,温州,wz_vehicle,,,,330304,0,,,,,2026-09-02
729b3da1b79d4be2,温州,wz_vehicle,,,,330327,0,,,,,2026-09-02
21621ae951af4afb,温州,wz_vehicle,,,,330324,0,,,,,2026-09-02
a416a3e91ec8f9b4,温州,wz_vehicle,,,,330381,0,,,,,2026-09-02
19c3d6fb4459ea6e,温州,wz_vehicle,,,,330391,0,,,,,2026-09-02
548575e3c03847f0,温州,wz_vehicle,,,,330326,0,,,,,2026-09-02
906faeb79f5145b9,温州,wz_vehicle,,,,330324,0,,,,,2026-09-02
577957838e3a92d7,温州,wz_vehicle,,,,330304,0,,,,,2026-09-02
2d36624968c5e13f,温州,wz_vehicle,,,,330303,0,,,,,2026-09-02
ced9d36738c8b37e,温州,wz_vehicle,,,,330391,0,,,,,2026-09-02
2d9025a27908a4ff,温州,wz_vehicle,,,,330303,0,,,,,2026-09-02
96ab18473487016d,温州,wz_vehicle,,,,330381,0,,,,,2026-09-02
60e1464b28523b2c,温州,wz_vehicle,,,,330303,0,,,,,2026-09-02
5c4daa452e0aeeb9,温州,wz_vehicle,,,,330303,0,,,,,2026-09-02
0b77b638958408f4,温州,wz_vehicle,,,,330383,0,,,,,2026-09-02
7a52b1d96ce2d6cc,温州,wz_vehicle,,,,330391,0,,,,,2026-09-02
3e858e9aed91ccdb,温州,wz_vehicle,,,,330383,0,,,,,2026-09-02
ec00130feffa7e1f,温州,wz_vehicle,,,,330327,0,,,,,2026-09-02
eca22cdd7d37e427,温州,wz_vehicle,,,,330304,0,,,,,2026-09-02
a20d91145ed74653,温州,wz_vehicle,,,,330302,0,,,,,2026-09-02
0b8243d3f5ca5ade,温州,wz_vehicle,,,,330327,0,,,,,2026-09-02
e1373932083ca208,温州,wz_vehicle,,,,330303,0,,,,,2026-09-02
2da724bebd6ca07a,温州,wz_vehicle,,,,330324,0,,,,,2026-09-02
61fba80936dc1829,温州,wz_vehicle,,,,330303,0,,,,,2026-09-02
374ba217ca7a1742,温州,wz_vehicle,,,,330303,0,,,,,2026-09-02
5ca4917b482c685f,温州,wz_vehicle,,,,330329,0,,,,,2026-09-02
75a397235dc89f5c,温州,wz_vehicle,,,,330382,0,,,,,2026-09-02
3c7177f77df02c30,温州,wz_vehicle,,,,330324,0,,,,,2026-09-02
b5d781eb2c7dbb98,温州,wz_vehicle,,,,330304,0,,,,,2026-09-02
dc9427f33f04d5be,温州,wz_vehicle,,,,330304,0,,,,,2026-09-02
166574fc8bac56e4,温州,wz_vehicle,,,,330391,0,,,,,2026-09-02
21ba1dd2d969b90e,温州,wz_vehicle,,,,330382,0,,,,,2026-09-02
57607a15fc30a034,温州,wz_vehicle,,,,330328,0,,,,,2026-09-02
2ff40504b76a1589,温州,wz_vehicle,,,,330391,0,,,,,2026-09-02
55100649464eb481,温州,wz_vehicle,,,,,0,,,,,2026-09-02
bfd1a3e0277e1c6f,温州,wz_vehicle,,,,330391,0,,,,,2026-09-02
e9dc7982dab1f076,温州,wz_vehicle,,,,330324,0,,,,,2026-09-02
32af67443a782f51,温州,wz_vehicle,,,,330324,0,,,,,2026-09-02
714d69e968a54530,温州,wz_vehicle,,,,330304,0,,,,,2026-09-02
808937c6326803e7,温州,wz_vehicle,,,,330382,0,,,,,2026-09-02
fcca2d5aab9c028a,温州,wz_vehicle,,,,330303,0,,,,,2026-09-02
58953da4902a51ae,温州,wz_vehicle,,,,330303,0,,,,,2026-09-02
a1dac7763f478628,温州,wz_vehicle,,,,330304,0,,,,,2026-09-02
4c01962ce91bed10,温州,wz_vehicle,,,,330302,0,,,,,2026-09-02
eca7df38fc2db22f,温州,wz_vehicle,,,,330302,0,,,,,2026-09-02
2178666d82aacd00,温州,wz_vehicle,,,,330327,0,,,,,2026-09-02
05e3e1a3f6ff6e05,温州,wz_vehicle,,,,330382,0,,,,,2026-09-02
8ffdb3d1ad2a022a,温州,wz_vehicle,,,,330326,0,,,,,2026-09-02
2769e3700da618c8,温州,wz_vehicle,,,,330381,0,,,,,2026-09-02
0ac86957a9eb7348,温州,wz_vehicle,,,,330382,0,,,,,2026-09-02
aa11d3e87459bec0,温州,wz_vehicle,,,,330327,0,,,,,2026-09-02
140523d0bd28b4c5,温州,wz_vehicle,,,,330381,0,,,,,2026-09-02
d156e614f8e75699,温州,wz_vehicle,,,,330327,0,,,,,2026-09-02
a582e7113a283e1f,温州,wz_vehicle,,,,330383,0,,,,,2026-09-02
94c04fe9af7687af,温州,wz_vehicle,,,,330391,0,,,,,2026-09-02
7dad456bfb74f3d2,温州,wz_vehicle,,,,330381,0,,,,,2026-09-02
5da20d912c6e554b,温州,wz_vehicle,,,,330326,0,,,,,2026-09-02
33efa47d45f8e5f2,温州,wz_vehicle,,,,330324,0,,,,,2026-09-02
3abcbd0d58d6eb42,温州,wz_vehicle,,,,330324,0,,,,,2026-09-02
137bc5db32dabc2b,温州,wz_vehicle,,,,330303,0,,,,,2026-09-02
347fa99bb50ab3e7,温州,wz_vehicle,,,,330328,0,,,,,2026-09-02
aac16cec54d9fda6,温州,wz_vehicle,,,,330324,0,,,,,2026-09-02
0b9d892fdc8e244a,温州,wz_vehicle,,,,330328,0,,,,,2026-09-02
dda65ee6d73664f2,温州,wz_vehicle,,,,330326,0,,,,,2026-09-02
2b8e9a32d16290c0,温州,wz_vehicle,,,,330381,0,,,,,2026-09-02
f845f30b1ff0a775,温州,wz_vehicle,,,,330381,0,,,,,2026-09-02
014a54b5a4fbc1f4,温州,wz_vehicle,,,,330327,0,,,,,2026-09-02
da5625134eeb9220,温州,wz_vehicle,,,,330324,0,,,,,2026-09-02
971fd045d6c37ff9,温州,wz_vehicle,,,,330382,0,,,,,2026-09-02
8e9b56a63b07d990,温州,wz_vehicle,,,,330327,0,,,,,2026-09-02
427924ce5e017e8e,温州,wz_vehicle,,,,3303,0,,,,,2026-09-02
485e680d051be115,温州,wz_vehicle,,,,330391,0,,,,,2026-09-02
00c38e29921e2506,温州,wz_vehicle,,,,330304,0,,,,,2026-09-02
980a2b64b5bf1339,温州,wz_vehicle,,,,330382,0,,,,,2026-09-02
ea4529e1823c33da,温州,wz_vehicle,,,,330391,0,,,,,2026-09-02
79ec87acdbac4b5a,温州,wz_vehicle,,,,330391,0,,,,,2026-09-02
c2c5ab50e9ddbcf2,温州,wz_vehicle,,,,330382,0,,,,,2026-09-02
341652b8c84ac249,温州,wz_vehicle,,,,330383,0,,,,,2026-09-02
c64047b6effd26ef,温州,wz_vehicle,,,,330326,0,,,,,2026-09-02
5691a59615199e75,温州,wz_vehicle,,,,330391,0,,,,,2026-09-02
c372cca9a91dda6f,温州,wz_vehicle,,,,330382,0,,,,,2026-09-02
73a15633a1cd48b0,温州,wz_vehicle,,,,330391,0,,,,,2026-09-02
b02e27f12e121da6,温州,wz_vehicle,,,,330303,0,,,,,2026-09-02
6b2618fe03c288c0,温州,wz_vehicle,,,,330391,0,,,,,2026-09-02
490fd5577a10cddc,温州,wz_vehicle,,,,330391,0,,,,,2026-09-02
8aab7bc5045b68d0,温州,wz_vehicle,,,,330391,0,,,,,2026-09-02
5321cd85e54c029b,温州,wz_vehicle,,,,330391,0,,,,,2026-09-02
5a01c737ac10ce0d,温州,wz_vehicle,,,,330326,0,,,,,2026-09-02
94e00ad30dd5bb47,温州,wz_vehicle,,,,330327,0,,,,,2026-09-02
d8ec717740942e7a,温州,wz_vehicle,,,,330324,0,,,,,2026-09-02
8a3c5ebf4d571644,温州,wz_vehicle,,,,330303,0,,,,,2026-09-02
e2957dae007e2ba6,温州,wz_vehicle,,,,330304,0,,,,,2026-09-02
87c637fc017dc17c,温州,wz_vehicle,,,,330391,0,,,,,2026-09-02
b5f855cd0e1d2dc9,温州,wz_vehicle,,,,330391,0,,,,,2026-09-02
f58778a51d0a7e81,温州,wz_vehicle,,,,330329,0,,,,,2026-09-02
e0ab1f12ff802eff,温州,wz_vehicle,,,,330391,0,,,,,2026-09-02
24687da9f0d9ca7a,温州,wz_vehicle,,,,330324,0,,,,,2026-09-02
63ad11a2495be92c,温州,wz_vehicle,,,,330382,0,,,,,2026-09-02
97d31b27e6d80434,温州,wz_vehicle,,,,330391,0,,,,,2026-09-02
e3e15182872c1a07,温州,wz_vehicle,,,,330391,0,,,,,2026-09-02
1e37d3282c0f4a30,温州,wz_vehicle,,,,330302,0,,,,,2026-09-02
a584377e3803b34a,温州,wz_vehicle,,,,330302,0,,,,,2026-09-02
68f8263cd9daeacb,温州,wz_vehicle,,,,330324,0,,,,,2026-09-02
f368cbcbf39671e2,温州,wz_vehicle,,,,330303,0,,,,,2026-09-02
cdb42769b1369c2c,温州,wz_vehicle,,,,330303,0,,,,,2026-09-02
5429e7df2a9bb3e2,温州,wz_vehicle,,,,330328,0,,,,,2026-09-02
2aecdc2e5a5bae6b,温州,wz_vehicle,,,,330302,0,,,,,2026-09-02
d1b61a41f6f6a934,温州,wz_vehicle,,,,330329,0,,,,,2026-09-02
34082060ddd25305,温州,wz_vehicle,,,,330302,0,,,,,2026-09-02
9e640a21e4b09b89,温州,wz_vehicle,,,,330327,0,,,,,2026-09-02
fccc0a197397604d,温州,wz_vehicle,,,,330303,0,,,,,2026-09-02
e85441b2719353c3,温州,wz_vehicle,,,,330303,0,,,,,2026-09-02
ac9521d31e58af86,温州,wz_vehicle,,,,330327,0,,,,,2026-09-02
6e44d101dfbdef77,温州,wz_vehicle,,,,330324,0,,,,,2026-09-02
25f106c3cd42096d,温州,wz_vehicle,,,,330303,0,,,,,2026-09-02
ac337c926c7954c2,温州,wz_vehicle,,,,330303,0,,,,,2026-09-02
a3f34336cf9260ec,温州,wz_vehicle,,,,330326,0,,,,,2026-09-02
324fd2a53491c859,温州,wz_vehicle,,,,330391,0,,,,,2026-09-02
34fcc95f0ebf982e,温州,wz_vehicle,,,,330391,0,,,,,2026-09-02
d1b952019c0b9012,温州,wz_vehicle,,,,330327,0,,,,,2026-09-02
30e5386ed622897b,温州,wz_vehicle,,,,330303,0,,,,,2026-09-02
6818c7d15ba5b5e7,温州,wz_vehicle,,,,330329,0,,,,,2026-09-02
69619ec2c09be496,温州,wz_vehicle,,,,330382,0,,,,,2026-09-02
63eb709aea4ef27f,温州,wz_vehicle,,,,330381,0,,,,,2026-09-02
e7892e3ee3f21da7,温州,wz_vehicle,,,,330381,0,,,,,2026-09-02
ffac350b09e339d3,温州,wz_vehicle,,,,330302,0,,,,,2026-09-02
ee8a8a78b9a5f4bc,温州,wz_vehicle,,,,330327,0,,,,,2026-09-02
4fc08a0aec594ead,温州,wz_vehicle,,,,330383,0,,,,,2026-09-02
b9209d6ce35ba593,温州,wz_vehicle,,,,330382,0,,,,,2026-09-02
7e2b067dd66b73d5,温州,wz_vehicle,,,,330391,0,,,,,2026-09-02
0a9f1a2b4a40db10,温州,wz_vehicle,,,,330302,0,,,,,2026-09-02
5ea7fe4f269d9e73,温州,wz_vehicle,,,,330303,0,,,,,2026-09-02
76fb06fa526ddc97,温州,wz_vehicle,,,,330324,0,,,,,2026-09-02
66cd1caed542678f,温州,wz_vehicle,,,,330324,0,,,,,2026-09-02
f891bbee2d07a65b,温州,wz_vehicle,,,,3303,0,,,,,2026-09-02
77e5851a5baabb1b,温州,wz_vehicle,,,,330304,0,,,,,2026-09-02
ea02fa71ebd8d248,温州,wz_vehicle,,,,330382,0,,,,,2026-09-02
2293611c3964db80,温州,wz_vehicle,,,,330327,0,,,,,2026-09-02
83bceb6f06f6e238,温州,wz_vehicle,,,,330381,0,,,,,2026-09-02
0429090c8bb93804,温州,wz_vehicle,,,,330304,0,,,,,2026-09-02
f47f5d197019b5d4,温州,wz_vehicle,,,,330302,0,,,,,2026-09-02
a54f71477efcf5b9,温州,wz_vehicle,,,,330382,0,,,,,2026-09-02
07299d6b0e64f60d,温州,wz_vehicle,,,,330303,0,,,,,2026-09-02
a1d754a70b427f33,温州,wz_vehicle,,,,330327,0,,,,,2026-09-02
4a378114a26d3ce8,温州,wz_vehicle,,,,330324,0,,,,,2026-09-02
0233856a08ec097e,温州,wz_vehicle,,,,330304,0,,,,,2026-09-02
eebed89669d0c678,温州,wz_vehicle,,,,330324,0,,,,,2026-09-02
cd1ae7d4a63e4c49,温州,wz_vehicle,,,,330382,0,,,,,2026-09-02
20f4b821fcd2784a,温州,wz_vehicle,,,,330381,0,,,,,2026-09-02
33d4fed371245a78,温州,wz_vehicle,,,,,0,,,,,2026-09-02
fd7a0fa62e0b57be,温州,wz_vehicle,,,,330302,0,,,,,2026-09-02
571d712f69a4e580,温州,wz_vehicle,,,,330326,0,,,,,2026-09-02
9c430146b4bacbd0,温州,wz_vehicle,,,,330329,0,,,,,2026-09-02
86d35a1f25b3fe37,温州,wz_vehicle,,,,330381,0,,,,,2026-09-02
a9d72702c5929b38,温州,wz_vehicle,,,,330391,0,,,,,2026-09-02
b2141049b41c656d,温州,wz_vehicle,,,,330304,0,,,,,2026-09-02
eb8cbc4a0d631400,温州,wz_vehicle,,,,330391,0,,,,,2026-09-02
3a649105ad1cff0a,温州,wz_vehicle,,,,330303,0,,,,,2026-09-02
3346313373f008a2,温州,wz_vehicle,,,,330302,0,,,,,2026-09-02
00750511a7d93ebd,温州,wz_vehicle,,,,330327,0,,,,,2026-09-02
d258582bd555b532,温州,wz_vehicle,,,,330304,0,,,,,2026-09-02
a45387c85181d9ef,温州,wz_vehicle,,,,330303,0,,,,,2026-09-02
c29a2f00d72089bc,温州,wz_vehicle,,,,330302,0,,,,,2026-09-02
b1f7e6764504bb3d,温州,wz_vehicle,,,,330382,0,,,,,2026-09-02
94bff865f4abe148,温州,wz_vehicle,,,,330327,0,,,,,2026-09-02
2410c6034cf01b99,温州,wz_vehicle,,,,330303,0,,,,,2026-09-02
436e0d580a1c373a,温州,wz_vehicle,,,,330327,0,,,,,2026-09-02
8555f5a7234344d5,温州,wz_vehicle,,,,330303,0,,,,,2026-09-02
02a65742505e0416,温州,wz_vehicle,,,,330302,0,,,,,2026-09-02
9303493ca20ea07c,温州,wz_vehicle,,,,330391,0,,,,,2026-09-02
91d6e66f5b2b01b9,温州,wz_vehicle,,,,330324,0,,,,,2026-09-02
157d178fbd9c02c1,温州,wz_vehicle,,,,330303,0,,,,,2026-09-02
20efaa74485475cf,温州,wz_vehicle,,,,330391,0,,,,,2026-09-02
407c7e293bbfd487,温州,wz_vehicle,,,,330381,0,,,,,2026-09-02
74689c652726e7c4,温州,wz_vehicle,,,,330324,0,,,,,2026-09-02
ef568da66528bac6,温州,wz_vehicle,,,,330327,0,,,,,2026-09-02
43f0d579aa854ecb,温州,wz_vehicle,,,,330328,0,,,,,2026-09-02
34b1d598bec4dd15,温州,wz_vehicle,,,,330304,0,,,,,2026-09-02
c433dc3720024f5c,温州,wz_vehicle,,,,330302,0,,,,,2026-09-02
ec4b478d18cf7360,温州,wz_vehicle,,,,330302,0,,,,,2026-09-02
26ef248cd36ab50a,温州,wz_vehicle,,,,330327,0,,,,,2026-09-02
406e06bbf75b2c19,温州,wz_vehicle,,,,330327,0,,,,,2026-09-02
bff52e9113be494a,温州,wz_vehicle,,,,330391,0,,,,,2026-09-02
4815c324ccf982f9,温州,wz_vehicle,,,,330304,0,,,,,2026-09-02
a1b0b1c401f1b2e2,温州,wz_vehicle,,,,330324,0,,,,,2026-09-02
2e206866e9b6dbc8,温州,wz_vehicle,,,,330304,0,,,,,2026-09-02
6507718d0db934b7,温州,wz_vehicle,,,,330381,0,,,,,2026-09-02
17e83a74db0e7cbd,温州,wz_vehicle,,,,330381,0,,,,,2026-09-02
b86bdeb1ff4181c2,温州,wz_vehicle,,,,330381,0,,,,,2026-09-02
b875f688b46e9e6f,温州,wz_vehicle,,,,330327,0,,,,,2026-09-02
b528231bcf5115df,温州,wz_vehicle,,,,330381,0,,,,,2026-09-02
f047d12063770a28,温州,wz_vehicle,,,,330303,0,,,,,2026-09-02
88da170bec5fa23e,温州,wz_vehicle,,,,330304,0,,,,,2026-09-02
f77029527dba4377,温州,wz_vehicle,,,,330381,0,,,,,2026-09-02
57f989daa438ed22,温州,wz_vehicle,,,,330304,0,,,,,2026-09-02
2bc5122694546fd2,温州,wz_vehicle,,,,330326,0,,,,,2026-09-02
8fe176d0eafc820f,温州,wz_vehicle,,,,330303,0,,,,,2026-09-02
d076b1dda1a1dc3e,温州,wz_vehicle,,,,330382,0,,,,,2026-09-02
a3420b68d91cb927,温州,wz_vehicle,,,,330382,0,,,,,2026-09-02
1bd68de3f4d221f7,温州,wz_vehicle,,,,330327,0,,,,,2026-09-02
ff013ab361ae7a0d,温州,wz_vehicle,,,,330302,0,,,,,2026-09-02
fb63f9f236e9a911,温州,wz_vehicle,,,,330328,0,,,,,2026-09-02
2b22f7fb32948947,温州,wz_vehicle,,,,330324,0,,,,,2026-09-02
6cd4d46eff91657a,温州,wz_vehicle,,,,330326,0,,,,,2026-09-02
6e6a38cf1901cbc8,温州,wz_vehicle,,,,330383,0,,,,,2026-09-02
00d4f3b795407994,温州,wz_vehicle,,,,330302,0,,,,,2026-09-02
04f97797520a2832,温州,wz_vehicle,,,,330383,0,,,,,2026-09-02
83b89e58a8d4f0bd,温州,wz_vehicle,,,,330382,0,,,,,2026-09-02
593e7f8b5fa750c9,温州,wz_vehicle,,,,330381,0,,,,,2026-09-02
29792b5047dbb7f6,温州,wz_vehicle,,,,330302,0,,,,,2026-09-02
1be3f9d8fe7b6a05,温州,wz_vehicle,,,,330324,0,,,,,2026-09-02
751b8087121632d9,温州,wz_vehicle,,,,330382,0,,,,,2026-09-02
a41b4bd50e47110c,温州,wz_vehicle,,,,330382,0,,,,,2026-09-02
e56c073707ee3cf0,温州,wz_vehicle,,,,330303,0,,,,,2026-09-02
2c82ea42dabe6a23,温州,wz_vehicle,,,,330328,0,,,,,2026-09-02
1d376356d7cae78f,温州,wz_vehicle,,,,330381,0,,,,,2026-09-02
5b6729e8bb9a632c,温州,wz_vehicle,,,,330327,0,,,,,2026-09-02
b6adc277916d8f76,温州,wz_vehicle,,,,330303,0,,,,,2026-09-02
af48c64e2d398376,温州,wz_vehicle,,,,330326,0,,,,,2026-09-02
e910206b3c684037,温州,wz_vehicle,,,,330381,0,,,,,2026-09-02
37b5ae995a828fae,温州,wz_vehicle,,,,330324,0,,,,,2026-09-02
91a0befb46b96759,温州,wz_vehicle,,,,330327,0,,,,,2026-09-02
2e372987e5b14d21,温州,wz_vehicle,,,,330391,0,,,,,2026-09-02
421b42bd81563c66,温州,wz_vehicle,,,,330300,0,,,,,2026-09-02
1956f683ad409893,温州,wz_vehicle,,,,330382,0,,,,,2026-09-02
c9b8b317d484aea3,温州,wz_vehicle,,,,330382,0,,,,,2026-09-02
fcf7786adf18271b,温州,wz_vehicle,,,,330303,0,,,,,2026-09-02
4152c3819326c231,温州,wz_vehicle,,,,330381,0,,,,,2026-09-02
1e525ff738eb65d9,温州,wz_vehicle,,,,330391,0,,,,,2026-09-02
526b9cd03a3d576e,温州,wz_vehicle,,,,330382,0,,,,,2026-09-02
cac5b13f8e235da9,温州,wz_vehicle,,,,330303,0,,,,,2026-09-02
165417591e23685a,温州,wz_vehicle,,,,330303,0,,,,,2026-09-02
28a1501adc1b8199,温州,wz_vehicle,,,,330326,0,,,,,2026-09-02
30a1715887d787af,温州,wz_vehicle,,,,330382,0,,,,,2026-09-02
892cac19ab252d25,温州,wz_vehicle,,,,330381,0,,,,,2026-09-02
674f0ce61d63050c,温州,wz_vehicle,,,,330303,0,,,,,2026-09-02
29508ca990b17e2e,温州,wz_vehicle,,,,330391,0,,,,,2026-09-02
73977bbe9a5d7786,温州,wz_vehicle,,,,330381,0,,,,,2026-09-02
9a49e9396740c7a3,温州,wz_vehicle,,,,330329,0,,,,,2026-09-02
4ea00762f73155dc,温州,wz_vehicle,,,,330391,0,,,,,2026-09-02
a8f5358861145aa6,温州,wz_vehicle,,,,330381,0,,,,,2026-09-02
d3939787cffe13c0,温州,wz_vehicle,,,,330391,0,,,,,2026-09-02
4d78c7865196826f,温州,wz_vehicle,,,,330391,0,,,,,2026-09-02
f500b6fa7410104f,温州,wz_vehicle,,,,330391,0,,,,,2026-09-02
f67cf1596bc6ab6e,温州,wz_vehicle,,,,330303,0,,,,,2026-09-02
4a15c843091e97be,温州,wz_vehicle,,,,330382,0,,,,,2026-09-02
79bb9392d614e2ee,温州,wz_vehicle,,,,330391,0,,,,,2026-09-02
38400b781f5926d4,温州,wz_vehicle,,,,330383,0,,,,,2026-09-02
429c41518ddc000c,温州,wz_vehicle,,,,330303,0,,,,,2026-09-02
c029a6b11addda8d,温州,wz_vehicle,,,,330327,0,,,,,2026-09-02
a1a78a267a85412f,温州,wz_vehicle,,,,330391,0,,,,,2026-09-02
852a8d433da8aacb,温州,wz_vehicle,,,,330303,0,,,,,2026-09-02
2409d8a4256c33cc,温州,wz_vehicle,,,,330391,0,,,,,2026-09-02
c703051291e31967,温州,wz_vehicle,,,,330303,0,,,,,2026-09-02
cfdcdb351e954eee,温州,wz_vehicle,,,,330302,0,,,,,2026-09-02
899a62cb044051d2,温州,wz_vehicle,,,,330327,0,,,,,2026-09-02
e97774cd291433d0,温州,wz_vehicle,,,,330302,0,,,,,2026-09-02
f145b04e6162fbd8,温州,wz_vehicle,,,,330382,0,,,,,2026-09-02
77307010df4f586a,温州,wz_vehicle,,,,330304,0,,,,,2026-09-02
4a39317acd5b13cf,温州,wz_vehicle,,,,330391,0,,,,,2026-09-02
3b679976215dfccc,温州,wz_vehicle,,,,330303,0,,,,,2026-09-02
4dbe1764341e5207,温州,wz_vehicle,,,,330391,0,,,,,2026-09-02
c3b450aaf82aeca8,温州,wz_vehicle,,,,330326,0,,,,,2026-09-02
70133bae4fe1a6cd,温州,wz_vehicle,,,,330302,0,,,,,2026-09-02
edbb33928cc2c0f8,温州,wz_vehicle,,,,330327,0,,,,,2026-09-02
9113c0ecd8f3bc95,温州,wz_vehicle,,,,330383,0,,,,,2026-09-02
e08b0455d5468447,温州,wz_vehicle,,,,330303,0,,,,,2026-09-02
1e6371345c7a2679,温州,wz_vehicle,,,,330303,0,,,,,2026-09-02
43b3497d1526ed28,温州,wz_vehicle,,,,330329,0,,,,,2026-09-02
1a1b1b5e2ba42390,温州,wz_vehicle,,,,330324,0,,,,,2026-09-02
09ab970fb892c432,温州,wz_vehicle,,,,330382,0,,,,,2026-09-02
7dba1638675cac38,温州,wz_vehicle,,,,330326,0,,,,,2026-09-02
52ebb3acf74cb840,温州,wz_vehicle,,,,330324,0,,,,,2026-09-02
e84017801dec2894,温州,wz_vehicle,,,,330303,0,,,,,2026-09-02
c2771d8d98107700,温州,wz_vehicle,,,,330324004,0,,,,,2026-09-02
9c109b0e480b7494,温州,wz_vehicle,,,,330391,0,,,,,2026-09-02
930c1fd5c1a93ee8,温州,wz_vehicle,,,,330303,0,,,,,2026-09-02
4e8c8dc061ba3b98,温州,wz_vehicle,,,,330327,0,,,,,2026-09-02
dd26d02eb71e579a,温州,wz_vehicle,,,,330302,0,,,,,2026-09-02
1d9ce7270fcf5d7c,温州,wz_vehicle,,,,330327,0,,,,,2026-09-02
593af0a79b38728b,温州,wz_vehicle,,,,330391,0,,,,,2026-09-02
cd1bbdd2e17bcaff,温州,wz_vehicle,,,,330304,0,,,,,2026-09-02
2ec530fcf7b647e8,温州,wz_vehicle,,,,330382,0,,,,,2026-09-02
c63ee3fe5af5b563,温州,wz_vehicle,,,,330303,0,,,,,2026-09-02
8210ad9c88cf192f,温州,wz_vehicle,,,,330391,0,,,,,2026-09-02
c59188a11d03b9e5,温州,wz_vehicle,,,,330327,0,,,,,2026-09-02
ff342224186b8f05,温州,wz_vehicle,,,,330304,0,,,,,2026-09-02
0e36d5f419fb7764,温州,wz_vehicle,,,,330382,0,,,,,2026-09-02
d68b32546d9aa048,温州,wz_vehicle,,,,330382,0,,,,,2026-09-02
a70913a91ba6a634,温州,wz_vehicle,,,,330382,0,,,,,2026-09-02
205323ab20f3b227,温州,wz_vehicle,,,,330304,0,,,,,2026-09-02
14d6bf0fe7b3baa1,温州,wz_vehicle,,,,330327,0,,,,,2026-09-02
bc2ee6aab4c40bd2,温州,wz_vehicle,,,,330383,0,,,,,2026-09-02
b9e567979d3157c6,温州,wz_vehicle,,,,330391,0,,,,,2026-09-02
064050fc2b32afb1,温州,wz_vehicle,,,,330326,0,,,,,2026-09-02
0c1d1c49bfd18cbb,温州,wz_vehicle,,,,330391,0,,,,,2026-09-02
f62b346ec1ac1be3,温州,wz_vehicle,,,,330391,0,,,,,2026-09-02
6b93a05a62db0e73,温州,wz_vehicle,,,,330304,0,,,,,2026-09-02
5301b0046a6d92c4,温州,wz_vehicle,,,,330391,0,,,,,2026-09-02
a8d41b9f8028841f,温州,wz_vehicle,,,,330328,0,,,,,2026-09-02
ba85437107f62605,温州,wz_vehicle,,,,330326,0,,,,,2026-09-02
2779b7250e6f4d65,温州,wz_vehicle,,,,330302,0,,,,,2026-09-02
88d09fcf158d4ad0,温州,wz_vehicle,,,,330303,0,,,,,2026-09-02
627594c9f1c294ec,温州,wz_vehicle,,,,330391,0,,,,,2026-09-02
b4565eb5658ac255,温州,wz_vehicle,,,,330391,0,,,,,2026-09-02
8972675c0ec41e60,温州,wz_vehicle,,,,330304,0,,,,,2026-09-02
908eb9c90cb60b75,温州,wz_vehicle,,,,330327,0,,,,,2026-09-02
7a13323232f4f704,温州,wz_vehicle,,,,330302,0,,,,,2026-09-02
9ecf22c832dd77f2,温州,wz_vehicle,,,,330391,0,,,,,2026-09-02
2848de34cdbdd409,温州,wz_vehicle,,,,330326,0,,,,,2026-09-02
ae4a4ef984d87641,温州,wz_vehicle,,,,330327,0,,,,,2026-09-02
ae9631af2707e3d0,温州,wz_vehicle,,,,330382,0,,,,,2026-09-02
4e1c5fb55e0e0346,温州,wz_vehicle,,,,330326,0,,,,,2026-09-02
6f017118f816dc22,温州,wz_vehicle,,,,330383,0,,,,,2026-09-02
e67ae8073e66cfc4,温州,wz_vehicle,,,,330303,0,,,,,2026-09-02
75dcb93cf49f46ff,温州,wz_vehicle,,,,330382,0,,,,,2026-09-02
b813bd11b082fe68,温州,wz_vehicle,,,,330329,0,,,,,2026-09-02
02df579beb3ccb30,温州,wz_vehicle,,,,330382,0,,,,,2026-09-02
2567140008c5c2f4,温州,wz_vehicle,,,,330303,0,,,,,2026-09-02
e44039c8840d41bc,温州,wz_vehicle,,,,330383,0,,,,,2026-09-02
750d0078523f98e0,温州,wz_vehicle,,,,330326,0,,,,,2026-09-02
524367ff8a55c294,温州,wz_vehicle,,,,330381,0,,,,,2026-09-02
f8ffb23e5652d1da,温州,wz_vehicle,,,,330303,0,,,,,2026-09-02
d29e459403554d72,温州,wz_vehicle,,,,330383,0,,,,,2026-09-02
94c0a52770ee7102,温州,wz_vehicle,,,,330383,0,,,,,2026-09-02
be8ac8f2e223ed61,温州,wz_vehicle,,,,330303,0,,,,,2026-09-02
c9cccb15c3460b1a,温州,wz_vehicle,,,,330324,0,,,,,2026-09-02
685f900082c834c3,温州,wz_vehicle,,,,330302,0,,,,,2026-09-02
5310cefd7b121b9b,温州,wz_vehicle,,,,330381,0,,,,,2026-09-02
719db1cb76296c42,温州,wz_vehicle,,,,330381,0,,,,,2026-09-02
b663e134338ceb0d,温州,wz_vehicle,,,,330304,0,,,,,2026-09-02
34271feaba17de2f,温州,wz_vehicle,,,,330382,0,,,,,2026-09-02
bd9b1446b9dbc48c,温州,wz_vehicle,,,,330382,0,,,,,2026-09-02
f74000364e5d3c48,温州,wz_vehicle,,,,330382,0,,,,,2026-09-02
c6394bcf993c8505,温州,wz_vehicle,,,,330391,0,,,,,2026-09-02
75dfed1f64a8629a,温州,wz_vehicle,,,,330391,0,,,,,2026-09-02
8c4a53ee3d0372ed,温州,wz_vehicle,,,,330324,0,,,,,2026-09-02
d9e7f1db6e7a7dc1,温州,wz_vehicle,,,,330324,0,,,,,2026-09-02
d8c587632b0e90d6,温州,wz_vehicle,,,,330391,0,,,,,2026-09-02
916f5512afc508e0,温州,wz_vehicle,,,,330304,0,,,,,2026-09-02
f96a754bba19a699,温州,wz_vehicle,,,,330382,0,,,,,2026-09-02
232644737a337d29,温州,wz_vehicle,,,,330326,0,,,,,2026-09-02
70b427e7213e156c,温州,wz_vehicle,,,,330327,0,,,,,2026-09-02
68f71c779186a2c3,温州,wz_vehicle,,,,330382,0,,,,,2026-09-02
fde4e11f29e32f9d,温州,wz_vehicle,,,,330303,0,,,,,2026-09-02
ff1fdb5e4d532ae5,温州,wz_vehicle,,,,330381,0,,,,,2026-09-02
1232b2d9f0e4451d,温州,wz_vehicle,,,,3303,0,,,,,2026-09-02
dac814d3b18f0f61,温州,wz_vehicle,,,,330383,0,,,,,2026-09-02
9195602ccf3d1358,温州,wz_vehicle,,,,330391,0,,,,,2026-09-02
134419218a9bc9cd,温州,wz_vehicle,,,,330302,0,,,,,2026-09-02
29f7b697f91734ab,温州,wz_vehicle,,,,330327,0,,,,,2026-09-02
6111f5be72e03bd0,温州,wz_vehicle,,,,330382,0,,,,,2026-09-02
b0970c73021610e7,温州,wz_vehicle,,,,330381,0,,,,,2026-09-02
48f2db8c3e4fb2de,温州,wz_vehicle,,,,330303,0,,,,,2026-09-02
41d76c6840ffec0c,温州,wz_vehicle,,,,330304,0,,,,,2026-09-02
13fd00d97f73cfa9,温州,wz_vehicle,,,,330326,0,,,,,2026-09-02
74e851f82722bc98,温州,wz_vehicle,,,,330391,0,,,,,2026-09-02
81d997904d5a3da5,温州,wz_vehicle,,,,330324,0,,,,,2026-09-02
652147d0e7c8d4fc,温州,wz_vehicle,,,,330382,0,,,,,2026-09-02
574549fc5aa7e938,温州,wz_vehicle,,,,330382,0,,,,,2026-09-02
aba6c1136dcb4478,温州,wz_vehicle,,,,330391,0,,,,,2026-09-02
edd8b40848001629,温州,wz_vehicle,,,,330302,0,,,,,2026-09-02
812818debd971729,温州,wz_vehicle,,,,330326,0,,,,,2026-09-02
8d3578c620647167,温州,wz_vehicle,,,,330382,0,,,,,2026-09-02
a904ed8678005bf4,温州,wz_vehicle,,,,330326,0,,,,,2026-09-02
e5762c12afad11e2,温州,wz_vehicle,,,,330303,0,,,,,2026-09-02
77ae374741499c27,温州,wz_vehicle,,,,330327,0,,,,,2026-09-02
cf6bfc3815ee47a0,温州,wz_vehicle,,,,330381,0,,,,,2026-09-02
1574e0a00d6e78e7,温州,wz_vehicle,,,,330324,0,,,,,2026-09-02
174f18232fca8798,温州,wz_vehicle,,,,330302,0,,,,,2026-09-02
dd77ae83009df820,温州,wz_vehicle,,,,330382,0,,,,,2026-09-02
5fe0d28e0af704e6,温州,wz_vehicle,,,,330303,0,,,,,2026-09-02
17d60bf874faa8de,温州,wz_vehicle,,,,330303,0,,,,,2026-09-02
2e07948ee3240768,温州,wz_vehicle,,,,330303,0,,,,,2026-09-02
7d5d800d79c39490,温州,wz_vehicle,,,,330391,0,,,,,2026-09-02
2a28555b1172ac73,温州,wz_vehicle,,,,330303,0,,,,,2026-09-02
0dcfc19dc32818c9,温州,wz_vehicle,,,,330304,0,,,,,2026-09-02
b2576279d0e74bfa,温州,wz_vehicle,,,,330328,0,,,,,2026-09-02
9ecffd502745a9cc,温州,wz_vehicle,,,,330381,0,,,,,2026-09-02
f1ce20eb9d643968,温州,wz_vehicle,,,,330329,0,,,,,2026-09-02
e9b3aab650de5cb0,温州,wz_vehicle,,,,330327,0,,,,,2026-09-02
32389164945cb1ca,温州,wz_vehicle,,,,330300,0,,,,,2026-09-02
79fd528a45ec6cec,温州,wz_vehicle,,,,330303,0,,,,,2026-09-02
8b27c1afba741c31,温州,wz_vehicle,,,,330328,0,,,,,2026-09-02
ed89586a20b34e49,温州,wz_vehicle,,,,330326,0,,,,,2026-09-02
e84f3ddb85e2cfbe,温州,wz_vehicle,,,,330327,0,,,,,2026-09-02
b7abf6fb8d55c117,温州,wz_vehicle,,,,330303,0,,,,,2026-09-02
63ce2b702963a909,温州,wz_vehicle,,,,330391,0,,,,,2026-09-02
5cbfd668142baba9,温州,wz_vehicle,,,,330391,0,,,,,2026-09-02
628aaed3ad10bf74,温州,wz_vehicle,,,,330303,0,,,,,2026-09-02
7f0fea7e62bae15e,温州,wz_vehicle,,,,330383,0,,,,,2026-09-02
712346a5dda50485,温州,wz_vehicle,,,,330381,0,,,,,2026-09-02
a99633a7354a55d2,温州,wz_vehicle,,,,330391,0,,,,,2026-09-02
68434d535ef552d2,温州,wz_vehicle,,,,330326,0,,,,,2026-09-02
d7f45c656d0d3161,温州,wz_vehicle,,,,330303,0,,,,,2026-09-02
5d007f19f008c310,温州,wz_vehicle,,,,330324,0,,,,,2026-09-02
d4db3b148363b7ff,温州,wz_vehicle,,,,330302,0,,,,,2026-09-02
6cef7cc2eb4232aa,温州,wz_vehicle,,,,330381,0,,,,,2026-09-02
650e0b2027ea5a5d,温州,wz_vehicle,,,,330391,0,,,,,2026-09-02
47627e76e761a91e,温州,wz_vehicle,,,,330383,0,,,,,2026-09-02
f29698779960f685,温州,wz_vehicle,,,,330383,0,,,,,2026-09-02
aec66bfcea5cc0b0,温州,wz_vehicle,,,,330303,0,,,,,2026-09-02
70f51fe4d25e67b7,温州,wz_vehicle,,,,330328,0,,,,,2026-09-02
b312facb28667045,温州,wz_vehicle,,,,330327,0,,,,,2026-09-02
4f67f719f5447c11,温州,wz_vehicle,,,,330391,0,,,,,2026-09-02
27ef4cd3f60a241f,温州,wz_vehicle,,,,330324,0,,,,,2026-09-02
460252e7c11a95ea,温州,wz_vehicle,,,,330381,0,,,,,2026-09-02
99b31f11c28c499b,温州,wz_vehicle,,,,330326,0,,,,,2026-09-02
8a8914ab185efbc6,温州,wz_vehicle,,,,330327,0,,,,,2026-09-02
f0539bee7b47d386,温州,wz_vehicle,,,,330303,0,,,,,2026-09-02
de5b625c1a9969d1,温州,wz_vehicle,,,,330302,0,,,,,2026-09-02
810d1462c39482b4,温州,wz_vehicle,,,,330326,0,,,,,2026-09-02
86cf3c1228359106,温州,wz_vehicle,,,,330391,0,,,,,2026-09-02
6afc16f1ff2cc21c,温州,wz_vehicle,,,,330324,0,,,,,2026-09-02
bac875aaa6f0dbd3,温州,wz_vehicle,,,,330303,0,,,,,2026-09-02
c148907c347edc04,温州,wz_vehicle,,,,330329,0,,,,,2026-09-02
c2109b60c97e8b68,温州,wz_vehicle,,,,330382,0,,,,,2026-09-02
d076e87e02d438ac,温州,wz_vehicle,,,,330329,0,,,,,2026-09-02
8d75d523a427feb6,温州,wz_vehicle,,,,330328,0,,,,,2026-09-02
33baffa9c3e10033,温州,wz_vehicle,,,,330391,0,,,,,2026-09-02
dc578b2cdfc4878f,温州,wz_vehicle,,,,330391,0,,,,,2026-09-02
5dcabd5a8972112f,温州,wz_vehicle,,,,330300,0,,,,,2026-09-02
a0cde74e4402341d,温州,wz_vehicle,,,,330391,0,,,,,2026-09-02
5bf18f3998981395,温州,wz_vehicle,,,,330383,0,,,,,2026-09-02
cfffb7c5ede3f9ad,温州,wz_vehicle,,,,330324,0,,,,,2026-09-02
34a07a3cf511e23f,温州,wz_vehicle,,,,330381,0,,,,,2026-09-02
34d36461f3127f3b,温州,wz_vehicle,,,,330324,0,,,,,2026-09-02
c1d9e64c0559bf6a,温州,wz_vehicle,,,,,0,,,,,2026-09-02
fcfda126004623d0,温州,wz_vehicle,,,,330303,0,,,,,2026-09-02
892bdbf6f51319c7,温州,wz_vehicle,,,,330303,0,,,,,2026-09-02
50d9b13a06f83d68,温州,wz_vehicle,,,,330324,0,,,,,2026-09-02
aa5ed15dcc7c82b9,温州,wz_vehicle,,,,330382,0,,,,,2026-09-02
75f69f68c97ef9cf,温州,wz_vehicle,,,,330304,0,,,,,2026-09-02
da84f25d4b32a8e7,温州,wz_vehicle,,,,330327,0,,,,,2026-09-02
48b73949e63ba0b0,温州,wz_vehicle,,,,330391,0,,,,,2026-09-02
fed09151929f27af,温州,wz_vehicle,,,,330383,0,,,,,2026-09-02
ed5dfcc920b30412,温州,wz_vehicle,,,,330382,0,,,,,2026-09-02
903c1472f76b3477,温州,wz_vehicle,,,,330383,0,,,,,2026-09-02
5b0841eedcca7dc0,温州,wz_vehicle,,,,330382,0,,,,,2026-09-02
63f58243080f475f,温州,wz_vehicle,,,,330327,0,,,,,2026-09-02
79ee797ac00515b8,温州,wz_vehicle,,,,,0,,,,,2026-09-02
f2593ac8cefe1c18,温州,wz_vehicle,,,,330328,0,,,,,2026-09-02
fa0aa11b558fe13c,温州,wz_vehicle,,,,330304,0,,,,,2026-09-02
a4235c0d12ea10e2,温州,wz_vehicle,,,,330382,0,,,,,2026-09-02
44fbf04b0a98a7a8,温州,wz_vehicle,,,,330303,0,,,,,2026-09-02
70530158fb0b68d0,温州,wz_vehicle,,,,330328,0,,,,,2026-09-02
ec25131142c34eae,温州,wz_vehicle,,,,330302,0,,,,,2026-09-02
98a3783e33069097,温州,wz_vehicle,,,,330381,0,,,,,2026-09-02
9102fda1a2e2e87e,温州,wz_vehicle,,,,330303,0,,,,,2026-09-02
d35dda6228606df6,温州,wz_vehicle,,,,330304,0,,,,,2026-09-02
f1a7ee51987b1d49,温州,wz_vehicle,,,,330391,0,,,,,2026-09-02
1d376efa0e2e2e60,温州,wz_vehicle,,,,330324,0,,,,,2026-09-02
e4919b09c9fc2d62,温州,wz_vehicle,,,,330324,0,,,,,2026-09-02
2f8a3872b6c5c878,温州,wz_vehicle,,,,330381,0,,,,,2026-09-02
05e408fee328f7db,温州,wz_vehicle,,,,330383,0,,,,,2026-09-02
cdd714ca272bc097,温州,wz_vehicle,,,,330303,0,,,,,2026-09-02
c8793878ae176af0,温州,wz_vehicle,,,,330383,0,,,,,2026-09-02
518e594fc9c5e3dd,温州,wz_vehicle,,,,330381,0,,,,,2026-09-02
bf78209efd03b0b5,温州,wz_vehicle,,,,330382,0,,,,,2026-09-02
c662f7f604d3a700,温州,wz_vehicle,,,,330381,0,,,,,2026-09-02
245f18ae913f813e,温州,wz_vehicle,,,,330302,0,,,,,2026-09-02
af68e4450fcfd786,温州,wz_vehicle,,,,330324,0,,,,,2026-09-02
be62db2490a12de9,温州,wz_vehicle,,,,330302,0,,,,,2026-09-02
232df1988b561377,温州,wz_vehicle,,,,330328,0,,,,,2026-09-02
52699eb4a9019735,温州,wz_vehicle,,,,330391,0,,,,,2026-09-02
ccfe54e6bab93db5,温州,wz_vehicle,,,,330381,0,,,,,2026-09-02
a6effbfd6cfd627b,温州,wz_vehicle,,,,330302,0,,,,,2026-09-02
bbc293cde927b2a5,温州,wz_vehicle,,,,330304,0,,,,,2026-09-02
56010607e7d08990,温州,wz_vehicle,,,,330391,0,,,,,2026-09-02
d00085311a444259,温州,wz_vehicle,,,,330391,0,,,,,2026-09-02
921cf9d9800f2c57,温州,wz_vehicle,,,,330327,0,,,,,2026-09-02
aeaf72abfc129f56,温州,wz_vehicle,,,,330327,0,,,,,2026-09-02
2ba5a5a563c16260,温州,wz_vehicle,,,,330327,0,,,,,2026-09-02
cbdac57ed542518a,温州,wz_vehicle,,,,330303,0,,,,,2026-09-02
42533d6d275f6b70,温州,wz_vehicle,,,,330303,0,,,,,2026-09-02
d0cfc242bd8c9908,温州,wz_vehicle,,,,330383,0,,,,,2026-09-02
0019b0b9fbfe0959,温州,wz_vehicle,,,,330383,0,,,,,2026-09-02
f001039dfb2f6892,温州,wz_vehicle,,,,330327,0,,,,,2026-09-02
af45dcd2fec38653,温州,wz_vehicle,,,,330391,0,,,,,2026-09-02
74f4c79e4a5e94c3,温州,wz_vehicle,,,,,0,,,,,2026-09-02
dbf1dc5dff7e4e95,温州,wz_vehicle,,,,330300,0,,,,,2026-09-02
04fa435ab10ec804,温州,wz_vehicle,,,,330304,0,,,,,2026-09-02
acd87f6e7b851b31,温州,wz_vehicle,,,,330382,0,,,,,2026-09-02
e0379f9cd5f92809,温州,wz_vehicle,,,,330326,0,,,,,2026-09-02
e4c81e1a81bc2082,温州,wz_vehicle,,,,330304,0,,,,,2026-09-02
096e5ffc058b769a,温州,wz_vehicle,,,,330391,0,,,,,2026-09-02
27735fb0210f8c76,温州,wz_vehicle,,,,330302,0,,,,,2026-09-02
0145bc96d1921219,温州,wz_vehicle,,,,330391,0,,,,,2026-09-02
43cb0958ca54427a,温州,wz_vehicle,,,,330381,0,,,,,2026-09-02
fd031e48d39b5bed,温州,wz_vehicle,,,,330381,0,,,,,2026-09-02
5e20de9fb27af067,温州,wz_vehicle,,,,330304,0,,,,,2026-09-02
303fe48899d7d41f,温州,wz_vehicle,,,,330326,0,,,,,2026-09-02
f7914472359390fe,温州,wz_vehicle,,,,330328,0,,,,,2026-09-02
458bd608d87d15a1,温州,wz_vehicle,,,,330391,0,,,,,2026-09-02
53283013dd77718b,温州,wz_vehicle,,,,330302,0,,,,,2026-09-02
7fc6e21e5d12f6b6,温州,wz_vehicle,,,,330304,0,,,,,2026-09-02
2c8f4b927fd15d64,温州,wz_vehicle,,,,330302,0,,,,,2026-09-02
560992da9ebe574a,温州,wz_vehicle,,,,330382,0,,,,,2026-09-02
23df8dfe4161c3cf,温州,wz_vehicle,,,,330303,0,,,,,2026-09-02
284c4db02b25ba57,温州,wz_vehicle,,,,330381,0,,,,,2026-09-02
3c609b9ed5922b83,温州,wz_vehicle,,,,330324003,0,,,,,2026-09-02
84d9c8f75d148191,温州,wz_vehicle,,,,330304,0,,,,,2026-09-02
ec9700ddf94da45e,温州,wz_vehicle,,,,330304,0,,,,,2026-09-02
ade3eee67ece3899,温州,wz_vehicle,,,,330381,0,,,,,2026-09-02
0459f4bc2f5ec69f,温州,wz_vehicle,,,,330383,0,,,,,2026-09-02
63ba055d27c41ae5,温州,wz_vehicle,,,,330324,0,,,,,2026-09-02
c52e396ec43564fc,温州,wz_vehicle,,,,330302,0,,,,,2026-09-02
47d8acbfbdb67a26,温州,wz_vehicle,,,,330328,0,,,,,2026-09-02
42a551fac058e473,温州,wz_vehicle,,,,330382,0,,,,,2026-09-02
fb9d74229aa76073,温州,wz_vehicle,,,,330328,0,,,,,2026-09-02
a29a00172d207bfb,温州,wz_vehicle,,,,330304,0,,,,,2026-09-02
27dd4205d5dc7d12,温州,wz_vehicle,,,,330302,0,,,,,2026-09-02
a7353604682f38af,温州,wz_vehicle,,,,330382,0,,,,,2026-09-02
8982df93b362731f,温州,wz_vehicle,,,,330303,0,,,,,2026-09-02
e4eae4e343c05bdf,温州,wz_vehicle,,,,330382,0,,,,,2026-09-02
3a598f938abc7c46,温州,wz_vehicle,,,,330382,0,,,,,2026-09-02
c7077625eaa90907,温州,wz_vehicle,,,,330303,0,,,,,2026-09-02
d82a256515e46f31,温州,wz_vehicle,,,,330304,0,,,,,2026-09-02
02d7f75805005ccf,温州,wz_vehicle,,,,330382,0,,,,,2026-09-02
5d8a9761dbce9c07,温州,wz_vehicle,,,,330391,0,,,,,2026-09-02
9c1953780caf9eba,温州,wz_vehicle,,,,330391,0,,,,,2026-09-02
08320d7741f4d60a,温州,wz_vehicle,,,,330382,0,,,,,2026-09-02
2a79f3e9fb5be6fc,温州,wz_vehicle,,,,330303,0,,,,,2026-09-02
042b524f84100698,温州,wz_vehicle,,,,330303,0,,,,,2026-09-02
49452a6b3f5833ec,温州,wz_vehicle,,,,330303,0,,,,,2026-09-02
1bfae3e23d42a6df,温州,wz_vehicle,,,,330326,0,,,,,2026-09-02
b766dcbc912bd5be,温州,wz_vehicle,,,,330327,0,,,,,2026-09-02
7924c68dec525db6,温州,wz_vehicle,,,,330327,0,,,,,2026-09-02
0f3e9baa2646fba5,温州,wz_vehicle,,,,330382,0,,,,,2026-09-02
cb7020316fb3d428,温州,wz_vehicle,,,,330327,0,,,,,2026-09-02
9fe1a1ac4684a28f,温州,wz_vehicle,,,,330302,0,,,,,2026-09-02
f0a136a3d13ab263,温州,wz_vehicle,,,,330382,0,,,,,2026-09-02
2e8a47c7fe0c0392,温州,wz_vehicle,,,,330326,0,,,,,2026-09-02
bdf5432e69bbeaca,温州,wz_vehicle,,,,330324,0,,,,,2026-09-02
6e100569075461f3,温州,wz_vehicle,,,,330328,0,,,,,2026-09-02
f92674c62d1e0fa6,温州,wz_vehicle,,,,330302,0,,,,,2026-09-02
70f1b0a743f51db2,温州,wz_vehicle,,,,330381,0,,,,,2026-09-02
10aac77ad41962b5,温州,wz_vehicle,,,,330382,0,,,,,2026-09-02
844a7cccb6201e93,温州,wz_vehicle,,,,330304,0,,,,,2026-09-02
c9b1b9427e8ea8a9,温州,wz_vehicle,,,,330324,0,,,,,2026-09-02
244df53409b9b3b1,温州,wz_vehicle,,,,330303,0,,,,,2026-09-02
14d24fc2d9a8d410,温州,wz_vehicle,,,,330328,0,,,,,2026-09-02
2694814bb86a4765,温州,wz_vehicle,,,,330302,0,,,,,2026-09-02
ac27f77a1ad01861,温州,wz_vehicle,,,,330302,0,,,,,2026-09-02
ebe988a728eb34ed,温州,wz_vehicle,,,,3303,0,,,,,2026-09-02
2556180ab75ec681,温州,wz_vehicle,,,,330326,0,,,,,2026-09-02
812b537f3d33a0d1,温州,wz_vehicle,,,,330304,0,,,,,2026-09-02
4772cb342f62e570,温州,wz_vehicle,,,,330324,0,,,,,2026-09-02
7cf9a0bd9652011f,温州,wz_vehicle,,,,330382,0,,,,,2026-09-02
d73347b69ac53160,温州,wz_vehicle,,,,330324,0,,,,,2026-09-02
a56a72264a229852,温州,wz_vehicle,,,,330383,0,,,,,2026-09-02
affd5e82aa51a8db,温州,wz_vehicle,,,,330324,0,,,,,2026-09-02
d01713f113411cf4,温州,wz_vehicle,,,,330304,0,,,,,2026-09-02
b347ccd25c437843,温州,wz_vehicle,,,,330324,0,,,,,2026-09-02
673131b1cd6269f7,温州,wz_vehicle,,,,330324004,0,,,,,2026-09-02
c4a7ebcbd4193cb0,温州,wz_vehicle,,,,330383,0,,,,,2026-09-02
a963393f2b4426f3,温州,wz_vehicle,,,,330382,0,,,,,2026-09-02
172d91f4269eab7b,温州,wz_vehicle,,,,330304,0,,,,,2026-09-02
e95fe97aecad11f5,温州,wz_vehicle,,,,330381,0,,,,,2026-09-02
b2fb30b7c96a7cb8,温州,wz_vehicle,,,,330302,0,,,,,2026-09-02
4cd6c3a8d9deec0b,温州,wz_vehicle,,,,330304,0,,,,,2026-09-02
eaa0283c19da4deb,温州,wz_vehicle,,,,330303,0,,,,,2026-09-02
90be1a4ec604dfb3,温州,wz_vehicle,,,,330326,0,,,,,2026-09-02
6774da7a3e84e348,温州,wz_vehicle,,,,330328,0,,,,,2026-09-02
831f6bba007d33e5,温州,wz_vehicle,,,,330327,0,,,,,2026-09-02
f5876a8dcb7bd35d,温州,wz_vehicle,,,,330302,0,,,,,2026-09-02
9b865a6d26eb6b7f,温州,wz_vehicle,,,,330382,0,,,,,2026-09-02
0edef816b4f7674b,温州,wz_vehicle,,,,330382,0,,,,,2026-09-02
3cb3db8bac4e6fbd,温州,wz_vehicle,,,,330303,0,,,,,2026-09-02
9fe70f4b806c23be,温州,wz_vehicle,,,,330382,0,,,,,2026-09-02
62685df1d04bd700,温州,wz_vehicle,,,,330302,0,,,,,2026-09-02
96a5ad310f02d86c,温州,wz_vehicle,,,,330382,0,,,,,2026-09-02
9b9a485e20756e65,温州,wz_vehicle,,,,330383,0,,,,,2026-09-02
086d77457238aa27,温州,wz_vehicle,,,,330381,0,,,,,2026-09-02
1996f6d47b31d492,温州,wz_vehicle,,,,330326,0,,,,,2026-09-02
63b69f58ab8f6021,温州,wz_vehicle,,,,330382,0,,,,,2026-09-02
abec897702555ccc,温州,wz_vehicle,,,,330391,0,,,,,2026-09-02
446fbaf438dd67de,温州,wz_vehicle,,,,330324,0,,,,,2026-09-02
9fff24c821b59a74,温州,wz_vehicle,,,,330304,0,,,,,2026-09-02
bfc17988f91260a1,温州,wz_vehicle,,,,330327,0,,,,,2026-09-02
50537e94f166d8de,温州,wz_vehicle,,,,330327,0,,,,,2026-09-02
98ddb92488ba2029,温州,wz_vehicle,,,,330303,0,,,,,2026-09-02
2c1222f015f61e07,温州,wz_vehicle,,,,330303,0,,,,,2026-09-02
092265ac1b57faa3,温州,wz_vehicle,,,,330382,0,,,,,2026-09-02
612e99dd21e5e428,温州,wz_vehicle,,,,330391,0,,,,,2026-09-02
5af7fa1ecec07ef3,温州,wz_vehicle,,,,330382,0,,,,,2026-09-02
eb4ca504d69f8a47,温州,wz_vehicle,,,,330382,0,,,,,2026-09-02
0f2d4b1f13372713,温州,wz_vehicle,,,,330324,0,,,,,2026-09-02
96f428a1bddd49c9,温州,wz_vehicle,,,,330381,0,,,,,2026-09-02
e59f50793db53583,温州,wz_vehicle,,,,330381,0,,,,,2026-09-02
b5d3e704ae669f63,温州,wz_vehicle,,,,330324004,0,,,,,2026-09-02
1b65aefc87b61902,温州,wz_vehicle,,,,330326,0,,,,,2026-09-02
1c002c49e46105f6,温州,wz_vehicle,,,,330303,0,,,,,2026-09-02
d2bc217c3cecda67,温州,wz_vehicle,,,,330391,0,,,,,2026-09-02
d0d4d2a2e052a7f1,温州,wz_vehicle,,,,330326,0,,,,,2026-09-02
ab3426cefedc8c97,温州,wz_vehicle,,,,330382,0,,,,,2026-09-02
be012a3a6b7646b5,温州,wz_vehicle,,,,330324,0,,,,,2026-09-02
5163a7f909632ee2,温州,wz_vehicle,,,,330381,0,,,,,2026-09-02
6310992dbef11898,温州,wz_vehicle,,,,330327,0,,,,,2026-09-02
aaa37248b38ee123,温州,wz_vehicle,,,,330303,0,,,,,2026-09-02
506d39b9f3015381,温州,wz_vehicle,,,,330303,0,,,,,2026-09-02
f3eab0477f5733d4,温州,wz_vehicle,,,,330382,0,,,,,2026-09-02
15b09301c0a6fbe8,温州,wz_vehicle,,,,330302,0,,,,,2026-09-02
4aea57d032869296,温州,wz_vehicle,,,,330304,0,,,,,2026-09-02
3a9bc89f9f86834c,温州,wz_vehicle,,,,330383,0,,,,,2026-09-02
e270a5f296cd8838,温州,wz_vehicle,,,,330326,0,,,,,2026-09-02
f8d66264f7f5cbcb,温州,wz_vehicle,,,,330303,0,,,,,2026-09-02
0fb7bdc598e4733e,温州,wz_vehicle,,,,330303,0,,,,,2026-09-02
0407c41abb782e5f,温州,wz_vehicle,,,,330326,0,,,,,2026-09-02
5907ae309c243d04,温州,wz_vehicle,,,,330303,0,,,,,2026-09-02
cbc35a48f34c6040,温州,wz_vehicle,,,,330382,0,,,,,2026-09-02
e01d52678fa1bb9c,温州,wz_vehicle,,,,330304,0,,,,,2026-09-02
e1b01c48cab72b00,温州,wz_vehicle,,,,330382,0,,,,,2026-09-02
54e10e47c80a9aad,温州,wz_vehicle,,,,330381,0,,,,,2026-09-02
f0509f1cb94a8ac1,温州,wz_vehicle,,,,330383,0,,,,,2026-09-02
c07bd9ec92b78c8a,温州,wz_vehicle,,,,330383,0,,,,,2026-09-02
e914b241c3214905,温州,wz_vehicle,,,,330329,0,,,,,2026-09-02
e054e1db98f693ef,温州,wz_vehicle,,,,330324,0,,,,,2026-09-02
b6a612555fda5590,温州,wz_vehicle,,,,330383,0,,,,,2026-09-02
c44995fb44caa4e1,温州,wz_vehicle,,,,330328,0,,,,,2026-09-02
8b6d81ab54b5dc79,温州,wz_vehicle,,,,330381,0,,,,,2026-09-02
e01e2dd3a709f343,温州,wz_vehicle,,,,330324,0,,,,,2026-09-02
1695f99495cd1141,温州,wz_vehicle,,,,330329,0,,,,,2026-09-02
ae70267aad8c177c,温州,wz_vehicle,,,,330329,0,,,,,2026-09-02
f618608d6c40ea92,温州,wz_vehicle,,,,330327,0,,,,,2026-09-02
fd0c156366408db1,温州,wz_vehicle,,,,330326,0,,,,,2026-09-02
caefb1521922b122,温州,wz_vehicle,,,,330391,0,,,,,2026-09-02
46ba2d02e3b2af2d,温州,wz_vehicle,,,,330303,0,,,,,2026-09-02
bd94e44ecfa1e175,温州,wz_vehicle,,,,330382,0,,,,,2026-09-02
b3eabe3d5322d747,温州,wz_vehicle,,,,330329,0,,,,,2026-09-02
42c0631d3f300933,温州,wz_vehicle,,,,330303,0,,,,,2026-09-02
03b04ac60d55147a,温州,wz_vehicle,,,,330302,0,,,,,2026-09-02
b0ffd5a7650fa0f6,温州,wz_vehicle,,,,330381,0,,,,,2026-09-02
146ffd386bd99dac,温州,wz_vehicle,,,,330381,0,,,,,2026-09-02
6121ae9500423c5a,温州,wz_vehicle,,,,330324,0,,,,,2026-09-02
bcabd234bb4f8222,温州,wz_vehicle,,,,330391,0,,,,,2026-09-02
352e08ac3114713e,温州,wz_vehicle,,,,330381,0,,,,,2026-09-02
984190d2178ace77,温州,wz_vehicle,,,,330303,0,,,,,2026-09-02
3297882234b0fa39,温州,wz_vehicle,,,,330382,0,,,,,2026-09-02
8e6e8fa1b494c43f,温州,wz_vehicle,,,,330303,0,,,,,2026-09-02
3b31dde4d413af74,温州,wz_vehicle,,,,330329,0,,,,,2026-09-02
d5674ef8a36343aa,温州,wz_vehicle,,,,330381,0,,,,,2026-09-02
72c0d23fd56eaf9f,温州,wz_vehicle,,,,330383,0,,,,,2026-09-02
c807ee8a54029aaa,温州,wz_vehicle,,,,330391,0,,,,,2026-09-02
009ccc80358dc982,温州,wz_vehicle,,,,330302,0,,,,,2026-09-02
18a9e49e1a5be8d8,温州,wz_vehicle,,,,330327,0,,,,,2026-09-02
ab45ba865507ace2,温州,wz_vehicle,,,,330303,0,,,,,2026-09-02
f84158965e90f651,温州,wz_vehicle,,,,330391,0,,,,,2026-09-02
0b042565f85e4d09,温州,wz_vehicle,,,,330303,0,,,,,2026-09-02
e3544b151356d209,温州,wz_vehicle,,,,330324,0,,,,,2026-09-02
b59c71a98852ef30,温州,wz_vehicle,,,,330391,0,,,,,2026-09-02
7cffc3905e030f33,温州,wz_vehicle,,,,330383,0,,,,,2026-09-02
10d397f9e00f72fd,温州,wz_vehicle,,,,330381,0,,,,,2026-09-02
106273bb3a1bf106,温州,wz_vehicle,,,,330382,0,,,,,2026-09-02
6e5243410e03f12d,温州,wz_vehicle,,,,330326,0,,,,,2026-09-02
8cc9b12a0cd215fa,温州,wz_vehicle,,,,330391,0,,,,,2026-09-02
dccf19a83a496f4b,温州,wz_vehicle,,,,330382,0,,,,,2026-09-02
dae09fb0bdcc88a1,温州,wz_vehicle,,,,330382,0,,,,,2026-09-02
9c316e3b0a366723,温州,wz_vehicle,,,,330382,0,,,,,2026-09-02
11b8bab5355aba41,温州,wz_vehicle,,,,330382,0,,,,,2026-09-02
634df19354b55313,温州,wz_vehicle,,,,330391,0,,,,,2026-09-02
d02a887aa37ac5f6,温州,wz_vehicle,,,,330391,0,,,,,2026-09-02
02d1676ca292cb55,温州,wz_vehicle,,,,330302,0,,,,,2026-09-02
1118540c1a86ff88,温州,wz_vehicle,,,,330324,0,,,,,2026-09-02
86ad560ab3d95c85,温州,wz_vehicle,,,,330381,0,,,,,2026-09-02
87c32110cf4d7bd3,温州,wz_vehicle,,,,330303,0,,,,,2026-09-02
fe0e7372b304482d,温州,wz_vehicle,,,,330382,0,,,,,2026-09-02
ee9d384451219b1d,温州,wz_vehicle,,,,330302,0,,,,,2026-09-02
7b442c9ddc73c336,温州,wz_vehicle,,,,330302,0,,,,,2026-09-02
52017908c79858cb,温州,wz_vehicle,,,,330328,0,,,,,2026-09-02
c935af906e7e9d35,温州,wz_vehicle,,,,330303,0,,,,,2026-09-02
f1625ac57913f370,温州,wz_vehicle,,,,330391,0,,,,,2026-09-02
a77ebef978cd331d,温州,wz_vehicle,,,,330391,0,,,,,2026-09-02
dcf5710afc593874,温州,wz_vehicle,,,,330304,0,,,,,2026-09-02
194518734c0c0884,温州,wz_vehicle,,,,330383,0,,,,,2026-09-02
6cdc3739d77484fc,温州,wz_vehicle,,,,330329,0,,,,,2026-09-02
b3145dfc3d369460,温州,wz_vehicle,,,,330391,0,,,,,2026-09-02
5f0321e0add6436c,温州,wz_vehicle,,,,330391,0,,,,,2026-09-02
a01d37165fc80069,温州,wz_vehicle,,,,330327,0,,,,,2026-09-02
f819f4d494653556,温州,wz_vehicle,,,,330303,0,,,,,2026-09-02
f0fbba185c26ed57,温州,wz_vehicle,,,,330382,0,,,,,2026-09-02
567c1349e05c99a5,温州,wz_vehicle,,,,330329,0,,,,,2026-09-02
c68312a35d48503f,温州,wz_vehicle,,,,330381,0,,,,,2026-09-02
a1c4671d9a2a91e4,温州,wz_vehicle,,,,330382,0,,,,,2026-09-02
4e6be9a34397f0f0,温州,wz_vehicle,,,,330303,0,,,,,2026-09-02
a5ea297c63c768e5,温州,wz_vehicle,,,,330381,0,,,,,2026-09-02
456cab4bfd345121,温州,wz_vehicle,,,,330381,0,,,,,2026-09-02
c1c5dd4dad8b471b,温州,wz_vehicle,,,,330391,0,,,,,2026-09-02
858297dbd2969cb2,温州,wz_vehicle,,,,330303,0,,,,,2026-09-02
9120de4dbceecccc,温州,wz_vehicle,,,,330381,0,,,,,2026-09-02
5c739f16e5c4c0ee,温州,wz_vehicle,,,,330324,0,,,,,2026-09-02
8cc1f0465bc051a4,温州,wz_vehicle,,,,330302,0,,,,,2026-09-02
d537d634d42e470b,温州,wz_vehicle,,,,330303,0,,,,,2026-09-02
154460f2e7f23d44,温州,wz_vehicle,,,,330302,0,,,,,2026-09-02
de461bb79a5a46f6,温州,wz_vehicle,,,,330304,0,,,,,2026-09-02
d6fc084d1f6c8065,温州,wz_vehicle,,,,330383,0,,,,,2026-09-02
bb43f839661b12c8,温州,wz_vehicle,,,,330324,0,,,,,2026-09-02
706226e546318bc1,温州,wz_vehicle,,,,,0,,,,,2026-09-02
3068e5d8a9d20d91,温州,wz_vehicle,,,,330303,0,,,,,2026-09-02
93638904670ae4ea,温州,wz_vehicle,,,,330382,0,,,,,2026-09-02
d7bf4fb9b5e69d9a,温州,wz_vehicle,,,,330327,0,,,,,2026-09-02
51f4be88ad7a2999,温州,wz_vehicle,,,,330381,0,,,,,2026-09-02
6162d651229c33a4,温州,wz_vehicle,,,,330391,0,,,,,2026-09-02
fa0249128b3328ce,温州,wz_vehicle,,,,330391,0,,,,,2026-09-02
d9c4cfc2a2bbeac3,温州,wz_vehicle,,,,330382,0,,,,,2026-09-02
940396ce1fb695c4,温州,wz_vehicle,,,,330304,0,,,,,2026-09-02
17107b2207d00bd3,温州,wz_vehicle,,,,330391,0,,,,,2026-09-02
996b9ea9ec8424c1,温州,wz_vehicle,,,,330304,0,,,,,2026-09-02
8d60c22b105c3a9e,温州,wz_vehicle,,,,330381,0,,,,,2026-09-02
58eefedbe726da86,温州,wz_vehicle,,,,330302,0,,,,,2026-09-02
f7ad9fcb1f1bbe01,温州,wz_vehicle,,,,330381,0,,,,,2026-09-02
a21570d00519dbe2,温州,wz_vehicle,,,,330303,0,,,,,2026-09-02
1a5f993c3703b19a,温州,wz_vehicle,,,,330391,0,,,,,2026-09-02
133590baf3008c31,温州,wz_vehicle,,,,330383,0,,,,,2026-09-02
2ddca0e965c9b811,温州,wz_vehicle,,,,330327,0,,,,,2026-09-02
0d79d69dd262c845,温州,wz_vehicle,,,,330328,0,,,,,2026-09-02
0dd96c14d544f444,温州,wz_vehicle,,,,330302,0,,,,,2026-09-02
2125d1fa434e3ff1,温州,wz_vehicle,,,,330329,0,,,,,2026-09-02
1641cbe7ef158e8c,温州,wz_vehicle,,,,330382,0,,,,,2026-09-02
9dc16e847ef8b5f4,温州,wz_vehicle,,,,330382,0,,,,,2026-09-02
3ad2cd710145a330,温州,wz_vehicle,,,,330303,0,,,,,2026-09-02
3b8ce5ff18c57929,温州,wz_vehicle,,,,330303,0,,,,,2026-09-02
46d7c0ee4b2707f6,温州,wz_vehicle,,,,330383,0,,,,,2026-09-02
b88d30522d25b5f1,温州,wz_vehicle,,,,330391,0,,,,,2026-09-02
1ee877fe9b76528b,温州,wz_vehicle,,,,330381,0,,,,,2026-09-02
691b1d2cfda9d809,温州,wz_vehicle,,,,330391,0,,,,,2026-09-02
bd4466ed04f36d4e,温州,wz_vehicle,,,,330382,0,,,,,2026-09-02
cd4418e161e1e105,温州,wz_vehicle,,,,330324003,0,,,,,2026-09-02
81ccd151d6f47919,温州,wz_vehicle,,,,330304,0,,,,,2026-09-02
b3b8a5996a5b7cec,温州,wz_vehicle,,,,330382,0,,,,,2026-09-02
17ef3153031cd180,温州,wz_vehicle,,,,330324,0,,,,,2026-09-02
11c86395d691b38f,温州,wz_vehicle,,,,330382,0,,,,,2026-09-02
ddbe511ed6b4fc86,温州,wz_vehicle,,,,330304,0,,,,,2026-09-02
2830a27b02684889,温州,wz_vehicle,,,,330303,0,,,,,2026-09-02
5b3278795299e2d8,温州,wz_vehicle,,,,330327,0,,,,,2026-09-02
768819aefbb926e6,温州,wz_vehicle,,,,330391,0,,,,,2026-09-02
46f2a968c780d243,温州,wz_vehicle,,,,330329,0,,,,,2026-09-02
072c5260a254bf89,温州,wz_vehicle,,,,330302,0,,,,,2026-09-02
e5df7ac5918dd0f1,温州,wz_vehicle,,,,330303,0,,,,,2026-09-02
57332851d619ae02,温州,wz_vehicle,,,,330381,0,,,,,2026-09-02
1dfe937a001bb7bb,温州,wz_vehicle,,,,330324,0,,,,,2026-09-02
74f258127d4cee0e,温州,wz_vehicle,,,,330381,0,,,,,2026-09-02
269b9939471b91d3,温州,wz_vehicle,,,,330324003,0,,,,,2026-09-02
b2e36e1ce8bf85ca,温州,wz_vehicle,,,,330381,0,,,,,2026-09-02
d7e6ed192b8b07f1,温州,wz_vehicle,,,,330383,0,,,,,2026-09-02
9da9c63b4a2743dd,温州,wz_vehicle,,,,330303,0,,,,,2026-09-02
d29a5824dd6851ff,温州,wz_vehicle,,,,330327,0,,,,,2026-09-02
f5306d22b4514b8d,温州,wz_vehicle,,,,330383,0,,,,,2026-09-02
7c15ac36bc08a286,温州,wz_vehicle,,,,330383,0,,,,,2026-09-02
7233ee07108579b9,温州,wz_vehicle,,,,330381,0,,,,,2026-09-02
36542af5da9b75a7,温州,wz_vehicle,,,,330381,0,,,,,2026-09-02
4635345fd2a64656,温州,wz_vehicle,,,,330327,0,,,,,2026-09-02
d76441e3d5791b44,温州,wz_vehicle,,,,330381,0,,,,,2026-09-02
99415560d2690576,温州,wz_vehicle,,,,330302,0,,,,,2026-09-02
7f39815353af9fb6,温州,wz_vehicle,,,,330381,0,,,,,2026-09-02
f82a115bb85fe6f0,温州,wz_vehicle,,,,330327,0,,,,,2026-09-02
88b16388c635364f,温州,wz_vehicle,,,,330391,0,,,,,2026-09-02
81fdd28056631b1e,温州,wz_vehicle,,,,330382,0,,,,,2026-09-02
de23848bdffe9349,温州,wz_vehicle,,,,330327,0,,,,,2026-09-02
009684430cd8e706,温州,wz_vehicle,,,,330382,0,,,,,2026-09-02
d8e54a36ceb111e3,温州,wz_vehicle,,,,330326,0,,,,,2026-09-02
5041733a6d101dba,温州,wz_vehicle,,,,330304,0,,,,,2026-09-02
bf6c693ea6e8452e,温州,wz_vehicle,,,,330326,0,,,,,2026-09-02
fddfe0742467d936,温州,wz_vehicle,,,,330381,0,,,,,2026-09-02
b16a18426eebf19e,温州,wz_vehicle,,,,330326,0,,,,,2026-09-02
592e783441189246,温州,wz_vehicle,,,,330383,0,,,,,2026-09-02
714937aaefd9518c,温州,wz_vehicle,,,,330300,0,,,,,2026-09-02
904dd49ef456b904,温州,wz_vehicle,,,,330381,0,,,,,2026-09-02
3c387063d57e2689,温州,wz_vehicle,,,,330391,0,,,,,2026-09-02
5b906330dd17d214,温州,wz_vehicle,,,,330303,0,,,,,2026-09-02
8b54bcf05ab4652c,温州,wz_vehicle,,,,330382,0,,,,,2026-09-02
2b668101bd084370,温州,wz_vehicle,,,,330329,0,,,,,2026-09-02
b4420da3d4f766e9,温州,wz_vehicle,,,,330391,0,,,,,2026-09-02
2e0d6d7adbc15a44,温州,wz_vehicle,,,,330303,0,,,,,2026-09-02
8a5fec9a9f031c8d,温州,wz_vehicle,,,,330304,0,,,,,2026-09-02
9f623ea84489b131,温州,wz_vehicle,,,,330324,0,,,,,2026-09-02
d9f531cb8863c713,温州,wz_vehicle,,,,330327,0,,,,,2026-09-02
b19befdc49f4a3c7,温州,wz_vehicle,,,,330304,0,,,,,2026-09-02
1a94519db35b9471,温州,wz_vehicle,,,,330303,0,,,,,2026-09-02
e7c00745955ef049,温州,wz_vehicle,,,,330304,0,,,,,2026-09-02
df67a49658bb11de,温州,wz_vehicle,,,,330303,0,,,,,2026-09-02
fe5d6de87237e9f2,温州,wz_vehicle,,,,330382,0,,,,,2026-09-02
342743c23ed37927,温州,wz_vehicle,,,,330326,0,,,,,2026-09-02
b38448cb9e8965f8,温州,wz_vehicle,,,,330391,0,,,,,2026-09-02
ed151de6a4b105b5,温州,wz_vehicle,,,,330382,0,,,,,2026-09-02
bf79a5998f63aa33,温州,wz_vehicle,,,,330383,0,,,,,2026-09-02
e652edd3df33cde7,温州,wz_vehicle,,,,330328,0,,,,,2026-09-02
21174894e4349926,温州,wz_vehicle,,,,330381,0,,,,,2026-09-02
44e477c0e69ce5fe,温州,wz_vehicle,,,,330382,0,,,,,2026-09-02
27d95472045c8405,温州,wz_vehicle,,,,330391,0,,,,,2026-09-02
b7daf58690746643,温州,wz_vehicle,,,,330382,0,,,,,2026-09-02
c8a4cbe9e70a14f0,温州,wz_vehicle,,,,330381,0,,,,,2026-09-02
18234b14e736f9b8,温州,wz_vehicle,,,,330326,0,,,,,2026-09-02
db933c345d4c88bf,温州,wz_vehicle,,,,330327,0,,,,,2026-09-02
18cbfd3c1deeba8b,温州,wz_vehicle,,,,330326,0,,,,,2026-09-02
c95909d93eca6a21,温州,wz_vehicle,,,,330324,0,,,,,2026-09-02
65488733de1e4eb7,温州,wz_vehicle,,,,330324,0,,,,,2026-09-02
e74463e5d86a90fc,温州,wz_vehicle,,,,330302,0,,,,,2026-09-02
d49b76fbeb1d433c,温州,wz_vehicle,,,,330302,0,,,,,2026-09-02
90dbcf7f860b69c7,温州,wz_vehicle,,,,330326,0,,,,,2026-09-02
23e5445e84f7883e,温州,wz_vehicle,,,,330381,0,,,,,2026-09-02
e0c623906ffdff11,温州,wz_vehicle,,,,330382,0,,,,,2026-09-02
d14f4fd5dfef9bba,温州,wz_vehicle,,,,330328,0,,,,,2026-09-02
367d64c98acd8c7e,温州,wz_vehicle,,,,330326,0,,,,,2026-09-02
71b0684c88312c20,温州,wz_vehicle,,,,330383,0,,,,,2026-09-02
681f02c910de44b1,温州,wz_vehicle,,,,330303,0,,,,,2026-09-02
c40688a708b3836d,温州,wz_vehicle,,,,330327,0,,,,,2026-09-02
fcdb638ee0866d81,温州,wz_vehicle,,,,330382,0,,,,,2026-09-02
32cab0319969a81e,温州,wz_vehicle,,,,330304,0,,,,,2026-09-02
96153a744a522ab4,温州,wz_vehicle,,,,330381,0,,,,,2026-09-02
abe13bb4867757a6,温州,wz_vehicle,,,,330327,0,,,,,2026-09-02
f41961ed694098cc,温州,wz_vehicle,,,,330324,0,,,,,2026-09-02
d90452c22d62a7ab,温州,wz_vehicle,,,,330303,0,,,,,2026-09-02
b9a0fa1c98371d05,温州,wz_vehicle,,,,330303,0,,,,,2026-09-02
2a35cc5d07cfe5ba,温州,wz_vehicle,,,,330324003,0,,,,,2026-09-02
b05f34b0ac2b7fd2,温州,wz_vehicle,,,,330391,0,,,,,2026-09-02
d2319dadcfcbac1f,温州,wz_vehicle,,,,330391,0,,,,,2026-09-02
bdf32e6c8940c8d0,温州,wz_vehicle,,,,330324,0,,,,,2026-09-02
d3d4582f895f984e,温州,wz_vehicle,,,,330324,0,,,,,2026-09-02
3f90d3e2fe0d2548,温州,wz_vehicle,,,,330304,0,,,,,2026-09-02
d99849acd419ec30,温州,wz_vehicle,,,,330328,0,,,,,2026-09-02
6f8965c386dc5415,温州,wz_vehicle,,,,330302,0,,,,,2026-09-02
994419d03ab49d5e,温州,wz_vehicle,,,,330326,0,,,,,2026-09-02
fe33444cd842dfd6,温州,wz_vehicle,,,,330304,0,,,,,2026-09-02
fbe6f8d791bcf89c,温州,wz_vehicle,,,,330303,0,,,,,2026-09-02
fe3436c67a95b203,温州,wz_vehicle,,,,330324,0,,,,,2026-09-02
0a93d4dbd3546d9a,温州,wz_vehicle,,,,330391,0,,,,,2026-09-02
d3789fb973316751,温州,wz_vehicle,,,,330382,0,,,,,2026-09-02
ee93d841e70c381a,温州,wz_vehicle,,,,330382,0,,,,,2026-09-02
f1c8ce41102598c2,温州,wz_vehicle,,,,330303,0,,,,,2026-09-02
77858dc3f0765100,温州,wz_vehicle,,,,330381,0,,,,,2026-09-02
09aef798d95ba425,温州,wz_vehicle,,,,330302,0,,,,,2026-09-02
d15c5918b8cd6e01,温州,wz_vehicle,,,,330391,0,,,,,2026-09-02
76beff37726a2893,温州,wz_vehicle,,,,330327,0,,,,,2026-09-02
ac2d8f8f60d286e8,温州,wz_vehicle,,,,330304,0,,,,,2026-09-02
815da1f3d4b29e71,温州,wz_vehicle,,,,330303,0,,,,,2026-09-02
a8c4a23ace79b794,温州,wz_vehicle,,,,330302,0,,,,,2026-09-02
a97e6ff6cc802aef,温州,wz_vehicle,,,,330303,0,,,,,2026-09-02
18aa09f76d430571,温州,wz_vehicle,,,,330328,0,,,,,2026-09-02
212becddbdb5e3a6,温州,wz_vehicle,,,,330381,0,,,,,2026-09-02
745e01db676b8f24,温州,wz_vehicle,,,,330302,0,,,,,2026-09-02
35d058001a2d0507,温州,wz_vehicle,,,,330302,0,,,,,2026-09-02
a710d7897d7158c0,温州,wz_vehicle,,,,330303,0,,,,,2026-09-02
fc0c8311e7077a30,温州,wz_vehicle,,,,330382,0,,,,,2026-09-02
9e280eb49a54e1c3,温州,wz_vehicle,,,,330326,0,,,,,2026-09-02
3b476a0082131d75,温州,wz_vehicle,,,,330328,0,,,,,2026-09-02
6817c08dd8eefe0f,温州,wz_vehicle,,,,330391,0,,,,,2026-09-02
f64b020299759af1,温州,wz_vehicle,,,,330382,0,,,,,2026-09-02
3d864efdf7b89110,温州,wz_vehicle,,,,,0,,,,,2026-09-02
1b306bc251455f19,温州,wz_vehicle,,,,330383,0,,,,,2026-09-02
ff59be5886f2168f,温州,wz_vehicle,,,,330326,0,,,,,2026-09-02
2dab8864b27a806a,温州,wz_vehicle,,,,330391,0,,,,,2026-09-02
b57d05b5696f1441,温州,wz_vehicle,,,,330391,0,,,,,2026-09-02
4eaf441cb80fa589,温州,wz_vehicle,,,,330381,0,,,,,2026-09-02
6b96684cbe47689f,温州,wz_vehicle,,,,330383,0,,,,,2026-09-02
b629ade95c1da2ae,温州,wz_vehicle,,,,330303,0,,,,,2026-09-02
b89502356fbb4aae,温州,wz_vehicle,,,,330303,0,,,,,2026-09-02
f52e06164bad8335,温州,wz_vehicle,,,,330326,0,,,,,2026-09-02
9e7186e58e529993,温州,wz_vehicle,,,,330381,0,,,,,2026-09-02
be85ade6cb06798a,温州,wz_vehicle,,,,330327,0,,,,,2026-09-02
776cbece5420ca99,温州,wz_vehicle,,,,330304,0,,,,,2026-09-02
db24523f9b22cce9,温州,wz_vehicle,,,,330382,0,,,,,2026-09-02
6c4576974b3eaf2a,温州,wz_vehicle,,,,330324,0,,,,,2026-09-02
f522a1fa88852b2a,温州,wz_vehicle,,,,330326,0,,,,,2026-09-02
4a2939a3f4042d59,温州,wz_vehicle,,,,330391,0,,,,,2026-09-02
04f9e1efe9bd15d8,温州,wz_vehicle,,,,330326,0,,,,,2026-09-02
260cfe6ff27a9c3d,温州,wz_vehicle,,,,330381,0,,,,,2026-09-02
7d44f9ba8644bad9,温州,wz_vehicle,,,,330304,0,,,,,2026-09-02
c07f5ef121f68171,温州,wz_vehicle,,,,330381,0,,,,,2026-09-02
640b878d0e90d19e,温州,wz_vehicle,,,,330304,0,,,,,2026-09-02
79b9621b5b0cf3bc,温州,wz_vehicle,,,,330304,0,,,,,2026-09-02
08c30188a1e304e8,温州,wz_vehicle,,,,330326,0,,,,,2026-09-02
07121c187635ec8e,温州,wz_vehicle,,,,330303,0,,,,,2026-09-02
e533075da969af5d,温州,wz_vehicle,,,,330303,0,,,,,2026-09-02
83993a77cd1712af,温州,wz_vehicle,,,,330391,0,,,,,2026-09-02
d00c8145087ac28a,温州,wz_vehicle,,,,330391,0,,,,,2026-09-02
d9c84b36b7ad8de1,温州,wz_vehicle,,,,330326,0,,,,,2026-09-02
53c24fc8a00e39c0,温州,wz_vehicle,,,,330382,0,,,,,2026-09-02
9e33e25bc58d4174,温州,wz_vehicle,,,,330381,0,,,,,2026-09-02
6b3096fd6571a1b9,温州,wz_vehicle,,,,330304,0,,,,,2026-09-02
2e01d7ba0c5af1c6,温州,wz_vehicle,,,,330327,0,,,,,2026-09-02
9183ce51fcc92881,温州,wz_vehicle,,,,330383,0,,,,,2026-09-02
7f8ecf70e5af27f9,温州,wz_vehicle,,,,330303,0,,,,,2026-09-02
fbb835a4b90544c1,温州,wz_vehicle,,,,330381,0,,,,,2026-09-02
8ebb7d960afe3633,温州,wz_vehicle,,,,330328,0,,,,,2026-09-02
b88802cc48cae0e8,温州,wz_vehicle,,,,330303,0,,,,,2026-09-02
2eac11de39548c7d,温州,wz_vehicle,,,,330327,0,,,,,2026-09-02
c54c76355e4eac44,温州,wz_vehicle,,,,330391,0,,,,,2026-09-02
955a6fafc534d6ff,温州,wz_vehicle,,,,,0,,,,,2026-09-02
d158f6eae92ddf46,温州,wz_vehicle,,,,330391,0,,,,,2026-09-02
01b4c92e4069322b,温州,wz_vehicle,,,,330382,0,,,,,2026-09-02
617ade3675986de1,温州,wz_vehicle,,,,330391,0,,,,,2026-09-02
daec573acdefd056,温州,wz_vehicle,,,,330303,0,,,,,2026-09-02
8424dc14abe49a50,温州,wz_vehicle,,,,330383,0,,,,,2026-09-02
509d16fc718ffebe,温州,wz_vehicle,,,,330324,0,,,,,2026-09-02
9e84d8ea1cde6f75,温州,wz_vehicle,,,,330324,0,,,,,2026-09-02
42253fd0d9e08e8e,温州,wz_vehicle,,,,330328,0,,,,,2026-09-02
8e79efb02d39496c,温州,wz_vehicle,,,,330382,0,,,,,2026-09-02
1ae5b7aebecd9b8a,温州,wz_vehicle,,,,330383,0,,,,,2026-09-02
d76475ba8335b204,温州,wz_vehicle,,,,330383,0,,,,,2026-09-02
a84e7ac172ab0c7f,温州,wz_vehicle,,,,330382,0,,,,,2026-09-02
4e3bf4a9c885ea1f,温州,wz_vehicle,,,,330304,0,,,,,2026-09-02
54094f6f7a8c59af,温州,wz_vehicle,,,,330382,0,,,,,2026-09-02
d5be40bc8ec429c6,温州,wz_vehicle,,,,330304,0,,,,,2026-09-02
5affda44f8f614f1,温州,wz_vehicle,,,,330329,0,,,,,2026-09-02
754c422f6c1a6ba2,温州,wz_vehicle,,,,330381,0,,,,,2026-09-02
c4c80482368eb2db,温州,wz_vehicle,,,,330304,0,,,,,2026-09-02
90a44377ae12b588,温州,wz_vehicle,,,,330302,0,,,,,2026-09-02
70eced86fce4528d,温州,wz_vehicle,,,,330327,0,,,,,2026-09-02
624e5c200eaca14d,温州,wz_vehicle,,,,330326,0,,,,,2026-09-02
df148dde1dda9577,温州,wz_vehicle,,,,330383,0,,,,,2026-09-02
0f23e1d3143f2753,温州,wz_vehicle,,,,330326,0,,,,,2026-09-02
1235967bb7058e19,温州,wz_vehicle,,,,330382,0,,,,,2026-09-02
175ff7194b5b5f45,温州,wz_vehicle,,,,330381,0,,,,,2026-09-02
a25018ac649d1531,温州,wz_vehicle,,,,330304,0,,,,,2026-09-02
48c004955d79a1ab,温州,wz_vehicle,,,,330327,0,,,,,2026-09-02
ba6e60280d27e447,温州,wz_vehicle,,,,330326,0,,,,,2026-09-02
1d580972d893a53a,温州,wz_vehicle,,,,330382,0,,,,,2026-09-02
a03bfcc443370f48,温州,wz_vehicle,,,,330302,0,,,,,2026-09-02
dde89f896bd1551b,温州,wz_vehicle,,,,330382,0,,,,,2026-09-02
547acfbb1c2af433,温州,wz_vehicle,,,,330326,0,,,,,2026-09-02
f4e342d86520b9e5,温州,wz_vehicle,,,,330326,0,,,,,2026-09-02
bf73d9234f1b9673,温州,wz_vehicle,,,,330381,0,,,,,2026-09-02
a211c1d07123ed6a,温州,wz_vehicle,,,,330304,0,,,,,2026-09-02
f29421b22b20215c,温州,wz_vehicle,,,,330383,0,,,,,2026-09-02
a8542270987d37f2,温州,wz_vehicle,,,,330329,0,,,,,2026-09-02
e23bb29b8154b223,温州,wz_vehicle,,,,330383,0,,,,,2026-09-02
4bf38080eb6eff25,温州,wz_vehicle,,,,330391,0,,,,,2026-09-02
9a09c7803abef4ba,温州,wz_vehicle,,,,330324,0,,,,,2026-09-02
bb6850debbe54745,温州,wz_vehicle,,,,330304,0,,,,,2026-09-02
b05538f3d96b028b,温州,wz_vehicle,,,,330382,0,,,,,2026-09-02
fc0c282fe7d13c62,温州,wz_vehicle,,,,330302,0,,,,,2026-09-02
11fdde5df7ebdb29,温州,wz_vehicle,,,,330324,0,,,,,2026-09-02
0268115c832e22e5,温州,wz_vehicle,,,,330324,0,,,,,2026-09-02
b12d530d70307e53,温州,wz_vehicle,,,,330303,0,,,,,2026-09-02
fb97eb25ca14aa0b,温州,wz_vehicle,,,,330383,0,,,,,2026-09-02
8a61cde44d51d3b5,温州,wz_vehicle,,,,330382,0,,,,,2026-09-02
cd618fce669a80bf,温州,wz_vehicle,,,,330304,0,,,,,2026-09-02
aec6179fa88c5458,温州,wz_vehicle,,,,330303,0,,,,,2026-09-02
2a839831c97d43f4,温州,wz_vehicle,,,,330324,0,,,,,2026-09-02
96a20e4a9e21ef07,温州,wz_vehicle,,,,330327,0,,,,,2026-09-02
9b7017f7230cf8f9,温州,wz_vehicle,,,,330324,0,,,,,2026-09-02
7adee080e9709ecd,温州,wz_vehicle,,,,330302,0,,,,,2026-09-02
69558adef3fda87b,温州,wz_vehicle,,,,330304,0,,,,,2026-09-02
aa2caadf1e4afa8f,温州,wz_vehicle,,,,330324,0,,,,,2026-09-02
cc738262d80fd443,温州,wz_vehicle,,,,330326,0,,,,,2026-09-02
67379cf8d525a3a9,温州,wz_vehicle,,,,330381,0,,,,,2026-09-02
e3ac0e65c06a2853,温州,wz_vehicle,,,,330328,0,,,,,2026-09-02
22f8434f4c3edc49,温州,wz_vehicle,,,,330382,0,,,,,2026-09-02
2466615ed06153ca,温州,wz_vehicle,,,,330326,0,,,,,2026-09-02
f15ae2230a3dc342,温州,wz_vehicle,,,,330324,0,,,,,2026-09-02
95857b69b8252add,温州,wz_vehicle,,,,330382,0,,,,,2026-09-02
474cbe1ac408e36f,温州,wz_vehicle,,,,330324,0,,,,,2026-09-02
2c584b649b38a41b,温州,wz_vehicle,,,,330382,0,,,,,2026-09-02
204ead791c341e76,温州,wz_vehicle,,,,330326,0,,,,,2026-09-02
136d72a9254e0a64,温州,wz_vehicle,,,,330326,0,,,,,2026-09-02
01b4046ee36c294f,温州,wz_vehicle,,,,330383,0,,,,,2026-09-02
3a5ccb2bd0716a19,温州,wz_vehicle,,,,330383,0,,,,,2026-09-02
a6e4ca33ba33d13f,温州,wz_vehicle,,,,330382,0,,,,,2026-09-02
729dd6c89c9cb7c9,温州,wz_vehicle,,,,330303,0,,,,,2026-09-02
16a54cc2637883dd,温州,wz_vehicle,,,,330328,0,,,,,2026-09-02
639a87e435c3cc7a,温州,wz_vehicle,,,,330303,0,,,,,2026-09-02
742ecfd7330792e6,温州,wz_vehicle,,,,330381,0,,,,,2026-09-02
2853c12e8a901aa0,温州,wz_vehicle,,,,330303,0,,,,,2026-09-02
1dbed5ec5e798d15,温州,wz_vehicle,,,,330383,0,,,,,2026-09-02
9e1cbca9ee74ba37,温州,wz_vehicle,,,,330382,0,,,,,2026-09-02
ebb2e7dfd20ee340,温州,wz_vehicle,,,,330391,0,,,,,2026-09-02
c4375e9839d55ce6,温州,wz_vehicle,,,,330327,0,,,,,2026-09-02
04c075386763328b,温州,wz_vehicle,,,,330383,0,,,,,2026-09-02
0385ee3287f3f2dc,温州,wz_vehicle,,,,330304,0,,,,,2026-09-02
4389d4fd3b75c265,温州,wz_vehicle,,,,330329,0,,,,,2026-09-02
8195d45ccc25870e,温州,wz_vehicle,,,,330324,0,,,,,2026-09-02
e9bfcd02e991f4e2,温州,wz_vehicle,,,,330382,0,,,,,2026-09-02
f2a31b88950c8687,温州,wz_vehicle,,,,330302,0,,,,,2026-09-02
af41148e53ce2b17,温州,wz_vehicle,,,,330303,0,,,,,2026-09-02
410c2b037066e567,温州,wz_vehicle,,,,330324,0,,,,,2026-09-02
aae8267d03e2c1a3,温州,wz_vehicle,,,,330382,0,,,,,2026-09-02
c861a068d0081a0e,温州,wz_vehicle,,,,330381,0,,,,,2026-09-02
2e1160a472a330c4,温州,wz_vehicle,,,,330382,0,,,,,2026-09-02
ba2f63541bd2dfdb,温州,wz_vehicle,,,,330391,0,,,,,2026-09-02
599528bd12be2df6,温州,wz_vehicle,,,,330391,0,,,,,2026-09-02
914cde01b73e07d5,温州,wz_vehicle,,,,330303,0,,,,,2026-09-02
98dc86b9a1f5bc6d,温州,wz_vehicle,,,,330303,0,,,,,2026-09-02
fd292b75a4148c96,温州,wz_vehicle,,,,330383,0,,,,,2026-09-02
4d69fc01a3e0d134,温州,wz_vehicle,,,,330327,0,,,,,2026-09-02
bb4f1f5e511a451f,温州,wz_vehicle,,,,330327,0,,,,,2026-09-02
3c311cb78e8094be,温州,wz_vehicle,,,,330391,0,,,,,2026-09-02
4ea59612afbc7c13,温州,wz_vehicle,,,,330326,0,,,,,2026-09-02
b0985511fba4cfc5,温州,wz_vehicle,,,,330324,0,,,,,2026-09-02
663040554563097b,温州,wz_vehicle,,,,330304,0,,,,,2026-09-02
2f40c5067fc4ce56,温州,wz_vehicle,,,,330326,0,,,,,2026-09-02
53d8f336158b42aa,温州,wz_vehicle,,,,330303,0,,,,,2026-09-02
e4e8a842de1867aa,温州,wz_vehicle,,,,330324004,0,,,,,2026-09-02
c91080a1db8357fe,温州,wz_vehicle,,,,330324,0,,,,,2026-09-02
d9266e947ff5bc43,温州,wz_vehicle,,,,330326,0,,,,,2026-09-02
6b3d6831da2287ce,温州,wz_vehicle,,,,330328,0,,,,,2026-09-02
2fdaae2c7f29bc29,温州,wz_vehicle,,,,330391,0,,,,,2026-09-02
1eb3e94c20ee1c3c,温州,wz_vehicle,,,,330303,0,,,,,2026-09-02
f4f11edc5ce234ce,温州,wz_vehicle,,,,330324,0,,,,,2026-09-02
42d79c0e17472401,温州,wz_vehicle,,,,330304,0,,,,,2026-09-02
cdb111858cd02a04,温州,wz_vehicle,,,,3303,0,,,,,2026-09-02
6c38fca5be417eaf,温州,wz_vehicle,,,,330381,0,,,,,2026-09-02
e082f3f05cd544fa,温州,wz_vehicle,,,,330391,0,,,,,2026-09-02
3d2dce85604e6471,温州,wz_vehicle,,,,330304,0,,,,,2026-09-02
126aceaeacef3084,温州,wz_vehicle,,,,330324,0,,,,,2026-09-02
d4a9d8c2ffa337a7,温州,wz_vehicle,,,,330304,0,,,,,2026-09-02
264080a0ccd1c886,温州,wz_vehicle,,,,330381,0,,,,,2026-09-02
ec448a166a540c0b,温州,wz_vehicle,,,,330327,0,,,,,2026-09-02
7b491478755e2c4f,温州,wz_vehicle,,,,330302,0,,,,,2026-09-02
83b335fab3b6f234,温州,wz_vehicle,,,,330381,0,,,,,2026-09-02
f452e7810f1d97c6,温州,wz_vehicle,,,,330302,0,,,,,2026-09-02
0e980230227dae3d,温州,wz_vehicle,,,,330326,0,,,,,2026-09-02
863d7778bfb63cad,温州,wz_vehicle,,,,330381,0,,,,,2026-09-02
6080df7578659e11,温州,wz_vehicle,,,,330328,0,,,,,2026-09-02
29d81fac5305bb16,温州,wz_vehicle,,,,330303,0,,,,,2026-09-02
ec74cc31bc44475c,温州,wz_vehicle,,,,330382,0,,,,,2026-09-02
f2e8063dddb23c17,温州,wz_vehicle,,,,330302,0,,,,,2026-09-02
f7566a2c7ed146ff,温州,wz_vehicle,,,,330382,0,,,,,2026-09-02
a87377f75d6d25ba,温州,wz_vehicle,,,,330383,0,,,,,2026-09-02
4f18bf91cdf1dfd5,温州,wz_vehicle,,,,330327,0,,,,,2026-09-02
aad13e491b92dda9,温州,wz_vehicle,,,,330382,0,,,,,2026-09-02
0f21af9ddf53069c,温州,wz_vehicle,,,,330324,0,,,,,2026-09-02
3dea7b1229214f88,温州,wz_vehicle,,,,330391,0,,,,,2026-09-02
44e838aca3291221,温州,wz_vehicle,,,,330391,0,,,,,2026-09-02
64516c7dd6a2406e,温州,wz_vehicle,,,,330303,0,,,,,2026-09-02
9d4da94eeb69c3e4,温州,wz_vehicle,,,,330326,0,,,,,2026-09-02
8acfccecc5805d01,温州,wz_vehicle,,,,330304,0,,,,,2026-09-02
5fe2ed8009e6ed0f,温州,wz_vehicle,,,,330324,0,,,,,2026-09-02
c78e33587785f2ca,温州,wz_vehicle,,,,330326,0,,,,,2026-09-02
3ab7548e8b0633f5,温州,wz_vehicle,,,,330324,0,,,,,2026-09-02
7f6ecff66e2cd4c1,温州,wz_vehicle,,,,330303,0,,,,,2026-09-02
0cf5cb0caa566224,温州,wz_vehicle,,,,330382,0,,,,,2026-09-02
2befd684a53a6ac8,温州,wz_vehicle,,,,330383,0,,,,,2026-09-02
103eb1e3a72f41a9,温州,wz_vehicle,,,,330303,0,,,,,2026-09-02
35631c229cd3a5af,温州,wz_vehicle,,,,330327,0,,,,,2026-09-02
4ce01ac9b876508d,温州,wz_vehicle,,,,330327,0,,,,,2026-09-02
4c737515bab2f0e3,温州,wz_vehicle,,,,330304,0,,,,,2026-09-02
f4aad3d5996013ee,温州,wz_vehicle,,,,330302,0,,,,,2026-09-02
5af2d407ac7acfec,温州,wz_vehicle,,,,330382,0,,,,,2026-09-02
0c27c945f8bf6516,温州,wz_vehicle,,,,330391,0,,,,,2026-09-02
9a431ef7511c6d2c,温州,wz_vehicle,,,,330303,0,,,,,2026-09-02
daafdc5eefebec06,温州,wz_vehicle,,,,330382,0,,,,,2026-09-02
99e6d508b18b52b9,温州,wz_vehicle,,,,330324,0,,,,,2026-09-02
9a99f420dd0325ad,温州,wz_vehicle,,,,330302,0,,,,,2026-09-02
530dd3450b7dba99,温州,wz_vehicle,,,,330382,0,,,,,2026-09-02
1383de55ce28245c,温州,wz_vehicle,,,,330381,0,,,,,2026-09-02
6aeab9a60384a285,温州,wz_vehicle,,,,330302,0,,,,,2026-09-02
ba5ece822dcf8594,温州,wz_vehicle,,,,330382,0,,,,,2026-09-02
2fc0722e54a7cbcb,温州,wz_vehicle,,,,330302,0,,,,,2026-09-02
f76b5dd6a1487d1a,温州,wz_vehicle,,,,330381,0,,,,,2026-09-02
b724879c1c55949b,温州,wz_vehicle,,,,330304,0,,,,,2026-09-02
bb8193ccc45168e9,温州,wz_vehicle,,,,330302,0,,,,,2026-09-02
0ccfc369acd8b817,温州,wz_vehicle,,,,330382,0,,,,,2026-09-02
555554627e46be1f,温州,wz_vehicle,,,,330391,0,,,,,2026-09-02
2056ecf73d39c62b,温州,wz_vehicle,,,,330303,0,,,,,2026-09-02
4e2c77a59cbd0473,温州,wz_vehicle,,,,330329,0,,,,,2026-09-02
f13b09392509b187,温州,wz_vehicle,,,,330382,0,,,,,2026-09-02
fd7b129f8cec1528,温州,wz_vehicle,,,,330329,0,,,,,2026-09-02
1456f2d789c671c2,温州,wz_vehicle,,,,330304,0,,,,,2026-09-02
d64f375f939a2ac1,温州,wz_vehicle,,,,330391,0,,,,,2026-09-02
16372cc3ace7f5cf,温州,wz_vehicle,,,,330391,0,,,,,2026-09-02
bc5b97a8f0d41729,温州,wz_vehicle,,,,330304,0,,,,,2026-09-02
daad04b163d4cac1,温州,wz_vehicle,,,,330391,0,,,,,2026-09-02
7fcff8a70e63c184,温州,wz_vehicle,,,,330381,0,,,,,2026-09-02
fc263ed24f21f79c,温州,wz_vehicle,,,,330391,0,,,,,2026-09-02
4ac7f10fa1d21842,温州,wz_vehicle,,,,330391,0,,,,,2026-09-02
d55fda38d5c56e39,温州,wz_vehicle,,,,330391,0,,,,,2026-09-02
63cf4557aa3a4769,温州,wz_vehicle,,,,330302,0,,,,,2026-09-02
afd0efbf18dcddc6,温州,wz_vehicle,,,,330303,0,,,,,2026-09-02
7ba69779234c7bb4,温州,wz_vehicle,,,,330303,0,,,,,2026-09-02
adca5612c9809cef,温州,wz_vehicle,,,,330327,0,,,,,2026-09-02
6550697817bcc4bd,温州,wz_vehicle,,,,330302,0,,,,,2026-09-02
b24e54d64ec30300,温州,wz_vehicle,,,,330383,0,,,,,2026-09-02
530275fa23710044,温州,wz_vehicle,,,,330303,0,,,,,2026-09-02
9bccb2ff453f776a,温州,wz_vehicle,,,,330381,0,,,,,2026-09-02
a07261654e2c1fe1,温州,wz_vehicle,,,,330303,0,,,,,2026-09-02
f6519c5665c8cbe8,温州,wz_vehicle,,,,330324,0,,,,,2026-09-02
66d73bf47a210888,温州,wz_vehicle,,,,330324,0,,,,,2026-09-02
b8e970fbd32f6002,温州,wz_vehicle,,,,330303,0,,,,,2026-09-02
594cffb2228048c4,温州,wz_vehicle,,,,330324,0,,,,,2026-09-02
e092e6c4bc11e69d,温州,wz_vehicle,,,,330382,0,,,,,2026-09-02
1a0205fd0cc41331,温州,wz_vehicle,,,,330391,0,,,,,2026-09-02
8ab1e061b1797d7a,温州,wz_vehicle,,,,330304,0,,,,,2026-09-02
95a1ed4884767279,温州,wz_vehicle,,,,330303,0,,,,,2026-09-02
cc7475764b96c3c7,温州,wz_vehicle,,,,330383,0,,,,,2026-09-02
3169136dbd90d0ce,温州,wz_vehicle,,,,330381,0,,,,,2026-09-02
efee68dd93bc651d,温州,wz_vehicle,,,,330303,0,,,,,2026-09-02
3a9df46d5b45cdab,温州,wz_vehicle,,,,330326,0,,,,,2026-09-02
d166274cf54bbc75,温州,wz_vehicle,,,,330382,0,,,,,2026-09-02
3c0a21472c6c5f93,温州,wz_vehicle,,,,330327,0,,,,,2026-09-02
aae7957769bb0445,温州,wz_vehicle,,,,330324,0,,,,,2026-09-02
824b821840db9b13,温州,wz_vehicle,,,,330383,0,,,,,2026-09-02
28ec3b609a187ed4,温州,wz_vehicle,,,,330383,0,,,,,2026-09-02
79c3e4e30c75a444,温州,wz_vehicle,,,,330326,0,,,,,2026-09-02
801afb32d3482d28,温州,wz_vehicle,,,,330382,0,,,,,2026-09-02
b91797542a278b3f,温州,wz_vehicle,,,,330324,0,,,,,2026-09-02
7cdf0b9260066eb3,温州,wz_vehicle,,,,330382,0,,,,,2026-09-02
62f73ddc249447e4,温州,wz_vehicle,,,,330304,0,,,,,2026-09-02
89bed12af71f2508,温州,wz_vehicle,,,,330329,0,,,,,2026-09-02
48155a2a7980a29d,温州,wz_vehicle,,,,330391,0,,,,,2026-09-02
857ab4e3519ed784,温州,wz_vehicle,,,,330328,0,,,,,2026-09-02
54ef42aaeed3e2e8,温州,wz_vehicle,,,,330382,0,,,,,2026-09-02
de42dcce31cb5fc8,温州,wz_vehicle,,,,330329,0,,,,,2026-09-02
29213d1bc8562479,温州,wz_vehicle,,,,330391,0,,,,,2026-09-02
511e098f2f35c640,温州,wz_vehicle,,,,330327,0,,,,,2026-09-02
287dd07c85ec63b4,温州,wz_vehicle,,,,330381,0,,,,,2026-09-02
6ac6afbb4ae3be17,温州,wz_vehicle,,,,330328,0,,,,,2026-09-02
98e5d4955490c1f2,温州,wz_vehicle,,,,330327,0,,,,,2026-09-02
669338f0d8999b88,温州,wz_vehicle,,,,330391,0,,,,,2026-09-02
6689b336f764cd6f,温州,wz_vehicle,,,,330326,0,,,,,2026-09-02
7f6918d40eabaa5d,温州,wz_vehicle,,,,330327,0,,,,,2026-09-02
905b755cfa523ef2,温州,wz_vehicle,,,,330327,0,,,,,2026-09-02
bafd16f05ea630c7,温州,wz_vehicle,,,,330304,0,,,,,2026-09-02
c2560cf1565b988a,温州,wz_vehicle,,,,330381,0,,,,,2026-09-02
552b006551a26279,温州,wz_vehicle,,,,330326,0,,,,,2026-09-02
428fb8f53b998d2e,温州,wz_vehicle,,,,330302,0,,,,,2026-09-02
d6efac395b54740a,温州,wz_vehicle,,,,330381,0,,,,,2026-09-02
d48a14780f68e570,温州,wz_vehicle,,,,330326,0,,,,,2026-09-02
d210fc0ff4c9ac77,温州,wz_vehicle,,,,330303,0,,,,,2026-09-02
d44a7bd7b95ec22c,温州,wz_vehicle,,,,330324,0,,,,,2026-09-02
e931b7a906793277,温州,wz_vehicle,,,,330391,0,,,,,2026-09-02
91307f70bb8a327d,温州,wz_vehicle,,,,330303,0,,,,,2026-09-02
eb3467907043f478,温州,wz_vehicle,,,,330303,0,,,,,2026-09-02
8ae79ca5e36b39d8,温州,wz_vehicle,,,,330326,0,,,,,2026-09-02
fd999896f2d785c3,温州,wz_vehicle,,,,330327,0,,,,,2026-09-02
d32765afb8a6314f,温州,wz_vehicle,,,,330383,0,,,,,2026-09-02
98e6a1aa76366acd,温州,wz_vehicle,,,,330391,0,,,,,2026-09-02
1514eb4537f2e75c,温州,wz_vehicle,,,,330391,0,,,,,2026-09-02
4c23cc491d3fe742,温州,wz_vehicle,,,,330304,0,,,,,2026-09-02
a85deedd7f361f8a,温州,wz_vehicle,,,,330302,0,,,,,2026-09-02
8cc883a84b7d96e6,温州,wz_vehicle,,,,330326,0,,,,,2026-09-02
404d5af282c5500d,温州,wz_vehicle,,,,330391,0,,,,,2026-09-02
7fdf7387fa426b85,温州,wz_vehicle,,,,330391,0,,,,,2026-09-02
8815b1cfca32e1a7,温州,wz_vehicle,,,,330328,0,,,,,2026-09-02
653f1ac1efe367af,温州,wz_vehicle,,,,330391,0,,,,,2026-09-02
18f284d3fb253d01,温州,wz_vehicle,,,,330302,0,,,,,2026-09-02
9743d74f471e63cf,温州,wz_vehicle,,,,330391,0,,,,,2026-09-02
5b6281fb5b345ebd,温州,wz_vehicle,,,,330382,0,,,,,2026-09-02
8595f09654ef674d,温州,wz_vehicle,,,,330303,0,,,,,2026-09-02
33179bce96ed3562,温州,wz_vehicle,,,,330324,0,,,,,2026-09-02
395df95fc0d7e42e,温州,wz_vehicle,,,,330303,0,,,,,2026-09-02
6467c171b39a8cad,温州,wz_vehicle,,,,330327,0,,,,,2026-09-02
141a60ed84a1a104,温州,wz_vehicle,,,,330327,0,,,,,2026-09-02
f55fa6bb6e04f6d9,温州,wz_vehicle,,,,330381,0,,,,,2026-09-02
623c41d09842e3ac,温州,wz_vehicle,,,,330324,0,,,,,2026-09-02
08f03ddcacab5033,温州,wz_vehicle,,,,330326,0,,,,,2026-09-02
927c3bf9980da0d4,温州,wz_vehicle,,,,330326,0,,,,,2026-09-02
947441fa7c2f51fb,温州,wz_vehicle,,,,330383,0,,,,,2026-09-02
d89206ed65de8d41,温州,wz_vehicle,,,,330382,0,,,,,2026-09-02
7525587ec5161d2d,温州,wz_vehicle,,,,330383,0,,,,,2026-09-02
be2ef21cd10f4ec5,温州,wz_vehicle,,,,330303,0,,,,,2026-09-02
2c735707953eb953,温州,wz_vehicle,,,,330303,0,,,,,2026-09-02
3396061796c21542,温州,wz_vehicle,,,,330303,0,,,,,2026-09-02
d9bfc0a2d03071d1,温州,wz_vehicle,,,,330324,0,,,,,2026-09-02
1a5d2fd28f4caab0,温州,wz_vehicle,,,,330327,0,,,,,2026-09-02
167cc26855144a0e,温州,wz_vehicle,,,,330326,0,,,,,2026-09-02
a056df91aaf3ea1d,温州,wz_vehicle,,,,330303,0,,,,,2026-09-02
e5cd9b7561442eab,温州,wz_vehicle,,,,330326,0,,,,,2026-09-02
af1d22435a578d64,温州,wz_vehicle,,,,330302,0,,,,,2026-09-02
60c8924c23d2ec46,温州,wz_vehicle,,,,330382,0,,,,,2026-09-02
db79893f18efeb01,温州,wz_vehicle,,,,330381,0,,,,,2026-09-02
0acb9bb2e7234c0c,温州,wz_vehicle,,,,330383,0,,,,,2026-09-02
b407c59812c85f57,温州,wz_vehicle,,,,330326,0,,,,,2026-09-02
7b4ebbb5cabb246e,温州,wz_vehicle,,,,330382,0,,,,,2026-09-02
e9531c0ea4ddb6c9,温州,wz_vehicle,,,,330328,0,,,,,2026-09-02
2a887d95ed8a7168,温州,wz_vehicle,,,,330324004,0,,,,,2026-09-02
a0541706e114c69b,温州,wz_vehicle,,,,330324,0,,,,,2026-09-02
0a2c26e604dafe13,温州,wz_vehicle,,,,330382,0,,,,,2026-09-02
ab950289accd59c4,温州,wz_vehicle,,,,330324,0,,,,,2026-09-02
cd6e260d42c51403,温州,wz_vehicle,,,,330302,0,,,,,2026-09-02
0789cf49dcd4a22f,温州,wz_vehicle,,,,330327,0,,,,,2026-09-02
8eb728edbc16680c,温州,wz_vehicle,,,,330381,0,,,,,2026-09-02
1391ee1d9bf744a7,温州,wz_vehicle,,,,330304,0,,,,,2026-09-02
49e7f1ecbe84220a,温州,wz_vehicle,,,,330327,0,,,,,2026-09-02
dcafd4184e86b3fa,温州,wz_vehicle,,,,330302,0,,,,,2026-09-02
64acf18bcea683c8,温州,wz_vehicle,,,,330381,0,,,,,2026-09-02
10a2b3d84942acf5,温州,wz_vehicle,,,,330391,0,,,,,2026-09-02
d686bd926f216209,温州,wz_vehicle,,,,330381,0,,,,,2026-09-02
bafa4146806801f1,温州,wz_vehicle,,,,330383,0,,,,,2026-09-02
1d2f023d00a7190a,温州,wz_vehicle,,,,330391,0,,,,,2026-09-02
d4e41586bb46b039,温州,wz_vehicle,,,,330327,0,,,,,2026-09-02
f8b627b1c0b5701f,温州,wz_vehicle,,,,330382,0,,,,,2026-09-02
e788557e5475f499,温州,wz_vehicle,,,,330324,0,,,,,2026-09-02
258c5a2530a34b2d,温州,wz_vehicle,,,,330391,0,,,,,2026-09-02
0ee43dcf21ac0918,温州,wz_vehicle,,,,330382,0,,,,,2026-09-02
039ac51e8973945d,温州,wz_vehicle,,,,330383,0,,,,,2026-09-02
d7330e326bc5e350,温州,wz_vehicle,,,,330326,0,,,,,2026-09-02
e524c50252ca5e7e,温州,wz_vehicle,,,,330391,0,,,,,2026-09-02
34c1f1ece990bcb4,温州,wz_vehicle,,,,330391,0,,,,,2026-09-02
40034877e3933858,温州,wz_vehicle,,,,330382,0,,,,,2026-09-02
022d4691070c0c84,温州,wz_vehicle,,,,330324,0,,,,,2026-09-02
a294b44fdf7f649d,温州,wz_vehicle,,,,330302,0,,,,,2026-09-02
a67c38404fe31285,温州,wz_vehicle,,,,330328,0,,,,,2026-09-02
7aadc597fb225093,温州,wz_vehicle,,,,330324,0,,,,,2026-09-02
c1d78ad22038d608,温州,wz_vehicle,,,,330304,0,,,,,2026-09-02
06f42a4363fedacc,温州,wz_vehicle,,,,330302,0,,,,,2026-09-02
4eb1ca3cab8c4ff9,温州,wz_vehicle,,,,330391,0,,,,,2026-09-02
40dd84ddd67ddd78,温州,wz_vehicle,,,,330391,0,,,,,2026-09-02
1743d59ea7274332,温州,wz_vehicle,,,,330324,0,,,,,2026-09-02
40e89dcdd9373aaf,温州,wz_vehicle,,,,330302,0,,,,,2026-09-02
d7910f1bebd08e56,温州,wz_vehicle,,,,330324,0,,,,,2026-09-02
4b9aa0b25740f80c,温州,wz_vehicle,,,,330303,0,,,,,2026-09-02
5ab3b8b2d6bbc367,温州,wz_vehicle,,,,330303,0,,,,,2026-09-02
df380c921921d38d,温州,wz_vehicle,,,,330326,0,,,,,2026-09-02
5a604353a4b716e5,温州,wz_vehicle,,,,330303,0,,,,,2026-09-02
86489ad9cb6e028a,温州,wz_vehicle,,,,330381,0,,,,,2026-09-02
5d5b1a8486cd73ee,温州,wz_vehicle,,,,330326,0,,,,,2026-09-02
5c04541805b0c481,温州,wz_vehicle,,,,330324,0,,,,,2026-09-02
c529c45fb2b677ea,温州,wz_vehicle,,,,330328,0,,,,,2026-09-02
82ec0505f50a81d9,温州,wz_vehicle,,,,330327,0,,,,,2026-09-02
9e8466e9bd07c6e1,温州,wz_vehicle,,,,330303,0,,,,,2026-09-02
769a7c5f3d8d4324,温州,wz_vehicle,,,,330326,0,,,,,2026-09-02
22add7628a06a8a9,温州,wz_vehicle,,,,330328,0,,,,,2026-09-02
0553bf68e74b3b68,温州,wz_vehicle,,,,330324,0,,,,,2026-09-02
239bec242ae97501,温州,wz_vehicle,,,,330302,0,,,,,2026-09-02
d245dc149772a35a,温州,wz_vehicle,,,,330382,0,,,,,2026-09-02
105c42ee77165a72,温州,wz_vehicle,,,,330326,0,,,,,2026-09-02
8ce63ab46de6d08d,温州,wz_vehicle,,,,330326,0,,,,,2026-09-02
1374a6c4590f8ec4,温州,wz_vehicle,,,,330383,0,,,,,2026-09-02
685eb8e82b70d438,温州,wz_vehicle,,,,330391,0,,,,,2026-09-02
83d1a9cf83ab7b46,温州,wz_vehicle,,,,330303,0,,,,,2026-09-02
a5382224d210c546,温州,wz_vehicle,,,,330327,0,,,,,2026-09-02
6f4da3b1b5601167,温州,wz_vehicle,,,,330326,0,,,,,2026-09-02
1f22dd48a40f655c,温州,wz_vehicle,,,,330304,0,,,,,2026-09-02
bdda79c1c8ee9e9c,温州,wz_vehicle,,,,330383,0,,,,,2026-09-02
99c672c2c7480275,温州,wz_vehicle,,,,330324003,0,,,,,2026-09-02
6b9d3bc97b3c346b,温州,wz_vehicle,,,,330383,0,,,,,2026-09-02
40d130e9b3ffeaa3,温州,wz_vehicle,,,,330302,0,,,,,2026-09-02
7eed12524ed878d6,温州,wz_vehicle,,,,330303,0,,,,,2026-09-02
2a130e7f743b946f,温州,wz_vehicle,,,,330391,0,,,,,2026-09-02
cfd80c28c130bd64,温州,wz_vehicle,,,,330326,0,,,,,2026-09-02
3e03b538a73f894d,温州,wz_vehicle,,,,330302,0,,,,,2026-09-02
09a686533fc2cb64,温州,wz_vehicle,,,,330304,0,,,,,2026-09-02
6a1044f142bcda47,温州,wz_vehicle,,,,330391,0,,,,,2026-09-02
91ae6d20b5446cf4,温州,wz_vehicle,,,,330303,0,,,,,2026-09-02
04183ca0ce32a655,温州,wz_vehicle,,,,330304,0,,,,,2026-09-02
78b20dbaffd1c1c8,温州,wz_vehicle,,,,330381,0,,,,,2026-09-02
7803dc71b8bb16c9,温州,wz_vehicle,,,,330381,0,,,,,2026-09-02
9d1a0a66b55e7757,温州,wz_vehicle,,,,330381,0,,,,,2026-09-02
adbb99cd55da1809,温州,wz_vehicle,,,,330382,0,,,,,2026-09-02
f2bd1d926424810e,温州,wz_vehicle,,,,330391,0,,,,,2026-09-02
265db33f53a8c812,温州,wz_vehicle,,,,330382,0,,,,,2026-09-02
43bc0a339b71a6f5,温州,wz_vehicle,,,,330382,0,,,,,2026-09-02
0590a1f448079c18,温州,wz_vehicle,,,,330303,0,,,,,2026-09-02
d3ece2576c75c9ac,温州,wz_vehicle,,,,330303,0,,,,,2026-09-02
82ff5799f07133dc,温州,wz_vehicle,,,,330324,0,,,,,2026-09-02
aaad65ae61e5717d,温州,wz_vehicle,,,,330324,0,,,,,2026-09-02
1cd855aa83cff56a,温州,wz_vehicle,,,,330324,0,,,,,2026-09-02
d0be44292ac743f3,温州,wz_vehicle,,,,330304,0,,,,,2026-09-02
e8f691ab8073207b,温州,wz_vehicle,,,,330391,0,,,,,2026-09-02
fc90ab8a6ee9a2dd,温州,wz_vehicle,,,,330381,0,,,,,2026-09-02
3883ffbb767b6223,温州,wz_vehicle,,,,330303,0,,,,,2026-09-02
f5a1122365c23ede,温州,wz_vehicle,,,,330303,0,,,,,2026-09-02
25dc424cc3832345,温州,wz_vehicle,,,,330324004,0,,,,,2026-09-02
52dc8735aefb9470,温州,wz_vehicle,,,,330302,0,,,,,2026-09-02
5db632f9d0a1d291,温州,wz_vehicle,,,,330381,0,,,,,2026-09-02
64132e53572d3652,温州,wz_vehicle,,,,330326,0,,,,,2026-09-02
f3210302ea254517,温州,wz_vehicle,,,,330303,0,,,,,2026-09-02
d684aa16872c1a3f,温州,wz_vehicle,,,,330328,0,,,,,2026-09-02
2464cad0bc0d996e,温州,wz_vehicle,,,,330304,0,,,,,2026-09-02
0b020e25dc915b13,温州,wz_vehicle,,,,330324,0,,,,,2026-09-02
9251d5fc98a96e0a,温州,wz_vehicle,,,,330327,0,,,,,2026-09-02
907a4336ea7f57a7,温州,wz_vehicle,,,,330391,0,,,,,2026-09-02
f5d65ae3ea1c62a3,温州,wz_vehicle,,,,330382,0,,,,,2026-09-02
595a302dcd955ca9,温州,wz_vehicle,,,,330302,0,,,,,2026-09-02
7c1462812233a6b5,温州,wz_vehicle,,,,330303,0,,,,,2026-09-02
69d69f4267976c45,温州,wz_vehicle,,,,330303,0,,,,,2026-09-02
02cc5478a4fcd34f,温州,wz_vehicle,,,,330391,0,,,,,2026-09-02
9f781e3265a5f95d,温州,wz_vehicle,,,,330304,0,,,,,2026-09-02
d0db24b379bb4ef6,温州,wz_vehicle,,,,330327,0,,,,,2026-09-02
d765c47cef796c4a,温州,wz_vehicle,,,,330324,0,,,,,2026-09-02
93d4397503e9c4a2,温州,wz_vehicle,,,,330302,0,,,,,2026-09-02
855c2838d759839c,温州,wz_vehicle,,,,330329,0,,,,,2026-09-02
1be4c19afb6efc42,温州,wz_vehicle,,,,330383,0,,,,,2026-09-02
ad283a1893066301,温州,wz_vehicle,,,,330302,0,,,,,2026-09-02
e134c84bbe9dd4cb,温州,wz_vehicle,,,,330302,0,,,,,2026-09-02
25ddd7a93c46a7b6,温州,wz_vehicle,,,,330391,0,,,,,2026-09-02
52c7926abfa3dfbd,温州,wz_vehicle,,,,330302,0,,,,,2026-09-02
ff378201c2f6f4f2,温州,wz_vehicle,,,,330304,0,,,,,2026-09-02
a172636c0197c11f,温州,wz_vehicle,,,,330327,0,,,,,2026-09-02
b44675f080e8500f,温州,wz_vehicle,,,,330303,0,,,,,2026-09-02
5a012f537d562e78,温州,wz_vehicle,,,,330383,0,,,,,2026-09-02
7027251cc1dba5b9,温州,wz_vehicle,,,,330391,0,,,,,2026-09-02
aa0e9552a0d5bfee,温州,wz_vehicle,,,,330381,0,,,,,2026-09-02
d8975dcf04046c1c,温州,wz_vehicle,,,,330381,0,,,,,2026-09-02
ed0caee48683e1d9,温州,wz_vehicle,,,,330304,0,,,,,2026-09-02
9eb512acea2ca65f,温州,wz_vehicle,,,,330303,0,,,,,2026-09-02
ca0d8ab7307a0aa2,温州,wz_vehicle,,,,330304,0,,,,,2026-09-02
7c05eddbaea87e2a,温州,wz_vehicle,,,,330303,0,,,,,2026-09-02
9171efeaeddf6e42,温州,wz_vehicle,,,,330328,0,,,,,2026-09-02
611d43a2c83b8b1d,温州,wz_vehicle,,,,330324,0,,,,,2026-09-02
6501b1dacc488841,温州,wz_vehicle,,,,330382,0,,,,,2026-09-02
9915f5a2efdffa72,温州,wz_vehicle,,,,330381,0,,,,,2026-09-02
51d61444aa68d354,温州,wz_vehicle,,,,330302,0,,,,,2026-09-02
a72044e76c2eb364,温州,wz_vehicle,,,,330303,0,,,,,2026-09-02
9dfadfa3622a43cf,温州,wz_vehicle,,,,330381,0,,,,,2026-09-02
326b8b37659b0761,温州,wz_vehicle,,,,330303,0,,,,,2026-09-02
66e35bbcf60285d8,温州,wz_vehicle,,,,330324,0,,,,,2026-09-02
f9f8ebb8e617d220,温州,wz_vehicle,,,,330391,0,,,,,2026-09-02
de8bcbb80b9b9e17,温州,wz_vehicle,,,,330391,0,,,,,2026-09-02
3266a95413ba82fe,温州,wz_vehicle,,,,330303,0,,,,,2026-09-02
7bc8c02a000b0101,温州,wz_vehicle,,,,330324,0,,,,,2026-09-02
6377d103fa4aa4b4,温州,wz_vehicle,,,,330383,0,,,,,2026-09-02
b9f95f3e4cf114c2,温州,wz_vehicle,,,,330383,0,,,,,2026-09-02
9725b336f7315839,温州,wz_vehicle,,,,330327,0,,,,,2026-09-02
e7677058d2bfbec7,温州,wz_vehicle,,,,330326,0,,,,,2026-09-02
76fe8ea4cfee1a1a,温州,wz_vehicle,,,,330303,0,,,,,2026-09-02
655e4417b3100cb4,温州,wz_vehicle,,,,330381,0,,,,,2026-09-02
c850dc0925b379fa,温州,wz_vehicle,,,,330326,0,,,,,2026-09-02
123bcc576318050d,温州,wz_vehicle,,,,330381,0,,,,,2026-09-02
74b94b1aa51a39db,温州,wz_vehicle,,,,330304,0,,,,,2026-09-02
dd33d06367d4ad6c,温州,wz_vehicle,,,,330326,0,,,,,2026-09-02
187b342d475ddff2,温州,wz_vehicle,,,,330381,0,,,,,2026-09-02
76c5af3d083421f8,温州,wz_vehicle,,,,330381,0,,,,,2026-09-02
3e6ab2bf190bb459,温州,wz_vehicle,,,,330328,0,,,,,2026-09-02
909dd328e964a578,温州,wz_vehicle,,,,330304,0,,,,,2026-09-02
d4608696bedd5c77,温州,wz_vehicle,,,,330382,0,,,,,2026-09-02
0f018a1ddf137bbd,温州,wz_vehicle,,,,330382,0,,,,,2026-09-02
30d12961fcfe5111,温州,wz_vehicle,,,,330381,0,,,,,2026-09-02
41800a8fd76eb4bc,温州,wz_vehicle,,,,330391,0,,,,,2026-09-02
7f36a9b7d3a6331c,温州,wz_vehicle,,,,330327,0,,,,,2026-09-02
b8fc7d7089e100ce,温州,wz_vehicle,,,,330302,0,,,,,2026-09-02
0d87b11885983c3a,温州,wz_vehicle,,,,330328,0,,,,,2026-09-02
78308ce8e4e54e1f,温州,wz_vehicle,,,,330329,0,,,,,2026-09-02
7cb121e6f74aedf9,温州,wz_vehicle,,,,330303,0,,,,,2026-09-02
8e1537a769b6fe07,温州,wz_vehicle,,,,330327,0,,,,,2026-09-02
42fb2d3c16281921,温州,wz_vehicle,,,,330382,0,,,,,2026-09-02
77cb0459e778cfcf,温州,wz_vehicle,,,,330383,0,,,,,2026-09-02
aff8cb27c82a864c,温州,wz_vehicle,,,,330326,0,,,,,2026-09-02
565b8cba0ebfce4e,温州,wz_vehicle,,,,330302,0,,,,,2026-09-02
9bb9255c07f43f02,温州,wz_vehicle,,,,330327,0,,,,,2026-09-02
4b2f5850805ac6e0,温州,wz_vehicle,,,,330304,0,,,,,2026-09-02
a0fd8d80d059af73,温州,wz_vehicle,,,,330302,0,,,,,2026-09-02
7cd8ba1ff0505bdd,温州,wz_vehicle,,,,330302,0,,,,,2026-09-02
e23f9a98c38d4781,温州,wz_vehicle,,,,330381,0,,,,,2026-09-02
5733cd9a56e4e6fd,温州,wz_vehicle,,,,330382,0,,,,,2026-09-02
12c87d6bc2c6c669,温州,wz_vehicle,,,,330327,0,,,,,2026-09-02
6ff43b4c7b6000de,温州,wz_vehicle,,,,330382,0,,,,,2026-09-02
35527ccd067b2315,温州,wz_vehicle,,,,330382,0,,,,,2026-09-02
bc873ed003ada3d8,温州,wz_vehicle,,,,330326,0,,,,,2026-09-02
4026ae90199ef038,温州,wz_vehicle,,,,330326,0,,,,,2026-09-02
0ebe3ad51729b961,温州,wz_vehicle,,,,330303,0,,,,,2026-09-02
ce1fbe1f8086f567,温州,wz_vehicle,,,,330326,0,,,,,2026-09-02
317b7dfdc1c9101b,温州,wz_vehicle,,,,330302,0,,,,,2026-09-02
fb3880d7631dd9e1,温州,wz_vehicle,,,,330324,0,,,,,2026-09-02
c52ee252bf0e623a,温州,wz_vehicle,,,,330391,0,,,,,2026-09-02
ed016eb26982aaf5,温州,wz_vehicle,,,,330383,0,,,,,2026-09-02
dbf5d4b590731cea,温州,wz_vehicle,,,,330304,0,,,,,2026-09-02
384fc785effd1b4e,温州,wz_vehicle,,,,330391,0,,,,,2026-09-02
7d7eea025f2183e5,温州,wz_vehicle,,,,330382,0,,,,,2026-09-02
679fb1bf57c75fd3,温州,wz_vehicle,,,,330324,0,,,,,2026-09-02
c18ea01d66f69641,温州,wz_vehicle,,,,330327,0,,,,,2026-09-02
235a7aeb0ea6e022,温州,wz_vehicle,,,,330304,0,,,,,2026-09-02
5fa6c619c42122dc,温州,wz_vehicle,,,,330383,0,,,,,2026-09-02
74762eb42f907e0f,温州,wz_vehicle,,,,330303,0,,,,,2026-09-02
1fa647c493ffca77,温州,wz_vehicle,,,,330391,0,,,,,2026-09-02
97b483d814cf6161,温州,wz_vehicle,,,,330328,0,,,,,2026-09-02
bbd69dedd581c988,温州,wz_vehicle,,,,330302,0,,,,,2026-09-02
64f1999048e19740,温州,wz_vehicle,,,,330327,0,,,,,2026-09-02
53fd5ff743f047d0,温州,wz_vehicle,,,,330302,0,,,,,2026-09-02
fc4d385d544ab71e,温州,wz_vehicle,,,,330304,0,,,,,2026-09-02
c51c1c42e25994a6,温州,wz_vehicle,,,,330381,0,,,,,2026-09-02
2a8f9367def2b77a,温州,wz_vehicle,,,,330327,0,,,,,2026-09-02
e80288fbb0fc296a,温州,wz_vehicle,,,,330391,0,,,,,2026-09-02
ed9caabd99d1cb10,温州,wz_vehicle,,,,330302,0,,,,,2026-09-02
0f68fe7f6ce48b3f,温州,wz_vehicle,,,,330382,0,,,,,2026-09-02
f0ed795666bee599,温州,wz_vehicle,,,,330326,0,,,,,2026-09-02
6d41778c32193015,温州,wz_vehicle,,,,330391,0,,,,,2026-09-02
3a1d2817778046b6,温州,wz_vehicle,,,,330391,0,,,,,2026-09-02
589f377f88ad317f,温州,wz_vehicle,,,,330304,0,,,,,2026-09-02
d83c1b5c4039c733,温州,wz_vehicle,,,,330391,0,,,,,2026-09-02
bdb2d1c233e08f7a,温州,wz_vehicle,,,,330302,0,,,,,2026-09-02
afe902f62ce9fa1a,温州,wz_vehicle,,,,330324004,0,,,,,2026-09-02
3443fdff7eb54c9e,温州,wz_vehicle,,,,330382,0,,,,,2026-09-02
27666101ddeb6573,温州,wz_vehicle,,,,330303,0,,,,,2026-09-02
3a833bce162e8c00,温州,wz_vehicle,,,,330326,0,,,,,2026-09-02
e4f24591b2366a06,温州,wz_vehicle,,,,330324,0,,,,,2026-09-02
0b3535824a5666ab,温州,wz_vehicle,,,,330303,0,,,,,2026-09-02
bd0602ca8221dac5,温州,wz_vehicle,,,,330303,0,,,,,2026-09-02
72cfac0ff869fc31,温州,wz_vehicle,,,,330303,0,,,,,2026-09-02
f8335988146a1b4e,温州,wz_vehicle,,,,330327,0,,,,,2026-09-02
4f8b1bbce1930cdb,温州,wz_vehicle,,,,330303,0,,,,,2026-09-02
d8c4fa364eaebe2e,温州,wz_vehicle,,,,330324,0,,,,,2026-09-02
20f2dded13fe7ba2,温州,wz_vehicle,,,,330391,0,,,,,2026-09-02
0e0a9c43add352b5,温州,wz_vehicle,,,,330326,0,,,,,2026-09-02
1f76edd25e70792a,温州,wz_vehicle,,,,330327,0,,,,,2026-09-02
727ed9e3310ff062,温州,wz_vehicle,,,,330382,0,,,,,2026-09-02
ed723b40a00dca73,温州,wz_vehicle,,,,330303,0,,,,,2026-09-02
f61991c230367972,温州,wz_vehicle,,,,330303,0,,,,,2026-09-02
cd493d55aeaceea8,温州,wz_vehicle,,,,330304,0,,,,,2026-09-02
93d624aa1412eba6,温州,wz_vehicle,,,,330382,0,,,,,2026-09-02
133d2c3be57374ea,温州,wz_vehicle,,,,330391,0,,,,,2026-09-02
553aa050cda94292,温州,wz_vehicle,,,,330391,0,,,,,2026-09-02
d2e28abda577dbe8,温州,wz_vehicle,,,,330382,0,,,,,2026-09-02
eb4100c6db1f0172,温州,wz_vehicle,,,,330302,0,,,,,2026-09-02
17dff9b00a46fe04,温州,wz_vehicle,,,,330327,0,,,,,2026-09-02
4594c214deb4167a,温州,wz_vehicle,,,,330303,0,,,,,2026-09-02
be7ae9b99a03827e,温州,wz_vehicle,,,,330382,0,,,,,2026-09-02
67a008417c715065,温州,wz_vehicle,,,,330303,0,,,,,2026-09-02
8a6342fb55e5fdbe,温州,wz_vehicle,,,,330326,0,,,,,2026-09-02
51b9d58036842144,温州,wz_vehicle,,,,330382,0,,,,,2026-09-02
476ee0d126f9ddd9,温州,wz_vehicle,,,,330383,0,,,,,2026-09-02
976a23b0aa1f031d,温州,wz_vehicle,,,,330383,0,,,,,2026-09-02
41d82a4fd3b89f76,温州,wz_vehicle,,,,330383,0,,,,,2026-09-02
da09ba65f0a8bdc7,温州,wz_vehicle,,,,330303,0,,,,,2026-09-02
05d7a1aab3638ce1,温州,wz_vehicle,,,,330303,0,,,,,2026-09-02
e54e82f0c3c770fc,温州,wz_vehicle,,,,330329,0,,,,,2026-09-02
6e50c5f670b0e381,温州,wz_vehicle,,,,,0,,,,,2026-09-02
0de2b9a717bf9710,温州,wz_vehicle,,,,330303,0,,,,,2026-09-02
674ebe193804e6d2,温州,wz_vehicle,,,,330327,0,,,,,2026-09-02
9e2db7344dbd3253,温州,wz_vehicle,,,,330327,0,,,,,2026-09-02
e7d96474b77a1128,温州,wz_vehicle,,,,330391,0,,,,,2026-09-02
dea3f92e9102b375,温州,wz_vehicle,,,,330382,0,,,,,2026-09-02
403b733fe6c9bcd7,温州,wz_vehicle,,,,330326,0,,,,,2026-09-02
6ae808af787871d3,温州,wz_vehicle,,,,330303,0,,,,,2026-09-02
4a019520d7873501,温州,wz_vehicle,,,,330326,0,,,,,2026-09-02
a5835432972cd036,温州,wz_vehicle,,,,330382,0,,,,,2026-09-02
6c9de32a64981423,温州,wz_vehicle,,,,330382,0,,,,,2026-09-02
97d062ee996e0665,温州,wz_vehicle,,,,330303,0,,,,,2026-09-02
c73594f615c88f5f,温州,wz_vehicle,,,,330324,0,,,,,2026-09-02
409813c4f8848737,温州,wz_vehicle,,,,330326,0,,,,,2026-09-02
6a2c3d2a3334fa0b,温州,wz_vehicle,,,,330381,0,,,,,2026-09-02
27312a6e92295421,温州,wz_vehicle,,,,330303,0,,,,,2026-09-02
eecf3468117809d9,温州,wz_vehicle,,,,330326,0,,,,,2026-09-02
01510f7479b9635c,温州,wz_vehicle,,,,330391,0,,,,,2026-09-02
3b71b520440e5e31,温州,wz_vehicle,,,,330328,0,,,,,2026-09-02
27e8fe38db491060,温州,wz_vehicle,,,,330304,0,,,,,2026-09-02
79ec0ebd44af024e,温州,wz_vehicle,,,,330391,0,,,,,2026-09-02
4e37173191a3343e,温州,wz_vehicle,,,,330383,0,,,,,2026-09-02
d74c0d1c2f2f5024,温州,wz_vehicle,,,,330329,0,,,,,2026-09-02
1bbd175f2e7be918,温州,wz_vehicle,,,,330383,0,,,,,2026-09-02
54dc2f5d48a70c20,温州,wz_vehicle,,,,330303,0,,,,,2026-09-02
2997e22afa946fe3,温州,wz_vehicle,,,,330326,0,,,,,2026-09-02
15a40abfcff80157,温州,wz_vehicle,,,,330391,0,,,,,2026-09-02
13c96104cfeb72a7,温州,wz_vehicle,,,,330303,0,,,,,2026-09-02
2a2e9888a9df4c57,温州,wz_vehicle,,,,330382,0,,,,,2026-09-02
49cd2cdbc69d74e5,温州,wz_vehicle,,,,330391,0,,,,,2026-09-02
af9fb9dc56c0811a,温州,wz_vehicle,,,,,0,,,,,2026-09-02
c82b258e6697b2ef,温州,wz_vehicle,,,,330381,0,,,,,2026-09-02
97db1d9c3281774a,温州,wz_vehicle,,,,330391,0,,,,,2026-09-02
d5050a48a71130c8,温州,wz_vehicle,,,,330391,0,,,,,2026-09-02
6e956afde14e7c54,温州,wz_vehicle,,,,330381,0,,,,,2026-09-02
c2429848b877317e,温州,wz_vehicle,,,,330383,0,,,,,2026-09-02
2fae615c3a6b1522,温州,wz_vehicle,,,,330381,0,,,,,2026-09-02
c387365b83cb7f44,温州,wz_vehicle,,,,330382,0,,,,,2026-09-02
0a06b3fe4639d59b,温州,wz_vehicle,,,,330326,0,,,,,2026-09-02
8ecb0e88c2ad1117,温州,wz_vehicle,,,,330326,0,,,,,2026-09-02
7a8e78c778e889bc,温州,wz_vehicle,,,,330383,0,,,,,2026-09-02
352df83e12b152b8,温州,wz_vehicle,,,,330324,0,,,,,2026-09-02
705dc37d8b4263b5,温州,wz_vehicle,,,,330303,0,,,,,2026-09-02
f40287b53a8c82aa,温州,wz_vehicle,,,,330381,0,,,,,2026-09-02
0ac5fef31015b428,温州,wz_vehicle,,,,330304,0,,,,,2026-09-02
e61614035d37f6f2,温州,wz_vehicle,,,,330304,0,,,,,2026-09-02
b67fd11acae99f5e,温州,wz_vehicle,,,,3303,0,,,,,2026-09-02
3cf52d849e7af3fd,温州,wz_vehicle,,,,330302,0,,,,,2026-09-02
af434836af534aa1,温州,wz_vehicle,,,,330303,0,,,,,2026-09-02
2a1baf99790c03d6,温州,wz_vehicle,,,,330303,0,,,,,2026-09-02
c5149a1a77b4b45c,温州,wz_vehicle,,,,330303,0,,,,,2026-09-02
dbbc23498e1af845,温州,wz_vehicle,,,,330382,0,,,,,2026-09-02
2f3011b8e37e35eb,温州,wz_vehicle,,,,330303,0,,,,,2026-09-02
7b08a60779242c6f,温州,wz_vehicle,,,,330381,0,,,,,2026-09-02
9459aefdab98281d,温州,wz_vehicle,,,,330328,0,,,,,2026-09-02
cbb6c1b9e52f095c,温州,wz_vehicle,,,,330324,0,,,,,2026-09-02
02c4fa5f48dacecc,温州,wz_vehicle,,,,330326,0,,,,,2026-09-02
b0c98dc78b9626de,温州,wz_vehicle,,,,330382,0,,,,,2026-09-02
00b5d2147e9a6878,温州,wz_vehicle,,,,330383,0,,,,,2026-09-02
75ba3dfd4c6658ef,温州,wz_vehicle,,,,330327,0,,,,,2026-09-02
33eb1668abd0bf92,温州,wz_vehicle,,,,330382,0,,,,,2026-09-02
acfe1a91eddde1c2,温州,wz_vehicle,,,,330327,0,,,,,2026-09-02
0d6d9cb9601883c6,温州,wz_vehicle,,,,330382,0,,,,,2026-09-02
994577c1fc7e817f,温州,wz_vehicle,,,,330382,0,,,,,2026-09-02
a605f2fc9651cbfc,温州,wz_vehicle,,,,330303,0,,,,,2026-09-02
0831e10d71108e45,温州,wz_vehicle,,,,330304,0,,,,,2026-09-02
fa39ccd02b2cf0a8,温州,wz_vehicle,,,,330391,0,,,,,2026-09-02
09816166b99e0caf,温州,wz_vehicle,,,,330327,0,,,,,2026-09-02
b3e8e1825b652d44,温州,wz_vehicle,,,,330382,0,,,,,2026-09-02
1fb62d43a345a1f9,温州,wz_vehicle,,,,330326,0,,,,,2026-09-02
0a8627d27f80e143,温州,wz_vehicle,,,,330383,0,,,,,2026-09-02
501b1727543c283e,温州,wz_vehicle,,,,330383,0,,,,,2026-09-02
882a522a9c8da418,温州,wz_vehicle,,,,330303,0,,,,,2026-09-02
00541410723ea58d,温州,wz_vehicle,,,,330382,0,,,,,2026-09-02
648ba7d0c5df754c,温州,wz_vehicle,,,,330391,0,,,,,2026-09-02
16baafaa92b559ed,温州,wz_vehicle,,,,330329,0,,,,,2026-09-02
5f4f4a93c1d79f59,温州,wz_vehicle,,,,330381,0,,,,,2026-09-02
8878707b1fc55584,温州,wz_vehicle,,,,330326,0,,,,,2026-09-02
d549ce1786d3b950,温州,wz_vehicle,,,,330382,0,,,,,2026-09-02
f33211dbc33bdf63,温州,wz_vehicle,,,,330382,0,,,,,2026-09-02
ca96acd5c085876b,温州,wz_vehicle,,,,330326,0,,,,,2026-09-02
e41eb97d85db8976,温州,wz_vehicle,,,,330382,0,,,,,2026-09-02
daeb65c35f8c23bc,温州,wz_vehicle,,,,330381,0,,,,,2026-09-02
37de0da856c5d7c1,温州,wz_vehicle,,,,330303,0,,,,,2026-09-02
70735bd7309e79b4,温州,wz_vehicle,,,,330382,0,,,,,2026-09-02
32a7d0b1205f105b,温州,wz_vehicle,,,,330382,0,,,,,2026-09-02
3a9881d6bd5fd8e5,温州,wz_vehicle,,,,330329,0,,,,,2026-09-02
ff466e3c5b66bc3f,温州,wz_vehicle,,,,330304,0,,,,,2026-09-02
3b0cff5c104163e6,温州,wz_vehicle,,,,330303,0,,,,,2026-09-02
99fa93b6bf593723,温州,wz_vehicle,,,,330303,0,,,,,2026-09-02
3bd70bf6311119a0,温州,wz_vehicle,,,,330303,0,,,,,2026-09-02
7e31a58f43a64ee5,温州,wz_vehicle,,,,330328,0,,,,,2026-09-02
728f37b4937c0ad3,温州,wz_vehicle,,,,330324,0,,,,,2026-09-02
115de270ee95f8e6,温州,wz_vehicle,,,,330381,0,,,,,2026-09-02
02b2a3b1b8750508,温州,wz_vehicle,,,,330391,0,,,,,2026-09-02
fb82c6b262da7813,温州,wz_vehicle,,,,330302,0,,,,,2026-09-02
c26b8a424c008fef,温州,wz_vehicle,,,,330382,0,,,,,2026-09-02
69e9e82e9484e0b7,温州,wz_vehicle,,,,330383,0,,,,,2026-09-02
80dab4fc0a3fc4f7,温州,wz_vehicle,,,,330382,0,,,,,2026-09-02
9fd3a426377c4681,温州,wz_vehicle,,,,330329,0,,,,,2026-09-02
4708af93f4722da5,温州,wz_vehicle,,,,330381,0,,,,,2026-09-02
e1ae2cfb11abcb31,温州,wz_vehicle,,,,330391,0,,,,,2026-09-02
3b20bec600fa32ac,温州,wz_vehicle,,,,330303,0,,,,,2026-09-02
8bc7c680c67d3f80,温州,wz_vehicle,,,,330383,0,,,,,2026-09-02
92d54858cd29c1ab,温州,wz_vehicle,,,,330382,0,,,,,2026-09-02
ab8feee09dc9f2a1,温州,wz_vehicle,,,,330303,0,,,,,2026-09-02
3a57bccc0ce7d66e,温州,wz_vehicle,,,,330382,0,,,,,2026-09-02
961ea00a61799675,温州,wz_vehicle,,,,330381,0,,,,,2026-09-02
bab78554bc95fe40,温州,wz_vehicle,,,,330302,0,,,,,2026-09-02
75c68ddfd6dd82fe,温州,wz_vehicle,,,,330391,0,,,,,2026-09-02
8ab76a9b34ca0798,温州,wz_vehicle,,,,330383,0,,,,,2026-09-02
62dc289b1382ef2e,温州,wz_vehicle,,,,330382,0,,,,,2026-09-02
eb052c996eab035e,温州,wz_vehicle,,,,330391,0,,,,,2026-09-02
8daece0be201f139,温州,wz_vehicle,,,,330383,0,,,,,2026-09-02
a6d1686e2c1d4d94,温州,wz_vehicle,,,,330324,0,,,,,2026-09-02
8b5fc98e3984aba8,温州,wz_vehicle,,,,330383,0,,,,,2026-09-02
8cd3a07cfedc9f4d,温州,wz_vehicle,,,,330329,0,,,,,2026-09-02
de79f15aa7359b46,温州,wz_vehicle,,,,330302,0,,,,,2026-09-02
a036cebacc2f8c7c,温州,wz_vehicle,,,,330326,0,,,,,2026-09-02
acaefac919bd34af,温州,wz_vehicle,,,,330327,0,,,,,2026-09-02
6d9773059b129713,温州,wz_vehicle,,,,330324,0,,,,,2026-09-02
6e53e91bb2b63ebe,温州,wz_vehicle,,,,330304,0,,,,,2026-09-02
ad5f78d843bd955d,温州,wz_vehicle,,,,330327,0,,,,,2026-09-02
14cf828cdfde29ce,温州,wz_vehicle,,,,330381,0,,,,,2026-09-02
a9b511d6ac0971e7,温州,wz_vehicle,,,,330381,0,,,,,2026-09-02
bbdc02980dbd74b2,温州,wz_vehicle,,,,330327,0,,,,,2026-09-02
53be9015a71dce03,温州,wz_vehicle,,,,330326,0,,,,,2026-09-02
ee97c2b9c86f3f07,温州,wz_vehicle,,,,330302,0,,,,,2026-09-02
83c4e13686773a73,温州,wz_vehicle,,,,330302,0,,,,,2026-09-02
1049ee153df91c29,温州,wz_vehicle,,,,330327,0,,,,,2026-09-02
9e1e0e6b0144fb08,温州,wz_vehicle,,,,330391,0,,,,,2026-09-02
533c03f0f6857fd3,温州,wz_vehicle,,,,330324,0,,,,,2026-09-02
175e6ab5df952b58,温州,wz_vehicle,,,,330303,0,,,,,2026-09-02
252b9aab68c7414c,温州,wz_vehicle,,,,330327,0,,,,,2026-09-02
cc27c0b82b243d9a,温州,wz_vehicle,,,,330324,0,,,,,2026-09-02
1d2258e09bdc0dbf,温州,wz_vehicle,,,,330382,0,,,,,2026-09-02
3fd0cb4b924f396d,温州,wz_vehicle,,,,330303,0,,,,,2026-09-02
9be7b85a8a683ce1,温州,wz_vehicle,,,,330381,0,,,,,2026-09-02
01ecd33df5ef23fb,温州,wz_vehicle,,,,330382,0,,,,,2026-09-02
9a3c0b48f767f055,温州,wz_vehicle,,,,330391,0,,,,,2026-09-02
07b1e93a71cc6e0c,温州,wz_vehicle,,,,330326,0,,,,,2026-09-02
15bd93b01f078eeb,温州,wz_vehicle,,,,330382,0,,,,,2026-09-02
85da96ae365b5b40,温州,wz_vehicle,,,,330383,0,,,,,2026-09-02
e8c8dd007a2ea6e8,温州,wz_vehicle,,,,330391,0,,,,,2026-09-02
526e4aa6c27ae839,温州,wz_vehicle,,,,330303,0,,,,,2026-09-02
e139564fef5c78e7,温州,wz_vehicle,,,,330328,0,,,,,2026-09-02
6c04905962849042,温州,wz_vehicle,,,,330324,0,,,,,2026-09-02
141d548a7dc5d31f,温州,wz_vehicle,,,,330302,0,,,,,2026-09-02
3fa4a04698d6244f,温州,wz_vehicle,,,,330383,0,,,,,2026-09-02
0da9f307dae30bca,温州,wz_vehicle,,,,330302,0,,,,,2026-09-02
f5903d537a24e248,温州,wz_vehicle,,,,330303,0,,,,,2026-09-02
0109d3f074727f9e,温州,wz_vehicle,,,,330303,0,,,,,2026-09-02
60fc28cdf5e5fb41,温州,wz_vehicle,,,,330304,0,,,,,2026-09-02
92452201d7111fb9,温州,wz_vehicle,,,,330324,0,,,,,2026-09-02
9b42af2b09c2d337,温州,wz_vehicle,,,,330327,0,,,,,2026-09-02
cad3f70885415100,温州,wz_vehicle,,,,,0,,,,,2026-09-02
5060103f4483e49c,温州,wz_vehicle,,,,330382,0,,,,,2026-09-02
631d183e563e7c75,温州,wz_vehicle,,,,330391,0,,,,,2026-09-02
9c6c795480bd26bf,温州,wz_vehicle,,,,330324,0,,,,,2026-09-02
3d25f06ce5b238d5,温州,wz_vehicle,,,,330383,0,,,,,2026-09-02
24a7e8df8521861a,温州,wz_vehicle,,,,330303,0,,,,,2026-09-02
1626843dc9bc4a55,温州,wz_vehicle,,,,330391,0,,,,,2026-09-02
9f7b4a2f91176a12,温州,wz_vehicle,,,,330391,0,,,,,2026-09-02
87f4ea17224df0b9,温州,wz_vehicle,,,,330382,0,,,,,2026-09-02
e80bf96179e20f1a,温州,wz_vehicle,,,,330303,0,,,,,2026-09-02
d4e65cc07f1e50ea,温州,wz_vehicle,,,,330381,0,,,,,2026-09-02
043768b6dcdf73b1,温州,wz_vehicle,,,,330304,0,,,,,2026-09-02
747d8c72c452ba35,温州,wz_vehicle,,,,330382,0,,,,,2026-09-02
7edd7fcf7f70996d,温州,wz_vehicle,,,,330383,0,,,,,2026-09-02
ab9905b65c1d3c57,温州,wz_vehicle,,,,330391,0,,,,,2026-09-02
e2dcce3db114c747,温州,wz_vehicle,,,,330383,0,,,,,2026-09-02
b2f58c3d38b15afd,温州,wz_vehicle,,,,330381,0,,,,,2026-09-02
8fa5492e35e8fd02,温州,wz_vehicle,,,,330383,0,,,,,2026-09-02
7df6b855b94a962b,温州,wz_vehicle,,,,330303,0,,,,,2026-09-02
3f1a73ac41450a57,温州,wz_vehicle,,,,330302,0,,,,,2026-09-02
b5cec39340919995,温州,wz_vehicle,,,,330381,0,,,,,2026-09-02
f7c5a551d23af469,温州,wz_vehicle,,,,330391,0,,,,,2026-09-02
7c16f25707d2b4a0,温州,wz_vehicle,,,,330381,0,,,,,2026-09-02
f8d6e5d8df1207f6,温州,wz_vehicle,,,,330327,0,,,,,2026-09-02
df62da34530febce,温州,wz_vehicle,,,,330302,0,,,,,2026-09-02
de36344c74f9c648,温州,wz_vehicle,,,,330303,0,,,,,2026-09-02
2fc4f284d42f5db8,温州,wz_vehicle,,,,330326,0,,,,,2026-09-02
8ce6ff0fcbcaabba,温州,wz_vehicle,,,,330303,0,,,,,2026-09-02
f145d2538bbbc81f,温州,wz_vehicle,,,,330303,0,,,,,2026-09-02
a9eefc225a6636ed,温州,wz_vehicle,,,,330303,0,,,,,2026-09-02
2fff67acf3e7127b,温州,wz_vehicle,,,,330327,0,,,,,2026-09-02
c284703e3c168b2a,温州,wz_vehicle,,,,330391,0,,,,,2026-09-02
223f3f810bb1aadf,温州,wz_vehicle,,,,330302,0,,,,,2026-09-02
7d0f5f37d131873b,温州,wz_vehicle,,,,330304,0,,,,,2026-09-02
434079f90b288842,温州,wz_vehicle,,,,330303,0,,,,,2026-09-02
c12eecab198916e0,温州,wz_vehicle,,,,330382,0,,,,,2026-09-02
36d80436bda1650d,温州,wz_vehicle,,,,330382,0,,,,,2026-09-02
706d6bdaae4db028,温州,wz_vehicle,,,,330383,0,,,,,2026-09-02
0489ffd208ce4d25,温州,wz_vehicle,,,,330382,0,,,,,2026-09-02
7514f264a9863543,温州,wz_vehicle,,,,330302,0,,,,,2026-09-02
2447cb79b91a6dd3,温州,wz_vehicle,,,,330327,0,,,,,2026-09-02
495283656e538c76,温州,wz_vehicle,,,,330324,0,,,,,2026-09-02
47906fe815b0ac4a,温州,wz_vehicle,,,,330304,0,,,,,2026-09-02
7d7e58c3148420e9,温州,wz_vehicle,,,,330381,0,,,,,2026-09-02
96ab6f19f91d9f66,温州,wz_vehicle,,,,330381,0,,,,,2026-09-02
90500a7594d29e77,温州,wz_vehicle,,,,330391,0,,,,,2026-09-02
ed1cf1c9f0d6320c,温州,wz_vehicle,,,,330304,0,,,,,2026-09-02
5f3c67b8eedafe6f,温州,wz_vehicle,,,,330329,0,,,,,2026-09-02
d3249a46dbcc01da,温州,wz_vehicle,,,,330391,0,,,,,2026-09-02
862a833f513f106d,温州,wz_vehicle,,,,330327,0,,,,,2026-09-02
23f8b6962380dff3,温州,wz_vehicle,,,,330303,0,,,,,2026-09-02
0ed2a0d5be12492d,温州,wz_vehicle,,,,330327,0,,,,,2026-09-02
b0c2a739bcf32bbf,温州,wz_vehicle,,,,330329,0,,,,,2026-09-02
90c7165986c3914a,温州,wz_vehicle,,,,330327,0,,,,,2026-09-02
776cbf06745c7327,温州,wz_vehicle,,,,330303,0,,,,,2026-09-02
08d1e99e8db29a52,温州,wz_vehicle,,,,330303,0,,,,,2026-09-02
33450e0231d1d197,温州,wz_vehicle,,,,330303,0,,,,,2026-09-02
67e29bddffa2f23c,温州,wz_vehicle,,,,330327,0,,,,,2026-09-02
477237018b4fcefe,温州,wz_vehicle,,,,330324,0,,,,,2026-09-02
e4a967bf2a95f9bd,温州,wz_vehicle,,,,330327,0,,,,,2026-09-02
2211b2bfbbc2a0d8,温州,wz_vehicle,,,,330303,0,,,,,2026-09-02
5127bfdcc48e48cc,温州,wz_vehicle,,,,330391,0,,,,,2026-09-02
b1240886380a9b27,温州,wz_vehicle,,,,330381,0,,,,,2026-09-02
8c6b80adb7e57920,温州,wz_vehicle,,,,,0,,,,,2026-09-02
f24888b397a300cc,温州,wz_vehicle,,,,330382,0,,,,,2026-09-02
6cea1d0b99bfd3c7,温州,wz_vehicle,,,,330324004,0,,,,,2026-09-02
f8f3c4436775da8d,温州,wz_vehicle,,,,330326,0,,,,,2026-09-02
7a968ae3a4b9b7c7,温州,wz_vehicle,,,,330391,0,,,,,2026-09-02
9519ac6bc1ab1d97,温州,wz_vehicle,,,,330324,0,,,,,2026-09-02
55ed8bfd4076872a,温州,wz_vehicle,,,,330303,0,,,,,2026-09-02
f9a431b70f46f7f9,温州,wz_vehicle,,,,330383,0,,,,,2026-09-02
b821a28dc7cb2b31,温州,wz_vehicle,,,,330303,0,,,,,2026-09-02
edb15ce601b2a4a2,温州,wz_vehicle,,,,330304,0,,,,,2026-09-02
d1d4076738640ddb,温州,wz_vehicle,,,,330302,0,,,,,2026-09-02
4dab691c78fd979b,温州,wz_vehicle,,,,330383,0,,,,,2026-09-02
55f948889b16ad26,温州,wz_vehicle,,,,330304,0,,,,,2026-09-02
3bb8e1d2b7cd31bd,温州,wz_vehicle,,,,330381,0,,,,,2026-09-02
3c5b777d4190f991,温州,wz_vehicle,,,,330381,0,,,,,2026-09-02
9e49a7af1bf206bb,温州,wz_vehicle,,,,330328,0,,,,,2026-09-02
c14712492fafeb23,温州,wz_vehicle,,,,330381,0,,,,,2026-09-02
75f607777c997baf,温州,wz_vehicle,,,,330303,0,,,,,2026-09-02
3f5d630bb07c5682,温州,wz_vehicle,,,,330382,0,,,,,2026-09-02
26b2b5fbf5d94e5b,温州,wz_vehicle,,,,330382,0,,,,,2026-09-02
d1e14c3049c48a2c,温州,wz_vehicle,,,,330382,0,,,,,2026-09-02
36f08033e4b94e27,温州,wz_vehicle,,,,330391,0,,,,,2026-09-02
d663b18dad378827,温州,wz_vehicle,,,,330303,0,,,,,2026-09-02
1e3b640d5daa662e,温州,wz_vehicle,,,,330303,0,,,,,2026-09-02
8853860b5602056e,温州,wz_vehicle,,,,330329,0,,,,,2026-09-02
e649381f056897f0,温州,wz_vehicle,,,,330383,0,,,,,2026-09-02
ee56d0e328ac9889,温州,wz_vehicle,,,,330303,0,,,,,2026-09-02
22f3bd53690be17c,温州,wz_vehicle,,,,330329,0,,,,,2026-09-02
fcf8d10570ff5ab4,温州,wz_vehicle,,,,330304,0,,,,,2026-09-02
587e090700a586a8,温州,wz_vehicle,,,,330391,0,,,,,2026-09-02
e3612acdd353f73c,温州,wz_vehicle,,,,330303,0,,,,,2026-09-02
24a18dfde33dce33,温州,wz_vehicle,,,,330304,0,,,,,2026-09-02
0c84876bfab3a26a,温州,wz_vehicle,,,,330382,0,,,,,2026-09-02
5c674d00133aa3f8,温州,wz_vehicle,,,,330324,0,,,,,2026-09-02
1abc73d0202db924,温州,wz_vehicle,,,,330391,0,,,,,2026-09-02
72e40bcb8c46e1c6,温州,wz_vehicle,,,,330382,0,,,,,2026-09-02
6d914a6707ef1d1c,温州,wz_vehicle,,,,330381,0,,,,,2026-09-02
8ff01ffdf8ad7870,温州,wz_vehicle,,,,330391,0,,,,,2026-09-02
7ba3fb06d02a2a36,温州,wz_vehicle,,,,330391,0,,,,,2026-09-02
99f5be346e4682d2,温州,wz_vehicle,,,,330303,0,,,,,2026-09-02
4a9b82e0b50957ac,温州,wz_vehicle,,,,330324,0,,,,,2026-09-02
7791d941cf297c89,温州,wz_vehicle,,,,330303,0,,,,,2026-09-02
a39ad53e5385a718,温州,wz_vehicle,,,,330382,0,,,,,2026-09-02
e5e8645af0c166a4,温州,wz_vehicle,,,,330391,0,,,,,2026-09-02
bb4f4b2939497c92,温州,wz_vehicle,,,,330304,0,,,,,2026-09-02
418d5024f583ff02,温州,wz_vehicle,,,,330304,0,,,,,2026-09-02
4b5b235046b9680a,温州,wz_vehicle,,,,330302,0,,,,,2026-09-02
9875e0af636661d3,温州,wz_vehicle,,,,330303,0,,,,,2026-09-02
6d25db98390e8df3,温州,wz_vehicle,,,,330391,0,,,,,2026-09-02
2cf5e2755a9020ea,温州,wz_vehicle,,,,330382,0,,,,,2026-09-02
ecef4fcaa712dd94,温州,wz_vehicle,,,,330326,0,,,,,2026-09-02
da707cfafac544b1,温州,wz_vehicle,,,,330303,0,,,,,2026-09-02
e0f69aee7835f21a,温州,wz_vehicle,,,,330303,0,,,,,2026-09-02
87a76a719dcd0273,温州,wz_vehicle,,,,330383,0,,,,,2026-09-02
4b76ff76ab964a50,温州,wz_vehicle,,,,330391,0,,,,,2026-09-02
9762ca6e2d70728e,温州,wz_vehicle,,,,330328,0,,,,,2026-09-02
4f15803c3ba361ed,温州,wz_vehicle,,,,330326,0,,,,,2026-09-02
e9517d3d80af2e65,温州,wz_vehicle,,,,330303,0,,,,,2026-09-02
c72f7e5026603758,温州,wz_vehicle,,,,330327,0,,,,,2026-09-02
0a3d932de4273283,温州,wz_vehicle,,,,330304,0,,,,,2026-09-02
6fbc7a39db0e91a3,温州,wz_vehicle,,,,330327,0,,,,,2026-09-02
956ad001983cbb8b,温州,wz_vehicle,,,,330303,0,,,,,2026-09-02
d98b5feb45c3f104,温州,wz_vehicle,,,,330302,0,,,,,2026-09-02
05202d00d73bffa1,温州,wz_vehicle,,,,330303,0,,,,,2026-09-02
cf0b0f8cbc044dbc,温州,wz_vehicle,,,,330382,0,,,,,2026-09-02
8fb55f776090a90c,温州,wz_vehicle,,,,330326,0,,,,,2026-09-02
f900ee9b438c9ffb,温州,wz_vehicle,,,,330324,0,,,,,2026-09-02
3a6d68294019fd8b,温州,wz_vehicle,,,,330303,0,,,,,2026-09-02
fdbfae3ba4df225e,温州,wz_vehicle,,,,330327,0,,,,,2026-09-02
d75d14f42318fd2b,温州,wz_vehicle,,,,330304,0,,,,,2026-09-02
7b309aa562ec9ee2,温州,wz_vehicle,,,,330391,0,,,,,2026-09-02
88f6f55593f52f49,温州,wz_vehicle,,,,330324,0,,,,,2026-09-02
7d08062279386568,温州,wz_vehicle,,,,330381,0,,,,,2026-09-02
bb3a4ed55c95d5fb,温州,wz_vehicle,,,,330326,0,,,,,2026-09-02
3d97ada485602c62,温州,wz_vehicle,,,,330391,0,,,,,2026-09-02
5ae924dbef40b1a0,温州,wz_vehicle,,,,330303,0,,,,,2026-09-02
c8d86ee4cac9b663,温州,wz_vehicle,,,,330326,0,,,,,2026-09-02
2ba8ac5aef4de961,温州,wz_vehicle,,,,330326,0,,,,,2026-09-02
fe3221cfe48cbcb4,温州,wz_vehicle,,,,330391,0,,,,,2026-09-02
8f41e2ef47ffb25a,温州,wz_vehicle,,,,330381,0,,,,,2026-09-02
f4149a5a51e85f53,温州,wz_vehicle,,,,330302,0,,,,,2026-09-02
cc29290dbf11ae69,温州,wz_vehicle,,,,330327,0,,,,,2026-09-02
def04f1e8b264f52,温州,wz_vehicle,,,,330326,0,,,,,2026-09-02
c6e0bf77565cb9fa,温州,wz_vehicle,,,,330303,0,,,,,2026-09-02
d93345ea11ab4a63,温州,wz_vehicle,,,,330382,0,,,,,2026-09-02
6779048f3f3e2194,温州,wz_vehicle,,,,330327,0,,,,,2026-09-02
b2cae8c43631ab4a,温州,wz_vehicle,,,,330328,0,,,,,2026-09-02
b2250f62a2a2e168,温州,wz_vehicle,,,,330391,0,,,,,2026-09-02
b2408a6c74d7d6a2,温州,wz_vehicle,,,,330327,0,,,,,2026-09-02
b511c55a9ff48a01,温州,wz_vehicle,,,,330326,0,,,,,2026-09-02
f081899f4975b571,温州,wz_vehicle,,,,330324,0,,,,,2026-09-02
d9493dcd4e6ab4fd,温州,wz_vehicle,,,,330303,0,,,,,2026-09-02
4a6ec2ec2205c0af,温州,wz_vehicle,,,,330383,0,,,,,2026-09-02
381f738a9e931293,温州,wz_vehicle,,,,330391,0,,,,,2026-09-02
260cff5afefea6c1,温州,wz_vehicle,,,,330324,0,,,,,2026-09-02
19a99cc99f5f3c05,温州,wz_vehicle,,,,330326,0,,,,,2026-09-02
c8c3c7020ce50642,温州,wz_vehicle,,,,330391,0,,,,,2026-09-02
615ae89471f71e6d,温州,wz_vehicle,,,,330328,0,,,,,2026-09-02
53f365281996f7fe,温州,wz_vehicle,,,,330303,0,,,,,2026-09-02
b04a431f1bf94d4f,温州,wz_vehicle,,,,330302,0,,,,,2026-09-02
414bdd3e56a6b089,温州,wz_vehicle,,,,330381,0,,,,,2026-09-02
1beef84a24891a7f,温州,wz_vehicle,,,,330303,0,,,,,2026-09-02
cba4fcef88256696,温州,wz_vehicle,,,,330324,0,,,,,2026-09-02
06bd815b7018a27a,温州,wz_vehicle,,,,330304,0,,,,,2026-09-02
fd1a3f2bce3d6915,温州,wz_vehicle,,,,330303,0,,,,,2026-09-02
ccc39d70a5920695,温州,wz_vehicle,,,,330391,0,,,,,2026-09-02
d682f52f221fefa6,温州,wz_vehicle,,,,330391,0,,,,,2026-09-02
084e8103047cb205,温州,wz_vehicle,,,,330383,0,,,,,2026-09-02
e22c1dc75ec4fdfd,温州,wz_vehicle,,,,330324,0,,,,,2026-09-02
6efbbbca03a1e92c,温州,wz_vehicle,,,,330304,0,,,,,2026-09-02
b2a743ff06ceeff0,温州,wz_vehicle,,,,330383,0,,,,,2026-09-02
8397d891e0b5a95b,温州,wz_vehicle,,,,330328,0,,,,,2026-09-02
473de704dd075fbb,温州,wz_vehicle,,,,330304,0,,,,,2026-09-02
7abb0294fbd86f90,温州,wz_vehicle,,,,330303,0,,,,,2026-09-02
c0bd53f040b57b16,温州,wz_vehicle,,,,330382,0,,,,,2026-09-02
8e2c9419e47ffd87,温州,wz_vehicle,,,,330328,0,,,,,2026-09-02
3351b4b6d400f865,温州,wz_vehicle,,,,330382,0,,,,,2026-09-02
4d8437276deac152,温州,wz_vehicle,,,,330391,0,,,,,2026-09-02
bef8564d24cef2ef,温州,wz_vehicle,,,,330383,0,,,,,2026-09-02
bbf56e14d0b934ea,温州,wz_vehicle,,,,330303,0,,,,,2026-09-02
7921a0ad84493224,温州,wz_vehicle,,,,330324,0,,,,,2026-09-02
ea8f15c4d277c011,温州,wz_vehicle,,,,330304,0,,,,,2026-09-02
d1e896b6d6263015,温州,wz_vehicle,,,,330328,0,,,,,2026-09-02
314cbe2f4d54f3f6,温州,wz_vehicle,,,,330382,0,,,,,2026-09-02
dbeca0736843c25a,温州,wz_vehicle,,,,330329,0,,,,,2026-09-02
0adf851bff030e66,温州,wz_vehicle,,,,330383,0,,,,,2026-09-02
9ccfbfa5249036d7,温州,wz_vehicle,,,,330381,0,,,,,2026-09-02
e8ce9ff936acd3f2,温州,wz_vehicle,,,,330324003,0,,,,,2026-09-02
905d46f0ffb88a3c,温州,wz_vehicle,,,,330304,0,,,,,2026-09-02
b9b235dd4a4fef6b,温州,wz_vehicle,,,,330304,0,,,,,2026-09-02
1746f6f53bec4851,温州,wz_vehicle,,,,330381,0,,,,,2026-09-02
a567eaf3ee372a7c,温州,wz_vehicle,,,,330304,0,,,,,2026-09-02
ea0e9b70b459a2f3,温州,wz_vehicle,,,,330324,0,,,,,2026-09-02
aa6224cd9cd79ef5,温州,wz_vehicle,,,,330382,0,,,,,2026-09-02
358c39b3c2a0f475,温州,wz_vehicle,,,,330391,0,,,,,2026-09-02
18fd6ca212b3f157,温州,wz_vehicle,,,,330381,0,,,,,2026-09-02
d52530f3cb2613d6,温州,wz_vehicle,,,,330303,0,,,,,2026-09-02
f4e3a3ed1c7569c3,温州,wz_vehicle,,,,330391,0,,,,,2026-09-02
bbd8185f0ddf7908,温州,wz_vehicle,,,,330382,0,,,,,2026-09-02
c38163ce2615f1b6,温州,wz_vehicle,,,,330382,0,,,,,2026-09-02
d2e5280978070db5,温州,wz_vehicle,,,,330304,0,,,,,2026-09-02
98851ea62967bdbf,温州,wz_vehicle,,,,330327,0,,,,,2026-09-02
2adb53281b15b2fb,温州,wz_vehicle,,,,330302,0,,,,,2026-09-02
8e1124cc4fdb978d,温州,wz_vehicle,,,,330300,0,,,,,2026-09-02
699ba459c0aae99b,温州,wz_vehicle,,,,330383,0,,,,,2026-09-02
6b4bd21608a18015,温州,wz_vehicle,,,,330327,0,,,,,2026-09-02
ef80e7c5798f8de9,温州,wz_vehicle,,,,330324,0,,,,,2026-09-02
32cbed47eac65d47,温州,wz_vehicle,,,,330302,0,,,,,2026-09-02
60da9044d6bcdf47,温州,wz_vehicle,,,,330324,0,,,,,2026-09-02
e41478aa9cd680f3,温州,wz_vehicle,,,,330324,0,,,,,2026-09-02
ceb3e8ef6a665ea0,温州,wz_vehicle,,,,330381,0,,,,,2026-09-02
c08415f2cfe1a626,温州,wz_vehicle,,,,330303,0,,,,,2026-09-02
8b3a37d3164d9157,温州,wz_vehicle,,,,330381,0,,,,,2026-09-02
cbc945f0581b6aad,温州,wz_vehicle,,,,330382,0,,,,,2026-09-02
0e45a73f244fe616,温州,wz_vehicle,,,,330304,0,,,,,2026-09-02
cf0ba83a6b87db29,温州,wz_vehicle,,,,330303,0,,,,,2026-09-02
415d18a55c2d5392,温州,wz_vehicle,,,,330302,0,,,,,2026-09-02
236486076bae9c35,温州,wz_vehicle,,,,330382,0,,,,,2026-09-02
c3a1c5c1b2b25986,温州,wz_vehicle,,,,330326,0,,,,,2026-09-02
eb8f44b7ab61e6b3,温州,wz_vehicle,,,,330382,0,,,,,2026-09-02
f5c54c515a56aedd,温州,wz_vehicle,,,,330391,0,,,,,2026-09-02
98518b5ffbbdb5ce,温州,wz_vehicle,,,,330302,0,,,,,2026-09-02
2b172dc0d1c29670,温州,wz_vehicle,,,,330382,0,,,,,2026-09-02
23b447bcfd813d73,温州,wz_vehicle,,,,330303,0,,,,,2026-09-02
3567c098d596ab6e,温州,wz_vehicle,,,,330327,0,,,,,2026-09-02
fab3650dc1ab87f8,温州,wz_vehicle,,,,330391,0,,,,,2026-09-02
ed288a5fe33e5c88,温州,wz_vehicle,,,,330381,0,,,,,2026-09-02
54dec764f0c07063,温州,wz_vehicle,,,,330304,0,,,,,2026-09-02
d17d4be48301f104,温州,wz_vehicle,,,,330381,0,,,,,2026-09-02
248b476b44ed71a4,温州,wz_vehicle,,,,330391,0,,,,,2026-09-02
a45bf5b145934f22,温州,wz_vehicle,,,,330303,0,,,,,2026-09-02
e16385b4e063feb8,温州,wz_vehicle,,,,330326,0,,,,,2026-09-02
6e3712d4aa7253c8,温州,wz_vehicle,,,,330382,0,,,,,2026-09-02
03acbd0034fb9531,温州,wz_vehicle,,,,330391,0,,,,,2026-09-02
828ef77f05c7063f,温州,wz_vehicle,,,,330303,0,,,,,2026-09-02
871d432ff4302649,温州,wz_vehicle,,,,330326,0,,,,,2026-09-02
b6e0d533644f5428,温州,wz_vehicle,,,,330391,0,,,,,2026-09-02
2299e1ecc7f74d2f,温州,wz_vehicle,,,,330382,0,,,,,2026-09-02
8570ab051684c93e,温州,wz_vehicle,,,,330328,0,,,,,2026-09-02
0d715b1b0f52cf94,温州,wz_vehicle,,,,330324,0,,,,,2026-09-02
74bcadfcc42fb6f5,温州,wz_vehicle,,,,330324,0,,,,,2026-09-02
bdd946d6e91300e6,温州,wz_vehicle,,,,330304,0,,,,,2026-09-02
6cceeabff4116cdf,温州,wz_vehicle,,,,330328,0,,,,,2026-09-02
d876c9f471c65fb5,温州,wz_vehicle,,,,330329,0,,,,,2026-09-02
5f4e1c738d8a4164,温州,wz_vehicle,,,,330303,0,,,,,2026-09-02
d8ff1231b31e9659,温州,wz_vehicle,,,,330302,0,,,,,2026-09-02
6136fba81998e9b9,温州,wz_vehicle,,,,330326,0,,,,,2026-09-02
2331dd619bbff22e,温州,wz_vehicle,,,,330326,0,,,,,2026-09-02
7ff3326a35d7f8aa,温州,wz_vehicle,,,,330383,0,,,,,2026-09-02
286a5a733439b2f6,温州,wz_vehicle,,,,330383,0,,,,,2026-09-02
2564ef24e5ae8a73,温州,wz_vehicle,,,,330391,0,,,,,2026-09-02
494233dd6ecb6001,温州,wz_vehicle,,,,330303,0,,,,,2026-09-02
2229fe247337698a,温州,wz_vehicle,,,,330391,0,,,,,2026-09-02
03facbdeeb88f42f,温州,wz_vehicle,,,,330327,0,,,,,2026-09-02
814c5de7d8d0a474,温州,wz_vehicle,,,,330391,0,,,,,2026-09-02
fb2c8e94e8b93e28,温州,wz_vehicle,,,,330303,0,,,,,2026-09-02
16f3c339318520f0,温州,wz_vehicle,,,,330303,0,,,,,2026-09-02
be3556ee7a86a45a,温州,wz_vehicle,,,,330328,0,,,,,2026-09-02
6e5a4b24aff90041,温州,wz_vehicle,,,,330326,0,,,,,2026-09-02
01eb23e2655bbc6d,温州,wz_vehicle,,,,330303,0,,,,,2026-09-02
5b16cd1bff38be2c,温州,wz_vehicle,,,,330382,0,,,,,2026-09-02
ee510e54e72796bd,温州,wz_vehicle,,,,330391,0,,,,,2026-09-02
03606703367fddf7,温州,wz_vehicle,,,,330324003,0,,,,,2026-09-02
781616f05907b1f4,温州,wz_vehicle,,,,330304,0,,,,,2026-09-02
88acccf8e1d4ba0c,温州,wz_vehicle,,,,330391,0,,,,,2026-09-02
09f7bc13bd859759,温州,wz_vehicle,,,,330391,0,,,,,2026-09-02
afa93d93139fb2ed,温州,wz_vehicle,,,,330391,0,,,,,2026-09-02
a19dad671323ede2,温州,wz_vehicle,,,,330382,0,,,,,2026-09-02
965741953ef019f9,温州,wz_vehicle,,,,330326,0,,,,,2026-09-02
2712fd3b1a9cb52f,温州,wz_vehicle,,,,330382,0,,,,,2026-09-02
ca6a32b9abba495c,温州,wz_vehicle,,,,330383,0,,,,,2026-09-02
027dc3ff705953a6,温州,wz_vehicle,,,,330326,0,,,,,2026-09-02
b6877cba0cfca78a,温州,wz_vehicle,,,,330304,0,,,,,2026-09-02
1cba8b80b0c1fef3,温州,wz_vehicle,,,,330383,0,,,,,2026-09-02
2780db97843faafa,温州,wz_vehicle,,,,330328,0,,,,,2026-09-02
095070a070740043,温州,wz_vehicle,,,,330391,0,,,,,2026-09-02
32b5702aa982e4f8,温州,wz_vehicle,,,,330383,0,,,,,2026-09-02
4a43091c11b8e4ae,温州,wz_vehicle,,,,330324,0,,,,,2026-09-02
e34e5f3832c0d800,温州,wz_vehicle,,,,330303,0,,,,,2026-09-02
296cb3d093bc8f54,温州,wz_vehicle,,,,330302,0,,,,,2026-09-02
0aedaba8401d7afd,温州,wz_vehicle,,,,330303,0,,,,,2026-09-02
a797e4e69cee90aa,温州,wz_vehicle,,,,330383,0,,,,,2026-09-02
6af9f4791d592828,温州,wz_vehicle,,,,330304,0,,,,,2026-09-02
536dd4326f9e7969,温州,wz_vehicle,,,,330391,0,,,,,2026-09-02
e50205df9b4e5639,温州,wz_vehicle,,,,330383,0,,,,,2026-09-02
edd56940e2793a7d,温州,wz_vehicle,,,,330302,0,,,,,2026-09-02
315ffb09f54b8ca3,温州,wz_vehicle,,,,330328,0,,,,,2026-09-02
b75118926da47224,温州,wz_vehicle,,,,330391,0,,,,,2026-09-02
0c638389fe2ee73e,温州,wz_vehicle,,,,330381,0,,,,,2026-09-02
32a1994cf8d2f3ed,温州,wz_vehicle,,,,330382,0,,,,,2026-09-02
6fe3b426248b573c,温州,wz_vehicle,,,,330327,0,,,,,2026-09-02
7d34563f088dfde9,温州,wz_vehicle,,,,330382,0,,,,,2026-09-02
a83d3b760497e23e,温州,wz_vehicle,,,,330383,0,,,,,2026-09-02
163800d7d4ef0db0,温州,wz_vehicle,,,,330327,0,,,,,2026-09-02
f4d659be9bc8e079,温州,wz_vehicle,,,,330327,0,,,,,2026-09-02
90df16011922b129,温州,wz_vehicle,,,,330303,0,,,,,2026-09-02
08083ce44259b26d,温州,wz_vehicle,,,,330382,0,,,,,2026-09-02
dac5ea17c3b9c02f,温州,wz_vehicle,,,,330303,0,,,,,2026-09-02
b567c0be6112f6f7,温州,wz_vehicle,,,,330382,0,,,,,2026-09-02
98db1b812530f873,温州,wz_vehicle,,,,330381,0,,,,,2026-09-02
4009fc94c8bd402e,温州,wz_vehicle,,,,330327,0,,,,,2026-09-02
aaf2749a229afe89,温州,wz_vehicle,,,,330303,0,,,,,2026-09-02
3f1730adccd06bee,温州,wz_vehicle,,,,330382,0,,,,,2026-09-02
ca4f3bfbbc999a7b,温州,wz_vehicle,,,,330383,0,,,,,2026-09-02
531366e75768d793,温州,wz_vehicle,,,,330302,0,,,,,2026-09-02
2ad993eb36361cba,温州,wz_vehicle,,,,330383,0,,,,,2026-09-02
d24aaaf9193d77da,温州,wz_vehicle,,,,330326,0,,,,,2026-09-02
68024653204bf10f,温州,wz_vehicle,,,,330304,0,,,,,2026-09-02
55ffe03a32b597d1,温州,wz_vehicle,,,,330327,0,,,,,2026-09-02
ab7a7e0b46b54217,温州,wz_vehicle,,,,330383,0,,,,,2026-09-02
416c6361f1ff396c,温州,wz_vehicle,,,,330381,0,,,,,2026-09-02
4a0f5eb12bcd8278,温州,wz_vehicle,,,,330302,0,,,,,2026-09-02
e721187a42cbee3e,温州,wz_vehicle,,,,330391,0,,,,,2026-09-02
3d59426f91ccc3ed,温州,wz_vehicle,,,,330303,0,,,,,2026-09-02
a45efccf1562b4e3,温州,wz_vehicle,,,,330383,0,,,,,2026-09-02
f6154c6e574cc89b,温州,wz_vehicle,,,,330391,0,,,,,2026-09-02
bd8815c6e45de6ab,温州,wz_vehicle,,,,330383,0,,,,,2026-09-02
53fcefd9179ac5c6,温州,wz_vehicle,,,,330382,0,,,,,2026-09-02
bd2e977514bbf0fa,温州,wz_vehicle,,,,330382,0,,,,,2026-09-02
e2bd7f5fb7e319dc,温州,wz_vehicle,,,,330302,0,,,,,2026-09-02
e5a3edb2cd080635,温州,wz_vehicle,,,,330391,0,,,,,2026-09-02
cb840f75a643b9f4,温州,wz_vehicle,,,,330391,0,,,,,2026-09-02
cf9ba2b040348fe3,温州,wz_vehicle,,,,330300,0,,,,,2026-09-02
8e3cc973a3cd1f84,温州,wz_vehicle,,,,330382,0,,,,,2026-09-02
fab7ceea9a51afeb,温州,wz_vehicle,,,,330391,0,,,,,2026-09-02
b926fe809a1ebf6d,温州,wz_vehicle,,,,330328,0,,,,,2026-09-02
54aa3c0ba61600b3,温州,wz_vehicle,,,,330381,0,,,,,2026-09-02
7c5a3d90459b97a6,温州,wz_vehicle,,,,330324,0,,,,,2026-09-02
e5978e86af2adc81,温州,wz_vehicle,,,,330383,0,,,,,2026-09-02
901c9b1c16de3b60,温州,wz_vehicle,,,,330326,0,,,,,2026-09-02
134ba9f9b4fb5655,温州,wz_vehicle,,,,330304,0,,,,,2026-09-02
bd068b18ec0eb215,温州,wz_vehicle,,,,330383,0,,,,,2026-09-02
15ecbd9996e47fb0,温州,wz_vehicle,,,,330324,0,,,,,2026-09-02
5efb401b9cdd8a24,温州,wz_vehicle,,,,330302,0,,,,,2026-09-02
fefe6a3a7fe42514,温州,wz_vehicle,,,,330326,0,,,,,2026-09-02
5dda9f3ba137ca58,温州,wz_vehicle,,,,330324,0,,,,,2026-09-02
36fd0dfd7e6c3ef0,温州,wz_vehicle,,,,330303,0,,,,,2026-09-02
724d5ac1a4f917f7,温州,wz_vehicle,,,,330391,0,,,,,2026-09-02
3c3cc28b2a6ab1ee,温州,wz_vehicle,,,,330324,0,,,,,2026-09-02
41762c4e7e787e19,温州,wz_vehicle,,,,330303,0,,,,,2026-09-02
ddb8488d84f4fb58,温州,wz_vehicle,,,,330303,0,,,,,2026-09-02
3822e38de3a6ecde,温州,wz_vehicle,,,,330382,0,,,,,2026-09-02
141b0477d42c6f6b,温州,wz_vehicle,,,,330303,0,,,,,2026-09-02
628830cea702c88f,温州,wz_vehicle,,,,330303,0,,,,,2026-09-02
aee49bd1c0c7c434,温州,wz_vehicle,,,,330381,0,,,,,2026-09-02
dbc8ccabfbeeb9e1,温州,wz_vehicle,,,,330302,0,,,,,2026-09-02
3b2c7661eaf87ff3,温州,wz_vehicle,,,,330327,0,,,,,2026-09-02
b4ac6e5bca29c59c,温州,wz_vehicle,,,,330326,0,,,,,2026-09-02
84a23287c337c497,温州,wz_vehicle,,,,330326,0,,,,,2026-09-02
cd5ab39ee6ca087a,温州,wz_vehicle,,,,330383,0,,,,,2026-09-02
f0b28a0ecd06f683,温州,wz_vehicle,,,,330304,0,,,,,2026-09-02
b184632ea0f8b753,温州,wz_vehicle,,,,330302,0,,,,,2026-09-02
332bdc7c0d57be82,温州,wz_vehicle,,,,330303,0,,,,,2026-09-02
793ef9b880695ee0,温州,wz_vehicle,,,,330327,0,,,,,2026-09-02
4fd24d7f290568eb,温州,wz_vehicle,,,,330391,0,,,,,2026-09-02
dfe3e0e698db4f77,温州,wz_vehicle,,,,330303,0,,,,,2026-09-02
bb8355a874765e51,温州,wz_vehicle,,,,330303,0,,,,,2026-09-02
447a264fd61dda59,温州,wz_vehicle,,,,330391,0,,,,,2026-09-02
582b1ff69c7273db,温州,wz_vehicle,,,,330327,0,,,,,2026-09-02
581f7ee923057e93,温州,wz_vehicle,,,,330302,0,,,,,2026-09-02
fa74db4da49b7a83,温州,wz_vehicle,,,,330328,0,,,,,2026-09-02
fb9ad055fa450593,温州,wz_vehicle,,,,330382,0,,,,,2026-09-02
087ca3af584020b3,温州,wz_vehicle,,,,330324,0,,,,,2026-09-02
3495bfad35d07b28,温州,wz_vehicle,,,,330382,0,,,,,2026-09-02
4bbcb34d66eaa1d1,温州,wz_vehicle,,,,330302,0,,,,,2026-09-02
62a90eba59bfd6ab,温州,wz_vehicle,,,,330304,0,,,,,2026-09-02
0b1335f01629e501,温州,wz_vehicle,,,,330381,0,,,,,2026-09-02
d7f10449d173b466,温州,wz_vehicle,,,,330391,0,,,,,2026-09-02
113132ae577953a3,温州,wz_vehicle,,,,330303,0,,,,,2026-09-02
32d3ef256609c93f,温州,wz_vehicle,,,,330328,0,,,,,2026-09-02
d55f8f6b4aa14ce0,温州,wz_vehicle,,,,330302,0,,,,,2026-09-02
1bdb9369178a0e4c,温州,wz_vehicle,,,,330391,0,,,,,2026-09-02
d10ac1326b3495e5,温州,wz_vehicle,,,,330329,0,,,,,2026-09-02
a9ce49d87beeb666,温州,wz_vehicle,,,,330303,0,,,,,2026-09-02
9e8847cc55249739,温州,wz_vehicle,,,,330302,0,,,,,2026-09-02
deb0626f4acde0a7,温州,wz_vehicle,,,,330329,0,,,,,2026-09-02
4c49c9b70b406432,温州,wz_vehicle,,,,330383,0,,,,,2026-09-02
4374737c8b052b3e,温州,wz_vehicle,,,,330391,0,,,,,2026-09-02
5559b4bcec8ba1b7,温州,wz_vehicle,,,,330383,0,,,,,2026-09-02
93e9abaab19dea69,温州,wz_vehicle,,,,330382,0,,,,,2026-09-02
eabeca055feb6571,温州,wz_vehicle,,,,330382,0,,,,,2026-09-02
8e5ad829d0066c54,温州,wz_vehicle,,,,330391,0,,,,,2026-09-02
a2e1ddef8d8afce2,温州,wz_vehicle,,,,330383,0,,,,,2026-09-02
a283fcdfe333a37a,温州,wz_vehicle,,,,330326,0,,,,,2026-09-02
9ad8bd77e3759578,温州,wz_vehicle,,,,330327,0,,,,,2026-09-02
58e04bbf7a9c366b,温州,wz_vehicle,,,,330391,0,,,,,2026-09-02
944f84f926ddbf8f,温州,wz_vehicle,,,,330302,0,,,,,2026-09-02
eef71e268ab2e819,温州,wz_vehicle,,,,330382,0,,,,,2026-09-02
8b8d73b024103811,温州,wz_vehicle,,,,330381,0,,,,,2026-09-02
36945a468e70561f,温州,wz_vehicle,,,,330328,0,,,,,2026-09-02
b0cb428ff8ea202c,温州,wz_vehicle,,,,330302,0,,,,,2026-09-02
3cb8d031ce42995c,温州,wz_vehicle,,,,330382,0,,,,,2026-09-02
1066e30c4eb323b7,温州,wz_vehicle,,,,330391,0,,,,,2026-09-02
a469e3d4bd564c54,温州,wz_vehicle,,,,330302,0,,,,,2026-09-02
06ea9811cb3a848c,温州,wz_vehicle,,,,330383,0,,,,,2026-09-02
9aa71481c9575b62,温州,wz_vehicle,,,,330391,0,,,,,2026-09-02
a8c08348aa14de29,温州,wz_vehicle,,,,330327,0,,,,,2026-09-02
c6b529c284415085,温州,wz_vehicle,,,,330391,0,,,,,2026-09-02
4339a5ccb491517e,温州,wz_vehicle,,,,330391,0,,,,,2026-09-02
c0266268d9e54186,温州,wz_vehicle,,,,330303,0,,,,,2026-09-02
102a31d2614c878d,温州,wz_vehicle,,,,330303,0,,,,,2026-09-02
cfa9b715d6076638,温州,wz_vehicle,,,,330381,0,,,,,2026-09-02
535e9f53084ff2ba,温州,wz_vehicle,,,,330326,0,,,,,2026-09-02
9d7c4e45e40814ce,温州,wz_vehicle,,,,330302,0,,,,,2026-09-02
16e0a71eeddc947c,温州,wz_vehicle,,,,330303,0,,,,,2026-09-02
ed5623999e73e5b8,温州,wz_vehicle,,,,330303,0,,,,,2026-09-02
fe539ee0ef4ffa72,温州,wz_vehicle,,,,330326,0,,,,,2026-09-02
3a9d0cd6d89a6c45,温州,wz_vehicle,,,,330326,0,,,,,2026-09-02
b2da2eb79d7e85e4,温州,wz_vehicle,,,,330303,0,,,,,2026-09-02
17aabe2edd31f877,温州,wz_vehicle,,,,330381,0,,,,,2026-09-02
2e1ce6f1dbaf8660,温州,wz_vehicle,,,,330381,0,,,,,2026-09-02
f8524277ad0afe96,温州,wz_vehicle,,,,330304,0,,,,,2026-09-02
456af9be75ca09db,温州,wz_vehicle,,,,330324004,0,,,,,2026-09-02
dfcaa9c8549f9ac5,温州,wz_vehicle,,,,330382,0,,,,,2026-09-02
47d2d3a164fae56b,温州,wz_vehicle,,,,330327,0,,,,,2026-09-02
239463bdb030f374,温州,wz_vehicle,,,,330328,0,,,,,2026-09-02
c0c48c5b5e979a26,温州,wz_vehicle,,,,330391,0,,,,,2026-09-02
3d90e0a8b26b0d19,温州,wz_vehicle,,,,330303,0,,,,,2026-09-02
9fb977db5cb85e5c,温州,wz_vehicle,,,,330304,0,,,,,2026-09-02
b08f94ba81b00eeb,温州,wz_vehicle,,,,,0,,,,,2026-09-02
0ff5dfb485ce0ffb,温州,wz_vehicle,,,,330302,0,,,,,2026-09-02
b03bbb810286b005,温州,wz_vehicle,,,,330327,0,,,,,2026-09-02
c455a667a7fc932a,温州,wz_vehicle,,,,330382,0,,,,,2026-09-02
5cb85f2d61dae22f,温州,wz_vehicle,,,,330302,0,,,,,2026-09-02
6fa58cd8c2a1ec81,温州,wz_vehicle,,,,330382,0,,,,,2026-09-02
57787bd496a5b80f,温州,wz_vehicle,,,,330303,0,,,,,2026-09-02
d1c0003fb1b8e92a,温州,wz_vehicle,,,,330303,0,,,,,2026-09-02
4abb4e6510bd4167,温州,wz_vehicle,,,,330381,0,,,,,2026-09-02
729117b869ecdaba,温州,wz_vehicle,,,,330381,0,,,,,2026-09-02
60aab9f2659f3af5,温州,wz_vehicle,,,,330303,0,,,,,2026-09-02
0bcf2df7b72a0cfd,温州,wz_vehicle,,,,330328,0,,,,,2026-09-02
666464fde7313975,温州,wz_vehicle,,,,330383,0,,,,,2026-09-02
7796b604f1aa5ab8,温州,wz_vehicle,,,,330326,0,,,,,2026-09-02
77f102835a97f022,温州,wz_vehicle,,,,330304,0,,,,,2026-09-02
1e74c145941dd3c4,温州,wz_vehicle,,,,330303,0,,,,,2026-09-02
0f9e8f384e280e31,温州,wz_vehicle,,,,330382,0,,,,,2026-09-02
8a2c04433b43c137,温州,wz_vehicle,,,,330324,0,,,,,2026-09-02
d41268f509b87a03,温州,wz_vehicle,,,,330383,0,,,,,2026-09-02
f8593cd81fcfeddc,温州,wz_vehicle,,,,330302,0,,,,,2026-09-02
0776748e30e70d58,温州,wz_vehicle,,,,330382,0,,,,,2026-09-02
51474e388937229d,温州,wz_vehicle,,,,330382,0,,,,,2026-09-02
08cdf04f22c0233d,温州,wz_vehicle,,,,330303,0,,,,,2026-09-02
bacba426bc648e29,温州,wz_vehicle,,,,330391,0,,,,,2026-09-02
83f4364743cdb021,温州,wz_vehicle,,,,330303,0,,,,,2026-09-02
3d7ccf6352839d07,温州,wz_vehicle,,,,330303,0,,,,,2026-09-02
473965bb185becca,温州,wz_vehicle,,,,330382,0,,,,,2026-09-02
d377ae4ed13ac110,温州,wz_vehicle,,,,330304,0,,,,,2026-09-02
7ce5e0945ceddba7,温州,wz_vehicle,,,,330304,0,,,,,2026-09-02
1df4fb4a39329ae7,温州,wz_vehicle,,,,330382,0,,,,,2026-09-02
eef8de5b7c3911fb,温州,wz_vehicle,,,,330304,0,,,,,2026-09-02
60b1995ea3941a85,温州,wz_vehicle,,,,330329,0,,,,,2026-09-02
c92ac62cca0b0524,温州,wz_vehicle,,,,330391,0,,,,,2026-09-02
63b2191910d2b02c,温州,wz_vehicle,,,,330381,0,,,,,2026-09-02
b95430ad7ccc9c61,温州,wz_vehicle,,,,330327,0,,,,,2026-09-02
ccb9dcfe0d8155db,温州,wz_vehicle,,,,330302,0,,,,,2026-09-02
54bf6f8c59d40765,温州,wz_vehicle,,,,330382,0,,,,,2026-09-02
12b53ffd4ebbf392,温州,wz_vehicle,,,,330381,0,,,,,2026-09-02
0f8a109f30ea9481,温州,wz_vehicle,,,,330391,0,,,,,2026-09-02
cd0a5d76b41ceb73,温州,wz_vehicle,,,,330303,0,,,,,2026-09-02
65af77d2b8315de2,温州,wz_vehicle,,,,330382,0,,,,,2026-09-02
43b4ace8ac74802b,温州,wz_vehicle,,,,330383,0,,,,,2026-09-02
702c86e87667e870,温州,wz_vehicle,,,,330391,0,,,,,2026-09-02
d98656e1d97c9069,温州,wz_vehicle,,,,330328,0,,,,,2026-09-02
2d6f4b6306157669,温州,wz_vehicle,,,,330326,0,,,,,2026-09-02
53dd8f86ecf7735b,温州,wz_vehicle,,,,330326,0,,,,,2026-09-02
2551246f2a511f92,温州,wz_vehicle,,,,330383,0,,,,,2026-09-02
f0d4ae00a90a0af3,温州,wz_vehicle,,,,330303,0,,,,,2026-09-02
fec360da8628b42d,温州,wz_vehicle,,,,330303,0,,,,,2026-09-02
96ca7b845af5fb1c,温州,wz_vehicle,,,,330326,0,,,,,2026-09-02
bd88aef0b2ef0863,温州,wz_vehicle,,,,330326,0,,,,,2026-09-02
4877ad346ea82b62,温州,wz_vehicle,,,,330303,0,,,,,2026-09-02
7e9e72d3df6cb73f,温州,wz_vehicle,,,,330328,0,,,,,2026-09-02
7c51c951ab17d984,温州,wz_vehicle,,,,330324,0,,,,,2026-09-02
e1a4a31bcc4f87c5,温州,wz_vehicle,,,,330324,0,,,,,2026-09-02
cb4e58d47ed238fc,温州,wz_vehicle,,,,330303,0,,,,,2026-09-02
eda49f564182b3e8,温州,wz_vehicle,,,,330329,0,,,,,2026-09-02
7c1e7c1a5e5c0fd6,温州,wz_vehicle,,,,330303,0,,,,,2026-09-02
3363cd73d8a65cce,温州,wz_vehicle,,,,330382,0,,,,,2026-09-02
65d1ea3753f439f3,温州,wz_vehicle,,,,330304,0,,,,,2026-09-02
5d78b6763c917372,温州,wz_vehicle,,,,330391,0,,,,,2026-09-02
a1e439c51b3b48f2,温州,wz_vehicle,,,,330304,0,,,,,2026-09-02
3ec676d156e8b578,温州,wz_vehicle,,,,330382,0,,,,,2026-09-02
d130f9de40fab668,温州,wz_vehicle,,,,330383,0,,,,,2026-09-02
81cefd138a5e2783,温州,wz_vehicle,,,,330381,0,,,,,2026-09-02
1dda914f41632df5,温州,wz_vehicle,,,,330382,0,,,,,2026-09-02
d2d0fe3d3de8f1af,温州,wz_vehicle,,,,330382,0,,,,,2026-09-02
152bb9be382a9a65,温州,wz_vehicle,,,,330382,0,,,,,2026-09-02
3a3a1a30e2c8f674,温州,wz_vehicle,,,,330303,0,,,,,2026-09-02
bcb3bd5ed542523a,温州,wz_vehicle,,,,330382,0,,,,,2026-09-02
af15255b9ba2536f,温州,wz_vehicle,,,,330326,0,,,,,2026-09-02
991b83da90fca52e,温州,wz_vehicle,,,,330382,0,,,,,2026-09-02
a433df933d3daf1d,温州,wz_vehicle,,,,330303,0,,,,,2026-09-02
10a7eef4706a4520,温州,wz_vehicle,,,,330328,0,,,,,2026-09-02
bee875e8adcd146c,温州,wz_vehicle,,,,330328,0,,,,,2026-09-02
335ed0f6a8b967f1,温州,wz_vehicle,,,,330327,0,,,,,2026-09-02
631578252ca86d05,温州,wz_vehicle,,,,330327,0,,,,,2026-09-02
cfef7f132ab1953d,温州,wz_vehicle,,,,330328,0,,,,,2026-09-02
52e5b041950d1b31,温州,wz_vehicle,,,,330324,0,,,,,2026-09-02
63295185c0c437c7,温州,wz_vehicle,,,,330391,0,,,,,2026-09-02
ad579e02d9a1b656,温州,wz_vehicle,,,,330382,0,,,,,2026-09-02
7f108eae49ac23d0,温州,wz_vehicle,,,,330303,0,,,,,2026-09-02
a4d372dd0254160d,温州,wz_vehicle,,,,330304,0,,,,,2026-09-02
7fd0808508f0db6d,温州,wz_vehicle,,,,330328,0,,,,,2026-09-02
ba5651f2f64e8b44,温州,wz_vehicle,,,,330303,0,,,,,2026-09-02
5e821dee3866292d,温州,wz_vehicle,,,,330304,0,,,,,2026-09-02
51acb086e61c1cfa,温州,wz_vehicle,,,,330304,0,,,,,2026-09-02
793a5573afc37b49,温州,wz_vehicle,,,,330326,0,,,,,2026-09-02
4d74954fde5dd8b2,温州,wz_vehicle,,,,330303,0,,,,,2026-09-02
5d7921b533eda2b6,温州,wz_vehicle,,,,330327,0,,,,,2026-09-02
0f8e7858d93dfe34,温州,wz_vehicle,,,,330326,0,,,,,2026-09-02
965c06ac0bd30f69,温州,wz_vehicle,,,,330303,0,,,,,2026-09-02
f989e2aba93f7ab6,温州,wz_vehicle,,,,330324,0,,,,,2026-09-02
8623b8563f2e4eb9,温州,wz_vehicle,,,,330382,0,,,,,2026-09-02
d3d417a3a11e5ace,温州,wz_vehicle,,,,330327,0,,,,,2026-09-02
1cb12857eacb26ad,温州,wz_vehicle,,,,330303,0,,,,,2026-09-02
8dbb9eabcab1e34e,温州,wz_vehicle,,,,330327,0,,,,,2026-09-02
e9fc66bf13afbe6e,温州,wz_vehicle,,,,330391,0,,,,,2026-09-02
891e9e047f180711,温州,wz_vehicle,,,,330391,0,,,,,2026-09-02
ed90825f913b5031,温州,wz_vehicle,,,,330327,0,,,,,2026-09-02
a971b9afaf0ff4c6,温州,wz_vehicle,,,,330324,0,,,,,2026-09-02
aca8e0df7bc47a72,温州,wz_vehicle,,,,330324,0,,,,,2026-09-02
389abe7342076bd6,温州,wz_vehicle,,,,330327,0,,,,,2026-09-02
25a393f9049ea8a6,温州,wz_vehicle,,,,330303,0,,,,,2026-09-02
6bacaeeda3606e9d,温州,wz_vehicle,,,,330391,0,,,,,2026-09-02
4f961e5bed700b18,温州,wz_vehicle,,,,330382,0,,,,,2026-09-02
30a9a81160441e58,温州,wz_vehicle,,,,330391,0,,,,,2026-09-02
fae322e664648390,温州,wz_vehicle,,,,330383,0,,,,,2026-09-02
d3841f5c681c01c9,温州,wz_vehicle,,,,330382,0,,,,,2026-09-02
05c4a57bed5ee82e,温州,wz_vehicle,,,,330303,0,,,,,2026-09-02
866dfad06e9a73ce,温州,wz_vehicle,,,,330303,0,,,,,2026-09-02
d860475ee0546283,温州,wz_vehicle,,,,330383,0,,,,,2026-09-02
fb89095d6feef04d,温州,wz_vehicle,,,,330381,0,,,,,2026-09-02
191ca813235d571c,温州,wz_vehicle,,,,330326,0,,,,,2026-09-02
560d500716de3dcb,温州,wz_vehicle,,,,330324,0,,,,,2026-09-02
bc7e3624d88695af,温州,wz_vehicle,,,,330302,0,,,,,2026-09-02
4fc2a9e5a29d936f,温州,wz_vehicle,,,,330328,0,,,,,2026-09-02
7d7859ee683bd168,温州,wz_vehicle,,,,330303,0,,,,,2026-09-02
e7ede7b7c2c433e3,温州,wz_vehicle,,,,330324,0,,,,,2026-09-02
218404606cc7ecc5,温州,wz_vehicle,,,,330383,0,,,,,2026-09-02
dd7db593b72322b2,温州,wz_vehicle,,,,330382,0,,,,,2026-09-02
06267f62146518b9,温州,wz_vehicle,,,,330327,0,,,,,2026-09-02
74423eb41437c899,温州,wz_vehicle,,,,330383,0,,,,,2026-09-02
30bf8d01d40c2584,温州,wz_vehicle,,,,330303,0,,,,,2026-09-02
8927b18718107e0d,温州,wz_vehicle,,,,330303,0,,,,,2026-09-02
72e9c1d109517096,温州,wz_vehicle,,,,330302,0,,,,,2026-09-02
f78ac250ba672518,温州,wz_vehicle,,,,330303,0,,,,,2026-09-02
48430dd696317906,温州,wz_vehicle,,,,330382,0,,,,,2026-09-02
63458babcd8ad242,温州,wz_vehicle,,,,330382,0,,,,,2026-09-02
307fde9344ba231f,温州,wz_vehicle,,,,330324,0,,,,,2026-09-02
b7128a3a9c390f43,温州,wz_vehicle,,,,330327,0,,,,,2026-09-02
dddac528c21e7a50,温州,wz_vehicle,,,,330327,0,,,,,2026-09-02
858710f66f2fda05,温州,wz_vehicle,,,,330324,0,,,,,2026-09-02
1357904847977b67,温州,wz_vehicle,,,,330327,0,,,,,2026-09-02
54791b70a54311f8,温州,wz_vehicle,,,,330302,0,,,,,2026-09-02
7129d5fd559e9b05,温州,wz_vehicle,,,,330391,0,,,,,2026-09-02
a10f327db36df9d0,温州,wz_vehicle,,,,330324,0,,,,,2026-09-02
b5f448035b77995a,温州,wz_vehicle,,,,330304,0,,,,,2026-09-02
66961269cf798999,温州,wz_vehicle,,,,330327,0,,,,,2026-09-02
75b99c59edc7b622,温州,wz_vehicle,,,,330324,0,,,,,2026-09-02
454c44dd3f0166e7,温州,wz_vehicle,,,,330382,0,,,,,2026-09-02
a8aa12bc24c26b11,温州,wz_vehicle,,,,330327,0,,,,,2026-09-02
b3ddd0e2ba32dd7d,温州,wz_vehicle,,,,330304,0,,,,,2026-09-02
08bc5e4bac5fa3e9,温州,wz_vehicle,,,,330304,0,,,,,2026-09-02
0aa9c2313853c7c4,温州,wz_vehicle,,,,330324,0,,,,,2026-09-02
9fcb84e9584fa680,温州,wz_vehicle,,,,330326,0,,,,,2026-09-02
8540cca810e7b3a5,温州,wz_vehicle,,,,330382,0,,,,,2026-09-02
e74bf1c226b48ba6,温州,wz_vehicle,,,,330391,0,,,,,2026-09-02
8e85777efd3f587f,温州,wz_vehicle,,,,330391,0,,,,,2026-09-02
141b2bd28895836b,温州,wz_vehicle,,,,330324,0,,,,,2026-09-02
91b8773c494d2ee7,温州,wz_vehicle,,,,330302,0,,,,,2026-09-02
b49bb2453a5fafbc,温州,wz_vehicle,,,,330327,0,,,,,2026-09-02
851c2c42c1febce0,温州,wz_vehicle,,,,330381,0,,,,,2026-09-02
374e15a2bdce6888,温州,wz_vehicle,,,,330391,0,,,,,2026-09-02
989af23fbe25a38f,温州,wz_vehicle,,,,330324,0,,,,,2026-09-02
05192a4c40c40896,温州,wz_vehicle,,,,330324,0,,,,,2026-09-02
f72a5188a19ab659,温州,wz_vehicle,,,,330326,0,,,,,2026-09-02
8e1beb98bcebdc6d,温州,wz_vehicle,,,,330324,0,,,,,2026-09-02
252b6d24f5697948,温州,wz_vehicle,,,,330391,0,,,,,2026-09-02
c896ccb7eb0eb78b,温州,wz_vehicle,,,,330382,0,,,,,2026-09-02
cafde1f49b6fc088,温州,wz_vehicle,,,,330327,0,,,,,2026-09-02
a4d97b62e74ee896,温州,wz_vehicle,,,,330391,0,,,,,2026-09-02
5d2c2732365f7f64,温州,wz_vehicle,,,,330327,0,,,,,2026-09-02
92080c66718b33fc,温州,wz_vehicle,,,,330326,0,,,,,2026-09-02
ab75e69bdda038a0,温州,wz_vehicle,,,,330382,0,,,,,2026-09-02
f8b41002c77082d7,温州,wz_vehicle,,,,330327,0,,,,,2026-09-02
1871e020e2c23a7a,温州,wz_vehicle,,,,330391,0,,,,,2026-09-02
771f9a13529580be,温州,wz_vehicle,,,,330382,0,,,,,2026-09-02
d9f89d5bf66a2189,温州,wz_vehicle,,,,330328,0,,,,,2026-09-02
3283edd3cf840165,温州,wz_vehicle,,,,330304,0,,,,,2026-09-02
00ff4460a2dd5b72,温州,wz_vehicle,,,,330329,0,,,,,2026-09-02
2c14d7d85e73d36a,温州,wz_vehicle,,,,330327,0,,,,,2026-09-02
946db672173796bb,温州,wz_vehicle,,,,330391,0,,,,,2026-09-02
7739af303420b3ed,温州,wz_vehicle,,,,330326,0,,,,,2026-09-02
7425de647f86d236,温州,wz_vehicle,,,,330324,0,,,,,2026-09-02
e1ee8fc382001d49,温州,wz_vehicle,,,,330304,0,,,,,2026-09-02
f082371931d80333,温州,wz_vehicle,,,,330326,0,,,,,2026-09-02
0b1062516f6cb314,温州,wz_vehicle,,,,330326,0,,,,,2026-09-02
d2d5867d4371c6a7,温州,wz_vehicle,,,,330326,0,,,,,2026-09-02
a3442dd48cab19a4,温州,wz_vehicle,,,,330303,0,,,,,2026-09-02
cb749875996f0939,温州,wz_vehicle,,,,330304,0,,,,,2026-09-02
acfa84f3a88d9db1,温州,wz_vehicle,,,,330383,0,,,,,2026-09-02
b5007b8e8c5aa14f,温州,wz_vehicle,,,,330327,0,,,,,2026-09-02
b6f0cae56c7bcbdc,温州,wz_vehicle,,,,330304,0,,,,,2026-09-02
e3037f6fbd1c0041,温州,wz_vehicle,,,,330383,0,,,,,2026-09-02
462ce1ddb9553cbf,温州,wz_vehicle,,,,330382,0,,,,,2026-09-02
a54a22cbaae1a947,温州,wz_vehicle,,,,330327,0,,,,,2026-09-02
5fe0975dbb839846,温州,wz_vehicle,,,,330329,0,,,,,2026-09-02
e2a9a2201ff366a1,温州,wz_vehicle,,,,330303,0,,,,,2026-09-02
2af27c30b941f225,温州,wz_vehicle,,,,330391,0,,,,,2026-09-02
373912629f58fa16,温州,wz_vehicle,,,,330381,0,,,,,2026-09-02
446076d79c43aad3,温州,wz_vehicle,,,,330382,0,,,,,2026-09-02
672afe5c4f3079f4,温州,wz_vehicle,,,,330329,0,,,,,2026-09-02
7e669b61f0097607,温州,wz_vehicle,,,,330327,0,,,,,2026-09-02
eea4d62c0c2d2a63,温州,wz_vehicle,,,,330326,0,,,,,2026-09-02
fe5e7031811f1a22,温州,wz_vehicle,,,,330324,0,,,,,2026-09-02
cd350c4aa9c8f0b9,温州,wz_vehicle,,,,330326,0,,,,,2026-09-02
adcf32ad5497e438,温州,wz_vehicle,,,,330327,0,,,,,2026-09-02
1d65b6ce48d9ce73,温州,wz_vehicle,,,,330303,0,,,,,2026-09-02
61cf6788c683e490,温州,wz_vehicle,,,,330302,0,,,,,2026-09-02
591b09020ee64263,温州,wz_vehicle,,,,330328,0,,,,,2026-09-02
9ef5a97c8fff8d35,温州,wz_vehicle,,,,330303,0,,,,,2026-09-02
bf2b6eb0064db45d,温州,wz_vehicle,,,,330391,0,,,,,2026-09-02
af00f6d7671bd7fa,温州,wz_vehicle,,,,330391,0,,,,,2026-09-02
8ac752888cdb7f98,温州,wz_vehicle,,,,330324,0,,,,,2026-09-02
c9adcd04075401f4,温州,wz_vehicle,,,,330328,0,,,,,2026-09-02
16c4eab6d622cde7,温州,wz_vehicle,,,,330381,0,,,,,2026-09-02
594fe4d5ef12030e,温州,wz_vehicle,,,,330391,0,,,,,2026-09-02
5ca822a42e090784,温州,wz_vehicle,,,,330327,0,,,,,2026-09-02
e63be5be5a009e70,温州,wz_vehicle,,,,330300,0,,,,,2026-09-02
61b1d7dd81e04716,温州,wz_vehicle,,,,330382,0,,,,,2026-09-02
7b370a4e6c7d89f2,温州,wz_vehicle,,,,330381,0,,,,,2026-09-02
b54e280ec75a3089,温州,wz_vehicle,,,,330383,0,,,,,2026-09-02
bfa51ab31801e1f4,温州,wz_vehicle,,,,330328,0,,,,,2026-09-02
b509dfebfab4d8d5,温州,wz_vehicle,,,,330391,0,,,,,2026-09-02
961c61de6c875dac,温州,wz_vehicle,,,,330382,0,,,,,2026-09-02
e266a9dcfd51059e,温州,wz_vehicle,,,,330327,0,,,,,2026-09-02
3d4918a6000a95e5,温州,wz_vehicle,,,,330324,0,,,,,2026-09-02
2cbbf28602eb8af8,温州,wz_vehicle,,,,330303,0,,,,,2026-09-02
7a56f55b1214ee89,温州,wz_vehicle,,,,330391,0,,,,,2026-09-02
3c875e29c320687e,温州,wz_vehicle,,,,330327,0,,,,,2026-09-02
3a680b4fbbb81d67,温州,wz_vehicle,,,,330382,0,,,,,2026-09-02
b5305417cd0ac58e,温州,wz_vehicle,,,,330382,0,,,,,2026-09-02
9cc65250f65db2ac,温州,wz_vehicle,,,,330381,0,,,,,2026-09-02
a56bb58daef1308e,温州,wz_vehicle,,,,330326,0,,,,,2026-09-02
526c71dba7e5982a,温州,wz_vehicle,,,,330391,0,,,,,2026-09-02
4d098b03ca878fd4,温州,wz_vehicle,,,,330302,0,,,,,2026-09-02
ba6c37df98b61b93,温州,wz_vehicle,,,,330383,0,,,,,2026-09-02
8788e5d0f558d9e6,温州,wz_vehicle,,,,330381,0,,,,,2026-09-02
71e762497747d50a,温州,wz_vehicle,,,,330303,0,,,,,2026-09-02
cf7024681f1e8b60,温州,wz_vehicle,,,,330327,0,,,,,2026-09-02
425b3e3e230fd5ed,温州,wz_vehicle,,,,330328,0,,,,,2026-09-02
121498262f77d21e,温州,wz_vehicle,,,,330383,0,,,,,2026-09-02
d6de33b1d2ea874c,温州,wz_vehicle,,,,330382,0,,,,,2026-09-02
9835dfd0f490301e,温州,wz_vehicle,,,,330327,0,,,,,2026-09-02
31f2d9985af69c73,温州,wz_vehicle,,,,330381,0,,,,,2026-09-02
cf3f53d013f1650b,温州,wz_vehicle,,,,330383,0,,,,,2026-09-02
0c93086299655381,温州,wz_vehicle,,,,330324,0,,,,,2026-09-02
2b70d967bb5391d7,温州,wz_vehicle,,,,330328,0,,,,,2026-09-02
00a1a69c22e44425,温州,wz_vehicle,,,,330324,0,,,,,2026-09-02
6d13dce6a15819e0,温州,wz_vehicle,,,,330327,0,,,,,2026-09-02
69cf7bd8b0785e35,温州,wz_vehicle,,,,330324,0,,,,,2026-09-02
ca8aa8ea307ee9fc,温州,wz_vehicle,,,,330327,0,,,,,2026-09-02
305ca901f4e3ca14,温州,wz_vehicle,,,,330324,0,,,,,2026-09-02
43382707efd8cc94,温州,wz_vehicle,,,,330302,0,,,,,2026-09-02
3b7b7b3e42917c62,温州,wz_vehicle,,,,330304,0,,,,,2026-09-02
ac54ec26c238ee92,温州,wz_vehicle,,,,330382,0,,,,,2026-09-02
4ecc8e1cf4bc250c,温州,wz_vehicle,,,,330381,0,,,,,2026-09-02
034467972e4e3a0a,温州,wz_vehicle,,,,330302,0,,,,,2026-09-02
2d31bed9ea25d23b,温州,wz_vehicle,,,,330328,0,,,,,2026-09-02
6582f3e150d0595c,温州,wz_vehicle,,,,330327,0,,,,,2026-09-02
dede8215ff7146b2,温州,wz_vehicle,,,,330329,0,,,,,2026-09-02
4c2d1fbbd02e9753,温州,wz_vehicle,,,,330324,0,,,,,2026-09-02
a0cad89f1f028ba3,温州,wz_vehicle,,,,330382,0,,,,,2026-09-02
ceeaed9f1be5d95f,温州,wz_vehicle,,,,330324,0,,,,,2026-09-02
5ae80ca8e3834085,温州,wz_vehicle,,,,330383,0,,,,,2026-09-02
0c1024ffcf0c8ede,温州,wz_vehicle,,,,330303,0,,,,,2026-09-02
8082a88a105a418b,温州,wz_vehicle,,,,330382,0,,,,,2026-09-02
bd558d6fe3d2be99,温州,wz_vehicle,,,,330383,0,,,,,2026-09-02
130a3e1e4ca33a3f,温州,wz_vehicle,,,,330383,0,,,,,2026-09-02
812cb2a79ed87139,温州,wz_vehicle,,,,330303,0,,,,,2026-09-02
bf3ba528289a0a9d,温州,wz_vehicle,,,,330327,0,,,,,2026-09-02
7ab027c831ff4976,温州,wz_vehicle,,,,330327,0,,,,,2026-09-02
75c8ecb324b4c41e,温州,wz_vehicle,,,,330382,0,,,,,2026-09-02
d0ec700cb5091211,温州,wz_vehicle,,,,330381,0,,,,,2026-09-02
ee7a09aa29c4d020,温州,wz_vehicle,,,,330382,0,,,,,2026-09-02
f156044ee0605cc0,温州,wz_vehicle,,,,330324,0,,,,,2026-09-02
e842ac49aa1d2362,温州,wz_vehicle,,,,330382,0,,,,,2026-09-02
115dc7824b05c876,温州,wz_vehicle,,,,330327,0,,,,,2026-09-02
068603c1d91bea93,温州,wz_vehicle,,,,330303,0,,,,,2026-09-02
1cefd6a692a6e7a6,温州,wz_vehicle,,,,330304,0,,,,,2026-09-02
37cfe9d636e69665,温州,wz_vehicle,,,,330303,0,,,,,2026-09-02
b901e58988289478,温州,wz_vehicle,,,,330391,0,,,,,2026-09-02
c77dd3b75a8ad275,温州,wz_vehicle,,,,330391,0,,,,,2026-09-02
ed337beaf9aad8f9,温州,wz_vehicle,,,,330304,0,,,,,2026-09-02
bfccc108ba8b48cf,温州,wz_vehicle,,,,330303,0,,,,,2026-09-02
a7de43241641f954,温州,wz_vehicle,,,,330326,0,,,,,2026-09-02
2476450b6c0572c4,温州,wz_vehicle,,,,330329,0,,,,,2026-09-02
25095a307d0b7d8c,温州,wz_vehicle,,,,330382,0,,,,,2026-09-02
38bf687e87167c05,温州,wz_vehicle,,,,330381,0,,,,,2026-09-02
1de5732d41e2ab48,温州,wz_vehicle,,,,330327,0,,,,,2026-09-02
c17109f619a241b3,温州,wz_vehicle,,,,330302,0,,,,,2026-09-02
4e4639dbdf42636a,温州,wz_vehicle,,,,330300,0,,,,,2026-09-02
2ff61c7fc6874450,温州,wz_vehicle,,,,330391,0,,,,,2026-09-02
3ef1308bb3120ec6,温州,wz_vehicle,,,,330302,0,,,,,2026-09-02
6ecee0c69efe2fc6,温州,wz_vehicle,,,,330328,0,,,,,2026-09-02
2b459d4b64913a83,温州,wz_vehicle,,,,330381,0,,,,,2026-09-02
dd34482436f6e532,温州,wz_vehicle,,,,330328,0,,,,,2026-09-02
4a7466238f9ea9fb,温州,wz_vehicle,,,,330391,0,,,,,2026-09-02
92879d1300e20f4c,温州,wz_vehicle,,,,330326,0,,,,,2026-09-02
b0096e8606dd0d5b,温州,wz_vehicle,,,,330383,0,,,,,2026-09-02
952cbb7d73efcbb3,温州,wz_vehicle,,,,330303,0,,,,,2026-09-02
3118407a4fe86f07,温州,wz_vehicle,,,,330324,0,,,,,2026-09-02
dcdfdd35819d39ef,温州,wz_vehicle,,,,330383,0,,,,,2026-09-02
292a3d5529076aed,温州,wz_vehicle,,,,330304,0,,,,,2026-09-02
5593242d2f6bce26,温州,wz_vehicle,,,,330303,0,,,,,2026-09-02
c72a1c3705cdb016,温州,wz_vehicle,,,,330304,0,,,,,2026-09-02
67ff9333f73a8995,温州,wz_vehicle,,,,330382,0,,,,,2026-09-02
b4316619164a33b4,温州,wz_vehicle,,,,330303,0,,,,,2026-09-02
8d50a692c04125c9,温州,wz_vehicle,,,,330304,0,,,,,2026-09-02
8651e820bf548bac,温州,wz_vehicle,,,,330328,0,,,,,2026-09-02
84a60cf2341e4b06,温州,wz_vehicle,,,,330303,0,,,,,2026-09-02
42516efcbb90351e,温州,wz_vehicle,,,,3303,0,,,,,2026-09-02
1dd90df108b04cf9,温州,wz_vehicle,,,,330381,0,,,,,2026-09-02
d7bcfefa520e5cd7,温州,wz_vehicle,,,,330382,0,,,,,2026-09-02
2d5243943e61260e,温州,wz_vehicle,,,,330324,0,,,,,2026-09-02
4ddba4351ca093fd,温州,wz_vehicle,,,,330327,0,,,,,2026-09-02
f1a04ef4a2fb5ca3,温州,wz_vehicle,,,,330381,0,,,,,2026-09-02
6502090bf741e679,温州,wz_vehicle,,,,330324,0,,,,,2026-09-02
5e19734328702e70,温州,wz_vehicle,,,,330327,0,,,,,2026-09-02
45cffbfdf9983946,温州,wz_vehicle,,,,330303,0,,,,,2026-09-02
4088e8539b42a765,温州,wz_vehicle,,,,330304,0,,,,,2026-09-02
739eeca9a2bee7fe,温州,wz_vehicle,,,,330328,0,,,,,2026-09-02
e63f43aeb2fdb389,温州,wz_vehicle,,,,330324,0,,,,,2026-09-02
17e80132ff2c355a,温州,wz_vehicle,,,,330329,0,,,,,2026-09-02
3fafead0d5715b09,温州,wz_vehicle,,,,330326,0,,,,,2026-09-02
c3a435673375f67c,温州,wz_vehicle,,,,330382,0,,,,,2026-09-02
9540a4cc8e2cae03,温州,wz_vehicle,,,,330383,0,,,,,2026-09-02
85b38902a68a4654,温州,wz_vehicle,,,,330391,0,,,,,2026-09-02
56bac659237b90e5,温州,wz_vehicle,,,,330304,0,,,,,2026-09-02
94686ee61af4bede,温州,wz_vehicle,,,,330304,0,,,,,2026-09-02
f781f3cb8d84bbec,温州,wz_vehicle,,,,330324,0,,,,,2026-09-02
ac5d6086353fad5c,温州,wz_vehicle,,,,330327,0,,,,,2026-09-02
912610537ecea65c,温州,wz_vehicle,,,,330327,0,,,,,2026-09-02
6bca19b394acd784,温州,wz_vehicle,,,,330303,0,,,,,2026-09-02
3ff53fd6d0f40561,温州,wz_vehicle,,,,330303,0,,,,,2026-09-02
b7e5b54ed49741b2,温州,wz_vehicle,,,,330391,0,,,,,2026-09-02
eec87111ee4258d8,温州,wz_vehicle,,,,330324,0,,,,,2026-09-02
fe763b848ad94d2e,温州,wz_vehicle,,,,330303,0,,,,,2026-09-02
2c1f10009c82fdda,温州,wz_vehicle,,,,330326,0,,,,,2026-09-02
ff5668ecbd85fef3,温州,wz_vehicle,,,,330303,0,,,,,2026-09-02
847d507b650ee4ad,温州,wz_vehicle,,,,330303,0,,,,,2026-09-02
8c49f63bb9313eca,温州,wz_vehicle,,,,330302,0,,,,,2026-09-02
effb7693a208793b,温州,wz_vehicle,,,,330326,0,,,,,2026-09-02
d9cfc78e427317b6,温州,wz_vehicle,,,,330303,0,,,,,2026-09-02
f3923f191b4c0251,温州,wz_vehicle,,,,330326,0,,,,,2026-09-02
7baad6ae21908f6a,温州,wz_vehicle,,,,330391,0,,,,,2026-09-02
4b234ba45bf8718b,温州,wz_vehicle,,,,330381,0,,,,,2026-09-02
516fbc3078f334f8,温州,wz_vehicle,,,,330383,0,,,,,2026-09-02
7e3c132e0f443a9b,温州,wz_vehicle,,,,330303,0,,,,,2026-09-02
df5d636d508f0b31,温州,wz_vehicle,,,,330326,0,,,,,2026-09-02
260fc4c233b2d6bb,温州,wz_vehicle,,,,330391,0,,,,,2026-09-02
542534d9150b7aca,温州,wz_vehicle,,,,330329,0,,,,,2026-09-02
a9c25bef980298c1,温州,wz_vehicle,,,,330381,0,,,,,2026-09-02
27a7dd80eaa42dcc,温州,wz_vehicle,,,,330303,0,,,,,2026-09-02
cf44faf14039b8c6,温州,wz_vehicle,,,,330303,0,,,,,2026-09-02
9e78cd1813b80f84,温州,wz_vehicle,,,,330328,0,,,,,2026-09-02
8cd3fb30c04f5b6d,温州,wz_vehicle,,,,330381,0,,,,,2026-09-02
ab568968d48b38d7,温州,wz_vehicle,,,,330329,0,,,,,2026-09-02
2525e5f79a893d02,温州,wz_vehicle,,,,330327,0,,,,,2026-09-02
7e4c28d0a58055a1,温州,wz_vehicle,,,,330382,0,,,,,2026-09-02
383ae40bced5fded,温州,wz_vehicle,,,,330391,0,,,,,2026-09-02
8a404ab8d17b9fb7,温州,wz_vehicle,,,,330327,0,,,,,2026-09-02
ba00c75e623f9be8,温州,wz_vehicle,,,,330303,0,,,,,2026-09-02
4d2ce4b9c076338b,温州,wz_vehicle,,,,330304,0,,,,,2026-09-02
9ae83b080ecdb672,温州,wz_vehicle,,,,330326,0,,,,,2026-09-02
af03fbc2fb371b50,温州,wz_vehicle,,,,330302,0,,,,,2026-09-02
39ca068b0e663b6a,温州,wz_vehicle,,,,330381,0,,,,,2026-09-02
49b65c6c5cb17dcd,温州,wz_vehicle,,,,330324003,0,,,,,2026-09-02
ba9f6bab90ddde22,温州,wz_vehicle,,,,330382,0,,,,,2026-09-02
68b18654531aebdf,温州,wz_vehicle,,,,330383,0,,,,,2026-09-02
adb3e331ab3c7970,温州,wz_vehicle,,,,330383,0,,,,,2026-09-02
2ded344875022eb0,温州,wz_vehicle,,,,330381,0,,,,,2026-09-02
e70b988f46e9cab4,温州,wz_vehicle,,,,330382,0,,,,,2026-09-02
f9a73a8106d4950f,温州,wz_vehicle,,,,330303,0,,,,,2026-09-02
34f80396ed3d1f14,温州,wz_vehicle,,,,330327,0,,,,,2026-09-02
3e3acc39897824e6,温州,wz_vehicle,,,,330381,0,,,,,2026-09-02
f821050fe39ef593,温州,wz_vehicle,,,,330326,0,,,,,2026-09-02
82a8cc6745faa4d9,温州,wz_vehicle,,,,330302,0,,,,,2026-09-02
f0bcd13d78ecc405,温州,wz_vehicle,,,,330383,0,,,,,2026-09-02
5b66558121301d13,温州,wz_vehicle,,,,330303,0,,,,,2026-09-02
cc9cdbc9880514ee,温州,wz_vehicle,,,,330303,0,,,,,2026-09-02
b8f2c3e6788c850a,温州,wz_vehicle,,,,330328,0,,,,,2026-09-02
17fe9c01ec43ac38,温州,wz_vehicle,,,,330391,0,,,,,2026-09-02
e1ee5269dc00ecbe,温州,wz_vehicle,,,,330391,0,,,,,2026-09-02
433303adbfbc5a6a,温州,wz_vehicle,,,,330303,0,,,,,2026-09-02
15884b00d29e61fb,温州,wz_vehicle,,,,330383,0,,,,,2026-09-02
fb037583d86a2871,温州,wz_vehicle,,,,330381,0,,,,,2026-09-02
a29aa55e7c7a5dcf,温州,wz_vehicle,,,,330324,0,,,,,2026-09-02
a7c2d51b6ce245ff,温州,wz_vehicle,,,,330383,0,,,,,2026-09-02
c3a672150bce86a9,温州,wz_vehicle,,,,330391,0,,,,,2026-09-02
49c0637d7f8b1005,温州,wz_vehicle,,,,330327,0,,,,,2026-09-02
da9a8c04caa08012,温州,wz_vehicle,,,,330304,0,,,,,2026-09-02
3867135b6a0768e5,温州,wz_vehicle,,,,330303,0,,,,,2026-09-02
070cb713dd2ab5bc,温州,wz_vehicle,,,,330391,0,,,,,2026-09-02
128406a900d074f4,温州,wz_vehicle,,,,330302,0,,,,,2026-09-02
f543e416f93ef1ec,温州,wz_vehicle,,,,330324,0,,,,,2026-09-02
145e09aba1ac782e,温州,wz_vehicle,,,,330302,0,,,,,2026-09-02
c1cd5944363da55b,温州,wz_vehicle,,,,330391,0,,,,,2026-09-02
5e041519820a56fd,温州,wz_vehicle,,,,330383,0,,,,,2026-09-02
6e227d80210f9b65,温州,wz_vehicle,,,,330326,0,,,,,2026-09-02
b1bb44299076468b,温州,wz_vehicle,,,,330327,0,,,,,2026-09-02
5d3ab310895df7b6,温州,wz_vehicle,,,,330382,0,,,,,2026-09-02
1ef369c807fc8c45,温州,wz_vehicle,,,,330381,0,,,,,2026-09-02
044e3275645341c2,温州,wz_vehicle,,,,330326,0,,,,,2026-09-02
722742a8e5dfae50,温州,wz_vehicle,,,,330382,0,,,,,2026-09-02
58536eae1302f583,温州,wz_vehicle,,,,330382,0,,,,,2026-09-02
f43f4473818e8c49,温州,wz_vehicle,,,,330327,0,,,,,2026-09-02
0d258bda85255248,温州,wz_vehicle,,,,330303,0,,,,,2026-09-02
f80aad9d68bad716,温州,wz_vehicle,,,,330303,0,,,,,2026-09-02
09c4bb2ebd91e401,温州,wz_vehicle,,,,330391,0,,,,,2026-09-02
c5c399810b22fd92,温州,wz_vehicle,,,,330304,0,,,,,2026-09-02
99679c0ca848e5ab,温州,wz_vehicle,,,,330304,0,,,,,2026-09-02
8204a901166bd640,温州,wz_vehicle,,,,330391,0,,,,,2026-09-02
928262732feafb0e,温州,wz_vehicle,,,,330302,0,,,,,2026-09-02
b5c2250f88887515,温州,wz_vehicle,,,,,0,,,,,2026-09-02
1ee38dba263984d1,温州,wz_vehicle,,,,330324003,0,,,,,2026-09-02
f713c5e9be9e2922,温州,wz_vehicle,,,,330324003,0,,,,,2026-09-02
72d43a71d6f85e75,温州,wz_vehicle,,,,330326,0,,,,,2026-09-02
b16c9442333cd201,温州,wz_vehicle,,,,330381,0,,,,,2026-09-02
f17f6e1c69367c4f,温州,wz_vehicle,,,,330303,0,,,,,2026-09-02
aba371aa258f0f66,温州,wz_vehicle,,,,330383,0,,,,,2026-09-02
57bb83a8641815a9,温州,wz_vehicle,,,,330382,0,,,,,2026-09-02
45433551b1b23894,温州,wz_vehicle,,,,330303,0,,,,,2026-09-02
476e37bc6035b1e3,温州,wz_vehicle,,,,330303,0,,,,,2026-09-02
830912550491b683,温州,wz_vehicle,,,,330303,0,,,,,2026-09-02
6f09897b03b569bf,温州,wz_vehicle,,,,330324,0,,,,,2026-09-02
edefd8224620d15b,温州,wz_vehicle,,,,330303,0,,,,,2026-09-02
2f30941875ba28f6,温州,wz_vehicle,,,,330324,0,,,,,2026-09-02
37e30e4328dab117,温州,wz_vehicle,,,,330302,0,,,,,2026-09-02
9900abd506d9ebfa,温州,wz_vehicle,,,,330383,0,,,,,2026-09-02
ed1462482b463fac,温州,wz_vehicle,,,,330324,0,,,,,2026-09-02
64184addeef3eec0,温州,wz_vehicle,,,,330382,0,,,,,2026-09-02
ea59509f92659949,温州,wz_vehicle,,,,330327,0,,,,,2026-09-02
7d03d8b33c0d5ec8,温州,wz_vehicle,,,,330303,0,,,,,2026-09-02
0b53fdbe56de1ddc,温州,wz_vehicle,,,,330329,0,,,,,2026-09-02
6520d319c49e9a70,温州,wz_vehicle,,,,330327,0,,,,,2026-09-02
40f69d2f0303c375,温州,wz_vehicle,,,,330382,0,,,,,2026-09-02
85ec9e2bc8bd0ea3,温州,wz_vehicle,,,,330381,0,,,,,2026-09-02
bdb8d4877edae805,温州,wz_vehicle,,,,330327,0,,,,,2026-09-02
18d5b4ad0384e43a,温州,wz_vehicle,,,,330303,0,,,,,2026-09-02
750f378be7c3548c,温州,wz_vehicle,,,,330303,0,,,,,2026-09-02
5bf7f84fb301ca10,温州,wz_vehicle,,,,330328,0,,,,,2026-09-02
be6b9107d0f55bec,温州,wz_vehicle,,,,330327,0,,,,,2026-09-02
8e35ea9ce0e6b357,温州,wz_vehicle,,,,330382,0,,,,,2026-09-02
4e8b1444f4d707ae,温州,wz_vehicle,,,,330381,0,,,,,2026-09-02
997c1acaf27d8284,温州,wz_vehicle,,,,330326,0,,,,,2026-09-02
f63cd5ca9ecf733b,温州,wz_vehicle,,,,330327,0,,,,,2026-09-02
cafb34577b4284ab,温州,wz_vehicle,,,,330324,0,,,,,2026-09-02
e6bfab2152906a91,温州,wz_vehicle,,,,330329,0,,,,,2026-09-02
aa5947f0301d4dab,温州,wz_vehicle,,,,330324,0,,,,,2026-09-02
0f283f59fb2095f7,温州,wz_vehicle,,,,330328,0,,,,,2026-09-02
dd5c26ab308a36b4,温州,wz_vehicle,,,,330383,0,,,,,2026-09-02
ccb0e1f096dac875,温州,wz_vehicle,,,,330304,0,,,,,2026-09-02
d7ed34a8d8695139,温州,wz_vehicle,,,,330304,0,,,,,2026-09-02
518502d9fd461e94,温州,wz_vehicle,,,,330391,0,,,,,2026-09-02
8afa95c4b4ab7341,温州,wz_vehicle,,,,330383,0,,,,,2026-09-02
4ed1c5a8ea41eb65,温州,wz_vehicle,,,,330303,0,,,,,2026-09-02
1551be2fc44d3a8d,温州,wz_vehicle,,,,330383,0,,,,,2026-09-02
f0b2b5dde8bd696f,温州,wz_vehicle,,,,330382,0,,,,,2026-09-02
98caa69632313c72,温州,wz_vehicle,,,,330303,0,,,,,2026-09-02
87ef80da29870955,温州,wz_vehicle,,,,330326,0,,,,,2026-09-02
c4f4eba456445db5,温州,wz_vehicle,,,,330303,0,,,,,2026-09-02
c0d2f6656ae62235,温州,wz_vehicle,,,,330303,0,,,,,2026-09-02
56867944213ef4c2,温州,wz_vehicle,,,,330326,0,,,,,2026-09-02
5579173484e95165,温州,wz_vehicle,,,,330326,0,,,,,2026-09-02
bddc32bcba4d3995,温州,wz_vehicle,,,,330381,0,,,,,2026-09-02
7b9e942931d7895a,温州,wz_vehicle,,,,330303,0,,,,,2026-09-02
42cfedf3de40e308,温州,wz_vehicle,,,,330304,0,,,,,2026-09-02
8dc5dbccf1a48d60,温州,wz_vehicle,,,,330304,0,,,,,2026-09-02
9b18d0f624e51255,温州,wz_vehicle,,,,330302,0,,,,,2026-09-02
a41bd5540fd7bb22,温州,wz_vehicle,,,,330324,0,,,,,2026-09-02
aed3b06d3e5665ca,温州,wz_vehicle,,,,330304,0,,,,,2026-09-02
d72578c4895a1ad6,温州,wz_vehicle,,,,330382,0,,,,,2026-09-02
c33db9db7d2219ea,温州,wz_vehicle,,,,330391,0,,,,,2026-09-02
ce162b458516c682,温州,wz_vehicle,,,,330381,0,,,,,2026-09-02
1ee079036a8bb266,温州,wz_vehicle,,,,330391,0,,,,,2026-09-02
b56e83ee0ac61cac,温州,wz_vehicle,,,,330391,0,,,,,2026-09-02
fa740ab15d487984,温州,wz_vehicle,,,,330383,0,,,,,2026-09-02
418ba2ebcb215210,温州,wz_vehicle,,,,330324,0,,,,,2026-09-02
a002d3612aeffba5,温州,wz_vehicle,,,,330303,0,,,,,2026-09-02
bf84b1e762421aec,温州,wz_vehicle,,,,330324003,0,,,,,2026-09-02
5af90a1ff621ae9e,温州,wz_vehicle,,,,330304,0,,,,,2026-09-02
ab7ea0855a4d4959,温州,wz_vehicle,,,,330327,0,,,,,2026-09-02
a4e1555575e39fe6,温州,wz_vehicle,,,,330324,0,,,,,2026-09-02
10b87ceffeed298f,温州,wz_vehicle,,,,330381,0,,,,,2026-09-02
73c75bc4fce5a652,温州,wz_vehicle,,,,330329,0,,,,,2026-09-02
6749dd513adbdc87,温州,wz_vehicle,,,,330304,0,,,,,2026-09-02
74fc00a6e6edce48,温州,wz_vehicle,,,,330302,0,,,,,2026-09-02
42dc02d74ea4bbd2,温州,wz_vehicle,,,,330381,0,,,,,2026-09-02
76f86b85cb999588,温州,wz_vehicle,,,,330324,0,,,,,2026-09-02
39c58b20a2ef5e9e,温州,wz_vehicle,,,,330304,0,,,,,2026-09-02
44e97c621ae3cb6a,温州,wz_vehicle,,,,330327,0,,,,,2026-09-02
9764653662a36bda,温州,wz_vehicle,,,,330383,0,,,,,2026-09-02
7974c6ae66021620,温州,wz_vehicle,,,,330324,0,,,,,2026-09-02
82f645947cb4c1e8,温州,wz_vehicle,,,,330304,0,,,,,2026-09-02
280e57eaff331dd2,温州,wz_vehicle,,,,330382,0,,,,,2026-09-02
77f3041d11b3ef78,温州,wz_vehicle,,,,330382,0,,,,,2026-09-02
c8be4ed185caf993,温州,wz_vehicle,,,,330303,0,,,,,2026-09-02
b8acc42c027a3ff6,温州,wz_vehicle,,,,330324,0,,,,,2026-09-02
802ecd94a0d9ae19,温州,wz_vehicle,,,,330328,0,,,,,2026-09-02
c3b555b339d3f114,温州,wz_vehicle,,,,330324,0,,,,,2026-09-02
9472edc4cfa9659a,温州,wz_vehicle,,,,330328,0,,,,,2026-09-02
2bf3ae88086c77e0,温州,wz_vehicle,,,,330304,0,,,,,2026-09-02
967766da53a5524d,温州,wz_vehicle,,,,330303,0,,,,,2026-09-02
0b241c681f9406ba,温州,wz_vehicle,,,,330383,0,,,,,2026-09-02
9facb2626c2a2d09,温州,wz_vehicle,,,,330382,0,,,,,2026-09-02
204cf24a37d67c73,温州,wz_vehicle,,,,330381,0,,,,,2026-09-02
b0065806118177d6,温州,wz_vehicle,,,,330327,0,,,,,2026-09-02
9e5da4c85d447028,温州,wz_vehicle,,,,330327,0,,,,,2026-09-02
2f7088848d877770,温州,wz_vehicle,,,,,0,,,,,2026-09-02
7ccdae107a46019b,温州,wz_vehicle,,,,330303,0,,,,,2026-09-02
2dd527255de05ac7,温州,wz_vehicle,,,,330327,0,,,,,2026-09-02
24204f5541542534,温州,wz_vehicle,,,,330303,0,,,,,2026-09-02
951c40d6fc0897df,温州,wz_vehicle,,,,330391,0,,,,,2026-09-02
1eb496136b75370e,温州,wz_vehicle,,,,330382,0,,,,,2026-09-02
980857d3d1078f89,温州,wz_vehicle,,,,330391,0,,,,,2026-09-02
aa2d290f5edc54ff,温州,wz_vehicle,,,,330327,0,,,,,2026-09-02
93a78ff97b012e9a,温州,wz_vehicle,,,,330328,0,,,,,2026-09-02
a720144c42f8c73a,温州,wz_vehicle,,,,330302,0,,,,,2026-09-02
c3cb5c1582d26c76,温州,wz_vehicle,,,,330303,0,,,,,2026-09-02
0d6092abbf50bc04,温州,wz_vehicle,,,,330391,0,,,,,2026-09-02
e57fbb763524a404,温州,wz_vehicle,,,,330327,0,,,,,2026-09-02
de363276788d4e32,温州,wz_vehicle,,,,330391,0,,,,,2026-09-02
fc3890e237f58bbe,温州,wz_vehicle,,,,330327,0,,,,,2026-09-02
5bca09850a4b3551,温州,wz_vehicle,,,,330391,0,,,,,2026-09-02
2c01a8dd3e384a6e,温州,wz_vehicle,,,,330303,0,,,,,2026-09-02
374acca3738a8734,温州,wz_vehicle,,,,330381,0,,,,,2026-09-02
1d20874fa6d14f01,温州,wz_vehicle,,,,330303,0,,,,,2026-09-02
98c0025b6bf94216,温州,wz_vehicle,,,,330324,0,,,,,2026-09-02
a4eca4a7c4088c0b,温州,wz_vehicle,,,,330324,0,,,,,2026-09-02
9503a4c5c4da08ce,温州,wz_vehicle,,,,330382,0,,,,,2026-09-02
558c05f77c91dc26,温州,wz_vehicle,,,,330324,0,,,,,2026-09-02
aa4e4dbbd9dc6ee8,温州,wz_vehicle,,,,330302,0,,,,,2026-09-02
644bd1b28c03870e,温州,wz_vehicle,,,,330303,0,,,,,2026-09-02
051e5978c516ef7e,温州,wz_vehicle,,,,330391,0,,,,,2026-09-02
93d74e8c7d16ed5f,温州,wz_vehicle,,,,330303,0,,,,,2026-09-02
9658484534e4c4dc,温州,wz_vehicle,,,,330303,0,,,,,2026-09-02
0d3b8bb361fc121b,温州,wz_vehicle,,,,330326,0,,,,,2026-09-02
625feeef8442160b,温州,wz_vehicle,,,,330303,0,,,,,2026-09-02
31e9f439fef8ad9c,温州,wz_vehicle,,,,330328,0,,,,,2026-09-02
039f7a64fab74df8,温州,wz_vehicle,,,,330302,0,,,,,2026-09-02
bdcf35129f4f56ab,温州,wz_vehicle,,,,330382,0,,,,,2026-09-02
2f578c77584e1679,温州,wz_vehicle,,,,330391,0,,,,,2026-09-02
8b886ca97e5b78f9,温州,wz_vehicle,,,,330302,0,,,,,2026-09-02
4f5d1733f9d59e2d,温州,wz_vehicle,,,,330391,0,,,,,2026-09-02
27a8f69052d77975,温州,wz_vehicle,,,,330326,0,,,,,2026-09-02
3d1d7121bfb7dcfb,温州,wz_vehicle,,,,330303,0,,,,,2026-09-02
b9c989400e6a3cb8,温州,wz_vehicle,,,,330303,0,,,,,2026-09-02
7a71ff6b27078c15,温州,wz_vehicle,,,,330327,0,,,,,2026-09-02
7f343b2a5325f43a,温州,wz_vehicle,,,,330303,0,,,,,2026-09-02
a0c58d0188be06b7,温州,wz_vehicle,,,,330327,0,,,,,2026-09-02
83c3a072e3dd97f3,温州,wz_vehicle,,,,330303,0,,,,,2026-09-02
feff5c465e53b2eb,温州,wz_vehicle,,,,330327,0,,,,,2026-09-02
1a51d4a22ad50c69,温州,wz_vehicle,,,,330382,0,,,,,2026-09-02
b69201acede2a03c,温州,wz_vehicle,,,,330382,0,,,,,2026-09-02
eb6738f461cfb8b4,温州,wz_vehicle,,,,330303,0,,,,,2026-09-02
3c74ba8110e4a821,温州,wz_vehicle,,,,330391,0,,,,,2026-09-02
90f08fd6646b84c3,温州,wz_vehicle,,,,330382,0,,,,,2026-09-02
558b32b104358f99,温州,wz_vehicle,,,,330303,0,,,,,2026-09-02
52193f8bbeb063eb,温州,wz_vehicle,,,,330324,0,,,,,2026-09-02
c0e8d0e96b51a4e0,温州,wz_vehicle,,,,330391,0,,,,,2026-09-02
43056f6889cfc2bc,温州,wz_vehicle,,,,330383,0,,,,,2026-09-02
a6109791d12fe10d,温州,wz_vehicle,,,,330391,0,,,,,2026-09-02
a55b25463b187839,温州,wz_vehicle,,,,330391,0,,,,,2026-09-02
cfde8d8391a31386,温州,wz_vehicle,,,,330326,0,,,,,2026-09-02
c0de7683452e74e8,温州,wz_vehicle,,,,330327,0,,,,,2026-09-02
a4fb02824434a574,温州,wz_vehicle,,,,330303,0,,,,,2026-09-02
da2f9ed9204df5f4,温州,wz_vehicle,,,,330382,0,,,,,2026-09-02
0d19220d111a09d7,温州,wz_vehicle,,,,330328,0,,,,,2026-09-02
bfbebff22b137707,温州,wz_vehicle,,,,330303,0,,,,,2026-09-02
4c01b8e51fa521e3,温州,wz_vehicle,,,,330327,0,,,,,2026-09-02
553d5820a83dea0d,温州,wz_vehicle,,,,330328,0,,,,,2026-09-02
2b6a700a69535d8f,温州,wz_vehicle,,,,330304,0,,,,,2026-09-02
e9e9d887a0ec2370,温州,wz_vehicle,,,,330391,0,,,,,2026-09-02
f3f38e37d2b1c55e,温州,wz_vehicle,,,,330383,0,,,,,2026-09-02
2d079fee80bfd49c,温州,wz_vehicle,,,,330302,0,,,,,2026-09-02
cef03ad065b4f8eb,温州,wz_vehicle,,,,3303,0,,,,,2026-09-02
314979f80fe8b58d,温州,wz_vehicle,,,,330391,0,,,,,2026-09-02
80ba7c49717ef8c8,温州,wz_vehicle,,,,330382,0,,,,,2026-09-02
058672fe41149819,温州,wz_vehicle,,,,330303,0,,,,,2026-09-02
bd2e997862986d48,温州,wz_vehicle,,,,330327,0,,,,,2026-09-02
2b870024397e4b83,温州,wz_vehicle,,,,330329,0,,,,,2026-09-02
ea006fbee892d60b,温州,wz_vehicle,,,,330326,0,,,,,2026-09-02
d1728fe5ab7d6b96,温州,wz_vehicle,,,,330391,0,,,,,2026-09-02
a8c6282a443de32d,温州,wz_vehicle,,,,330381,0,,,,,2026-09-02
2dc7fc3d37f15da8,温州,wz_vehicle,,,,330303,0,,,,,2026-09-02
de5f2abbecca761b,温州,wz_vehicle,,,,330382,0,,,,,2026-09-02
b95704bc46025237,温州,wz_vehicle,,,,330302,0,,,,,2026-09-02
21d521b591032b17,温州,wz_vehicle,,,,330391,0,,,,,2026-09-02
42749d1f1b31cef8,温州,wz_vehicle,,,,330324,0,,,,,2026-09-02
c5f2d0eb4ed54bff,温州,wz_vehicle,,,,330302,0,,,,,2026-09-02
ee3784d2676f740e,温州,wz_vehicle,,,,330382,0,,,,,2026-09-02
47974194a23589cc,温州,wz_vehicle,,,,330391,0,,,,,2026-09-02
d1743cc6afdd8281,温州,wz_vehicle,,,,330382,0,,,,,2026-09-02
0a86ae2c8c2dd0a8,温州,wz_vehicle,,,,330324,0,,,,,2026-09-02
55847281dacad94f,温州,wz_vehicle,,,,330303,0,,,,,2026-09-02
73754bb87fd80118,温州,wz_vehicle,,,,330391,0,,,,,2026-09-02
3cc1e08323f13af5,温州,wz_vehicle,,,,330329,0,,,,,2026-09-02
c256cca380d7a41a,温州,wz_vehicle,,,,330303,0,,,,,2026-09-02
bdbc42f8a59675e2,温州,wz_vehicle,,,,330391,0,,,,,2026-09-02
9a92b61f48ebbbad,温州,wz_vehicle,,,,330391,0,,,,,2026-09-02
0b24b240d2c08e37,温州,wz_vehicle,,,,330327,0,,,,,2026-09-02
79b2e7c7a41af6b1,温州,wz_vehicle,,,,330391,0,,,,,2026-09-02
83eda2c3ad6c6d53,温州,wz_vehicle,,,,330303,0,,,,,2026-09-02
48c6f3d92e6d8895,温州,wz_vehicle,,,,330303,0,,,,,2026-09-02
41323bad761531d7,温州,wz_vehicle,,,,330303,0,,,,,2026-09-02
d28e3189a7898f69,温州,wz_vehicle,,,,330303,0,,,,,2026-09-02
6246739623173007,温州,wz_vehicle,,,,330304,0,,,,,2026-09-02
e7d97ea347e2f192,温州,wz_vehicle,,,,330302,0,,,,,2026-09-02
da4d0c69849b1613,温州,wz_vehicle,,,,330303,0,,,,,2026-09-02
ac69e43ec03c9c16,温州,wz_vehicle,,,,330303,0,,,,,2026-09-02
717bc7656b341d82,温州,wz_vehicle,,,,330328,0,,,,,2026-09-02
069767626c263c9c,温州,wz_vehicle,,,,330324,0,,,,,2026-09-02
30416324f24ef076,温州,wz_vehicle,,,,330327,0,,,,,2026-09-02
8f37461e05a5f7c1,温州,wz_vehicle,,,,330326,0,,,,,2026-09-02
35da4b1ec2579712,温州,wz_vehicle,,,,330303,0,,,,,2026-09-02
4e43fde2295f867b,温州,wz_vehicle,,,,330324,0,,,,,2026-09-02
e5b6b3a5bbdada6c,温州,wz_vehicle,,,,330381,0,,,,,2026-09-02
946b62f97140bb58,温州,wz_vehicle,,,,330381,0,,,,,2026-09-02
5ffa7993b26e3719,温州,wz_vehicle,,,,330382,0,,,,,2026-09-02
64619219628201c0,温州,wz_vehicle,,,,330391,0,,,,,2026-09-02
42fbcfd91065c453,温州,wz_vehicle,,,,330391,0,,,,,2026-09-02
e697aef08850c6d8,温州,wz_vehicle,,,,330381,0,,,,,2026-09-02
ab67387b313f6f57,温州,wz_vehicle,,,,330326,0,,,,,2026-09-02
d832a92c5047af38,温州,wz_vehicle,,,,330382,0,,,,,2026-09-02
3066e9e5135041bd,温州,wz_vehicle,,,,330327,0,,,,,2026-09-02
aed7fa0a205ebce2,温州,wz_vehicle,,,,330383,0,,,,,2026-09-02
4360d975d7661724,温州,wz_vehicle,,,,330391,0,,,,,2026-09-02
37d0c664e0033975,温州,wz_vehicle,,,,330304,0,,,,,2026-09-02
e1d27f3706b07a5b,温州,wz_vehicle,,,,330391,0,,,,,2026-09-02
77f1373fb78831f9,温州,wz_vehicle,,,,330383,0,,,,,2026-09-02
f4803c6c95439c6a,温州,wz_vehicle,,,,330303,0,,,,,2026-09-02
c62ad070c1675fe4,温州,wz_vehicle,,,,330391,0,,,,,2026-09-02
6f65ea4cfce02216,温州,wz_vehicle,,,,330382,0,,,,,2026-09-02
e6b23e598802e53d,温州,wz_vehicle,,,,330302,0,,,,,2026-09-02
ded4e490c9b40cdc,温州,wz_vehicle,,,,330391,0,,,,,2026-09-02
73f236197c3bffe7,温州,wz_vehicle,,,,330391,0,,,,,2026-09-02
2cc13cad1effbfb6,温州,wz_vehicle,,,,330327,0,,,,,2026-09-02
b118f9faf55f65cf,温州,wz_vehicle,,,,330382,0,,,,,2026-09-02
4f367cf6bbdb0d4b,温州,wz_vehicle,,,,330327,0,,,,,2026-09-02
c1616c5558b94a4b,温州,wz_vehicle,,,,330383,0,,,,,2026-09-02
203d147ffd1d2661,温州,wz_vehicle,,,,330303,0,,,,,2026-09-02
a73e8b0143be0647,温州,wz_vehicle,,,,330381,0,,,,,2026-09-02
6fe593eb05a44c95,温州,wz_vehicle,,,,330383,0,,,,,2026-09-02
333d3b084e823b22,温州,wz_vehicle,,,,330303,0,,,,,2026-09-02
5878be2e7978fa5f,温州,wz_vehicle,,,,330326,0,,,,,2026-09-02
cff611ed679fb9c2,温州,wz_vehicle,,,,330391,0,,,,,2026-09-02
dac52ec04c9ac0d3,温州,wz_vehicle,,,,330327,0,,,,,2026-09-02
d3d112a518a8a322,温州,wz_vehicle,,,,330382,0,,,,,2026-09-02
e2257bd46df81b4e,温州,wz_vehicle,,,,330326,0,,,,,2026-09-02
a5cd52585d0d3248,温州,wz_vehicle,,,,330303,0,,,,,2026-09-02
8df4f50ad107f345,温州,wz_vehicle,,,,330382,0,,,,,2026-09-02
b8dba47fab6006c8,温州,wz_vehicle,,,,330324,0,,,,,2026-09-02
a34b9b591a5d8d99,温州,wz_vehicle,,,,330383,0,,,,,2026-09-02
184ec07d32095e12,温州,wz_vehicle,,,,330383,0,,,,,2026-09-02
fcca2aa271373c68,温州,wz_vehicle,,,,330382,0,,,,,2026-09-02
59a80daa2cf9661b,温州,wz_vehicle,,,,330328,0,,,,,2026-09-02
7b325949d106dfde,温州,wz_vehicle,,,,330381,0,,,,,2026-09-02
0cadc0879f3e81fb,温州,wz_vehicle,,,,330382,0,,,,,2026-09-02
a37dd950f6800c3e,温州,wz_vehicle,,,,330391,0,,,,,2026-09-02
34d23d8ae98ac40c,温州,wz_vehicle,,,,330327,0,,,,,2026-09-02
1c8e784f249d9281,温州,wz_vehicle,,,,330383,0,,,,,2026-09-02
e4cf1c975f8706df,温州,wz_vehicle,,,,330382,0,,,,,2026-09-02
9b3a5a8ce7c2d631,温州,wz_vehicle,,,,330391,0,,,,,2026-09-02
a0cb11d30ea0aa89,温州,wz_vehicle,,,,330383,0,,,,,2026-09-02
7526fde736ed4c70,温州,wz_vehicle,,,,330303,0,,,,,2026-09-02
079fcf18a5585048,温州,wz_vehicle,,,,330304,0,,,,,2026-09-02
a63f870b9a58ed71,温州,wz_vehicle,,,,330328,0,,,,,2026-09-02
99331ad9e236c1b3,温州,wz_vehicle,,,,330383,0,,,,,2026-09-02
90124a00e6e85bda,温州,wz_vehicle,,,,330326,0,,,,,2026-09-02
581978f4d75ad1b7,温州,wz_vehicle,,,,330381,0,,,,,2026-09-02
38c79c78e618a96f,温州,wz_vehicle,,,,330326,0,,,,,2026-09-02
e11a3f5edd52642e,温州,wz_vehicle,,,,330304,0,,,,,2026-09-02
6106dbeda32887ae,温州,wz_vehicle,,,,330391,0,,,,,2026-09-02
a624ad47d2033d5e,温州,wz_vehicle,,,,330324,0,,,,,2026-09-02
6f36ef78214609c4,温州,wz_vehicle,,,,330303,0,,,,,2026-09-02
6e6303132dc0ea76,温州,wz_vehicle,,,,330303,0,,,,,2026-09-02
48622699ad93162e,温州,wz_vehicle,,,,330303,0,,,,,2026-09-02
19f450be44dea0fc,温州,wz_vehicle,,,,330381,0,,,,,2026-09-02
fdac0325af4db902,温州,wz_vehicle,,,,330381,0,,,,,2026-09-02
56bcd8fcc1b256a8,温州,wz_vehicle,,,,330381,0,,,,,2026-09-02
720a029c283e465a,温州,wz_vehicle,,,,330383,0,,,,,2026-09-02
c961e183486165cd,温州,wz_vehicle,,,,330382,0,,,,,2026-09-02
6af39bee518c5f48,温州,wz_vehicle,,,,330303,0,,,,,2026-09-02
f372079440b3c1da,温州,wz_vehicle,,,,330327,0,,,,,2026-09-02
eb0563837699b522,温州,wz_vehicle,,,,330327,0,,,,,2026-09-02
1a7d3474eb2726d6,温州,wz_vehicle,,,,330324,0,,,,,2026-09-02
318d664f843761f3,温州,wz_vehicle,,,,330383,0,,,,,2026-09-02
4c7d3471b5045bdf,温州,wz_vehicle,,,,330324003,0,,,,,2026-09-02
ec17ed12734ceb70,温州,wz_vehicle,,,,330381,0,,,,,2026-09-02
d5c516164dcb6f0f,温州,wz_vehicle,,,,330303,0,,,,,2026-09-02
f91872d557d023bf,温州,wz_vehicle,,,,330324,0,,,,,2026-09-02
8a981e73c00c2f8f,温州,wz_vehicle,,,,330326,0,,,,,2026-09-02
dcd1c86c4064db62,温州,wz_vehicle,,,,330303,0,,,,,2026-09-02
c0cd398af2f55d7e,温州,wz_vehicle,,,,330303,0,,,,,2026-09-02
beed6f74c0b6565a,温州,wz_vehicle,,,,330304,0,,,,,2026-09-02
ef687e6bb8fc4143,温州,wz_vehicle,,,,330327,0,,,,,2026-09-02
802d6089c9c052e8,温州,wz_vehicle,,,,330303,0,,,,,2026-09-02
6725bd17fab12685,温州,wz_vehicle,,,,330326,0,,,,,2026-09-02
f4fe4dc80939a390,温州,wz_vehicle,,,,330324,0,,,,,2026-09-02
efd415978ef80f88,温州,wz_vehicle,,,,330327,0,,,,,2026-09-02
cb61f19974e8a3a6,温州,wz_vehicle,,,,330383,0,,,,,2026-09-02
6d4b5ada56bb5166,温州,wz_vehicle,,,,330304,0,,,,,2026-09-02
d640579310830383,温州,wz_vehicle,,,,330381,0,,,,,2026-09-02
092227f22d3cb730,温州,wz_vehicle,,,,330382,0,,,,,2026-09-02
01b54468a8f3e092,温州,wz_vehicle,,,,330328,0,,,,,2026-09-02
44cef3bed9b9b72f,温州,wz_vehicle,,,,330303,0,,,,,2026-09-02
3173c250ba1183e6,温州,wz_vehicle,,,,330391,0,,,,,2026-09-02
576e598107ff497a,温州,wz_vehicle,,,,330327,0,,,,,2026-09-02
bac28151d70319bc,温州,wz_vehicle,,,,330303,0,,,,,2026-09-02
179284e8cc31aa2c,温州,wz_vehicle,,,,330304,0,,,,,2026-09-02
a3a0582f2cb971b4,温州,wz_vehicle,,,,330303,0,,,,,2026-09-02
8dcc95cd9aade3cd,温州,wz_vehicle,,,,330381,0,,,,,2026-09-02
2e15d1a401f7ab85,温州,wz_vehicle,,,,330328,0,,,,,2026-09-02
14c48d57579ceb65,温州,wz_vehicle,,,,330382,0,,,,,2026-09-02
70ab4093bea2b89d,温州,wz_vehicle,,,,330391,0,,,,,2026-09-02
357d1a1171475afb,温州,wz_vehicle,,,,330327,0,,,,,2026-09-02
0a18dbf2e93f8f32,温州,wz_vehicle,,,,330326,0,,,,,2026-09-02
e409414760fe477c,温州,wz_vehicle,,,,330391,0,,,,,2026-09-02
c6585be5ee7c9072,温州,wz_vehicle,,,,330328,0,,,,,2026-09-02
f194a02dcbd06993,温州,wz_vehicle,,,,330324,0,,,,,2026-09-02
5b5e6ef594f8e07a,温州,wz_vehicle,,,,330329,0,,,,,2026-09-02
817721c2220ae1fa,温州,wz_vehicle,,,,330326,0,,,,,2026-09-02
4346e4745b0bd666,温州,wz_vehicle,,,,330391,0,,,,,2026-09-02
33ab0275f460ac8f,温州,wz_vehicle,,,,330324,0,,,,,2026-09-02
aa439ec054278960,温州,wz_vehicle,,,,330304,0,,,,,2026-09-02
a69fb5653c63e308,温州,wz_vehicle,,,,330381,0,,,,,2026-09-02
3bb402b7d2169808,温州,wz_vehicle,,,,330324,0,,,,,2026-09-02
67b18bb8cf09a463,温州,wz_vehicle,,,,330324,0,,,,,2026-09-02
e07da6114e5ac149,温州,wz_vehicle,,,,330327,0,,,,,2026-09-02
8570123d8893c958,温州,wz_vehicle,,,,330328,0,,,,,2026-09-02
5c64412d91fa717c,温州,wz_vehicle,,,,330382,0,,,,,2026-09-02
f6b96994f9467f74,温州,wz_vehicle,,,,330324003,0,,,,,2026-09-02
085fdfdfb8e54b71,温州,wz_vehicle,,,,330303,0,,,,,2026-09-02
b63c6599bed7f46b,温州,wz_vehicle,,,,330391,0,,,,,2026-09-02
e7d9dd091a38ea25,温州,wz_vehicle,,,,330383,0,,,,,2026-09-02
d000b71fa01ecf4b,温州,wz_vehicle,,,,330382,0,,,,,2026-09-02
1febafbf2814a86d,温州,wz_vehicle,,,,330324,0,,,,,2026-09-02
575b4c402c82d6eb,温州,wz_vehicle,,,,330302,0,,,,,2026-09-02
77b3fc5eef633fd8,温州,wz_vehicle,,,,330382,0,,,,,2026-09-02
ab3b4e11531f35ae,温州,wz_vehicle,,,,330391,0,,,,,2026-09-02
2b1ddfb076c7f939,温州,wz_vehicle,,,,330326,0,,,,,2026-09-02
006f07664992d760,温州,wz_vehicle,,,,330381,0,,,,,2026-09-02
2741ed6399cce49b,温州,wz_vehicle,,,,330303,0,,,,,2026-09-02
83c0cff34ee1f958,温州,wz_vehicle,,,,330326,0,,,,,2026-09-02
37d40d35bf4e7bd2,温州,wz_vehicle,,,,330391,0,,,,,2026-09-02
ad4fe98c6883a853,温州,wz_vehicle,,,,330383,0,,,,,2026-09-02
518e604a12910c93,温州,wz_vehicle,,,,330383,0,,,,,2026-09-02
2dbeb03a0b83cf3f,温州,wz_vehicle,,,,330304,0,,,,,2026-09-02
cbe897d0ddc3ab9a,温州,wz_vehicle,,,,330381,0,,,,,2026-09-02
ffc4591227724440,温州,wz_vehicle,,,,330302,0,,,,,2026-09-02
bf468b6e6fc1027a,温州,wz_vehicle,,,,330327,0,,,,,2026-09-02
dd2df02755a33062,温州,wz_vehicle,,,,330381,0,,,,,2026-09-02
fcc2139300a544b1,温州,wz_vehicle,,,,330304,0,,,,,2026-09-02
ad120d64c6b2ce62,温州,wz_vehicle,,,,,0,,,,,2026-09-02
9708da8b9c4e4d25,温州,wz_vehicle,,,,330391,0,,,,,2026-09-02
055eb0f7baff43eb,温州,wz_vehicle,,,,330303,0,,,,,2026-09-02
0da5d396c22845d2,温州,wz_vehicle,,,,330302,0,,,,,2026-09-02
7da4b0678747795f,温州,wz_vehicle,,,,330304,0,,,,,2026-09-02
ad2d81da3a7dd8a0,温州,wz_vehicle,,,,330391,0,,,,,2026-09-02
4529f1cce817b538,温州,wz_vehicle,,,,330327,0,,,,,2026-09-02
51ae49a65fdc854b,温州,wz_vehicle,,,,330391,0,,,,,2026-09-02
c18edb6ddfb9372a,温州,wz_vehicle,,,,330327,0,,,,,2026-09-02
c0d43ae313af2ae9,温州,wz_vehicle,,,,330329,0,,,,,2026-09-02
432fdd8a9925052c,温州,wz_vehicle,,,,330391,0,,,,,2026-09-02
2ce0ce5f3ba373d2,温州,wz_vehicle,,,,330383,0,,,,,2026-09-02
aeb6a274320655eb,温州,wz_vehicle,,,,330383,0,,,,,2026-09-02
6f8692bdbee0d471,温州,wz_vehicle,,,,330383,0,,,,,2026-09-02
df697b3f17420565,温州,wz_vehicle,,,,330391,0,,,,,2026-09-02
31865f54a77e1a3e,温州,wz_vehicle,,,,330326,0,,,,,2026-09-02
cbfca4121d4ebf3e,温州,wz_vehicle,,,,330303,0,,,,,2026-09-02
21b158de86f73559,温州,wz_vehicle,,,,330326,0,,,,,2026-09-02
a790cf8cff12f945,温州,wz_vehicle,,,,330303,0,,,,,2026-09-02
d0a1cc32f10ae937,温州,wz_vehicle,,,,330326,0,,,,,2026-09-02
3e3b489ddf8d12db,温州,wz_vehicle,,,,330329,0,,,,,2026-09-02
7eb770c9f2a8fc13,温州,wz_vehicle,,,,330324,0,,,,,2026-09-02
93d682b91ca407ed,温州,wz_vehicle,,,,330383,0,,,,,2026-09-02
f02549fc2654e123,温州,wz_vehicle,,,,330303,0,,,,,2026-09-02
312e0d8a32603f3c,温州,wz_vehicle,,,,330382,0,,,,,2026-09-02
6efc823cd3782695,温州,wz_vehicle,,,,330382,0,,,,,2026-09-02
5d1aa7fb471bdbf0,温州,wz_vehicle,,,,330391,0,,,,,2026-09-02
ee4c4161a93a965a,温州,wz_vehicle,,,,330304,0,,,,,2026-09-02
05d703fb84df27cb,温州,wz_vehicle,,,,330327,0,,,,,2026-09-02
052adad8742ddc04,温州,wz_vehicle,,,,330328,0,,,,,2026-09-02
1b833dcce1332ee4,温州,wz_vehicle,,,,330391,0,,,,,2026-09-02
2fc2582e501881b5,温州,wz_vehicle,,,,330327,0,,,,,2026-09-02
7f72985d8f134d0b,温州,wz_vehicle,,,,330303,0,,,,,2026-09-02
a4b0b1a7d7f8c55a,温州,wz_vehicle,,,,330326,0,,,,,2026-09-02
8c23d73e68de1d28,温州,wz_vehicle,,,,330303,0,,,,,2026-09-02
5d28158a3415c6b4,温州,wz_vehicle,,,,330391,0,,,,,2026-09-02
0f388feba8d277d5,温州,wz_vehicle,,,,330300,0,,,,,2026-09-02
b93eaba7b0b55fa8,温州,wz_vehicle,,,,330391,0,,,,,2026-09-02
73b45cd9daa76fec,温州,wz_vehicle,,,,330303,0,,,,,2026-09-02
3a6cbd0535574d3e,温州,wz_vehicle,,,,330303,0,,,,,2026-09-02
5a261b9c4850c1cd,温州,wz_vehicle,,,,330326,0,,,,,2026-09-02
e77cd064ec6b26fe,温州,wz_vehicle,,,,330382,0,,,,,2026-09-02
251913df000c4c8c,温州,wz_vehicle,,,,330304,0,,,,,2026-09-02
c2701752b33e032c,温州,wz_vehicle,,,,330391,0,,,,,2026-09-02
69f1da8468df65ab,温州,wz_vehicle,,,,,0,,,,,2026-09-02
619a3dee98790745,温州,wz_vehicle,,,,330383,0,,,,,2026-09-02
a5d667838cc5ca9d,温州,wz_vehicle,,,,330326,0,,,,,2026-09-02
1161d3c6bf025412,温州,wz_vehicle,,,,330327,0,,,,,2026-09-02
ac48d637bc5ceba5,温州,wz_vehicle,,,,330391,0,,,,,2026-09-02
f77261745164d5bd,温州,wz_vehicle,,,,330329,0,,,,,2026-09-02
92e12b2ecfa6427f,温州,wz_vehicle,,,,330303,0,,,,,2026-09-02
a3d97a3409c0a187,温州,wz_vehicle,,,,330383,0,,,,,2026-09-02
5ccb6c7bf7b1a51e,温州,wz_vehicle,,,,330381,0,,,,,2026-09-02
a4db0538e0a77d61,温州,wz_vehicle,,,,330303,0,,,,,2026-09-02
4178c012084509ef,温州,wz_vehicle,,,,330382,0,,,,,2026-09-02
3572bf9a3a8e12b8,温州,wz_vehicle,,,,330381,0,,,,,2026-09-02
fdada7a18835c24b,温州,wz_vehicle,,,,330391,0,,,,,2026-09-02
db6d09997d03229e,温州,wz_vehicle,,,,330382,0,,,,,2026-09-02
da3536558c23f061,温州,wz_vehicle,,,,330327,0,,,,,2026-09-02
f9b6ea83775aa662,温州,wz_vehicle,,,,330302,0,,,,,2026-09-02
2084c64129163c0c,温州,wz_vehicle,,,,330327,0,,,,,2026-09-02
1a37204f810c7041,温州,wz_vehicle,,,,330327,0,,,,,2026-09-02
bb0ab4315f12a58e,温州,wz_vehicle,,,,330391,0,,,,,2026-09-02
d5e32c5f524239ed,温州,wz_vehicle,,,,330326,0,,,,,2026-09-02
de03a69c2c1a6e73,温州,wz_vehicle,,,,330303,0,,,,,2026-09-02
b7f0baed98fd6893,温州,wz_vehicle,,,,330382,0,,,,,2026-09-02
2f7768bc5db6427e,温州,wz_vehicle,,,,330303,0,,,,,2026-09-02
2803ef447fc4660a,温州,wz_vehicle,,,,330324,0,,,,,2026-09-02
049fdd3d876a56ec,温州,wz_vehicle,,,,330391,0,,,,,2026-09-02
16e73c1c826e48d4,温州,wz_vehicle,,,,330391,0,,,,,2026-09-02
8697c848fab41a0f,温州,wz_vehicle,,,,330382,0,,,,,2026-09-02
e9a817da2bee65e2,温州,wz_vehicle,,,,330304,0,,,,,2026-09-02
71d29f05c19cb831,温州,wz_vehicle,,,,330303,0,,,,,2026-09-02
9ebed347e2eb2b88,温州,wz_vehicle,,,,330303,0,,,,,2026-09-02
e82060779de10562,温州,wz_vehicle,,,,330304,0,,,,,2026-09-02
b857713a36552324,温州,wz_vehicle,,,,330303,0,,,,,2026-09-02
8f8aa130a12b16c0,温州,wz_vehicle,,,,330304,0,,,,,2026-09-02
e585c6a4c9b477ff,温州,wz_vehicle,,,,330326,0,,,,,2026-09-02
d41aa26b7b37c225,温州,wz_vehicle,,,,330328,0,,,,,2026-09-02
ec15cd3ebe2c7c24,温州,wz_vehicle,,,,330391,0,,,,,2026-09-02
6164ff2a21b5ba3f,温州,wz_vehicle,,,,330383,0,,,,,2026-09-02
cec1640bc31dc6a1,温州,wz_vehicle,,,,330382,0,,,,,2026-09-02
9a0e6fa267cded97,温州,wz_vehicle,,,,330303,0,,,,,2026-09-02
73b9adb138a83c26,温州,wz_vehicle,,,,330324,0,,,,,2026-09-02
65056e517df43745,温州,wz_vehicle,,,,330391,0,,,,,2026-09-02
8268d081c903c973,温州,wz_vehicle,,,,330303,0,,,,,2026-09-02
8292795988b38c7e,温州,wz_vehicle,,,,330304,0,,,,,2026-09-02
4a3ffa81138fb0b5,温州,wz_vehicle,,,,,0,,,,,2026-09-02
efb171e4cfe24f03,温州,wz_vehicle,,,,330327,0,,,,,2026-09-02
3bdf5bbfa95cd231,温州,wz_vehicle,,,,330326,0,,,,,2026-09-02
7ae15d9a34f34330,温州,wz_vehicle,,,,330382,0,,,,,2026-09-02
f80d222c2e6e53d5,温州,wz_vehicle,,,,330391,0,,,,,2026-09-02
37775b670f6598b8,温州,wz_vehicle,,,,330303,0,,,,,2026-09-02
3ff9afdd3502238f,温州,wz_vehicle,,,,330328,0,,,,,2026-09-02
392c99a93601a9e7,温州,wz_vehicle,,,,330382,0,,,,,2026-09-02
9ad4d44248510d7a,温州,wz_vehicle,,,,330302,0,,,,,2026-09-02
0f1630a5be8263d9,温州,wz_vehicle,,,,330304,0,,,,,2026-09-02
7430dd857ce103a0,温州,wz_vehicle,,,,330381,0,,,,,2026-09-02
284ef9517cea401c,温州,wz_vehicle,,,,330391,0,,,,,2026-09-02
09afd4179c92448c,温州,wz_vehicle,,,,330391,0,,,,,2026-09-02
a791357b1aa39675,温州,wz_vehicle,,,,330327,0,,,,,2026-09-02
6b1be0abc0659c8b,温州,wz_vehicle,,,,330381,0,,,,,2026-09-02
a907885f6b109b4c,温州,wz_vehicle,,,,330391,0,,,,,2026-09-02
9fd4631933585569,温州,wz_vehicle,,,,330324,0,,,,,2026-09-02
8b67da6445bea05a,温州,wz_vehicle,,,,330326,0,,,,,2026-09-02
f0311313db050b9c,温州,wz_vehicle,,,,330303,0,,,,,2026-09-02
4f657ffc83f0abef,温州,wz_vehicle,,,,330303,0,,,,,2026-09-02
8f05148ba05e72df,温州,wz_vehicle,,,,330303,0,,,,,2026-09-02
4c9afb1f5237c46e,温州,wz_vehicle,,,,330391,0,,,,,2026-09-02
576b6e7c46d79d6b,温州,wz_vehicle,,,,330328,0,,,,,2026-09-02
01d69cc7d67f8f9f,温州,wz_vehicle,,,,330324,0,,,,,2026-09-02
5c7b1832295908ee,温州,wz_vehicle,,,,330327,0,,,,,2026-09-02
510cc9af98a7e57b,温州,wz_vehicle,,,,330304,0,,,,,2026-09-02
3a9ed70b8d4b8606,温州,wz_vehicle,,,,330302,0,,,,,2026-09-02
253d2696a65236e9,温州,wz_vehicle,,,,330304,0,,,,,2026-09-02
9b15357aca88263d,温州,wz_vehicle,,,,330304,0,,,,,2026-09-02
e422be95f9a9f883,温州,wz_vehicle,,,,330383,0,,,,,2026-09-02
3179db0783cb2904,温州,wz_vehicle,,,,330303,0,,,,,2026-09-02
df0ac3432e54903b,温州,wz_vehicle,,,,330381,0,,,,,2026-09-02
ece28aa0d8e3c2e3,温州,wz_vehicle,,,,330303,0,,,,,2026-09-02
554404eba1b9347d,温州,wz_vehicle,,,,330302,0,,,,,2026-09-02
e6f45f3008063566,温州,wz_vehicle,,,,330304,0,,,,,2026-09-02
a305f931f626752e,温州,wz_vehicle,,,,330303,0,,,,,2026-09-02
d34d613013104b86,温州,wz_vehicle,,,,330327,0,,,,,2026-09-02
b6f6b1c7bf40cbe7,温州,wz_vehicle,,,,330304,0,,,,,2026-09-02
f828a67ac9bb4ba7,温州,wz_vehicle,,,,330327,0,,,,,2026-09-02
62fe61d1cf784528,温州,wz_vehicle,,,,330382,0,,,,,2026-09-02
702c566b0bc1ca19,温州,wz_vehicle,,,,330303,0,,,,,2026-09-02
a8bd04c651acfd13,温州,wz_vehicle,,,,330382,0,,,,,2026-09-02
794c4a0b6ac00142,温州,wz_vehicle,,,,330381,0,,,,,2026-09-02
f0d6e7c0abb46498,温州,wz_vehicle,,,,330302,0,,,,,2026-09-02
6635b6f7e11cf84f,温州,wz_vehicle,,,,330382,0,,,,,2026-09-02
42f0d258a0676baf,温州,wz_vehicle,,,,330303,0,,,,,2026-09-02
1a9bce87d3be5236,温州,wz_vehicle,,,,330303,0,,,,,2026-09-02
70e026e232ac5ff9,温州,wz_vehicle,,,,330324,0,,,,,2026-09-02
54218a4de6222365,温州,wz_vehicle,,,,330381,0,,,,,2026-09-02
e41a2ccb8ad5f678,温州,wz_vehicle,,,,330381,0,,,,,2026-09-02
f5945f683f5b62a8,温州,wz_vehicle,,,,330324,0,,,,,2026-09-02
85b429b8e7eaf6a1,温州,wz_vehicle,,,,330381,0,,,,,2026-09-02
b57a15cdf5580a57,温州,wz_vehicle,,,,330302,0,,,,,2026-09-02
0d83dc067c034569,温州,wz_vehicle,,,,330303,0,,,,,2026-09-02
adbe8264aa07748f,温州,wz_vehicle,,,,330303,0,,,,,2026-09-02
460fa04996d85ca2,温州,wz_vehicle,,,,330328,0,,,,,2026-09-02
b7d70c4e3a135a0c,温州,wz_vehicle,,,,330382,0,,,,,2026-09-02
6db29dabe06bd3ae,温州,wz_vehicle,,,,330391,0,,,,,2026-09-02
58d5455ccf94951e,温州,wz_vehicle,,,,330303,0,,,,,2026-09-02
becad388f9fcbcd5,温州,wz_vehicle,,,,330382,0,,,,,2026-09-02
1261c6a713e58956,温州,wz_vehicle,,,,330303,0,,,,,2026-09-02
87f12eb7a36bbd5c,温州,wz_vehicle,,,,330326,0,,,,,2026-09-02
cc6243a773805eb6,温州,wz_vehicle,,,,330382,0,,,,,2026-09-02
adf24ce2f26ed356,温州,wz_vehicle,,,,330302,0,,,,,2026-09-02
fe6c79e4c542a9e7,温州,wz_vehicle,,,,330302,0,,,,,2026-09-02
0ea3e17f2fa79f65,温州,wz_vehicle,,,,330303,0,,,,,2026-09-02
9d15d060a0e84519,温州,wz_vehicle,,,,330326,0,,,,,2026-09-02
6a49fd984ee13065,温州,wz_vehicle,,,,330382,0,,,,,2026-09-02
f5000628b9ce5859,温州,wz_vehicle,,,,330324,0,,,,,2026-09-02
1ce926c6c7f62ac6,温州,wz_vehicle,,,,330391,0,,,,,2026-09-02
82e242c13eecd926,温州,wz_vehicle,,,,330302,0,,,,,2026-09-02
6a81e25de7384cc9,温州,wz_vehicle,,,,330303,0,,,,,2026-09-02
f9376ac6b425e1ce,温州,wz_vehicle,,,,330329,0,,,,,2026-09-02
56a339abcfc31cf6,温州,wz_vehicle,,,,330326,0,,,,,2026-09-02
8bc57c741d388587,温州,wz_vehicle,,,,330326,0,,,,,2026-09-02
7991913d2f33a6f4,温州,wz_vehicle,,,,330303,0,,,,,2026-09-02
f8d081674cbbbcc0,温州,wz_vehicle,,,,330382,0,,,,,2026-09-02
eca378d5344f70b6,温州,wz_vehicle,,,,330381,0,,,,,2026-09-02
d970a2d696c6c3f7,温州,wz_vehicle,,,,330383,0,,,,,2026-09-02
52fca5506ff134d7,温州,wz_vehicle,,,,330381,0,,,,,2026-09-02
fae3b186dbd73de4,温州,wz_vehicle,,,,330383,0,,,,,2026-09-02
53d1edac1ea06a75,温州,wz_vehicle,,,,330382,0,,,,,2026-09-02
87e34193f5b296b2,温州,wz_vehicle,,,,330303,0,,,,,2026-09-02
56334ae0cb4a0bac,温州,wz_vehicle,,,,330328,0,,,,,2026-09-02
75ad5d7ffce2b65e,温州,wz_vehicle,,,,330381,0,,,,,2026-09-02
772fd750cacb215d,温州,wz_vehicle,,,,330303,0,,,,,2026-09-02
6e5af37c580e4642,温州,wz_vehicle,,,,330304,0,,,,,2026-09-02
b9eac436b3759252,温州,wz_vehicle,,,,330383,0,,,,,2026-09-02
f9f7d331e47d6c90,温州,wz_vehicle,,,,330329,0,,,,,2026-09-02
682a8d5816df0495,温州,wz_vehicle,,,,330304,0,,,,,2026-09-02
0b46bc580668dfb0,温州,wz_vehicle,,,,330391,0,,,,,2026-09-02
0bb2a072f744b1a7,温州,wz_vehicle,,,,330327,0,,,,,2026-09-02
57ee184de14fa758,温州,wz_vehicle,,,,330381,0,,,,,2026-09-02
0bb540a2395ef0f0,温州,wz_vehicle,,,,330326,0,,,,,2026-09-02
ebe9a632c27f8f11,温州,wz_vehicle,,,,330391,0,,,,,2026-09-02
0e4f70a0f6c0b1f6,温州,wz_vehicle,,,,330381,0,,,,,2026-09-02
828387f25559b8d8,温州,wz_vehicle,,,,330381,0,,,,,2026-09-02
2a6fb38e56a05d89,温州,wz_vehicle,,,,330391,0,,,,,2026-09-02
672570e214079cc5,温州,wz_vehicle,,,,330391,0,,,,,2026-09-02
3ef630ed25969ac1,温州,wz_vehicle,,,,330391,0,,,,,2026-09-02
f1816ee3a58b0baa,温州,wz_vehicle,,,,330381,0,,,,,2026-09-02
0f79305e1f01a99c,温州,wz_vehicle,,,,330303,0,,,,,2026-09-02
03a238a9fb9af964,温州,wz_vehicle,,,,330304,0,,,,,2026-09-02
c4641ffda2c5cd6c,温州,wz_vehicle,,,,330326,0,,,,,2026-09-02
283ecb0dc9176303,温州,wz_vehicle,,,,330382,0,,,,,2026-09-02
274e02e1acc518f4,温州,wz_vehicle,,,,330382,0,,,,,2026-09-02
58214658aa7caaab,温州,wz_vehicle,,,,330391,0,,,,,2026-09-02
7cb8e0cd8457c720,温州,wz_vehicle,,,,330302,0,,,,,2026-09-02
fc244f45aee4fdbe,温州,wz_vehicle,,,,330304,0,,,,,2026-09-02
6451fe94162e8277,温州,wz_vehicle,,,,330326,0,,,,,2026-09-02
04473cafb0cca866,温州,wz_vehicle,,,,330327,0,,,,,2026-09-02
821bd4cd8d8ec645,温州,wz_vehicle,,,,330328,0,,,,,2026-09-02
162ef10c76355a98,温州,wz_vehicle,,,,330303,0,,,,,2026-09-02
a8183bc4a7a5ad91,温州,wz_vehicle,,,,330381,0,,,,,2026-09-02
cc9991e5e63c1bd0,温州,wz_vehicle,,,,330324,0,,,,,2026-09-02
c7e30464096c42ff,温州,wz_vehicle,,,,330326,0,,,,,2026-09-02
7e6b8a90b035d639,温州,wz_vehicle,,,,330381,0,,,,,2026-09-02
f1b3bcfa6b92e575,温州,wz_vehicle,,,,330326,0,,,,,2026-09-02
01812b0a5a8613f9,温州,wz_vehicle,,,,330328,0,,,,,2026-09-02
61edec3f0468fc1e,温州,wz_vehicle,,,,330303,0,,,,,2026-09-02
bcaf582c5152e3a1,温州,wz_vehicle,,,,330326,0,,,,,2026-09-02
49a5c169b5f467f0,温州,wz_vehicle,,,,330382,0,,,,,2026-09-02
a5ed6bdae9f9bfcd,温州,wz_vehicle,,,,330326,0,,,,,2026-09-02
b73b2be89cde3ab1,温州,wz_vehicle,,,,330303,0,,,,,2026-09-02
eb97af0f6b96d112,温州,wz_vehicle,,,,330303,0,,,,,2026-09-02
607a01993bd6df1a,温州,wz_vehicle,,,,330391,0,,,,,2026-09-02
4e83f68ce944954f,温州,wz_vehicle,,,,330326,0,,,,,2026-09-02
f71ac3ca5efdca35,温州,wz_vehicle,,,,330326,0,,,,,2026-09-02
3d7c97739d17bd7e,温州,wz_vehicle,,,,330383,0,,,,,2026-09-02
0b9e8f63df2c5826,温州,wz_vehicle,,,,330326,0,,,,,2026-09-02
0500dd0a4beb09db,温州,wz_vehicle,,,,330304,0,,,,,2026-09-02
e3c148e614d5348f,温州,wz_vehicle,,,,330391,0,,,,,2026-09-02
f2afc131d28e2fbf,温州,wz_vehicle,,,,330303,0,,,,,2026-09-02
c0633f4d48550845,温州,wz_vehicle,,,,330383,0,,,,,2026-09-02
08293d6118ce1735,温州,wz_vehicle,,,,330382,0,,,,,2026-09-02
9b62e839d703a687,温州,wz_vehicle,,,,330382,0,,,,,2026-09-02
bb9b883c7cfb1d55,温州,wz_vehicle,,,,330328,0,,,,,2026-09-02
0ae9ff9c19e85158,温州,wz_vehicle,,,,330382,0,,,,,2026-09-02
aa7d97a5c00a4c6a,温州,wz_vehicle,,,,330329,0,,,,,2026-09-02
15a16b34479c2e79,温州,wz_vehicle,,,,330382,0,,,,,2026-09-02
70d93ad52dce684f,温州,wz_vehicle,,,,330304,0,,,,,2026-09-02
42adad71dc4c5f99,温州,wz_vehicle,,,,330303,0,,,,,2026-09-02
4adb3376a0776834,温州,wz_vehicle,,,,330391,0,,,,,2026-09-02
ac985a65f02ac128,温州,wz_vehicle,,,,330382,0,,,,,2026-09-02
25c1f252f4c52f93,温州,wz_vehicle,,,,330326,0,,,,,2026-09-02
5e43cf5c4743b0c7,温州,wz_vehicle,,,,330382,0,,,,,2026-09-02
2b0ee8dce30d528f,温州,wz_vehicle,,,,330382,0,,,,,2026-09-02
082335d52e401577,温州,wz_vehicle,,,,330302,0,,,,,2026-09-02
73a1445d7a526341,温州,wz_vehicle,,,,330303,0,,,,,2026-09-02
3717d17bf442c3c9,温州,wz_vehicle,,,,330324,0,,,,,2026-09-02
0877611039e28bcd,温州,wz_vehicle,,,,330326,0,,,,,2026-09-02
3884e488de234e3f,温州,wz_vehicle,,,,330324,0,,,,,2026-09-02
b38370e648ea82ba,温州,wz_vehicle,,,,330303,0,,,,,2026-09-02
7a49aa3e41172899,温州,wz_vehicle,,,,330326,0,,,,,2026-09-02
fe9ab7ab47f4cab1,温州,wz_vehicle,,,,330303,0,,,,,2026-09-02
9b153f1e72f6767e,温州,wz_vehicle,,,,330304,0,,,,,2026-09-02
a0cbe59130b310d7,温州,wz_vehicle,,,,330391,0,,,,,2026-09-02
a701619ad9d8c7c7,温州,wz_vehicle,,,,330383,0,,,,,2026-09-02
feb22f7da7bed048,温州,wz_vehicle,,,,330302,0,,,,,2026-09-02
b5db675391d0a4c4,温州,wz_vehicle,,,,330324,0,,,,,2026-09-02
8d21163d9bf00e09,温州,wz_vehicle,,,,330304,0,,,,,2026-09-02
02b05ca1dd553630,温州,wz_vehicle,,,,330303,0,,,,,2026-09-02
259463c1da718628,温州,wz_vehicle,,,,330381,0,,,,,2026-09-02
d3152d43e7be6d92,温州,wz_vehicle,,,,330302,0,,,,,2026-09-02
51cdeb8abcf1394d,温州,wz_vehicle,,,,330328,0,,,,,2026-09-02
c646f5447f8be986,温州,wz_vehicle,,,,330381,0,,,,,2026-09-02
360248b5b01f2358,温州,wz_vehicle,,,,330324,0,,,,,2026-09-02
1ea55f97fd99adf0,温州,wz_vehicle,,,,330303,0,,,,,2026-09-02
aac82498368e8762,温州,wz_vehicle,,,,330304,0,,,,,2026-09-02
19ac1ad7406247da,温州,wz_vehicle,,,,330391,0,,,,,2026-09-02
4c9897614ee578d2,温州,wz_vehicle,,,,330381,0,,,,,2026-09-02
4bd25f63f5a70ed0,温州,wz_vehicle,,,,,0,,,,,2026-09-02
7cefcf7d31534191,温州,wz_vehicle,,,,330303,0,,,,,2026-09-02
ec76e9c6c868e85c,温州,wz_vehicle,,,,330302,0,,,,,2026-09-02
8e046f00a426223f,温州,wz_vehicle,,,,330328,0,,,,,2026-09-02
f07770c4be8596c6,温州,wz_vehicle,,,,330382,0,,,,,2026-09-02
1539ffd451a2618b,温州,wz_vehicle,,,,330329,0,,,,,2026-09-02
5314feede6da3439,温州,wz_vehicle,,,,330391,0,,,,,2026-09-02
50741c8f218eeed4,温州,wz_vehicle,,,,330391,0,,,,,2026-09-02
eb676c01f55a23f2,温州,wz_vehicle,,,,330328,0,,,,,2026-09-02
e5035da92b174ce6,温州,wz_vehicle,,,,330327,0,,,,,2026-09-02
53c4f0f79aee5bf2,温州,wz_vehicle,,,,330327,0,,,,,2026-09-02
9cc05fee2be2ef7c,温州,wz_vehicle,,,,330326,0,,,,,2026-09-02
52d94384c4a7abe5,温州,wz_vehicle,,,,330329,0,,,,,2026-09-02
2678ea61ee53dd8c,温州,wz_vehicle,,,,330329,0,,,,,2026-09-02
5251709a3f8a498c,温州,wz_vehicle,,,,330382,0,,,,,2026-09-02
69015e14ca942baf,温州,wz_vehicle,,,,330382,0,,,,,2026-09-02
92eb4e4e03a634a1,温州,wz_vehicle,,,,330304,0,,,,,2026-09-02
04067fda663d2972,温州,wz_vehicle,,,,330382,0,,,,,2026-09-02
46db71aa0dca2df8,温州,wz_vehicle,,,,330324,0,,,,,2026-09-02
3691e9893c088b23,温州,wz_vehicle,,,,330328,0,,,,,2026-09-02
c200faf903793634,温州,wz_vehicle,,,,330327,0,,,,,2026-09-02
026990b43d7cd265,温州,wz_vehicle,,,,330326,0,,,,,2026-09-02
93f5fbfe8e3f67c2,温州,wz_vehicle,,,,330329,0,,,,,2026-09-02
608f894acd3dc0d3,温州,wz_vehicle,,,,330303,0,,,,,2026-09-02
45ae0c31ba2e6cbc,温州,wz_vehicle,,,,330326,0,,,,,2026-09-02
2e071e620e61ff17,温州,wz_vehicle,,,,330327,0,,,,,2026-09-02
fc2cc448ae2748b1,温州,wz_vehicle,,,,330303,0,,,,,2026-09-02
3910dca357a1e0a5,温州,wz_vehicle,,,,330391,0,,,,,2026-09-02
1d5a85233a8a7eb4,温州,wz_vehicle,,,,330303,0,,,,,2026-09-02
13cd8844a45b027e,温州,wz_vehicle,,,,330391,0,,,,,2026-09-02
75d174055c78fc65,温州,wz_vehicle,,,,330304,0,,,,,2026-09-02
663efbebc83dab35,温州,wz_vehicle,,,,330302,0,,,,,2026-09-02
9cf6abdc4f7ba155,宁波,nb_vehicle,,,,330212103000,1,16.04,14.83,工程渣土车,,2026-09-02
2b53985b3b6f391f,宁波,nb_vehicle,,,,330212103000,1,16.04,14.83,工程渣土车,,2026-09-02
fba118b779b59321,宁波,nb_vehicle,,,,330225002000,1,16.1,14.77,工程渣土车,,2026-09-02
77c76a77e536bbbc,宁波,nb_vehicle,,,,330206002000,1,16.02,14.85,工程渣土车,,2026-09-02
5b18a9e50be7a0cf,宁波,nb_vehicle,,,,330206002000,1,16.02,14.85,工程渣土车,,2026-09-02
281a86ce2aba0924,宁波,nb_vehicle,,,,330212005000,1,1.645,2.72,工程渣土车,,2026-09-02
f6d1c938cdbfaca2,宁波,nb_vehicle,,,,330205004000,1,16.1,16.1,工程渣土车,,2026-09-02
1358ebcff116d172,宁波,nb_vehicle,,,,330205004000,1,16.1,16.1,工程渣土车,,2026-09-02
da70c9ed506652f6,宁波,nb_vehicle,,,,330212103000,1,16.1,14.77,工程渣土车,,2026-09-02
4df2723ad099fc50,宁波,nb_vehicle,,,,330212103000,1,12.07,18.8,工程泥浆车,,2026-09-02
1bc569394da35242,宁波,nb_vehicle,,,,330212103000,1,16.02,14.85,工程渣土车,,2026-09-02
2eb149c1fa0aed35,宁波,nb_vehicle,,,,330212103000,1,10.97,19.9,工程泥浆车,,2026-09-02
18d60de848771c50,宁波,nb_vehicle,,,,330212103000,1,16.02,14.85,工程渣土车,,2026-09-02
4aad259d4dcbcf95,宁波,nb_vehicle,,,,330212103000,1,16.37,14.5,工程渣土车,,2026-09-02
1336e14fadae660e,宁波,nb_vehicle,,,,330212103000,1,16.02,14.85,工程渣土车,,2026-09-02
7faa9d3384189981,宁波,nb_vehicle,,,,330212103000,1,16.02,14.85,工程渣土车,,2026-09-02
ec369765417254cc,宁波,nb_vehicle,,,,330212103000,1,16.02,14.85,工程渣土车,,2026-09-02
687e482f8075b7b4,宁波,nb_vehicle,,,,330212103000,1,16.02,14.85,工程渣土车,,2026-09-02
16b3cc45a2dbb357,宁波,nb_vehicle,,,,330212103000,1,16.37,14.5,工程渣土车,,2026-09-02
8296b12f8cf350bd,宁波,nb_vehicle,,,,330212103000,1,16.37,14.5,工程渣土车,,2026-09-02
018015a66998196e,宁波,nb_vehicle,,,,330212103000,1,15.67,15.2,工程渣土车,,2026-09-02
fe284b5db6be0119,宁波,nb_vehicle,,,,330212103000,1,16.37,14.5,工程渣土车,,2026-09-02
0ad78ef7e3b91c67,宁波,nb_vehicle,,,,330212014000,1,0.69,3.61,工程渣土车,,2026-09-02
ac8f6977233b8b38,宁波,nb_vehicle,,,,330212103000,1,16.37,14.5,工程渣土车,,2026-09-02
caf6c1d0d1f83b7f,宁波,nb_vehicle,,,,330212103000,1,15.67,15.2,工程渣土车,,2026-09-02
f8ee82c306c2ec65,宁波,nb_vehicle,,,,330212103000,1,16.37,14.5,工程渣土车,,2026-09-02
e217c96d7e11de7a,宁波,nb_vehicle,,,,330212103000,1,16.37,14.5,工程渣土车,,2026-09-02
abda74fa4b8bbccc,宁波,nb_vehicle,,,,330212103000,1,16.37,14.5,工程渣土车,,2026-09-02
ec4f579171404ad0,宁波,nb_vehicle,,,,330212103000,1,15.67,15.2,工程渣土车,,2026-09-02
c67e9ae848bc698d,宁波,nb_vehicle,,,,330212103000,1,15.67,15.2,工程渣土车,,2026-09-02
3f2d32ba72526854,宁波,nb_vehicle,,,,330212103000,1,16.37,14.5,工程渣土车,,2026-09-02
13b6e84b1a312bc3,宁波,nb_vehicle,,,,330212103000,1,16.37,14.5,工程渣土车,,2026-09-02
50da4a3d513248fd,宁波,nb_vehicle,,,,330212103000,1,16.37,14.5,工程渣土车,,2026-09-02
aa7fe4bdb584d708,宁波,nb_vehicle,,,,330212103000,1,16.37,14.5,工程渣土车,,2026-09-02
4a6cefb2c2dd2c2c,宁波,nb_vehicle,,,,330212103000,1,16.37,14.5,工程渣土车,,2026-09-02
fcefd9d77915f3a6,宁波,nb_vehicle,,,,330212103000,1,16.1,14.77,工程渣土车,,2026-09-02
d7c18714193ea068,宁波,nb_vehicle,,,,330212014000,1,0.68,3.5,装修垃圾车,,2026-09-02
2974b86732e46a75,宁波,nb_vehicle,,,,330281000000,1,16.1,14.77,工程渣土车,,2026-09-02
64d330408ad05671,宁波,nb_vehicle,,,,330281000000,1,16.1,14.77,工程渣土车,,2026-09-02
d4e6ed946dc406cf,宁波,nb_vehicle,,,,330281000000,1,16.1,14.77,工程渣土车,,2026-09-02
f44fa7f1cddb06ff,宁波,nb_vehicle,,,,330281000000,1,16.1,14.77,工程渣土车,,2026-09-02
5d9e0c6da37aca8d,宁波,nb_vehicle,,,,330212014000,1,0.69,3.61,装修垃圾车,,2026-09-02
27d43a4b01cad4d5,宁波,nb_vehicle,,,,330282005000,1,16.1,14.77,工程渣土车,,2026-09-02
38be85d5af0ce7a2,宁波,nb_vehicle,,,,330212103000,1,12.07,18.8,工程泥浆车,,2026-09-02
fb27f2e4c29db500,宁波,nb_vehicle,,,,330212014000,1,1.645,2.72,工程渣土车,,2026-09-02
1bfdf0e47b7e72f9,宁波,nb_vehicle,,,,330212014000,1,0.69,3.61,工程渣土车,,2026-09-02
20f932b88103c210,宁波,nb_vehicle,,,,330212014000,1,0.69,3.61,工程渣土车,,2026-09-02
4c11107562e19539,宁波,nb_vehicle,,,,330205103000,1,16.1,14.77,工程渣土车,,2026-09-02
818e7b47bb948e24,宁波,nb_vehicle,,,,330205103000,1,15.37,15.5,工程渣土车,,2026-09-02
faff2cc4773b5cca,宁波,nb_vehicle,,,,330205103000,1,16.1,14.77,工程渣土车,,2026-09-02
fab121118f412a2e,宁波,nb_vehicle,,,,330205103000,1,16.1,14.77,工程渣土车,,2026-09-02
2f685277d2c39175,宁波,nb_vehicle,,,,330205103000,1,16.1,14.77,工程渣土车,,2026-09-02
0b8a79f4ec9282ec,宁波,nb_vehicle,,,,330205103000,1,16.1,14.77,工程渣土车,,2026-09-02
79d51932c6ca7fdb,宁波,nb_vehicle,,,,330205103000,1,16.1,14.77,工程渣土车,,2026-09-02
b71f16ace2ac4b03,宁波,nb_vehicle,,,,330205103000,1,16.1,14.77,工程渣土车,,2026-09-02
2ab2e2688a018eab,宁波,nb_vehicle,,,,330205103000,1,16.1,14.77,工程渣土车,,2026-09-02
27239649d1c1b521,宁波,nb_vehicle,,,,330205103000,1,16.1,14.7,工程渣土车,,2026-09-02
f3cec049a760993b,宁波,nb_vehicle,,,,330205103000,1,15.37,1.12,工程渣土车,,2026-09-02
b13ecdc700c27cb9,宁波,nb_vehicle,,,,330205103000,1,16.1,14.77,工程渣土车,,2026-09-02
6260c3eb8d4de043,宁波,nb_vehicle,,,,330205103000,1,16.1,14.7,工程渣土车,,2026-09-02
e053a3a33f6a8f28,宁波,nb_vehicle,,,,330205103000,1,16.1,14.7,工程渣土车,,2026-09-02
859a9a6dc5e624dc,宁波,nb_vehicle,,,,330205103000,1,16.1,14.77,工程渣土车,,2026-09-02
7920ebfb232cb9f1,宁波,nb_vehicle,,,,330205103000,1,16.1,14.77,工程渣土车,,2026-09-02
e2bf772a4a27aa1b,宁波,nb_vehicle,,,,330205103000,1,16.1,14.7,工程渣土车,,2026-09-02
0b0829546b847410,宁波,nb_vehicle,,,,330205103000,1,16.1,14.77,工程渣土车,,2026-09-02
c6247d3358880a2e,宁波,nb_vehicle,,,,330205103000,1,16.17,14.7,工程渣土车,,2026-09-02
8dfbcd3b83fcf78b,宁波,nb_vehicle,,,,330203007000,1,15.99,14.88,工程渣土车,,2026-09-02
b69bebf900d1a505,宁波,nb_vehicle,,,,330203007000,1,15.37,15.5,工程渣土车,,2026-09-02
03a47f89f316dda0,宁波,nb_vehicle,,,,330212002000,1,16.1,14.77,工程渣土车,,2026-09-02
cf5f7573d88bb718,宁波,nb_vehicle,,,,330281106000,1,16.1,14.77,工程渣土车,,2026-09-02
7d764b7a499c3549,宁波,nb_vehicle,,,,330281106000,1,16.1,14.77,工程渣土车,,2026-09-02
3d049b089b8b3661,宁波,nb_vehicle,,,,330281106000,1,16.1,14.77,工程渣土车,,2026-09-02
6e12bdb28ccff5ef,宁波,nb_vehicle,,,,330281106000,1,16.1,14.77,工程渣土车,,2026-09-02
649cb393e12e8d16,宁波,nb_vehicle,,,,330281106000,1,16.1,14.77,工程渣土车,,2026-09-02
fba836256c08719d,宁波,nb_vehicle,,,,330281106000,1,16.1,14.77,工程渣土车,,2026-09-02
b1dca6d4b9b201a4,宁波,nb_vehicle,,,,330281106000,1,16.1,14.77,工程渣土车,,2026-09-02
61daf6a5ac8cb3a4,宁波,nb_vehicle,,,,330281106000,1,16.1,14.77,工程渣土车,,2026-09-02
0decf6e029cd38d7,宁波,nb_vehicle,,,,330281106000,1,16.1,14.77,工程渣土车,,2026-09-02
6e7b6f59d59e0929,宁波,nb_vehicle,,,,330281106000,1,16.1,14.77,工程渣土车,,2026-09-02
600912a88f7b8224,宁波,nb_vehicle,,,,330281106000,1,16.1,14.77,工程渣土车,,2026-09-02
a56257efc2f5c907,宁波,nb_vehicle,,,,330281106000,1,16.1,14.77,工程渣土车,,2026-09-02
b2c6bd349d62fed3,宁波,nb_vehicle,,,,330212106000,1,15.67,15.2,工程渣土车,,2026-09-02
62498129bfcad2b7,宁波,nb_vehicle,,,,330282000000,1,15.37,15.5,工程渣土车,,2026-09-02
f39ae1a17fe01f24,宁波,nb_vehicle,,,,330226002000,1,1.645,2.72,工程渣土车,,2026-09-02
d53205286225ce82,宁波,nb_vehicle,,,,330212002000,1,16.1,14.77,工程渣土车,,2026-09-02
850e5acef00fa88c,宁波,nb_vehicle,,,,330226002000,1,1.577,2.725,工程渣土车,,2026-09-02
5c2f95d2e3674337,宁波,nb_vehicle,,,,330203009000,1,15.37,15.5,工程渣土车,,2026-09-02
ad2e88dd1d2450fd,宁波,nb_vehicle,,,,330203009000,1,16.1,14.77,工程渣土车,,2026-09-02
54d0139488006029,宁波,nb_vehicle,,,,330203009000,1,16.1,14.77,工程渣土车,,2026-09-02
39fd0e406d94a3d8,宁波,nb_vehicle,,,,330203009000,1,15.37,15.5,工程渣土车,,2026-09-02
4c0c47951b6dd2f8,宁波,nb_vehicle,,,,330203009000,1,16.1,14.77,工程渣土车,,2026-09-02
f0ebac27a1e5784f,宁波,nb_vehicle,,,,330203009000,1,16.1,14.77,工程渣土车,,2026-09-02
7d93bc5bbf9a9cc8,宁波,nb_vehicle,,,,330203009000,1,16.37,14.5,工程渣土车,,2026-09-02
93199f7c2f2c844a,宁波,nb_vehicle,,,,330203009000,1,16.37,14.5,工程渣土车,,2026-09-02
90e5392217065d4f,宁波,nb_vehicle,,,,330203009000,1,16.1,14.77,工程渣土车,,2026-09-02
f739cc15168b9c50,宁波,nb_vehicle,,,,330203009000,1,16.1,14.77,工程渣土车,,2026-09-02
ac15ee7d214ae12a,宁波,nb_vehicle,,,,330203009000,1,16.1,14.77,工程渣土车,,2026-09-02
d391b64b8fc8aab1,宁波,nb_vehicle,,,,330203009000,1,15.37,15.5,工程渣土车,,2026-09-02
3e553c5bb7f1466c,宁波,nb_vehicle,,,,330203009000,1,16.1,14.77,工程渣土车,,2026-09-02
4c628cd1623466d0,宁波,nb_vehicle,,,,330203009000,1,16.1,14.77,工程渣土车,,2026-09-02
9be17071f11cd5e3,宁波,nb_vehicle,,,,330203009000,1,16.1,14.77,工程渣土车,,2026-09-02
036edcab45ba9776,宁波,nb_vehicle,,,,330203009000,1,16.1,14.77,工程渣土车,,2026-09-02
18bd0cdca1bbcc60,宁波,nb_vehicle,,,,330203009000,1,16.1,14.77,工程渣土车,,2026-09-02
4c628cd1623466d0,宁波,nb_vehicle,,,,330203009000,1,16.1,14.77,工程渣土车,,2026-09-02
aab271c4f69f15a5,宁波,nb_vehicle,,,,330203009000,1,16.1,14.77,工程渣土车,,2026-09-02
adc5cd7dfc5f0223,宁波,nb_vehicle,,,,330203009000,1,16.1,14.77,工程渣土车,,2026-09-02
ff9025f204cdbd73,宁波,nb_vehicle,,,,330203009000,1,16.1,14.77,工程渣土车,,2026-09-02
3e553c5bb7f1466c,宁波,nb_vehicle,,,,330203009000,1,16.1,14.77,工程渣土车,,2026-09-02
d934b10a7bb10714,宁波,nb_vehicle,,,,330203008000,1,10.97,19.9,工程泥浆车,,2026-09-02
a69d3901117cf017,宁波,nb_vehicle,,,,330203008000,1,12.07,18.8,工程泥浆车,,2026-09-02
11fee8f6c075ba77,宁波,nb_vehicle,,,,330203008000,1,12.07,18.8,工程泥浆车,,2026-09-02
69abcd4822f463fb,宁波,nb_vehicle,,,,330203008000,1,12.07,18.8,工程泥浆车,,2026-09-02
29bd5415c9d7ee82,宁波,nb_vehicle,,,,330203008000,1,12.07,1.645,工程泥浆车,,2026-09-02
61f9735147713b6f,宁波,nb_vehicle,,,,330203008000,1,10.07,20.8,工程泥浆车,,2026-09-02
3e3562af4cc49ac3,宁波,nb_vehicle,,,,330203008000,1,12.07,18.8,工程泥浆车,,2026-09-02
0618c04b97d9a1ec,宁波,nb_vehicle,,,,330203008000,1,10.07,20.8,工程泥浆车,,2026-09-02
16f80c7403adced1,宁波,nb_vehicle,,,,330203008000,1,15.37,15.5,工程渣土车,,2026-09-02
954bde83f72b822d,宁波,nb_vehicle,,,,330203008000,1,15.37,15.5,工程渣土车,,2026-09-02
c0fdefe0a78cfb1f,宁波,nb_vehicle,,,,330203008000,1,15.37,15.5,工程渣土车,,2026-09-02
6393efe789eee64b,宁波,nb_vehicle,,,,330203008000,1,15.37,15.5,工程渣土车,,2026-09-02
dbc592dfe8843158,宁波,nb_vehicle,,,,330203008000,1,16.1,14.77,工程渣土车,,2026-09-02
6860ffeae8237be0,宁波,nb_vehicle,,,,330203008000,1,15.37,15.5,工程渣土车,,2026-09-02
38cf5674f87e8358,宁波,nb_vehicle,,,,330203008000,1,16.1,14.77,工程渣土车,,2026-09-02
149440340ff78c5a,宁波,nb_vehicle,,,,330203008000,1,15.37,15.5,工程渣土车,,2026-09-02
33f70a0816201db8,宁波,nb_vehicle,,,,330203008000,1,16.1,14.77,工程渣土车,,2026-09-02
e5337faddcdda7b3,宁波,nb_vehicle,,,,330203008000,1,15.37,15.5,工程渣土车,,2026-09-02
0e49a77f7b179a34,宁波,nb_vehicle,,,,330203008000,1,16.1,14.77,工程渣土车,,2026-09-02
011854b971672763,宁波,nb_vehicle,,,,330203008000,1,15.37,15.5,工程渣土车,,2026-09-02
473e58042923abcc,宁波,nb_vehicle,,,,330203008000,1,15.37,15.5,工程渣土车,,2026-09-02
30607872578e4116,宁波,nb_vehicle,,,,330203008000,1,15.37,15.5,工程渣土车,,2026-09-02
75244ec69a83fc2a,宁波,nb_vehicle,,,,330203008000,1,15.37,15.5,工程渣土车,,2026-09-02
e92a9b812d6d33ca,宁波,nb_vehicle,,,,330203008000,1,16.1,14.77,工程渣土车,,2026-09-02
97297edf89cf272e,宁波,nb_vehicle,,,,330203008000,1,16.1,14.77,工程渣土车,,2026-09-02
704e4dba0b2bfaca,宁波,nb_vehicle,,,,330203008000,1,15.37,15.5,工程渣土车,,2026-09-02
61f695836c4b5b72,宁波,nb_vehicle,,,,330203008000,1,16.1,14.77,工程渣土车,,2026-09-02
907127785273b682,宁波,nb_vehicle,,,,330203008000,1,16.1,14.77,工程渣土车,,2026-09-02
e71b7f19b6543a46,宁波,nb_vehicle,,,,330203008000,1,16.1,14.77,工程渣土车,,2026-09-02
634f347ef560550d,宁波,nb_vehicle,,,,330203008000,1,16.1,14.77,工程渣土车,,2026-09-02
0e36eeb8dd760f90,宁波,nb_vehicle,,,,330203008000,1,16.1,14.77,工程渣土车,,2026-09-02
8e72faca8a64c223,宁波,nb_vehicle,,,,330203008000,1,15.37,15.5,工程渣土车,,2026-09-02
1df7f7197f88eb4e,宁波,nb_vehicle,,,,330203008000,1,16.1,14.77,工程渣土车,,2026-09-02
efc7a8709d02ca85,宁波,nb_vehicle,,,,330206002000,1,15.78,15.09,工程渣土车,,2026-09-02
dc2268d47716989f,宁波,nb_vehicle,,,,330212006000,1,4.62,4.35,装修垃圾车,,2026-09-02
258d34a002bdda7f,宁波,nb_vehicle,,,,330212013000,1,7.355,6.45,装修垃圾车,,2026-09-02
0fbccf7be9e2ad56,宁波,nb_vehicle,,,,330212013000,1,1.645,2.72,装修垃圾车,,2026-09-02
9dcc7653969237cd,宁波,nb_vehicle,,,,330212103000,1,15.67,15.2,工程渣土车,,2026-09-02
08cc96d5babdc1b9,宁波,nb_vehicle,,,,330212103000,1,15.67,15.2,工程渣土车,,2026-09-02
41d79b3b61e4e90d,宁波,nb_vehicle,,,,330282000000,1,15.37,15.5,工程渣土车,,2026-09-02
cb8a781d4c927bd6,宁波,nb_vehicle,,,,330282000000,1,16.1,14.77,工程渣土车,,2026-09-02
daff4161e3a3a210,宁波,nb_vehicle,,,,330282000000,1,16.1,14.77,工程渣土车,,2026-09-02
d1b0fb4e50090a4f,宁波,nb_vehicle,,,,330205000000,1,1.645,2.72,装修垃圾车,,2026-09-02
b09d6f7edbf2c583,宁波,nb_vehicle,,,,330205000000,1,1.645,2.72,装修垃圾车,,2026-09-02
03cf7dd8276af87a,宁波,nb_vehicle,,,,330205000000,1,1.645,2.72,装修垃圾车,,2026-09-02
5f7e6f7331972f60,宁波,nb_vehicle,,,,330281106000,1,16.1,14.77,工程渣土车,,2026-09-02
ffbb340bf08d01aa,宁波,nb_vehicle,,,,330212004000,1,16.37,2.137,工程渣土车,,2026-09-02
9663520cb41ec93f,宁波,nb_vehicle,,,,330212004000,1,16.37,14.5,工程渣土车,,2026-09-02
4a22ed4b50ffe090,宁波,nb_vehicle,,,,330281106000,1,16.1,14.77,工程渣土车,,2026-09-02
86278f4ae4210fa3,宁波,nb_vehicle,,,,330212004000,1,16.37,1.8,工程渣土车,,2026-09-02
5716bdce9048098b,宁波,nb_vehicle,,,,330226002000,1,9.995,7.81,装修垃圾车,,2026-09-02
d26bcec36cb97efd,宁波,nb_vehicle,,,,330226002000,1,1.645,2.72,工程渣土车,,2026-09-02
ec62c6da152e06d6,宁波,nb_vehicle,,,,330226002000,1,1.645,2.72,工程渣土车,,2026-09-02
646646de279b141f,宁波,nb_vehicle,,,,330226002000,1,1.645,2.72,工程渣土车,,2026-09-02
3c2129510b8b584d,宁波,nb_vehicle,,,,330203000000,1,16.87,14.0,工程渣土车,,2026-09-02
3dbab6c5bb781437,宁波,nb_vehicle,,,,330206002000,1,17.37,13.5,工程渣土车,,2026-09-02
50abd3a1eef84e84,宁波,nb_vehicle,,,,330213000000,1,1.645,2.72,装修垃圾车,,2026-09-02
cb7ecd405b9321f2,宁波,nb_vehicle,,,,330213000000,1,1.645,2.72,装修垃圾车,,2026-09-02
7600a3243f01a964,宁波,nb_vehicle,,,,330213000000,1,1.645,2.72,装修垃圾车,,2026-09-02
8134517b826e6985,宁波,nb_vehicle,,,,330206002000,1,1.495,2.6,工程渣土车,,2026-09-02
89d171c6e51e263d,宁波,nb_vehicle,,,,330205004000,1,16.1,16.1,工程渣土车,,2026-09-02
c70e26bbd3c768a2,宁波,nb_vehicle,,,,330205004000,1,16.1,16.1,工程渣土车,,2026-09-02
9514d6549ebb3893,宁波,nb_vehicle,,,,330212100000,1,1.645,2.72,工程渣土车,,2026-09-02
e49f7d7a418ae921,宁波,nb_vehicle,,,,330212000000,1,1.645,2.72,工程渣土车,,2026-09-02
7e1be95d908f399e,宁波,nb_vehicle,,,,330206002000,1,6.32,4.75,装修垃圾车,,2026-09-02
8c636e2503d1c752,宁波,nb_vehicle,,,,330212000000,1,12.07,18.8,工程泥浆车,,2026-09-02
b7c1550390710a3f,宁波,nb_vehicle,,,,330282006000,1,16.1,14.77,工程渣土车,,2026-09-02
d4eb731a42e2bd87,宁波,nb_vehicle,,,,330211002000,1,16.1,14.77,工程渣土车,,2026-09-02
4c6e4d91d98b3ab7,宁波,nb_vehicle,,,,330211002000,1,15.67,15.2,工程渣土车,,2026-09-02
1fdb58d42a4b1dcc,宁波,nb_vehicle,,,,330211002000,1,16.37,14.5,工程渣土车,,2026-09-02
90f3345bb6156cb0,宁波,nb_vehicle,,,,330211002000,1,16.37,14.5,工程渣土车,,2026-09-02
61893c819234e86c,宁波,nb_vehicle,,,,330211002000,1,16.1,1.93,工程渣土车,,2026-09-02
b49e8c8de2265987,宁波,nb_vehicle,,,,330211002000,1,16.1,1.585,工程渣土车,,2026-09-02
a9c34dba6bf9ee54,宁波,nb_vehicle,,,,330211002000,1,16.87,14.0,工程渣土车,,2026-09-02
7283af64bda22f18,宁波,nb_vehicle,,,,330211002000,1,16.1,14.77,工程渣土车,,2026-09-02
2c75ea8d152498e1,宁波,nb_vehicle,,,,330203100000,1,16.87,14.0,工程渣土车,,2026-09-02
75311ed650cb1732,宁波,nb_vehicle,,,,330212006000,1,0.69,3.61,工程渣土车,,2026-09-02
8b7f1fe1f18606af,宁波,nb_vehicle,,,,330212006000,1,0.69,3.61,工程渣土车,,2026-09-02
9a78717b208297a3,宁波,nb_vehicle,,,,330205004000,1,16.1,16.1,工程渣土车,,2026-09-02
172e2137cb90443d,宁波,nb_vehicle,,,,330205004000,1,16.1,16.1,工程渣土车,,2026-09-02
e9d3cf2b24723917,宁波,nb_vehicle,,,,330205004000,1,16.1,16.1,工程渣土车,,2026-09-02
eba34636da10e627,宁波,nb_vehicle,,,,330205004000,1,16.1,16.1,工程渣土车,,2026-09-02
cefc2dd5963c2f57,宁波,nb_vehicle,,,,330205000000,1,1.645,2.72,装修垃圾车,,2026-09-02
e0b55b417a890161,宁波,nb_vehicle,,,,330205000000,1,1.645,2.72,工程渣土车,,2026-09-02
fb0d417362cb8fec,宁波,nb_vehicle,,,,330205000000,1,1.645,2.72,工程渣土车,,2026-09-02
763fe94cdf459686,宁波,nb_vehicle,,,,330212008000,1,0.69,3.61,工程渣土车,,2026-09-02
f8727e5156fc77b1,宁波,nb_vehicle,,,,330282000000,1,1.645,2.72,装修垃圾车,,2026-09-02
b16f589ac0985188,宁波,nb_vehicle,,,,330282000000,1,1.645,2.72,装修垃圾车,,2026-09-02
3ac5a786b474e8de,宁波,nb_vehicle,,,,330282000000,1,1.645,2.72,装修垃圾车,,2026-09-02
f8ec959c9413b2bf,宁波,nb_vehicle,,,,330282000000,1,1.645,2.72,装修垃圾车,,2026-09-02
045c592607bd4ae9,宁波,nb_vehicle,,,,330282000000,1,1.645,2.72,装修垃圾车,,2026-09-02
f1e91423ca4ef366,宁波,nb_vehicle,,,,330282000000,1,1.645,2.72,装修垃圾车,,2026-09-02
a6d56645d2562997,宁波,nb_vehicle,,,,330282000000,1,1.645,2.72,装修垃圾车,,2026-09-02
f45006af09ab84ed,宁波,nb_vehicle,,,,330282000000,1,1.645,2.72,装修垃圾车,,2026-09-02
b751f6b5a4f6acf3,宁波,nb_vehicle,,,,330282000000,1,1.645,2.72,装修垃圾车,,2026-09-02
077d52ba745e26cb,宁波,nb_vehicle,,,,330282000000,1,1.645,2.72,装修垃圾车,,2026-09-02
4854b7ece6642e03,宁波,nb_vehicle,,,,330282000000,1,1.645,2.72,装修垃圾车,,2026-09-02
6815be23c692389f,宁波,nb_vehicle,,,,330282000000,1,1.645,2.72,装修垃圾车,,2026-09-02
47263da5b587e671,宁波,nb_vehicle,,,,330282000000,1,1.645,2.72,装修垃圾车,,2026-09-02
f1e91423ca4ef366,宁波,nb_vehicle,,,,330282000000,1,1.645,2.72,装修垃圾车,,2026-09-02
3ac5a786b474e8de,宁波,nb_vehicle,,,,330282000000,1,1.645,2.72,装修垃圾车,,2026-09-02
323793736fbb694b,宁波,nb_vehicle,,,,330282000000,1,1.645,2.72,装修垃圾车,,2026-09-02
d10048b3e66667b4,宁波,nb_vehicle,,,,330282000000,1,1.645,2.72,装修垃圾车,,2026-09-02
4062ff819a9dd3dc,宁波,nb_vehicle,,,,330282000000,1,1.645,2.72,装修垃圾车,,2026-09-02
3f470b0bf87168ef,宁波,nb_vehicle,,,,330282000000,1,1.645,2.72,装修垃圾车,,2026-09-02
8b059f63a62d877a,宁波,nb_vehicle,,,,330282000000,1,1.645,2.72,装修垃圾车,,2026-09-02
7b4c646fee2f78b4,宁波,nb_vehicle,,,,330282107000,1,12.07,18.8,工程泥浆车,,2026-09-02
1851844e9de20295,宁波,nb_vehicle,,,,330282107000,1,13.57,17.3,工程泥浆车,,2026-09-02
3ac3d5715b63586e,宁波,nb_vehicle,,,,330282107000,1,12.07,18.8,工程泥浆车,,2026-09-02
fd8e23f703275e80,宁波,nb_vehicle,,,,330212008000,1,0.69,3.61,工程渣土车,,2026-09-02
9c76b3d14b3052a6,宁波,nb_vehicle,,,,330225001000,1,15.37,15.5,工程渣土车,,2026-09-02
fee0050a602686f2,宁波,nb_vehicle,,,,330212008000,1,0.69,3.61,工程渣土车,,2026-09-02
3987c5af7f7c6fc7,宁波,nb_vehicle,,,,330225000000,1,16.37,14.5,工程渣土车,,2026-09-02
0f61d6f151d2f933,宁波,nb_vehicle,,,,330212108000,1,16.1,14.77,工程渣土车,,2026-09-02
0832f3302b0354c9,宁波,nb_vehicle,,,,330282006000,1,16.1,14.77,工程渣土车,,2026-09-02
fb773664db9f6ce5,宁波,nb_vehicle,,,,330213000000,1,4.3,3.665,装修垃圾车,,2026-09-02
6fa90b06d03b4ee4,宁波,nb_vehicle,,,,330212106000,1,16.02,14.85,工程渣土车,,2026-09-02
f801a919290fe01a,宁波,nb_vehicle,,,,330212106000,1,16.605,14.2,工程渣土车,,2026-09-02
252a2c53297d0320,宁波,nb_vehicle,,,,330212005000,1,16.37,14.5,工程渣土车,,2026-09-02
4ef68fcd46af14ed,宁波,nb_vehicle,,,,330212109000,1,1.645,2.72,工程渣土车,,2026-09-02
c51ca3977d1c2e00,宁波,nb_vehicle,,,,330212109000,1,0.495,3.665,工程渣土车,,2026-09-02
2e1627f6aeeace11,宁波,nb_vehicle,,,,330212109000,1,1.645,2.72,装修垃圾车,,2026-09-02
129d6f37aa39b9b3,宁波,nb_vehicle,,,,330212109000,1,1.645,2.72,装修垃圾车,,2026-09-02
1bf76d353f8bb0e2,宁波,nb_vehicle,,,,330212000000,1,1.645,2.72,工程渣土车,,2026-09-02
e138584a67a4f670,宁波,nb_vehicle,,,,330211000000,1,12.07,18.8,工程泥浆车,,2026-09-02
57e224460a638926,宁波,nb_vehicle,,,,330226002000,1,0.69,3.61,工程渣土车,,2026-09-02
11492867b9955dfe,宁波,nb_vehicle,,,,330226001000,1,9.705,8.1,装修垃圾车,,2026-09-02
4d8251cc4a53ae96,宁波,nb_vehicle,,,,330212011000,1,10.07,20.8,工程泥浆车,,2026-09-02
a16907602150b298,宁波,nb_vehicle,,,,330212011000,1,13.57,17.3,工程泥浆车,,2026-09-02
5edfe4250b11131b,宁波,nb_vehicle,,,,330212011000,1,13.57,17.3,工程泥浆车,,2026-09-02
fa627be7d0e83ebc,宁波,nb_vehicle,,,,330212011000,1,13.57,17.3,工程泥浆车,,2026-09-02
0a2a8077817891df,宁波,nb_vehicle,,,,330212011000,1,13.57,17.3,工程泥浆车,,2026-09-02
56b36f85a0d29413,宁波,nb_vehicle,,,,330212011000,1,11.92,18.95,工程泥浆车,,2026-09-02
2efe5ec89ef12af3,宁波,nb_vehicle,,,,330212000000,1,1.645,2.72,工程渣土车,,2026-09-02
e2b8f122b4613fbf,宁波,nb_vehicle,,,,330212000000,1,1.495,2.805,装修垃圾车,,2026-09-02
5eb53d70044b79c3,宁波,nb_vehicle,,,,330203000000,1,1.645,2.72,工程渣土车,,2026-09-02
bfd590808be9a06b,宁波,nb_vehicle,,,,330212108000,1,16.1,14.77,工程渣土车,,2026-09-02
c818b30fbedc8da3,宁波,nb_vehicle,,,,330212108000,1,16.1,14.77,工程渣土车,,2026-09-02
f5dc17335a7168c9,宁波,nb_vehicle,,,,330205000000,1,15.67,15.2,工程渣土车,,2026-09-02
772d37a507bd3165,宁波,nb_vehicle,,,,330226001000,1,9.705,8.1,装修垃圾车,,2026-09-02
a33f929ca187644f,宁波,nb_vehicle,,,,330205008000,1,16.1,14.7,工程渣土车,,2026-09-02
1b7883462f7a3601,宁波,nb_vehicle,,,,330205008000,1,16.87,14.0,工程渣土车,,2026-09-02
7ac6f12201a5fd12,宁波,nb_vehicle,,,,330205008000,1,15.67,15.2,工程渣土车,,2026-09-02
132f6c248384a5d1,宁波,nb_vehicle,,,,330205008000,1,16.1,14.77,工程渣土车,,2026-09-02
01f39252ba6ad55f,宁波,nb_vehicle,,,,330205008000,1,16.87,14.0,工程渣土车,,2026-09-02
2974d29b038140d4,宁波,nb_vehicle,,,,330205008000,1,16.87,14.0,工程渣土车,,2026-09-02
7da8b320fa8df92e,宁波,nb_vehicle,,,,330205008000,1,15.67,15.2,工程渣土车,,2026-09-02
8f3eeb4344dfc608,宁波,nb_vehicle,,,,330205008000,1,16.87,14.0,工程渣土车,,2026-09-02
9ac2d06732445214,宁波,nb_vehicle,,,,330205008000,1,16.1,14.77,工程渣土车,,2026-09-02
9bf6af6ccf22ccb6,宁波,nb_vehicle,,,,330205008000,1,15.67,15.2,工程渣土车,,2026-09-02
8e32f55ea8e03860,宁波,nb_vehicle,,,,330205008000,1,16.1,14.77,工程渣土车,,2026-09-02
84a265f60a52a41e,宁波,nb_vehicle,,,,330205000000,1,15.67,15.2,工程渣土车,,2026-09-02
d4fed310ccf3b4db,宁波,nb_vehicle,,,,330225002000,1,16.0,14.87,工程渣土车,,2026-09-02
67f78adf0a592f1f,宁波,nb_vehicle,,,,330225002000,1,15.78,1.557,工程渣土车,,2026-09-02
a35cc389854013cd,宁波,nb_vehicle,,,,330225002000,1,15.37,15.5,工程渣土车,,2026-09-02
a5c908b88e213198,宁波,nb_vehicle,,,,330225002000,1,15.67,15.2,工程渣土车,,2026-09-02
833502ec71e97194,宁波,nb_vehicle,,,,330225002000,1,15.67,15.2,工程渣土车,,2026-09-02
d1e34d34f656e9f7,宁波,nb_vehicle,,,,330225002000,1,15.37,15.5,工程渣土车,,2026-09-02
ac196a2ba8a7026f,宁波,nb_vehicle,,,,330225002000,1,15.78,15.09,工程渣土车,,2026-09-02
2e2d2e9f8238b6da,宁波,nb_vehicle,,,,330225002000,1,15.37,15.5,工程渣土车,,2026-09-02
539576a4d25dee29,宁波,nb_vehicle,,,,330225002000,1,15.37,15.5,工程渣土车,,2026-09-02
4567b10a6ac86ee8,宁波,nb_vehicle,,,,330225002000,1,15.78,15.09,工程渣土车,,2026-09-02
dea5fbf5475af970,宁波,nb_vehicle,,,,330225002000,1,15.37,15.5,工程渣土车,,2026-09-02
b07adf35961f2744,宁波,nb_vehicle,,,,330206002000,1,16.1,14.77,工程渣土车,,2026-09-02
2d21f5fd0d5188fb,宁波,nb_vehicle,,,,330206002000,1,16.1,14.77,工程渣土车,,2026-09-02
a175154afbb85d7d,宁波,nb_vehicle,,,,330206002000,1,16.1,14.77,工程渣土车,,2026-09-02
cfb521f4b64e5c14,宁波,nb_vehicle,,,,330206002000,1,16.1,14.77,工程渣土车,,2026-09-02
80964e4c75064f77,宁波,nb_vehicle,,,,330206002000,1,16.1,14.77,工程渣土车,,2026-09-02
7d9d3ab235818e0f,宁波,nb_vehicle,,,,330206002000,1,16.1,14.77,工程渣土车,,2026-09-02
809684382fd25653,宁波,nb_vehicle,,,,330206002000,1,16.1,14.77,工程渣土车,,2026-09-02
0fd7aefe1e04d82d,宁波,nb_vehicle,,,,330206002000,1,15.37,15.5,工程渣土车,,2026-09-02
6fe972ca0712b282,宁波,nb_vehicle,,,,330206002000,1,15.37,15.5,工程渣土车,,2026-09-02
05bc7bef0f72bbd8,宁波,nb_vehicle,,,,330206002000,1,16.1,14.77,工程渣土车,,2026-09-02
774514d8f15ac692,宁波,nb_vehicle,,,,330206002000,1,16.1,14.77,工程渣土车,,2026-09-02
4d7212a23629635e,宁波,nb_vehicle,,,,330206002000,1,16.37,14.5,工程渣土车,,2026-09-02
31e294403785aec0,宁波,nb_vehicle,,,,330206002000,1,16.1,14.77,工程渣土车,,2026-09-02
42caf4fba88e3bc8,宁波,nb_vehicle,,,,330206002000,1,16.02,1.43,工程渣土车,,2026-09-02
6a611850080424bf,宁波,nb_vehicle,,,,330206002000,1,16.37,14.5,工程渣土车,,2026-09-02
91756bc2525f6879,宁波,nb_vehicle,,,,330206002000,1,16.87,14.0,工程渣土车,,2026-09-02
ffd917cacf985fe5,宁波,nb_vehicle,,,,330206002000,1,16.1,14.77,工程渣土车,,2026-09-02
e8b4743d908842f8,宁波,nb_vehicle,,,,330206002000,1,16.37,14.5,工程渣土车,,2026-09-02
34d79f61f55d1a8a,宁波,nb_vehicle,,,,330206002000,1,16.1,14.77,工程渣土车,,2026-09-02
803766271f0a80f5,宁波,nb_vehicle,,,,330206002000,1,16.37,14.5,工程渣土车,,2026-09-02
6823934e79d0dc7f,宁波,nb_vehicle,,,,330206002000,1,16.37,14.5,工程渣土车,,2026-09-02
e27fda6d43947caa,宁波,nb_vehicle,,,,330206002000,1,16.02,14.85,工程渣土车,,2026-09-02
41ca17fc64d82d5e,宁波,nb_vehicle,,,,330206002000,1,15.67,15.2,工程渣土车,,2026-09-02
07e4f4246eb1799c,宁波,nb_vehicle,,,,330206002000,1,16.02,14.85,工程渣土车,,2026-09-02
9cd8d2994dd639df,宁波,nb_vehicle,,,,330206002000,1,15.67,15.2,工程渣土车,,2026-09-02
d8fc4f88d6d0703f,宁波,nb_vehicle,,,,330206002000,1,15.67,15.2,工程渣土车,,2026-09-02
08b515aaceaad7c1,宁波,nb_vehicle,,,,330206002000,1,16.02,14.85,工程渣土车,,2026-09-02
59d41a794c9da651,宁波,nb_vehicle,,,,330206002000,1,16.02,14.85,工程渣土车,,2026-09-02
24829cef2437dd79,宁波,nb_vehicle,,,,330206002000,1,16.02,14.85,工程渣土车,,2026-09-02
e197c8716094ff15,宁波,nb_vehicle,,,,330206002000,1,16.1,14.77,工程渣土车,,2026-09-02
07e4f4246eb1799c,宁波,nb_vehicle,,,,330206002000,1,16.02,14.85,工程渣土车,,2026-09-02
f1ef8294428f48f0,宁波,nb_vehicle,,,,330206002000,1,16.02,14.85,工程渣土车,,2026-09-02
9cd8d2994dd639df,宁波,nb_vehicle,,,,330206002000,1,15.67,15.2,工程渣土车,,2026-09-02
a679221605a10fd9,宁波,nb_vehicle,,,,330206002000,1,15.67,15.2,工程渣土车,,2026-09-02
0796f34d0bda5f96,宁波,nb_vehicle,,,,330206002000,1,16.02,14.85,工程渣土车,,2026-09-02
24829cef2437dd79,宁波,nb_vehicle,,,,330206002000,1,16.02,14.85,工程渣土车,,2026-09-02
e27fda6d43947caa,宁波,nb_vehicle,,,,330206002000,1,16.02,14.85,工程渣土车,,2026-09-02
fc036f50705e195f,宁波,nb_vehicle,,,,330206002000,1,16.37,14.5,工程渣土车,,2026-09-02
df5716417f4c11e7,宁波,nb_vehicle,,,,330206002000,1,16.02,14.85,工程渣土车,,2026-09-02
687d15aaf78b5c51,宁波,nb_vehicle,,,,330206002000,1,15.67,0.985,工程渣土车,,2026-09-02
3c76ca050e44e593,宁波,nb_vehicle,,,,330206002000,1,16.02,14.85,工程渣土车,,2026-09-02
08b515aaceaad7c1,宁波,nb_vehicle,,,,330206002000,1,16.02,14.85,工程渣土车,,2026-09-02
7c37fc61ba401635,宁波,nb_vehicle,,,,330206002000,1,15.67,15.2,工程渣土车,,2026-09-02
7fa64c66fdc1d031,宁波,nb_vehicle,,,,330206002000,1,16.02,14.85,工程渣土车,,2026-09-02
ffd063fcc4d5e46d,宁波,nb_vehicle,,,,330206002000,1,16.37,14.5,工程渣土车,,2026-09-02
e023127a430f6a22,宁波,nb_vehicle,,,,330206002000,1,16.1,14.77,工程渣土车,,2026-09-02
c5dcf89d18fc32a4,宁波,nb_vehicle,,,,330206002000,1,16.02,14.85,工程渣土车,,2026-09-02
e79b014e1ae8fb09,宁波,nb_vehicle,,,,330206002000,1,15.67,15.2,工程渣土车,,2026-09-02
cb72972e00feb6c5,宁波,nb_vehicle,,,,330206002000,1,15.675,15.195,工程渣土车,,2026-09-02
01785d1a691d17e0,宁波,nb_vehicle,,,,330206002000,1,16.02,14.85,工程渣土车,,2026-09-02
f629299a46b1f85c,宁波,nb_vehicle,,,,330206002000,1,16.37,14.5,工程渣土车,,2026-09-02
4854fd074fbe2709,宁波,nb_vehicle,,,,330206002000,1,16.87,14.0,工程渣土车,,2026-09-02
df146b3fbdc5b04a,宁波,nb_vehicle,,,,330206002000,1,16.02,1.547,工程渣土车,,2026-09-02
549ba1db784823b2,宁波,nb_vehicle,,,,330206002000,1,16.87,14.0,工程渣土车,,2026-09-02
e49ce9b07c334f43,宁波,nb_vehicle,,,,330206002000,1,16.02,14.85,工程渣土车,,2026-09-02
d9f7caa3820fc2f4,宁波,nb_vehicle,,,,330206002000,1,16.02,14.85,工程渣土车,,2026-09-02
14d29638f85c2e8c,宁波,nb_vehicle,,,,330206002000,1,15.67,15.2,工程渣土车,,2026-09-02
1b82962f11d3dbd6,宁波,nb_vehicle,,,,330206002000,1,16.02,14.85,工程渣土车,,2026-09-02
738244aeae00be33,宁波,nb_vehicle,,,,330225001000,1,15.37,15.5,工程渣土车,,2026-09-02
065333b2d9f0527e,宁波,nb_vehicle,,,,330206002000,1,16.02,14.85,工程渣土车,,2026-09-02
7039b478009c2297,宁波,nb_vehicle,,,,330206002000,1,16.02,14.85,工程渣土车,,2026-09-02
f68b2be4e3129a71,宁波,nb_vehicle,,,,330211000000,1,16.1,1.477,工程渣土车,,2026-09-02
739aabda17d0345f,宁波,nb_vehicle,,,,330282118000,1,16.1,14.77,工程渣土车,,2026-09-02
360928c2939e7bb9,宁波,nb_vehicle,,,,330203000000,1,1.495,2.805,装修垃圾车,,2026-09-02
6a552c7e2cdb0546,宁波,nb_vehicle,,,,330203000000,1,1.645,2.72,装修垃圾车,,2026-09-02
c643cc06ed527e51,宁波,nb_vehicle,,,,330203000000,1,1.645,2.72,装修垃圾车,,2026-09-02
f83c30b468effe70,宁波,nb_vehicle,,,,330203000000,1,1.495,2.805,装修垃圾车,,2026-09-02
a88fe2752c9578c9,宁波,nb_vehicle,,,,330212002000,1,16.37,14.5,工程渣土车,,2026-09-02
86b5bd12319830fd,宁波,nb_vehicle,,,,330205004000,1,16.1,16.1,工程渣土车,,2026-09-02
eba6d986488e7eaa,宁波,nb_vehicle,,,,330281004000,1,15.37,15.5,工程渣土车,,2026-09-02
a1ef0b8d5ca9c278,宁波,nb_vehicle,,,,330212002000,1,15.99,14.88,工程渣土车,,2026-09-02
c3d10942e0758479,宁波,nb_vehicle,,,,330213002000,1,7.31,4.49,装修垃圾车,,2026-09-02
03dd0c518b985c18,宁波,nb_vehicle,,,,330205008000,1,16.87,14.0,工程渣土车,,2026-09-02
485cd00c0e3c84a5,宁波,nb_vehicle,,,,330205008000,1,16.87,14.0,工程渣土车,,2026-09-02
9261b62f8994994e,宁波,nb_vehicle,,,,330205008000,1,16.37,14.5,工程渣土车,,2026-09-02
1a466c6cba80d1a9,宁波,nb_vehicle,,,,330205008000,1,16.87,14.0,工程渣土车,,2026-09-02
477127e47e0ec8a4,宁波,nb_vehicle,,,,330205008000,1,16.1,0.125,工程渣土车,,2026-09-02
96f9ecbbd47e4780,宁波,nb_vehicle,,,,330205008000,1,16.87,14.0,工程渣土车,,2026-09-02
afcc375726ce48bd,宁波,nb_vehicle,,,,330205008000,1,16.37,14.5,工程渣土车,,2026-09-02
4850e7fc4feecf6e,宁波,nb_vehicle,,,,330205008000,1,16.87,14.0,工程渣土车,,2026-09-02
06870d5dbf438a89,宁波,nb_vehicle,,,,330205008000,1,16.87,14.0,工程渣土车,,2026-09-02
f3728fad0496fd8b,宁波,nb_vehicle,,,,330203000000,1,12.07,18.8,工程泥浆车,,2026-09-02
2433b76a66c671cb,宁波,nb_vehicle,,,,330212106000,1,16.605,14.2,工程渣土车,,2026-09-02
d00dcfc18db294fd,宁波,nb_vehicle,,,,330225001000,1,15.37,15.5,工程渣土车,,2026-09-02
4260dbbd4c4a1b92,宁波,nb_vehicle,,,,330211000000,1,16.1,14.77,工程渣土车,,2026-09-02
549cfc8978411e2f,宁波,nb_vehicle,,,,330211000000,1,16.1,14.77,工程渣土车,,2026-09-02
cf804240a1ec5f0a,宁波,nb_vehicle,,,,330211000000,1,16.1,14.77,工程渣土车,,2026-09-02
81f7faff5d51b67a,宁波,nb_vehicle,,,,330211000000,1,16.1,14.77,工程渣土车,,2026-09-02
0c33bb116527d3fa,宁波,nb_vehicle,,,,330211000000,1,16.1,14.77,工程渣土车,,2026-09-02
017639d30349f299,宁波,nb_vehicle,,,,330211000000,1,16.1,14.77,工程渣土车,,2026-09-02
201319e467b61621,宁波,nb_vehicle,,,,330211000000,1,15.675,15.195,工程渣土车,,2026-09-02
d6ad790331f01f36,宁波,nb_vehicle,,,,330211000000,1,16.96,13.91,工程渣土车,,2026-09-02
fe7a7ce57010da2d,宁波,nb_vehicle,,,,330211000000,1,15.675,15.195,工程渣土车,,2026-09-02
a4845de5ab0575e8,宁波,nb_vehicle,,,,330211000000,1,16.96,13.91,工程渣土车,,2026-09-02
967904aa349b5f21,宁波,nb_vehicle,,,,330211000000,1,16.1,14.77,工程渣土车,,2026-09-02
602e012e62143b4b,宁波,nb_vehicle,,,,330211000000,1,16.1,14.77,工程渣土车,,2026-09-02
5517df282f286ac3,宁波,nb_vehicle,,,,330205000000,1,1.645,2.72,装修垃圾车,,2026-09-02
f3f1a9644b86d199,宁波,nb_vehicle,,,,330205000000,1,1.49,2.8,装修垃圾车,,2026-09-02
fecb70dc5fac13fa,宁波,nb_vehicle,,,,330205000000,1,1.645,2.72,工程渣土车,,2026-09-02
98a18203aa86affc,宁波,nb_vehicle,,,,330205000000,1,1.49,2.8,装修垃圾车,,2026-09-02
47404429b7868084,宁波,nb_vehicle,,,,330205008000,1,16.1,14.77,工程渣土车,,2026-09-02
b72035f806202e54,宁波,nb_vehicle,,,,330203000000,1,1.645,2.72,装修垃圾车,,2026-09-02
c3340d89c30712b4,宁波,nb_vehicle,,,,330203000000,1,1.645,2.72,装修垃圾车,,2026-09-02
934e08f2d0e7c658,宁波,nb_vehicle,,,,330203000000,1,1.645,2.72,工程渣土车,,2026-09-02
074ac497f89b991f,宁波,nb_vehicle,,,,330203000000,1,1.645,2.72,装修垃圾车,,2026-09-02
9727e4e4f7913596,宁波,nb_vehicle,,,,330203000000,1,1.645,2.72,工程渣土车,,2026-09-02
235b14797d6b6a85,宁波,nb_vehicle,,,,330203000000,1,1.645,2.72,工程渣土车,,2026-09-02
c4274af9992c2cc6,宁波,nb_vehicle,,,,330203000000,1,1.645,2.72,装修垃圾车,,2026-09-02
6a7050f3ffb59ec1,宁波,nb_vehicle,,,,330203000000,1,1.645,2.72,装修垃圾车,,2026-09-02
187a2c8c9743567c,宁波,nb_vehicle,,,,330203000000,1,1.645,2.72,装修垃圾车,,2026-09-02
e02f3e725a7b67e6,宁波,nb_vehicle,,,,330213002000,1,16.1,14.77,工程渣土车,,2026-09-02
98c2e05b94e07f0e,宁波,nb_vehicle,,,,330225001000,1,15.9,14.97,工程渣土车,,2026-09-02
7d0f9b0467e630d2,宁波,nb_vehicle,,,,330225001000,1,15.78,15.09,工程渣土车,,2026-09-02
c047d4aae30fd073,宁波,nb_vehicle,,,,330225001000,1,16.1,14.77,工程渣土车,,2026-09-02
f5e3d7eaaacb456d,宁波,nb_vehicle,,,,330225001000,1,16.1,14.77,工程渣土车,,2026-09-02
1dc67565ec056f62,宁波,nb_vehicle,,,,330225001000,1,16.1,14.77,工程渣土车,,2026-09-02
d4d0ca43fdcc2a84,宁波,nb_vehicle,,,,330225001000,1,15.37,15.5,工程渣土车,,2026-09-02
0653fb684480bc51,宁波,nb_vehicle,,,,330282118000,1,15.37,15.5,工程渣土车,,2026-09-02
a47b54860d01ec3a,宁波,nb_vehicle,,,,330225001000,1,16.1,14.77,工程渣土车,,2026-09-02
e4948783651eaea4,宁波,nb_vehicle,,,,330225001000,1,15.37,15.5,工程渣土车,,2026-09-02
6efc8bf8f3a8ba27,宁波,nb_vehicle,,,,330225001000,1,16.1,1.542,工程渣土车,,2026-09-02
44babbbcacf68a96,宁波,nb_vehicle,,,,330225001000,1,15.78,15.09,工程渣土车,,2026-09-02
5c0a747c327b8e52,宁波,nb_vehicle,,,,330225001000,1,16.1,14.77,工程渣土车,,2026-09-02
af3d38acc02769b6,宁波,nb_vehicle,,,,330225001000,1,16.1,15.3,工程渣土车,,2026-09-02
0f528c076ef03b8f,宁波,nb_vehicle,,,,330225001000,1,15.37,15.5,工程渣土车,,2026-09-02
b87e462b076f5be7,宁波,nb_vehicle,,,,330225001000,1,15.37,15.5,工程渣土车,,2026-09-02
0b6781c312be5363,宁波,nb_vehicle,,,,330225001000,1,15.78,15.09,工程渣土车,,2026-09-02
8c96a7dcab7614a0,宁波,nb_vehicle,,,,330225001000,1,16.1,14.77,工程渣土车,,2026-09-02
232da54129f3f97e,宁波,nb_vehicle,,,,330225001000,1,15.37,15.5,工程渣土车,,2026-09-02
e4948783651eaea4,宁波,nb_vehicle,,,,330225001000,1,15.37,15.5,工程渣土车,,2026-09-02
ae11a34e2aeabd6b,宁波,nb_vehicle,,,,330211000000,1,16.1,14.77,工程渣土车,,2026-09-02
2a8f7a232bf354cc,宁波,nb_vehicle,,,,330211000000,1,16.1,14.77,工程渣土车,,2026-09-02
46bbbb3e20ce5edf,宁波,nb_vehicle,,,,330211000000,1,16.1,14.77,工程渣土车,,2026-09-02
df62a780c8d21839,宁波,nb_vehicle,,,,330211000000,1,16.1,14.77,工程渣土车,,2026-09-02
39b7478b338d21a6,宁波,nb_vehicle,,,,330211000000,1,16.1,1.775,工程渣土车,,2026-09-02
8fbd2e5669c15318,宁波,nb_vehicle,,,,330211000000,1,16.1,14.77,工程渣土车,,2026-09-02
a135706ecbc8c793,宁波,nb_vehicle,,,,330211000000,1,15.37,15.5,工程渣土车,,2026-09-02
f6005ba526b3a025,宁波,nb_vehicle,,,,330211000000,1,16.1,14.77,工程渣土车,,2026-09-02
4c2585c6f24c033b,宁波,nb_vehicle,,,,330211000000,1,16.1,14.77,工程渣土车,,2026-09-02
09ad2ed6d7a634fe,宁波,nb_vehicle,,,,330211000000,1,16.1,14.77,工程渣土车,,2026-09-02
3ecf5a356296098e,宁波,nb_vehicle,,,,330211000000,1,16.1,14.77,工程渣土车,,2026-09-02
114e1780ac927971,宁波,nb_vehicle,,,,330211000000,1,16.1,14.77,工程渣土车,,2026-09-02
e3b956d68ddc37f0,宁波,nb_vehicle,,,,330211000000,1,16.1,14.77,工程渣土车,,2026-09-02
52ec819d62c8c0dc,宁波,nb_vehicle,,,,330211000000,1,16.1,14.77,工程渣土车,,2026-09-02
1b18113f96f2426b,宁波,nb_vehicle,,,,330211000000,1,16.1,14.77,工程渣土车,,2026-09-02
26b937da3f9a6e40,宁波,nb_vehicle,,,,330211000000,1,16.1,14.77,工程渣土车,,2026-09-02
b44a59d84ccb8fa3,宁波,nb_vehicle,,,,330211000000,1,15.37,15.5,工程渣土车,,2026-09-02
9c3f24f39b820efe,宁波,nb_vehicle,,,,330211000000,1,16.1,14.77,工程渣土车,,2026-09-02
b1cefe6be12c739e,宁波,nb_vehicle,,,,330211000000,1,16.1,14.77,工程渣土车,,2026-09-02
e1aeb92594e34b66,宁波,nb_vehicle,,,,330211000000,1,16.1,14.77,工程渣土车,,2026-09-02
8df29b5bdd95ff1e,宁波,nb_vehicle,,,,330211000000,1,16.1,14.77,工程渣土车,,2026-09-02
995616cc4e62a636,宁波,nb_vehicle,,,,330211000000,1,16.1,14.77,工程渣土车,,2026-09-02
9f1ee00c06a969ee,宁波,nb_vehicle,,,,330211000000,1,16.1,14.77,工程渣土车,,2026-09-02
9ef1cc755d708739,宁波,nb_vehicle,,,,330211000000,1,16.1,14.77,工程渣土车,,2026-09-02
2b880eef4e3bc0ad,宁波,nb_vehicle,,,,330211000000,1,16.1,14.77,工程渣土车,,2026-09-02
c39e7ee94641528d,宁波,nb_vehicle,,,,330211000000,1,16.1,14.77,工程渣土车,,2026-09-02
8e17211aa6f48150,宁波,nb_vehicle,,,,330211000000,1,16.1,14.77,工程渣土车,,2026-09-02
820c2f1c0c1075d8,宁波,nb_vehicle,,,,330211000000,1,16.1,14.77,工程渣土车,,2026-09-02
23c7ec44b9d25c7d,宁波,nb_vehicle,,,,330211000000,1,16.1,14.77,工程渣土车,,2026-09-02
f059930b2ee8741c,宁波,nb_vehicle,,,,330211000000,1,16.1,14.77,工程渣土车,,2026-09-02
26746e62508ad251,宁波,nb_vehicle,,,,330211000000,1,15.37,15.5,工程渣土车,,2026-09-02
29e580a597e79739,宁波,nb_vehicle,,,,330211000000,1,16.1,14.77,工程渣土车,,2026-09-02
45031cd3acb135e4,宁波,nb_vehicle,,,,330211000000,1,16.1,14.77,工程渣土车,,2026-09-02
3d66713f138ef567,宁波,nb_vehicle,,,,330205004000,1,16.1,16.1,工程渣土车,,2026-09-02
60e8ad57f1e17c37,宁波,nb_vehicle,,,,330203008000,1,16.1,14.77,工程渣土车,,2026-09-02
cb035673d2bb3c12,宁波,nb_vehicle,,,,330203008000,1,16.02,14.85,工程渣土车,,2026-09-02
94c076bb0f21da53,宁波,nb_vehicle,,,,330203008000,1,16.1,14.77,工程渣土车,,2026-09-02
8ef99fd05501abb7,宁波,nb_vehicle,,,,330205004000,1,16.1,16.1,工程渣土车,,2026-09-02
7fcbb7e1f1a21416,宁波,nb_vehicle,,,,330203008000,1,16.02,14.85,工程渣土车,,2026-09-02
1d4dbc6f5d068d9c,宁波,nb_vehicle,,,,330203008000,1,16.02,14.85,工程渣土车,,2026-09-02
fc53dd0cd5e83d6d,宁波,nb_vehicle,,,,330203008000,1,16.02,14.85,工程渣土车,,2026-09-02
9522597efcc9b451,宁波,nb_vehicle,,,,330203008000,1,16.1,14.77,工程渣土车,,2026-09-02
4159237ccc1977b3,宁波,nb_vehicle,,,,330203008000,1,16.02,14.85,工程渣土车,,2026-09-02
8a5d3844cd67ae29,宁波,nb_vehicle,,,,330203008000,1,16.02,14.85,工程渣土车,,2026-09-02
0ae1b4f12649d405,宁波,nb_vehicle,,,,330203008000,1,16.02,14.85,工程渣土车,,2026-09-02
770ed0fb8b39cee1,宁波,nb_vehicle,,,,330203008000,1,16.02,14.85,工程渣土车,,2026-09-02
88d12b9ea422816f,宁波,nb_vehicle,,,,330203008000,1,16.02,14.85,工程渣土车,,2026-09-02
e39fb657d25c4f94,宁波,nb_vehicle,,,,330203008000,1,16.07,14.8,工程渣土车,,2026-09-02
648d0b5db9da2fc1,宁波,nb_vehicle,,,,330203008000,1,16.02,14.85,工程渣土车,,2026-09-02
12e6541d5778f844,宁波,nb_vehicle,,,,330203008000,1,16.37,14.5,工程渣土车,,2026-09-02
391728c09d1140b5,宁波,nb_vehicle,,,,330203008000,1,16.02,14.85,工程渣土车,,2026-09-02
fa01b43c1701ee3c,宁波,nb_vehicle,,,,330203008000,1,16.1,14.77,工程渣土车,,2026-09-02
80525904d4e8310a,宁波,nb_vehicle,,,,330203008000,1,16.02,14.85,工程渣土车,,2026-09-02
c70d971ec2f79a09,宁波,nb_vehicle,,,,330203008000,1,16.02,14.85,工程渣土车,,2026-09-02
69f5eb1947e1bbd2,宁波,nb_vehicle,,,,330203008000,1,16.02,14.85,工程渣土车,,2026-09-02
82899b88fb99f623,宁波,nb_vehicle,,,,330203008000,1,16.02,14.85,工程渣土车,,2026-09-02
21e2cb5c02622069,宁波,nb_vehicle,,,,330203008000,1,16.02,14.85,工程渣土车,,2026-09-02
3ac04e66ef077e0c,宁波,nb_vehicle,,,,330203008000,1,16.37,14.5,工程渣土车,,2026-09-02
2eb27fbf448678a5,宁波,nb_vehicle,,,,330203008000,1,16.02,14.85,工程渣土车,,2026-09-02
dbc0c9c009307d9c,宁波,nb_vehicle,,,,330203008000,1,16.1,14.77,工程渣土车,,2026-09-02
5f83d77328d57c3c,宁波,nb_vehicle,,,,330203008000,1,16.37,14.5,工程渣土车,,2026-09-02
483e1bcc266bbf34,宁波,nb_vehicle,,,,330206002000,1,15.78,15.09,工程渣土车,,2026-09-02
305514d1727f4fd8,宁波,nb_vehicle,,,,330206002000,1,15.78,15.09,工程渣土车,,2026-09-02
20c74eee8fc4f54d,宁波,nb_vehicle,,,,330206002000,1,15.78,15.09,工程渣土车,,2026-09-02
6c9113897302531b,宁波,nb_vehicle,,,,330212000000,1,16.1,14.77,工程渣土车,,2026-09-02
45d7d3fd280c26cf,宁波,nb_vehicle,,,,330203100000,1,16.87,14.0,工程渣土车,,2026-09-02
874685e4ae43671b,宁波,nb_vehicle,,,,330203100000,1,16.87,14.0,工程渣土车,,2026-09-02
a87c9e20257bdde5,宁波,nb_vehicle,,,,330203100000,1,16.87,14.0,工程渣土车,,2026-09-02
e22e49cb0e298d2c,宁波,nb_vehicle,,,,330203100000,1,16.87,14.0,工程渣土车,,2026-09-02
0e11acdc58109dac,宁波,nb_vehicle,,,,330203100000,1,16.87,14.0,工程渣土车,,2026-09-02
f17ba69691c411f7,宁波,nb_vehicle,,,,330203100000,1,16.87,14.0,工程渣土车,,2026-09-02
cfe446be0c596f7d,宁波,nb_vehicle,,,,330203100000,1,16.87,14.0,工程渣土车,,2026-09-02
1e6609c632cdd934,宁波,nb_vehicle,,,,330203100000,1,16.87,14.0,工程渣土车,,2026-09-02
7a7ab764d4f26fcc,宁波,nb_vehicle,,,,330203100000,1,16.87,14.0,工程渣土车,,2026-09-02
cf48db0712f44027,宁波,nb_vehicle,,,,330203100000,1,16.87,14.0,工程渣土车,,2026-09-02
6b8ba8a049949b9c,宁波,nb_vehicle,,,,330203100000,1,16.87,14.0,工程渣土车,,2026-09-02
9ebcd8b4649c5096,宁波,nb_vehicle,,,,330203100000,1,16.87,14.0,工程渣土车,,2026-09-02
471cda27771bd244,宁波,nb_vehicle,,,,330203100000,1,16.87,14.0,工程渣土车,,2026-09-02
c659b004d4812c12,宁波,nb_vehicle,,,,330203100000,1,16.87,14.0,工程渣土车,,2026-09-02
e4bdbe1a02f9ac3b,宁波,nb_vehicle,,,,330203100000,1,16.87,14.0,工程渣土车,,2026-09-02
679bef09ae9343f5,宁波,nb_vehicle,,,,330203100000,1,16.87,14.0,工程渣土车,,2026-09-02
0613776ec7942560,宁波,nb_vehicle,,,,330203100000,1,16.87,14.0,工程渣土车,,2026-09-02
9fb4e40f725014f1,宁波,nb_vehicle,,,,330203100000,1,16.87,14.0,工程渣土车,,2026-09-02
d196a22e413cced5,宁波,nb_vehicle,,,,330203100000,1,16.87,14.0,工程渣土车,,2026-09-02
c1d404b1efdc2d45,宁波,nb_vehicle,,,,330203100000,1,16.87,14.0,工程渣土车,,2026-09-02
a03f11ec11c02970,宁波,nb_vehicle,,,,330203100000,1,16.87,1.41,工程渣土车,,2026-09-02
7507907ee90272a4,宁波,nb_vehicle,,,,330203100000,1,16.87,14.0,工程渣土车,,2026-09-02
97749d4e9bb8c97b,宁波,nb_vehicle,,,,330203100000,1,16.87,1.685,工程渣土车,,2026-09-02
bf30a0fe375149d5,宁波,nb_vehicle,,,,330203008000,1,16.37,14.5,工程渣土车,,2026-09-02
ea534210fd933938,宁波,nb_vehicle,,,,330203008000,1,15.37,15.5,工程渣土车,,2026-09-02
56342b2c5500d1bc,宁波,nb_vehicle,,,,330203008000,1,15.37,15.5,工程渣土车,,2026-09-02
fe5735594b0c7c3a,宁波,nb_vehicle,,,,330203008000,1,15.37,15.5,工程渣土车,,2026-09-02
c970693740dce8de,宁波,nb_vehicle,,,,330203008000,1,15.37,15.5,工程渣土车,,2026-09-02
6f09adbb072bc861,宁波,nb_vehicle,,,,330203008000,1,15.37,15.5,工程渣土车,,2026-09-02
0a03ffb7493718ef,宁波,nb_vehicle,,,,330203008000,1,15.37,15.5,工程渣土车,,2026-09-02
732a5c000e719f8d,宁波,nb_vehicle,,,,330203008000,1,16.87,14.0,工程渣土车,,2026-09-02
946b26f28f373eda,宁波,nb_vehicle,,,,330203008000,1,16.87,14.0,工程渣土车,,2026-09-02
02c43895dd8920f9,宁波,nb_vehicle,,,,330203008000,1,16.87,14.0,工程渣土车,,2026-09-02
5ef16d95ea16a5d8,宁波,nb_vehicle,,,,330203000000,1,1.645,2.72,工程渣土车,,2026-09-02
5ef16d95ea16a5d8,宁波,nb_vehicle,,,,330203000000,1,1.645,2.72,工程渣土车,,2026-09-02
b5880a0267b69280,宁波,nb_vehicle,,,,330203000000,1,16.37,14.5,工程渣土车,,2026-09-02
a0e1597676fa041f,宁波,nb_vehicle,,,,330282120000,1,16.1,14.77,工程渣土车,,2026-09-02
c8d8e3d006e0c73c,宁波,nb_vehicle,,,,330282120000,1,16.1,14.77,工程渣土车,,2026-09-02
efdebbc9f7e94547,宁波,nb_vehicle,,,,330282120000,1,16.1,14.77,工程渣土车,,2026-09-02
b53ae14d9c8b1e22,宁波,nb_vehicle,,,,330282120000,1,16.1,14.77,工程渣土车,,2026-09-02
637876a4aab03ba1,宁波,nb_vehicle,,,,330282120000,1,15.37,15.5,工程渣土车,,2026-09-02
4b0cb3a79913b1d3,宁波,nb_vehicle,,,,330282120000,1,16.1,14.77,工程渣土车,,2026-09-02
276b09aa76546683,宁波,nb_vehicle,,,,330282120000,1,16.1,14.77,工程渣土车,,2026-09-02
b0a4e6bab7fe66b2,宁波,nb_vehicle,,,,330212002000,1,15.37,15.5,工程渣土车,,2026-09-02
1d37682c3ea220ae,宁波,nb_vehicle,,,,330225002000,1,16.1,14.77,工程渣土车,,2026-09-02
bdf532d50d6ed169,宁波,nb_vehicle,,,,330213002000,1,16.1,14.77,工程渣土车,,2026-09-02
b603b0e354b71005,宁波,nb_vehicle,,,,330213002000,1,16.1,14.77,工程渣土车,,2026-09-02
21f741a7a3420c7f,宁波,nb_vehicle,,,,330213002000,1,16.1,14.77,工程渣土车,,2026-09-02
c42e7dc942a8d17f,宁波,nb_vehicle,,,,330213002000,1,16.1,14.77,工程渣土车,,2026-09-02
34a0ba87e1ef3df0,宁波,nb_vehicle,,,,330213002000,1,16.1,14.77,工程渣土车,,2026-09-02
8cee8260031b8388,宁波,nb_vehicle,,,,330213002000,1,16.1,14.77,工程渣土车,,2026-09-02
4c1888ce0ef3dc4c,宁波,nb_vehicle,,,,330213002000,1,16.1,14.77,工程渣土车,,2026-09-02
c851add90ca0fa55,宁波,nb_vehicle,,,,330213002000,1,16.1,14.77,工程渣土车,,2026-09-02
73237e58638884f0,宁波,nb_vehicle,,,,330213002000,1,16.1,14.77,工程渣土车,,2026-09-02
543bf45face55778,宁波,nb_vehicle,,,,330213002000,1,16.1,14.77,工程渣土车,,2026-09-02
b612b6b023c1a51e,宁波,nb_vehicle,,,,330213002000,1,16.1,14.77,工程渣土车,,2026-09-02
0740e3c69acbca33,宁波,nb_vehicle,,,,330213002000,1,16.1,14.77,工程渣土车,,2026-09-02
e6d199387698cb05,宁波,nb_vehicle,,,,330213002000,1,16.1,14.77,工程渣土车,,2026-09-02
fdf75a6bc321ad51,宁波,nb_vehicle,,,,330213002000,1,16.1,14.77,工程渣土车,,2026-09-02
a13448f05a68ccef,宁波,nb_vehicle,,,,330213002000,1,16.1,14.77,工程渣土车,,2026-09-02
e9f62b1d602e4622,宁波,nb_vehicle,,,,330213002000,1,16.1,14.77,工程渣土车,,2026-09-02
fbff745ef1c67c57,宁波,nb_vehicle,,,,330213002000,1,16.1,14.77,工程渣土车,,2026-09-02
5b374c339effec24,宁波,nb_vehicle,,,,330213002000,1,16.1,14.77,工程渣土车,,2026-09-02
058c14d5853c9656,宁波,nb_vehicle,,,,330203000000,1,1.645,2.72,装修垃圾车,,2026-09-02
ade28a26f97a5ab5,宁波,nb_vehicle,,,,330203000000,1,1.645,2.72,装修垃圾车,,2026-09-02
3d22ada54c83c1a5,宁波,nb_vehicle,,,,330203000000,1,1.645,2.72,装修垃圾车,,2026-09-02
9b8f41e38885384b,宁波,nb_vehicle,,,,330203000000,1,1.645,2.72,装修垃圾车,,2026-09-02
14e6f5c52c185822,宁波,nb_vehicle,,,,330211000000,1,16.1,14.77,工程渣土车,,2026-09-02
e17377ef2b9c6fb3,宁波,nb_vehicle,,,,330203000000,1,1.645,2.72,装修垃圾车,,2026-09-02
3f1ad66799cea8e4,宁波,nb_vehicle,,,,330203000000,1,1.645,2.72,装修垃圾车,,2026-09-02
44afa365b76f408d,宁波,nb_vehicle,,,,330203000000,1,1.645,2.72,装修垃圾车,,2026-09-02
2f2c538b41ca9a60,宁波,nb_vehicle,,,,330225002000,1,16.1,14.77,工程渣土车,,2026-09-02
da6ef275e3053709,宁波,nb_vehicle,,,,330205000000,1,11.92,18.95,工程泥浆车,,2026-09-02
81ce804372ce5d07,宁波,nb_vehicle,,,,330205000000,1,11.92,18.95,工程泥浆车,,2026-09-02
b2991657c55d5fc0,宁波,nb_vehicle,,,,330282118000,1,16.1,14.77,工程渣土车,,2026-09-02
4b4508360d583bbe,宁波,nb_vehicle,,,,330203009000,1,16.37,14.5,工程渣土车,,2026-09-02
2ea5cdc26dfe9125,宁波,nb_vehicle,,,,330203009000,1,16.37,14.5,工程渣土车,,2026-09-02
161df567a51e0b08,宁波,nb_vehicle,,,,330203009000,1,16.37,14.5,工程渣土车,,2026-09-02
d0654d4d5f438284,宁波,nb_vehicle,,,,330203009000,1,16.87,14.0,工程渣土车,,2026-09-02
d4c590154bb2f976,宁波,nb_vehicle,,,,330203009000,1,16.37,14.5,工程渣土车,,2026-09-02
5da7520089dbe313,宁波,nb_vehicle,,,,330206002000,1,15.37,15.5,工程渣土车,,2026-09-02
fbd54a4edcbadb7d,宁波,nb_vehicle,,,,330206002000,1,16.1,14.77,工程渣土车,,2026-09-02
38f82d052ffa38d1,宁波,nb_vehicle,,,,330206002000,1,16.1,14.77,工程渣土车,,2026-09-02
bcbd36e9f65be172,宁波,nb_vehicle,,,,330206002000,1,15.37,15.5,工程渣土车,,2026-09-02
3d97a9687bb4aef8,宁波,nb_vehicle,,,,330206002000,1,16.1,14.77,工程渣土车,,2026-09-02
e3e59ecd2bc7fee0,宁波,nb_vehicle,,,,330206002000,1,15.37,15.5,工程渣土车,,2026-09-02
1e60f2a0331a194c,宁波,nb_vehicle,,,,330206002000,1,16.1,14.77,工程渣土车,,2026-09-02
551891849656caa5,宁波,nb_vehicle,,,,330206002000,1,16.1,14.77,工程渣土车,,2026-09-02
a31f600354181c67,宁波,nb_vehicle,,,,330206002000,1,16.1,14.77,工程渣土车,,2026-09-02
2b19df6408a7a195,宁波,nb_vehicle,,,,330203000000,1,1.495,2.805,装修垃圾车,,2026-09-02
ce908896b6854de1,宁波,nb_vehicle,,,,330225000000,1,17.37,13.5,工程渣土车,,2026-09-02
0fef07df4a94938a,宁波,nb_vehicle,,,,330212000000,1,1.645,2.72,装修垃圾车,,2026-09-02
d327bd452557db72,宁波,nb_vehicle,,,,330282118000,1,16.1,0.143,工程渣土车,,2026-09-02
cdaafd44a10a5541,宁波,nb_vehicle,,,,330212007000,1,1.645,2.72,工程渣土车,,2026-09-02
c87f0cdc03513c10,宁波,nb_vehicle,,,,330212007000,1,1.645,2.72,装修垃圾车,,2026-09-02
e5555623e665d7f9,宁波,nb_vehicle,,,,330206002000,1,12.07,18.93,工程泥浆车,,2026-09-02
8a53dfd6e96e3fd6,宁波,nb_vehicle,,,,330213002000,1,1.645,2.72,装修垃圾车,,2026-09-02
7b09ae6c976d75b8,宁波,nb_vehicle,,,,330282100000,1,16.1,14.77,工程渣土车,,2026-09-02
3d880eeca4835766,宁波,nb_vehicle,,,,330206002000,1,16.87,14.0,工程渣土车,,2026-09-02
41d16a5af6d65608,宁波,nb_vehicle,,,,330206002000,1,16.87,14.0,工程渣土车,,2026-09-02
2c4404f58f7ab6bd,宁波,nb_vehicle,,,,330206002000,1,16.87,14.0,工程渣土车,,2026-09-02
38b01c3af7c497c4,宁波,nb_vehicle,,,,330206002000,1,16.87,14.0,工程渣土车,,2026-09-02
743df498db7ab119,宁波,nb_vehicle,,,,330206002000,1,16.87,14.0,工程渣土车,,2026-09-02
8cd2a86865691cb7,宁波,nb_vehicle,,,,330206002000,1,16.87,14.0,工程渣土车,,2026-09-02
8ebd49eba03af7fa,宁波,nb_vehicle,,,,330206002000,1,16.87,14.0,工程渣土车,,2026-09-02
a529a9a41331c518,宁波,nb_vehicle,,,,330206002000,1,16.87,14.0,工程渣土车,,2026-09-02
73e9fd2bf6b2f517,宁波,nb_vehicle,,,,330212106000,1,16.1,14.77,工程渣土车,,2026-09-02
650c56eb69e15852,宁波,nb_vehicle,,,,330206002000,1,12.005,18.8,工程泥浆车,,2026-09-02
b5ea2a13556bad66,宁波,nb_vehicle,,,,330203000000,1,16.87,1.338,工程渣土车,,2026-09-02
893f74421a8f5bbf,宁波,nb_vehicle,,,,330213000000,1,4.95,3.665,装修垃圾车,,2026-09-02
6e2d8ca4ff532d9a,宁波,nb_vehicle,,,,330205000000,1,1.645,2.72,装修垃圾车,,2026-09-02
3ee58bc41533ae51,宁波,nb_vehicle,,,,330205000000,1,0.495,3.5,装修垃圾车,,2026-09-02
0d77bf29383e97fe,宁波,nb_vehicle,,,,330205000000,1,1.645,2.72,装修垃圾车,,2026-09-02
bc4667d4b740ad17,宁波,nb_vehicle,,,,330212002000,1,15.37,15.5,工程渣土车,,2026-09-02
bbf5eb81a66e7674,宁波,nb_vehicle,,,,330206002000,1,15.37,15.5,工程渣土车,,2026-09-02
7e814b35fe03178b,宁波,nb_vehicle,,,,330206002000,1,16.1,14.77,工程渣土车,,2026-09-02
f2a7eb9a524214c3,宁波,nb_vehicle,,,,330206002000,1,15.37,15.5,工程渣土车,,2026-09-02
7d0d62d54019306f,宁波,nb_vehicle,,,,330206002000,1,16.1,14.77,工程渣土车,,2026-09-02
94d14f4f3f560cfd,宁波,nb_vehicle,,,,330206002000,1,16.1,14.77,工程渣土车,,2026-09-02
71afa5c8695d28a2,宁波,nb_vehicle,,,,330206002000,1,16.1,14.77,工程渣土车,,2026-09-02
8241b4cca116f693,宁波,nb_vehicle,,,,330206002000,1,16.1,14.77,工程渣土车,,2026-09-02
3beb697883b5d83d,宁波,nb_vehicle,,,,330206002000,1,15.37,15.5,工程渣土车,,2026-09-02
41f188dd4f1a438e,宁波,nb_vehicle,,,,330206002000,1,16.1,14.77,工程渣土车,,2026-09-02
03cc2b27190c7316,宁波,nb_vehicle,,,,330206002000,1,16.1,14.77,工程渣土车,,2026-09-02
fbdcb9d72d40148c,宁波,nb_vehicle,,,,330206002000,1,15.37,15.5,工程渣土车,,2026-09-02
a93a0eb8f4e53556,宁波,nb_vehicle,,,,330206002000,1,16.1,14.77,工程渣土车,,2026-09-02
b56fe47c20a31283,宁波,nb_vehicle,,,,330206002000,1,16.1,14.77,工程渣土车,,2026-09-02
0603fd451debc2ab,宁波,nb_vehicle,,,,330206002000,1,16.1,14.77,工程渣土车,,2026-09-02
2ba0790a6912f13b,宁波,nb_vehicle,,,,330206002000,1,16.1,14.77,工程渣土车,,2026-09-02
01e13df25ca0af85,宁波,nb_vehicle,,,,330206002000,1,16.1,14.77,工程渣土车,,2026-09-02
5cd6f38828e7087e,宁波,nb_vehicle,,,,330206002000,1,15.37,15.5,工程渣土车,,2026-09-02
f6f791baefedd25c,宁波,nb_vehicle,,,,330206002000,1,15.37,15.5,工程渣土车,,2026-09-02
df2fdc28ed7c9813,宁波,nb_vehicle,,,,330206002000,1,16.1,14.77,工程渣土车,,2026-09-02
51cd1b23872a0835,宁波,nb_vehicle,,,,330206002000,1,16.1,14.77,工程渣土车,,2026-09-02
4d68b4bfce7aa153,宁波,nb_vehicle,,,,330281106000,1,16.1,14.77,工程渣土车,,2026-09-02
73d49162d17cb4bc,宁波,nb_vehicle,,,,330206002000,1,16.1,14.77,工程渣土车,,2026-09-02
94fe71766bc7ce80,宁波,nb_vehicle,,,,330206002000,1,16.1,14.77,工程渣土车,,2026-09-02
ac8465066ea1fbe9,宁波,nb_vehicle,,,,330206002000,1,16.1,14.77,工程渣土车,,2026-09-02
5362246f0b602370,宁波,nb_vehicle,,,,330206002000,1,16.1,14.77,工程渣土车,,2026-09-02
f510a80afd1097a1,宁波,nb_vehicle,,,,330206002000,1,16.1,14.77,工程渣土车,,2026-09-02
bade74fd6788b1c6,宁波,nb_vehicle,,,,330206002000,1,16.1,14.77,工程渣土车,,2026-09-02
d63b22ab8dabe548,宁波,nb_vehicle,,,,330206002000,1,16.1,14.77,工程渣土车,,2026-09-02
44522d1519b2e283,宁波,nb_vehicle,,,,330206002000,1,16.1,14.77,工程渣土车,,2026-09-02
d6afa63bdb001504,宁波,nb_vehicle,,,,330206002000,1,15.37,14.77,工程渣土车,,2026-09-02
1797a98cc125be25,宁波,nb_vehicle,,,,330206002000,1,16.1,14.77,工程渣土车,,2026-09-02
ef2f625e59c214c2,宁波,nb_vehicle,,,,330206002000,1,16.1,14.77,工程渣土车,,2026-09-02
0c0b70d521fb480e,宁波,nb_vehicle,,,,330206002000,1,16.1,14.77,工程渣土车,,2026-09-02
7e79d0450b47262d,宁波,nb_vehicle,,,,330206002000,1,16.1,14.77,工程渣土车,,2026-09-02
681e6bfbbbe26f8a,宁波,nb_vehicle,,,,330206002000,1,16.1,14.77,工程渣土车,,2026-09-02
0d5c967aa51cb8b0,宁波,nb_vehicle,,,,330206002000,1,16.1,14.77,工程渣土车,,2026-09-02
b31c4287984db8b9,宁波,nb_vehicle,,,,330206002000,1,16.1,14.77,工程渣土车,,2026-09-02
7b7fba7017e18bad,宁波,nb_vehicle,,,,330206002000,1,16.1,14.77,工程渣土车,,2026-09-02
fdac2663b8679331,宁波,nb_vehicle,,,,330206002000,1,16.1,14.77,工程渣土车,,2026-09-02
0fb69953c05a2344,宁波,nb_vehicle,,,,330206002000,1,16.1,14.77,工程渣土车,,2026-09-02
0b371002a0eb9051,宁波,nb_vehicle,,,,330206002000,1,16.1,14.77,工程渣土车,,2026-09-02
39fdfd75ddf3c49d,宁波,nb_vehicle,,,,330206002000,1,16.1,14.77,工程渣土车,,2026-09-02
7de59299d4e9774c,宁波,nb_vehicle,,,,330206002000,1,16.1,14.77,工程渣土车,,2026-09-02
e450d6c46c2ca217,宁波,nb_vehicle,,,,330206002000,1,16.1,14.77,工程渣土车,,2026-09-02
83636b8b1ea418d7,宁波,nb_vehicle,,,,330206002000,1,16.1,14.77,工程渣土车,,2026-09-02
3aca75af0fdc4d58,宁波,nb_vehicle,,,,330206002000,1,16.1,14.77,工程渣土车,,2026-09-02
504ebf3d3a74e152,宁波,nb_vehicle,,,,330205103000,1,16.1,14.77,工程渣土车,,2026-09-02
1b39f036751fecce,宁波,nb_vehicle,,,,330212108000,1,16.1,14.77,工程渣土车,,2026-09-02
e86437b0e9b623c4,宁波,nb_vehicle,,,,330212108000,1,12.005,18.8,工程泥浆车,,2026-09-02
f84be6030e31a7f1,宁波,nb_vehicle,,,,330212108000,1,10.97,19.9,工程泥浆车,,2026-09-02
52b24e47cc3e02b5,宁波,nb_vehicle,,,,330212108000,1,16.1,14.77,工程渣土车,,2026-09-02
dae973e2593df6bc,宁波,nb_vehicle,,,,330212108000,1,16.1,14.77,工程渣土车,,2026-09-02
8e97f76d5a72a16c,宁波,nb_vehicle,,,,330212108000,1,16.1,14.77,工程渣土车,,2026-09-02
b7867f5a29f21a85,宁波,nb_vehicle,,,,330212108000,1,16.1,14.77,工程渣土车,,2026-09-02
3c7bb07eb2dae172,宁波,nb_vehicle,,,,330212108000,1,16.1,14.77,工程渣土车,,2026-09-02
630af5d7168834a7,宁波,nb_vehicle,,,,330212108000,1,16.1,14.77,工程渣土车,,2026-09-02
4dd75ada78d8671d,宁波,nb_vehicle,,,,330212108000,1,10.97,19.9,工程泥浆车,,2026-09-02
3c6b0c8ca8bcce4b,宁波,nb_vehicle,,,,330212108000,1,16.1,14.77,工程渣土车,,2026-09-02
ce246ec81f14f963,宁波,nb_vehicle,,,,330212108000,1,15.8,15.07,工程渣土车,,2026-09-02
a978fba83883868e,宁波,nb_vehicle,,,,330212108000,1,16.1,14.77,工程渣土车,,2026-09-02
2a55f453da010cfc,宁波,nb_vehicle,,,,330212108000,1,16.1,14.77,工程渣土车,,2026-09-02
8da5a02026c20f10,宁波,nb_vehicle,,,,330212108000,1,16.1,14.77,工程渣土车,,2026-09-02
38ef5524fe666690,宁波,nb_vehicle,,,,330212108000,1,16.1,14.77,工程渣土车,,2026-09-02
dcd00b3fa0dbea10,宁波,nb_vehicle,,,,330212108000,1,16.1,14.77,工程渣土车,,2026-09-02
c791c35bca58fdcd,宁波,nb_vehicle,,,,330212108000,1,12.07,18.8,工程泥浆车,,2026-09-02
f3414cad4256df8b,宁波,nb_vehicle,,,,330212108000,1,16.1,14.77,工程渣土车,,2026-09-02
72108004c4c7263e,宁波,nb_vehicle,,,,330212108000,1,12.07,18.8,工程泥浆车,,2026-09-02
16061fb31daafbb6,宁波,nb_vehicle,,,,330212108000,1,16.1,14.77,工程渣土车,,2026-09-02
d644e544793c3fac,宁波,nb_vehicle,,,,330212108000,1,16.1,14.77,工程渣土车,,2026-09-02
e2a782fda071056e,宁波,nb_vehicle,,,,330212108000,1,12.07,18.8,工程泥浆车,,2026-09-02
a0b7ca68af3e3736,宁波,nb_vehicle,,,,330212108000,1,16.1,14.77,工程渣土车,,2026-09-02
96575f07431c8cb2,宁波,nb_vehicle,,,,330212108000,1,16.1,14.77,工程渣土车,,2026-09-02
b97d16dd7687e243,宁波,nb_vehicle,,,,330212108000,1,16.1,14.77,工程渣土车,,2026-09-02
1b3bfda56c10def7,宁波,nb_vehicle,,,,330212108000,1,16.1,14.77,工程渣土车,,2026-09-02
6d0ef5ce5580d93c,宁波,nb_vehicle,,,,330212108000,1,16.1,14.77,工程渣土车,,2026-09-02
2a8eafa053d585b7,宁波,nb_vehicle,,,,330212108000,1,16.1,14.77,工程渣土车,,2026-09-02
eae3fa0ad4e3a56a,宁波,nb_vehicle,,,,330212108000,1,16.1,14.77,工程渣土车,,2026-09-02
6a81675f7fc44ecf,宁波,nb_vehicle,,,,330212108000,1,16.1,14.77,工程渣土车,,2026-09-02
ff578aa4d7fe617e,宁波,nb_vehicle,,,,330212108000,1,16.1,14.77,工程渣土车,,2026-09-02
c46d0c88e6311eba,宁波,nb_vehicle,,,,330212108000,1,16.1,14.77,工程渣土车,,2026-09-02
3741a1d61862b40d,宁波,nb_vehicle,,,,330212108000,1,16.1,14.77,工程渣土车,,2026-09-02
f7d31436e72716de,宁波,nb_vehicle,,,,330212108000,1,16.1,14.77,工程渣土车,,2026-09-02
bdb294256a9d41b9,宁波,nb_vehicle,,,,330212108000,1,16.1,14.77,工程渣土车,,2026-09-02
59caccb72ed7502b,宁波,nb_vehicle,,,,330212108000,1,15.37,15.5,工程渣土车,,2026-09-02
b84f10da6c4d01b8,宁波,nb_vehicle,,,,330212108000,1,16.1,14.77,工程渣土车,,2026-09-02
5613047915ed1f7f,宁波,nb_vehicle,,,,330212108000,1,16.1,14.77,工程渣土车,,2026-09-02
adf1673843ac3f14,宁波,nb_vehicle,,,,330212108000,1,16.1,14.77,工程渣土车,,2026-09-02
1d4e57c87e076483,宁波,nb_vehicle,,,,330212108000,1,16.1,14.77,工程渣土车,,2026-09-02
e413ec066a241219,宁波,nb_vehicle,,,,330213000000,1,4.3,3.665,装修垃圾车,,2026-09-02
ef5c6d17bdcbd9ae,宁波,nb_vehicle,,,,330282006000,1,16.1,14.77,工程渣土车,,2026-09-02
3d51cfba914877e3,宁波,nb_vehicle,,,,330213000000,1,4.95,3.665,装修垃圾车,,2026-09-02
b046dc1b1b8d2ae2,宁波,nb_vehicle,,,,330213002000,1,15.37,15.5,工程渣土车,,2026-09-02
96df7c8fc57165b3,宁波,nb_vehicle,,,,330205004000,1,16.1,14.77,工程渣土车,,2026-09-02
19d23eddce4910e7,宁波,nb_vehicle,,,,330205004000,1,16.1,16.1,工程渣土车,,2026-09-02
043b55eda8b47c78,宁波,nb_vehicle,,,,330205004000,1,16.1,16.1,工程渣土车,,2026-09-02
837fcee983d7b05c,宁波,nb_vehicle,,,,330205004000,1,16.1,16.1,工程渣土车,,2026-09-02
fed37a0b4464c85c,宁波,nb_vehicle,,,,330205004000,1,10.07,20.8,工程泥浆车,,2026-09-02
4e382f5dda829364,宁波,nb_vehicle,,,,330212106000,1,16.605,14.2,工程渣土车,,2026-09-02
8916fb397faedf2d,宁波,nb_vehicle,,,,330212101000,1,16.1,14.77,工程渣土车,,2026-09-02
0ba3624e056884f6,宁波,nb_vehicle,,,,330212101000,1,15.37,15.5,工程渣土车,,2026-09-02
409bf34230d3cbde,宁波,nb_vehicle,,,,330212101000,1,15.37,15.5,工程渣土车,,2026-09-02
976ee2e4d372f0df,宁波,nb_vehicle,,,,330212101000,1,15.37,15.5,工程渣土车,,2026-09-02
cbf2efdebaa9ad10,宁波,nb_vehicle,,,,330212101000,1,15.37,15.5,工程渣土车,,2026-09-02
1e0b9afa9b0bdf8e,宁波,nb_vehicle,,,,330212008000,1,0.69,3.61,工程渣土车,,2026-09-02
eec1212af1086f0d,宁波,nb_vehicle,,,,330212008000,1,0.69,3.61,工程渣土车,,2026-09-02
245eeb339ad6031a,宁波,nb_vehicle,,,,330226000000,1,1.645,2.72,工程渣土车,,2026-09-02
cb5c7e3d72c03b90,宁波,nb_vehicle,,,,330226000000,1,1.645,2.72,工程渣土车,,2026-09-02
36188df3d09d5b8a,宁波,nb_vehicle,,,,330206002000,1,16.1,14.77,工程渣土车,,2026-09-02
a75bf2dfa3576e2b,宁波,nb_vehicle,,,,330206002000,1,16.1,14.77,工程渣土车,,2026-09-02
1d39f06c6f65a985,宁波,nb_vehicle,,,,330206002000,1,16.87,14.0,工程渣土车,,2026-09-02
92acc263837386fb,宁波,nb_vehicle,,,,330206002000,1,16.87,14.0,工程渣土车,,2026-09-02
9b080cad94b9c04b,宁波,nb_vehicle,,,,330206002000,1,16.1,14.77,工程渣土车,,2026-09-02
8adebee7783d0263,宁波,nb_vehicle,,,,330206002000,1,15.67,15.2,工程渣土车,,2026-09-02
ae7798109cbf995f,宁波,nb_vehicle,,,,330206002000,1,16.87,14.0,工程渣土车,,2026-09-02
7f04876a2477cad9,宁波,nb_vehicle,,,,330206002000,1,16.87,14.0,工程渣土车,,2026-09-02
5c977f26fc495533,宁波,nb_vehicle,,,,330206002000,1,16.87,14.0,工程渣土车,,2026-09-02
6613bcfb3911e83d,宁波,nb_vehicle,,,,330206002000,1,16.87,14.0,工程渣土车,,2026-09-02
89e57653890e99e2,宁波,nb_vehicle,,,,330206002000,1,16.1,14.77,工程渣土车,,2026-09-02
4770ed5f1d3edf2e,宁波,nb_vehicle,,,,330206002000,1,16.1,14.77,工程渣土车,,2026-09-02
3ee6282b32c06bf5,宁波,nb_vehicle,,,,330206002000,1,16.1,1.615,工程渣土车,,2026-09-02
08bfe3379d154182,宁波,nb_vehicle,,,,330206002000,1,16.87,14.0,工程渣土车,,2026-09-02
59e5ac0f91075593,宁波,nb_vehicle,,,,330206002000,1,16.87,14.0,工程渣土车,,2026-09-02
0d6f014411a2e4cf,宁波,nb_vehicle,,,,330206002000,1,16.1,14.77,工程渣土车,,2026-09-02
ec577c964b292975,宁波,nb_vehicle,,,,330206002000,1,16.1,14.77,工程渣土车,,2026-09-02
f2caf313f1a0498d,宁波,nb_vehicle,,,,330206002000,1,16.87,14.0,工程渣土车,,2026-09-02
024caa12b7591695,宁波,nb_vehicle,,,,330206002000,1,16.1,14.77,工程渣土车,,2026-09-02
b6f418f6fbbd89eb,宁波,nb_vehicle,,,,330206002000,1,16.1,14.77,工程渣土车,,2026-09-02
a8eab417c60aefc1,宁波,nb_vehicle,,,,330206002000,1,16.87,14.0,工程渣土车,,2026-09-02
12cb3aa0667503e8,宁波,nb_vehicle,,,,330206002000,1,16.1,14.77,工程渣土车,,2026-09-02
6613bcfb3911e83d,宁波,nb_vehicle,,,,330206002000,1,16.87,14.0,工程渣土车,,2026-09-02
65b59b270b603f58,宁波,nb_vehicle,,,,330206002000,1,16.1,14.77,工程渣土车,,2026-09-02
51e1d2a1000aa01a,宁波,nb_vehicle,,,,330206002000,1,16.1,14.77,工程渣土车,,2026-09-02
a0175fa4b9d61db1,宁波,nb_vehicle,,,,330206002000,1,16.1,14.77,工程渣土车,,2026-09-02
f2a0f2cd58dd3b08,宁波,nb_vehicle,,,,330206002000,1,16.1,14.77,工程渣土车,,2026-09-02
768f3529adce6a6e,宁波,nb_vehicle,,,,330206002000,1,16.87,14.0,工程渣土车,,2026-09-02
5942bbb4ba139a41,宁波,nb_vehicle,,,,330206002000,1,16.1,14.77,工程渣土车,,2026-09-02
89c44b2b901bb4b4,宁波,nb_vehicle,,,,330206002000,1,16.87,14.0,工程渣土车,,2026-09-02
25c7371df62d6f5d,宁波,nb_vehicle,,,,330206002000,1,16.1,14.77,工程渣土车,,2026-09-02
33bf8686d8b5af3b,宁波,nb_vehicle,,,,330206002000,1,16.87,14.0,工程渣土车,,2026-09-02
d46a8c5b9cbb2e52,宁波,nb_vehicle,,,,330206002000,1,16.02,14.85,工程渣土车,,2026-09-02
a1e537423602b2a8,宁波,nb_vehicle,,,,330206002000,1,16.87,14.0,工程渣土车,,2026-09-02
3bd70b69f4ef46cc,宁波,nb_vehicle,,,,330206002000,1,16.1,14.77,工程渣土车,,2026-09-02
a514b29ca9918a14,宁波,nb_vehicle,,,,330206002000,1,16.1,14.77,工程渣土车,,2026-09-02
3ee6282b32c06bf5,宁波,nb_vehicle,,,,330206002000,1,16.1,1.615,工程渣土车,,2026-09-02
793fc0c2a5997ae2,宁波,nb_vehicle,,,,330206002000,1,16.1,14.77,工程渣土车,,2026-09-02
4770ed5f1d3edf2e,宁波,nb_vehicle,,,,330206002000,1,16.1,14.77,工程渣土车,,2026-09-02
a0f3b7622d824bd8,宁波,nb_vehicle,,,,330206002000,1,15.67,15.2,工程渣土车,,2026-09-02
5c977f26fc495533,宁波,nb_vehicle,,,,330206002000,1,16.87,14.0,工程渣土车,,2026-09-02
ae9cf4afbece327c,宁波,nb_vehicle,,,,330206002000,1,16.1,14.77,工程渣土车,,2026-09-02
0a59de90b5c63de1,宁波,nb_vehicle,,,,330206002000,1,16.1,14.77,工程渣土车,,2026-09-02
3c62884e7b6deebe,宁波,nb_vehicle,,,,330206002000,1,16.87,1.325,工程渣土车,,2026-09-02
5bec42c811295db2,宁波,nb_vehicle,,,,330206002000,1,16.37,14.5,工程渣土车,,2026-09-02
d25f6756756b6e59,宁波,nb_vehicle,,,,330206002000,1,16.87,14.0,工程渣土车,,2026-09-02
a7db70a51ded8a3f,宁波,nb_vehicle,,,,330206002000,1,15.37,15.5,工程渣土车,,2026-09-02
81427eb22a584a8e,宁波,nb_vehicle,,,,330206002000,1,16.87,14.0,工程渣土车,,2026-09-02
aef1bd4758e85e37,宁波,nb_vehicle,,,,330206002000,1,15.67,15.2,工程渣土车,,2026-09-02
de63d449f962ec3c,宁波,nb_vehicle,,,,330206002000,1,16.1,14.77,工程渣土车,,2026-09-02
b4e4e17d25405e10,宁波,nb_vehicle,,,,330206002000,1,16.1,14.77,工程渣土车,,2026-09-02
13630c299cc7f084,宁波,nb_vehicle,,,,330206002000,1,16.87,14.0,工程渣土车,,2026-09-02
616ee867ed4d0e41,宁波,nb_vehicle,,,,330206002000,1,15.67,15.2,工程渣土车,,2026-09-02
7235ee40758de9cf,宁波,nb_vehicle,,,,330206002000,1,15.67,15.2,工程渣土车,,2026-09-02
c1d3fa33cfdf30bc,宁波,nb_vehicle,,,,330206002000,1,16.1,14.77,工程渣土车,,2026-09-02
6b79d7ff00cc0c14,宁波,nb_vehicle,,,,330206002000,1,16.87,14.0,工程渣土车,,2026-09-02
761086d68485e883,宁波,nb_vehicle,,,,330206002000,1,16.1,14.77,工程渣土车,,2026-09-02
399321e4b0aef917,宁波,nb_vehicle,,,,330206002000,1,16.1,14.77,工程渣土车,,2026-09-02
65e9e5401338c9d5,宁波,nb_vehicle,,,,330206002000,1,16.1,14.77,工程渣土车,,2026-09-02
db06403f7bc6843a,宁波,nb_vehicle,,,,330206002000,1,16.67,14.2,工程渣土车,,2026-09-02
195ea427d2cfe954,宁波,nb_vehicle,,,,330206002000,1,16.1,14.77,工程渣土车,,2026-09-02
212c414fd1080949,宁波,nb_vehicle,,,,330206002000,1,16.37,14.5,工程渣土车,,2026-09-02
be9ed262d609a002,宁波,nb_vehicle,,,,330206002000,1,16.1,14.77,工程渣土车,,2026-09-02
c9fbb06482e9f38e,宁波,nb_vehicle,,,,330206002000,1,16.1,14.77,工程渣土车,,2026-09-02
9a29c1f979a72168,宁波,nb_vehicle,,,,330206002000,1,16.1,14.77,工程渣土车,,2026-09-02
6882e5f9f1c9f96e,宁波,nb_vehicle,,,,330206002000,1,16.1,14.77,工程渣土车,,2026-09-02
69b7b4191ca0cf08,宁波,nb_vehicle,,,,330206002000,1,16.1,14.77,工程渣土车,,2026-09-02
a80aa5037583318d,宁波,nb_vehicle,,,,330206002000,1,16.87,14.0,工程渣土车,,2026-09-02
2089e72a38e6cc84,宁波,nb_vehicle,,,,330206002000,1,16.37,14.5,工程渣土车,,2026-09-02
7f9a97fffeb6811f,宁波,nb_vehicle,,,,330206002000,1,16.02,14.85,工程渣土车,,2026-09-02
d7dcb6990acbd86b,宁波,nb_vehicle,,,,330206002000,1,15.37,15.5,工程渣土车,,2026-09-02
14c761588e1e85de,宁波,nb_vehicle,,,,330206002000,1,16.87,14.0,工程渣土车,,2026-09-02
3a13af23ac95ce54,宁波,nb_vehicle,,,,330206002000,1,15.67,15.2,工程渣土车,,2026-09-02
3d39286f7925f072,宁波,nb_vehicle,,,,330206002000,1,16.1,14.77,工程渣土车,,2026-09-02
990a9034d13f8e6b,宁波,nb_vehicle,,,,330206002000,1,16.1,14.77,工程渣土车,,2026-09-02
e7e9ad04247f12f6,宁波,nb_vehicle,,,,330206002000,1,16.1,14.77,工程渣土车,,2026-09-02
7476cb30ef321b5b,宁波,nb_vehicle,,,,330206002000,1,16.37,14.5,工程渣土车,,2026-09-02
c8956882174c7f95,宁波,nb_vehicle,,,,330206002000,1,15.67,15.2,工程渣土车,,2026-09-02
dc571687c99523bd,宁波,nb_vehicle,,,,330206002000,1,16.1,14.77,工程渣土车,,2026-09-02
f74cbb8a675fbf47,宁波,nb_vehicle,,,,330206002000,1,16.1,14.77,工程渣土车,,2026-09-02
9261a4e5ab797cf9,宁波,nb_vehicle,,,,330206002000,1,16.87,14.0,工程渣土车,,2026-09-02
a359415600c0578f,宁波,nb_vehicle,,,,330206002000,1,16.87,14.0,工程渣土车,,2026-09-02
cbcdba0639cce644,宁波,nb_vehicle,,,,330206002000,1,16.87,14.0,工程渣土车,,2026-09-02
ee52252f14f34cc8,宁波,nb_vehicle,,,,330206002000,1,16.87,14.0,工程渣土车,,2026-09-02
89a89ede1cf8c275,宁波,nb_vehicle,,,,330206002000,1,16.1,14.77,工程渣土车,,2026-09-02
f45bc98b6fc7d285,宁波,nb_vehicle,,,,330206002000,1,16.87,14.0,工程渣土车,,2026-09-02
9eeaaeeccf9611bc,宁波,nb_vehicle,,,,330206002000,1,16.1,14.77,工程渣土车,,2026-09-02
e507b4babb903cf4,宁波,nb_vehicle,,,,330206002000,1,16.1,14.77,工程渣土车,,2026-09-02
b1503e99b244bdaa,宁波,nb_vehicle,,,,330206002000,1,16.87,14.0,工程渣土车,,2026-09-02
fee414d9cde29683,宁波,nb_vehicle,,,,330206002000,1,15.67,15.2,工程渣土车,,2026-09-02
29636c588d885e2b,宁波,nb_vehicle,,,,330206002000,1,16.37,14.5,工程渣土车,,2026-09-02
d371b73873ef78b3,宁波,nb_vehicle,,,,330206002000,1,16.02,14.85,工程渣土车,,2026-09-02
403e057f170a40ce,宁波,nb_vehicle,,,,330206002000,1,16.37,14.5,工程渣土车,,2026-09-02
eac5279e861c3280,宁波,nb_vehicle,,,,330206002000,1,16.1,14.77,工程渣土车,,2026-09-02
dee3bec273311068,宁波,nb_vehicle,,,,330206002000,1,16.1,14.77,工程渣土车,,2026-09-02
9c304e906de203e4,宁波,nb_vehicle,,,,330206002000,1,16.1,14.77,工程渣土车,,2026-09-02
e94ab5a149eb50d8,宁波,nb_vehicle,,,,330206002000,1,15.37,15.5,工程渣土车,,2026-09-02
64817421435ec614,宁波,nb_vehicle,,,,330206002000,1,16.87,14.0,工程渣土车,,2026-09-02
758feb267cd8d6e9,宁波,nb_vehicle,,,,330206002000,1,16.87,14.0,工程渣土车,,2026-09-02
ab64b37da46647a0,宁波,nb_vehicle,,,,330206002000,1,16.1,14.77,工程渣土车,,2026-09-02
d2a193ed80fe8745,宁波,nb_vehicle,,,,330206002000,1,16.37,14.5,工程渣土车,,2026-09-02
ec49bcee6dc3499e,宁波,nb_vehicle,,,,330206002000,1,16.87,14.83,工程渣土车,,2026-09-02
231aa30b4de06834,宁波,nb_vehicle,,,,330206002000,1,15.67,15.2,工程渣土车,,2026-09-02
6ab0667d450b72c2,宁波,nb_vehicle,,,,330206002000,1,16.1,14.77,工程渣土车,,2026-09-02
b44c6d5c617578f6,宁波,nb_vehicle,,,,330206002000,1,15.67,15.2,工程渣土车,,2026-09-02
75d012f1dfe73185,宁波,nb_vehicle,,,,330226000000,1,1.58,2.72,工程渣土车,,2026-09-02
cee3c599b4d33cf3,宁波,nb_vehicle,,,,330226000000,1,1.58,2.72,工程渣土车,,2026-09-02
381d3a6bbc60a7df,宁波,nb_vehicle,,,,330226000000,1,1.58,2.72,工程渣土车,,2026-09-02
c9b3eb8f674ceb38,宁波,nb_vehicle,,,,330226000000,1,1.64,2.72,工程渣土车,,2026-09-02
7eb8f01477b6ae4d,宁波,nb_vehicle,,,,330226000000,1,1.645,2.72,工程渣土车,,2026-09-02
2b7bd622efba2ff8,宁波,nb_vehicle,,,,330212000000,1,12.07,18.8,工程泥浆车,,2026-09-02
f4999f3b311adc46,宁波,nb_vehicle,,,,330212000000,1,12.07,18.8,工程泥浆车,,2026-09-02
c1828b23a0ff7db9,宁波,nb_vehicle,,,,330212000000,1,10.97,19.9,工程泥浆车,,2026-09-02
5049a4fbf95f0db1,宁波,nb_vehicle,,,,330212000000,1,12.07,18.8,工程泥浆车,,2026-09-02
9ea8bed252ceed95,宁波,nb_vehicle,,,,330282118000,1,16.1,14.77,工程渣土车,,2026-09-02
a0e8c3decfb7b6ae,宁波,nb_vehicle,,,,330205000000,1,12.07,18.8,工程泥浆车,,2026-09-02
3edabcd35d6d68b0,宁波,nb_vehicle,,,,330212005000,1,16.37,14.5,工程渣土车,,2026-09-02
18257ad58a65a383,宁波,nb_vehicle,,,,330212005000,1,16.37,14.5,工程渣土车,,2026-09-02
b3d8f75f405fa4ac,宁波,nb_vehicle,,,,330212005000,1,16.37,14.5,工程渣土车,,2026-09-02
e9fc2a3c785d64ee,宁波,nb_vehicle,,,,330212005000,1,16.37,14.5,工程渣土车,,2026-09-02
2df6cd053220614b,宁波,nb_vehicle,,,,330203006000,1,12.005,18.8,工程泥浆车,,2026-09-02
3a4d3df93584d059,宁波,nb_vehicle,,,,330205008000,1,16.1,14.77,工程渣土车,,2026-09-02
7c919f6227fce17b,宁波,nb_vehicle,,,,330205008000,1,16.1,14.77,工程渣土车,,2026-09-02
33611591c334f0e9,宁波,nb_vehicle,,,,330205008000,1,16.8,14.0,工程渣土车,,2026-09-02
e8b439bb38cc7429,宁波,nb_vehicle,,,,330212002000,1,15.99,14.88,工程渣土车,,2026-09-02
7e65e2af35897460,宁波,nb_vehicle,,,,330212012000,1,0.495,3.665,装修垃圾车,,2026-09-02
e0d34f64d5a65b66,宁波,nb_vehicle,,,,330212012000,1,0.495,3.665,工程渣土车,,2026-09-02
15354d12dec2b5cf,宁波,nb_vehicle,,,,330212012000,1,0.495,3.665,工程渣土车,,2026-09-02
67473abbe2b16529,宁波,nb_vehicle,,,,330212002000,1,15.99,14.88,工程渣土车,,2026-09-02
c92c87ea8c7152dc,宁波,nb_vehicle,,,,330225200000,1,16.1,2.4,工程渣土车,,2026-09-02
99038672e7e2e244,宁波,nb_vehicle,,,,330212103000,1,16.37,14.5,工程渣土车,,2026-09-02
e35a613cb19fb0a6,宁波,nb_vehicle,,,,330205007000,1,16.1,14.77,工程渣土车,,2026-09-02
26c63850b7206f21,宁波,nb_vehicle,,,,330205007000,1,16.1,3.1,工程渣土车,,2026-09-02
a2a0d14ec13b7dc8,宁波,nb_vehicle,,,,330205007000,1,15.37,15.5,工程渣土车,,2026-09-02
75291e32607fb2d6,宁波,nb_vehicle,,,,330205007000,1,16.1,14.77,工程渣土车,,2026-09-02
c9c281e4516d74e2,宁波,nb_vehicle,,,,330205007000,1,16.1,14.77,工程渣土车,,2026-09-02
2e2ad3e40ca40083,宁波,nb_vehicle,,,,330205007000,1,16.1,14.77,工程渣土车,,2026-09-02
ebe8234f47c2ff0a,宁波,nb_vehicle,,,,330205007000,1,16.1,14.77,工程渣土车,,2026-09-02
b0bdfb8f8d5851c5,宁波,nb_vehicle,,,,330205007000,1,15.37,15.5,工程渣土车,,2026-09-02
33c96d6d92074e89,宁波,nb_vehicle,,,,330205007000,1,15.37,15.5,工程渣土车,,2026-09-02
6c0fdb80064bbf5c,宁波,nb_vehicle,,,,330205007000,1,16.1,14.77,工程渣土车,,2026-09-02
13959f0be137cd96,宁波,nb_vehicle,,,,330205007000,1,15.8,15.07,工程渣土车,,2026-09-02
e60c37178a73fb82,宁波,nb_vehicle,,,,330205007000,1,16.1,14.77,工程渣土车,,2026-09-02
96ff2c1ceab55b79,宁波,nb_vehicle,,,,330205007000,1,16.1,14.77,工程渣土车,,2026-09-02
14cd2d9c50a98795,宁波,nb_vehicle,,,,330205007000,1,15.37,15.5,工程渣土车,,2026-09-02
d1be48bc17810eeb,宁波,nb_vehicle,,,,330205007000,1,16.1,14.77,工程渣土车,,2026-09-02
25274447ee9c4455,宁波,nb_vehicle,,,,330205007000,1,16.1,14.77,工程渣土车,,2026-09-02
fd85e6b19ddb7890,宁波,nb_vehicle,,,,330205007000,1,16.11,14.77,工程渣土车,,2026-09-02
6edc0ca273ab1875,宁波,nb_vehicle,,,,330205007000,1,16.1,14.77,工程渣土车,,2026-09-02
18f4f802a4fd862d,宁波,nb_vehicle,,,,330205007000,1,16.1,14.77,工程渣土车,,2026-09-02
da460f07902d5d19,宁波,nb_vehicle,,,,330205007000,1,16.1,14.77,工程渣土车,,2026-09-02
611fe1bb13ab60d6,宁波,nb_vehicle,,,,330205007000,1,16.1,14.77,工程渣土车,,2026-09-02
ced41bf70d1406d5,宁波,nb_vehicle,,,,330205007000,1,16.1,14.77,工程渣土车,,2026-09-02
d4d41dcb5e26b92e,宁波,nb_vehicle,,,,330205007000,1,16.1,14.77,工程渣土车,,2026-09-02
ce671466421c1b17,宁波,nb_vehicle,,,,330205007000,1,16.1,14.77,工程渣土车,,2026-09-02
265a0a1c40a6fa97,宁波,nb_vehicle,,,,330205007000,1,16.1,14.77,工程渣土车,,2026-09-02
be493f7121702f3d,宁波,nb_vehicle,,,,330205007000,1,16.1,14.77,工程渣土车,,2026-09-02
7879ad5208524f8e,宁波,nb_vehicle,,,,330205007000,1,16.1,14.77,工程渣土车,,2026-09-02
c9a109b722f4913b,宁波,nb_vehicle,,,,330205007000,1,16.1,14.77,工程渣土车,,2026-09-02
3f48f4a10e1e57ea,宁波,nb_vehicle,,,,330205007000,1,16.1,14.77,工程渣土车,,2026-09-02
b20bbd514fd7b936,宁波,nb_vehicle,,,,330205007000,1,16.1,14.77,工程渣土车,,2026-09-02
23af303c4a2827ab,宁波,nb_vehicle,,,,330205007000,1,16.1,14.77,工程渣土车,,2026-09-02
2990f06f29e688cb,宁波,nb_vehicle,,,,330205007000,1,16.1,14.77,工程渣土车,,2026-09-02
129c02f3e0c05736,宁波,nb_vehicle,,,,330205007000,1,16.1,14.77,工程渣土车,,2026-09-02
cb384b52105b5022,宁波,nb_vehicle,,,,330205007000,1,15.37,15.5,工程渣土车,,2026-09-02
442cfe49c91f74d0,宁波,nb_vehicle,,,,330205007000,1,16.1,14.77,工程渣土车,,2026-09-02
d5face29a9143ac0,宁波,nb_vehicle,,,,330205000000,1,12.07,18.8,工程泥浆车,,2026-09-02
094be3ead031c916,宁波,nb_vehicle,,,,330205000000,1,10.07,20.8,工程泥浆车,,2026-09-02
cc16adc3d2645638,宁波,nb_vehicle,,,,330205000000,1,10.07,20.8,工程泥浆车,,2026-09-02
08ccd88c16f87086,宁波,nb_vehicle,,,,330205000000,1,10.97,19.9,工程泥浆车,,2026-09-02
dd5ae69213d27051,宁波,nb_vehicle,,,,330212007000,1,1.645,2.72,装修垃圾车,,2026-09-02
0c63b18767b915f4,宁波,nb_vehicle,,,,330212007000,1,1.645,2.72,装修垃圾车,,2026-09-02
a762ca18e16c295c,宁波,nb_vehicle,,,,330212007000,1,1.645,2.72,装修垃圾车,,2026-09-02
e6f29147e7b7f5b7,宁波,nb_vehicle,,,,330212007000,1,1.645,2.72,装修垃圾车,,2026-09-02
99807189c39c437f,宁波,nb_vehicle,,,,330212007000,1,1.645,2.72,装修垃圾车,,2026-09-02
5a3355822890eee3,宁波,nb_vehicle,,,,330205006000,1,16.1,14.77,工程渣土车,,2026-09-02
5e9d50d0ae36598c,宁波,nb_vehicle,,,,330212000000,1,16.1,14.77,工程渣土车,,2026-09-02
6da15035584f6ee6,宁波,nb_vehicle,,,,330205006000,1,16.1,14.77,工程渣土车,,2026-09-02
018aa520617b60ac,宁波,nb_vehicle,,,,330205006000,1,16.1,14.77,工程渣土车,,2026-09-02
4b9a2f35af93fded,宁波,nb_vehicle,,,,330205006000,1,16.1,14.77,工程渣土车,,2026-09-02
b8091f2ac00f8c56,宁波,nb_vehicle,,,,330205008000,1,16.02,14.85,工程渣土车,,2026-09-02
60b590f53dff286a,宁波,nb_vehicle,,,,330205008000,1,16.37,14.5,工程渣土车,,2026-09-02
885ab4a20b7d19b5,宁波,nb_vehicle,,,,330212014000,1,16.02,14.85,工程渣土车,,2026-09-02
f7cb0d5fec604672,宁波,nb_vehicle,,,,330212002000,1,0.69,3.1,装修垃圾车,,2026-09-02
dbe532a1c538d052,宁波,nb_vehicle,,,,330212002000,1,0.745,3.43,装修垃圾车,,2026-09-02
44c87e9c0fd2524d,宁波,nb_vehicle,,,,330212002000,1,0.49,3.3,装修垃圾车,,2026-09-02
8a5f6681dfab2b49,宁波,nb_vehicle,,,,330212002000,1,4.37,4.6,装修垃圾车,,2026-09-02
7ef38566af3b1ca2,宁波,nb_vehicle,,,,330212002000,1,0.745,3.555,装修垃圾车,,2026-09-02
7cdb3f422a31fa05,宁波,nb_vehicle,,,,330212002000,1,0.745,3.43,装修垃圾车,,2026-09-02
5ee76a8b64889ebc,宁波,nb_vehicle,,,,330212002000,1,0.49,3.3,装修垃圾车,,2026-09-02
9932eb1b57466ecb,宁波,nb_vehicle,,,,330212002000,1,0.68,3.515,工程渣土车,,2026-09-02
571c2473bb1de8b1,宁波,nb_vehicle,,,,330212002000,1,1.645,2.72,装修垃圾车,,2026-09-02
695a9586f3da4bf3,宁波,nb_vehicle,,,,330282118000,1,16.1,14.77,工程渣土车,,2026-09-02
469bfb74b80d460f,宁波,nb_vehicle,,,,330282118000,1,16.1,14.77,工程渣土车,,2026-09-02
b81c582afe04cd4d,宁波,nb_vehicle,,,,330282118000,1,16.1,14.77,工程渣土车,,2026-09-02
5a2a89b62d3e9603,宁波,nb_vehicle,,,,330282118000,1,16.1,14.77,工程渣土车,,2026-09-02
873141773cef2160,宁波,nb_vehicle,,,,330282118000,1,16.1,14.77,工程渣土车,,2026-09-02
fb56f3a86194c07a,宁波,nb_vehicle,,,,330282118000,1,15.37,15.5,工程渣土车,,2026-09-02
243e3feb2e6c9bae,宁波,nb_vehicle,,,,330282118000,1,16.1,14.77,工程渣土车,,2026-09-02
4a082723a132c412,宁波,nb_vehicle,,,,330282118000,1,16.1,14.77,工程渣土车,,2026-09-02
6e8fd7503d9ab9fd,宁波,nb_vehicle,,,,330282118000,1,15.37,15.5,工程渣土车,,2026-09-02
bdf86cb88c4ed6ab,宁波,nb_vehicle,,,,330282118000,1,16.1,14.77,工程渣土车,,2026-09-02
284bdebd68d80dc3,宁波,nb_vehicle,,,,330282118000,1,16.1,14.77,工程渣土车,,2026-09-02
e56b49175cfbccb5,宁波,nb_vehicle,,,,330282118000,1,16.1,14.77,工程渣土车,,2026-09-02
326335cc82ac4052,宁波,nb_vehicle,,,,330282118000,1,15.37,15.5,工程渣土车,,2026-09-02
471465cf6f2ea32d,宁波,nb_vehicle,,,,330282118000,1,16.1,14.77,工程渣土车,,2026-09-02
a342f5b1829663e8,宁波,nb_vehicle,,,,330282118000,1,16.1,14.77,工程渣土车,,2026-09-02
95bc573f108b0927,宁波,nb_vehicle,,,,330282118000,1,16.1,14.77,工程渣土车,,2026-09-02
b575fd1dadce1105,宁波,nb_vehicle,,,,330282118000,1,16.1,14.77,工程渣土车,,2026-09-02
b76b7c01608c97a4,宁波,nb_vehicle,,,,330282118000,1,16.1,14.77,工程渣土车,,2026-09-02
dc569ed9ab9d8819,宁波,nb_vehicle,,,,330282118000,1,16.1,14.77,工程渣土车,,2026-09-02
d6fa2965f0d507ef,宁波,nb_vehicle,,,,330282118000,1,16.1,14.77,工程渣土车,,2026-09-02
6be0230e51a7be5c,宁波,nb_vehicle,,,,330282118000,1,15.37,15.5,工程渣土车,,2026-09-02
6be0230e51a7be5c,宁波,nb_vehicle,,,,330282118000,1,15.37,15.5,工程渣土车,,2026-09-02
dc569ed9ab9d8819,宁波,nb_vehicle,,,,330282118000,1,16.1,14.77,工程渣土车,,2026-09-02
dd29cecd9c9d793b,宁波,nb_vehicle,,,,330282118000,1,16.1,14.77,工程渣土车,,2026-09-02
2dbe2a16686c987e,宁波,nb_vehicle,,,,330282118000,1,15.37,15.5,工程渣土车,,2026-09-02
bd0052c4678c5b79,宁波,nb_vehicle,,,,330282118000,1,16.1,14.77,工程渣土车,,2026-09-02
dc7700118844014f,宁波,nb_vehicle,,,,330282118000,1,16.1,14.77,工程渣土车,,2026-09-02
2bbe9c03776567fe,宁波,nb_vehicle,,,,330282118000,1,16.1,14.77,工程渣土车,,2026-09-02
0be43ec6a3ee575e,宁波,nb_vehicle,,,,330282118000,1,16.1,14.77,工程渣土车,,2026-09-02
ebd8788a4f24b794,宁波,nb_vehicle,,,,330282118000,1,16.1,1.97,工程渣土车,,2026-09-02
b5f4035bf8506d38,宁波,nb_vehicle,,,,330282118000,1,16.1,14.77,工程渣土车,,2026-09-02
5312bc915f4324f8,宁波,nb_vehicle,,,,330282118000,1,16.1,14.77,工程渣土车,,2026-09-02
a9f4854520c12f38,宁波,nb_vehicle,,,,330282118000,1,15.37,15.5,工程渣土车,,2026-09-02
ef60316643723486,宁波,nb_vehicle,,,,330282118000,1,16.1,14.77,工程渣土车,,2026-09-02
355644123afad513,宁波,nb_vehicle,,,,330281005000,1,1.645,2.72,装修垃圾车,,2026-09-02
b81d0f44a138fcbf,宁波,nb_vehicle,,,,330281005000,1,1.645,2.72,装修垃圾车,,2026-09-02
a9ee7e1c9cb4846d,宁波,nb_vehicle,,,,330281005000,1,4.62,4.35,装修垃圾车,,2026-09-02
1110a3d2eac02c08,宁波,nb_vehicle,,,,330281005000,1,4.62,4.35,装修垃圾车,,2026-09-02
d2ed6889c0141651,宁波,nb_vehicle,,,,330281005000,1,1.645,2.72,装修垃圾车,,2026-09-02
a7b4158b990a47bd,宁波,nb_vehicle,,,,330281005000,1,4.37,4.6,装修垃圾车,,2026-09-02
927a87a8e8ea4436,宁波,nb_vehicle,,,,330206002000,1,4.62,4.35,装修垃圾车,,2026-09-02
d9e85cbac96bb2c3,宁波,nb_vehicle,,,,330206002000,1,4.37,1.89,装修垃圾车,,2026-09-02
be07128335643f45,宁波,nb_vehicle,,,,330206002000,1,9.27,6.8,装修垃圾车,,2026-09-02
6b739c9331d444b5,宁波,nb_vehicle,,,,330206002000,1,4.37,4.6,装修垃圾车,,2026-09-02
a7b7c92ee6703c87,宁波,nb_vehicle,,,,330206002000,1,4.62,2.199,装修垃圾车,,2026-09-02
6c7d24777e87ab2b,宁波,nb_vehicle,,,,330206002000,1,4.62,4.35,装修垃圾车,,2026-09-02
a7d48126e6f5ab37,宁波,nb_vehicle,,,,330206002000,1,4.37,4.6,装修垃圾车,,2026-09-02
2904190a76cc52af,宁波,nb_vehicle,,,,330206002000,1,4.62,4.35,装修垃圾车,,2026-09-02
21a338754a698c38,宁波,nb_vehicle,,,,330206002000,1,1.64,2.72,装修垃圾车,,2026-09-02
53e98890ed5b3ae3,宁波,nb_vehicle,,,,330206002000,1,4.62,4.35,装修垃圾车,,2026-09-02
5485c9b49408f8a5,宁波,nb_vehicle,,,,330206002000,1,4.62,1.11,装修垃圾车,,2026-09-02
e0fe443c0a42626e,宁波,nb_vehicle,,,,330212006000,1,16.37,14.5,工程渣土车,,2026-09-02
3d5fa7d45b1ab514,宁波,nb_vehicle,,,,330212006000,1,16.1,14.77,工程渣土车,,2026-09-02
1edcfc95a924eb88,宁波,nb_vehicle,,,,330212006000,1,16.37,14.5,工程渣土车,,2026-09-02
d699d61baccbd048,宁波,nb_vehicle,,,,330212006000,1,16.37,14.5,工程渣土车,,2026-09-02
da876f32f490604d,宁波,nb_vehicle,,,,330212006000,1,16.1,14.77,工程渣土车,,2026-09-02
c60721e10b8b21e2,宁波,nb_vehicle,,,,330212006000,1,16.37,14.5,工程渣土车,,2026-09-02
3798bc131136129a,宁波,nb_vehicle,,,,330212006000,1,16.37,14.5,工程渣土车,,2026-09-02
d5b9f776260d5142,宁波,nb_vehicle,,,,330212006000,1,16.37,14.5,工程渣土车,,2026-09-02
f21c0774628373ec,宁波,nb_vehicle,,,,330212006000,1,16.37,14.5,工程渣土车,,2026-09-02
85cb4c0e4eb19cb9,宁波,nb_vehicle,,,,330212006000,1,16.37,14.5,工程渣土车,,2026-09-02
446b57a527de2c30,宁波,nb_vehicle,,,,330212006000,1,16.37,14.5,工程渣土车,,2026-09-02
a9c2bd7de06d05b9,宁波,nb_vehicle,,,,330212006000,1,16.1,14.77,工程渣土车,,2026-09-02
68bed5df5d2b7f19,宁波,nb_vehicle,,,,330212006000,1,16.37,14.5,工程渣土车,,2026-09-02
7edf0a52d2ef3a48,宁波,nb_vehicle,,,,330212006000,1,16.02,14.85,工程渣土车,,2026-09-02
eef9252b0cbeabc0,宁波,nb_vehicle,,,,330212006000,1,16.1,14.77,工程渣土车,,2026-09-02
ffd2605bf2302b5a,宁波,nb_vehicle,,,,330212006000,1,16.1,14.77,工程渣土车,,2026-09-02
4d6ca860f7cbb085,宁波,nb_vehicle,,,,330212006000,1,16.1,14.77,工程渣土车,,2026-09-02
79a4d2b6ead1a027,宁波,nb_vehicle,,,,330212006000,1,16.02,14.85,工程渣土车,,2026-09-02
2b9ddb2696a147d3,宁波,nb_vehicle,,,,330212006000,1,16.37,14.5,工程渣土车,,2026-09-02
2e7f9f46ce2a6944,宁波,nb_vehicle,,,,330212006000,1,16.02,14.85,工程渣土车,,2026-09-02
3537ac81328fa133,宁波,nb_vehicle,,,,330212006000,1,16.1,14.77,工程渣土车,,2026-09-02
df781a234800fee5,宁波,nb_vehicle,,,,330212006000,1,16.1,14.77,工程渣土车,,2026-09-02
e34698ac72cacffd,宁波,nb_vehicle,,,,330212006000,1,16.02,14.85,工程渣土车,,2026-09-02
d89415df663d8b85,宁波,nb_vehicle,,,,330212006000,1,16.1,14.77,工程渣土车,,2026-09-02
09dcef43ef798354,宁波,nb_vehicle,,,,330212006000,1,16.1,14.77,工程渣土车,,2026-09-02
01bb08fdf61f6f05,宁波,nb_vehicle,,,,330212006000,1,16.1,14.77,工程渣土车,,2026-09-02
de18d179b016c9ba,宁波,nb_vehicle,,,,330212006000,1,16.1,14.77,工程渣土车,,2026-09-02
b1ef9c4c60a7ef01,宁波,nb_vehicle,,,,330212006000,1,16.1,14.77,工程渣土车,,2026-09-02
f44d7e51ffad457f,宁波,nb_vehicle,,,,330212006000,1,16.1,14.77,工程渣土车,,2026-09-02
87dacf05409d1f0a,宁波,nb_vehicle,,,,330212006000,1,16.1,14.77,工程渣土车,,2026-09-02
0c85f8a70d965575,宁波,nb_vehicle,,,,330212006000,1,16.1,14.77,工程渣土车,,2026-09-02
3cc6f754c9582cf6,宁波,nb_vehicle,,,,330212006000,1,16.1,14.77,工程渣土车,,2026-09-02
2519b15451e8d5bb,宁波,nb_vehicle,,,,330212002000,1,15.37,15.5,工程渣土车,,2026-09-02
ccdf8dba5cff7421,宁波,nb_vehicle,,,,330203006000,1,1.645,2.72,工程渣土车,,2026-09-02
b8cc173fe505ca35,宁波,nb_vehicle,,,,330225002000,1,16.1,14.77,工程渣土车,,2026-09-02
5e8363b1ef0fe681,宁波,nb_vehicle,,,,330225002000,1,16.1,14.77,工程渣土车,,2026-09-02
1eb95bea6f43fa3c,宁波,nb_vehicle,,,,330206002000,1,9.995,7.81,装修垃圾车,,2026-09-02
1ebcfad65523df86,宁波,nb_vehicle,,,,330203100000,1,16.87,14.0,工程渣土车,,2026-09-02
343c1f8a8d62d076,宁波,nb_vehicle,,,,330203100000,1,16.87,14.0,工程渣土车,,2026-09-02
d952f26a55ca2035,宁波,nb_vehicle,,,,330203100000,1,16.87,14.0,工程渣土车,,2026-09-02
5bf265e0444211e0,宁波,nb_vehicle,,,,330203100000,1,16.87,14.0,工程渣土车,,2026-09-02
7852322a586f9517,宁波,nb_vehicle,,,,330203100000,1,16.87,14.0,工程渣土车,,2026-09-02
1bb76fa44f710b36,宁波,nb_vehicle,,,,330203100000,1,16.87,14.0,工程渣土车,,2026-09-02
3dbaf190e25449c8,宁波,nb_vehicle,,,,330203100000,1,16.87,14.0,工程渣土车,,2026-09-02
599a71f6537bc7b0,宁波,nb_vehicle,,,,330203100000,1,16.87,14.0,工程渣土车,,2026-09-02
c46a74722869e0e4,宁波,nb_vehicle,,,,330203100000,1,16.87,14.0,工程渣土车,,2026-09-02
ad77a30eff55c9ad,宁波,nb_vehicle,,,,330203100000,1,16.87,14.0,工程渣土车,,2026-09-02
268613fca34b20ab,宁波,nb_vehicle,,,,330213002000,1,1.645,2.72,装修垃圾车,,2026-09-02
ee99dd79aa084508,宁波,nb_vehicle,,,,330225002000,1,15.37,15.5,工程渣土车,,2026-09-02
c602e2f2f96b9bfb,宁波,nb_vehicle,,,,330225002000,1,16.0,14.87,工程渣土车,,2026-09-02
67856bf8180cc35f,宁波,nb_vehicle,,,,330225002000,1,16.0,14.87,工程渣土车,,2026-09-02
0922e02eff853e58,宁波,nb_vehicle,,,,330225002000,1,16.0,14.87,工程渣土车,,2026-09-02
0629c9e1d549fedb,宁波,nb_vehicle,,,,330225002000,1,16.0,14.87,工程渣土车,,2026-09-02
142625344cbc099d,宁波,nb_vehicle,,,,330225002000,1,16.1,14.77,工程渣土车,,2026-09-02
020954bb6a904611,宁波,nb_vehicle,,,,330225002000,1,15.37,15.5,工程渣土车,,2026-09-02
501484134000ebd3,宁波,nb_vehicle,,,,330225002000,1,16.0,14.87,工程渣土车,,2026-09-02
af36b3ba0ccb52b7,宁波,nb_vehicle,,,,330225002000,1,15.37,15.5,工程渣土车,,2026-09-02
04900dd458d215b4,宁波,nb_vehicle,,,,330225002000,1,16.0,31.0,工程渣土车,,2026-09-02
593cb9ffb29389d9,宁波,nb_vehicle,,,,330225002000,1,16.1,14.77,工程渣土车,,2026-09-02
f855dc81639066d4,宁波,nb_vehicle,,,,330225002000,1,15.99,14.88,工程渣土车,,2026-09-02
b9d86de7fa2c165c,宁波,nb_vehicle,,,,330225002000,1,16.1,14.77,工程渣土车,,2026-09-02
4a93eb8038577708,宁波,nb_vehicle,,,,330225002000,1,16.1,14.77,工程渣土车,,2026-09-02
6dd24d19ad5f4160,宁波,nb_vehicle,,,,330225002000,1,16.1,14.77,工程渣土车,,2026-09-02
9ed64fba98c2a3e1,宁波,nb_vehicle,,,,330225002000,1,15.78,15.09,工程渣土车,,2026-09-02
e696dc37488ae3d9,宁波,nb_vehicle,,,,330225002000,1,16.1,14.77,工程渣土车,,2026-09-02
d606f5f09f2525b6,宁波,nb_vehicle,,,,330225002000,1,8.87,22.0,工程泥浆车,,2026-09-02
0710e1aac0877abe,宁波,nb_vehicle,,,,330225002000,1,15.37,15.5,工程渣土车,,2026-09-02
723529a7000516ff,宁波,nb_vehicle,,,,330282006000,1,16.1,14.77,工程渣土车,,2026-09-02
0ee01fd811e975cd,宁波,nb_vehicle,,,,330282006000,1,16.1,14.77,工程渣土车,,2026-09-02
77628c9fa6019fa5,宁波,nb_vehicle,,,,330282006000,1,16.1,14.77,工程渣土车,,2026-09-02
d031a4a8ce19525b,宁波,nb_vehicle,,,,330282006000,1,16.1,1.57,工程渣土车,,2026-09-02
a78227b297947e3b,宁波,nb_vehicle,,,,330282006000,1,16.1,14.77,工程渣土车,,2026-09-02
8cdb9b1a708a264e,宁波,nb_vehicle,,,,330282006000,1,16.1,14.77,工程渣土车,,2026-09-02
5cbf7530aaad002b,宁波,nb_vehicle,,,,330282006000,1,16.1,14.77,工程渣土车,,2026-09-02
ff3033c20fd2317e,宁波,nb_vehicle,,,,330213002000,1,16.1,14.77,工程渣土车,,2026-09-02
b3c002ec9685c790,宁波,nb_vehicle,,,,330213002000,1,16.1,14.77,工程渣土车,,2026-09-02
b9001c82580d4825,宁波,nb_vehicle,,,,330213002000,1,16.1,14.77,工程渣土车,,2026-09-02
f5db1f3aa3c18c6d,宁波,nb_vehicle,,,,330213002000,1,15.78,15.09,工程渣土车,,2026-09-02
2aaa9c15f3e5bfa5,宁波,nb_vehicle,,,,330213002000,1,16.1,14.77,工程渣土车,,2026-09-02
8cf2d25d3cf743c1,宁波,nb_vehicle,,,,330213002000,1,16.1,14.77,工程渣土车,,2026-09-02
5b502cba4425d192,宁波,nb_vehicle,,,,330213002000,1,16.1,14.77,工程渣土车,,2026-09-02
589de37a266ebcdd,宁波,nb_vehicle,,,,330282000000,1,4.97,4.0,装修垃圾车,,2026-09-02
0628caef9404d4c5,宁波,nb_vehicle,,,,330282000000,1,4.37,4.6,装修垃圾车,,2026-09-02
8c057ef0425014a0,宁波,nb_vehicle,,,,330282000000,1,4.37,4.6,装修垃圾车,,2026-09-02
b41335fc39f0ed29,宁波,nb_vehicle,,,,330282000000,1,4.97,4.0,装修垃圾车,,2026-09-02
61641f4c651f3b63,宁波,nb_vehicle,,,,330282000000,1,4.37,4.6,装修垃圾车,,2026-09-02
5cb20a1b428a8bb6,宁波,nb_vehicle,,,,330212007000,1,0.43,3.665,工程渣土车,,2026-09-02
899062cc33fd9688,宁波,nb_vehicle,,,,330212007000,1,1.645,2.72,装修垃圾车,,2026-09-02
2d2c2e60d3c939c8,宁波,nb_vehicle,,,,330212007000,1,1.645,2.72,工程渣土车,,2026-09-02
df1a093cf42370c3,宁波,nb_vehicle,,,,330212007000,1,0.495,3.665,工程渣土车,,2026-09-02
61898103f0ebfe4a,宁波,nb_vehicle,,,,330212007000,1,1.645,2.72,装修垃圾车,,2026-09-02
ebcf6b93217ed40e,宁波,nb_vehicle,,,,330212007000,1,4.37,4.6,装修垃圾车,,2026-09-02
16d3f4af525cb0d2,宁波,nb_vehicle,,,,330281000000,1,12.07,18.8,工程泥浆车,,2026-09-02
fa19f12b499213ae,宁波,nb_vehicle,,,,330205000000,1,1.645,2.72,装修垃圾车,,2026-09-02
94b3fecadfb6fc85,宁波,nb_vehicle,,,,330205000000,1,0.495,3.665,工程渣土车,,2026-09-02
3571b65e43d25ec6,宁波,nb_vehicle,,,,330205000000,1,0.43,3.665,工程渣土车,,2026-09-02
cd1c7a3dce5973b8,宁波,nb_vehicle,,,,330205000000,1,0.495,3.665,工程渣土车,,2026-09-02
6408380283431796,宁波,nb_vehicle,,,,330205000000,1,0.43,3.665,工程渣土车,,2026-09-02
951de71a3577aacb,宁波,nb_vehicle,,,,330205000000,1,0.495,3.665,工程渣土车,,2026-09-02
343594203ba15285,宁波,nb_vehicle,,,,330203000000,1,1.645,2.72,装修垃圾车,,2026-09-02
f8755a51b432339b,宁波,nb_vehicle,,,,330206002000,1,1.645,2.72,工程渣土车,,2026-09-02
5a4b706cfaa89ea8,宁波,nb_vehicle,,,,330205006000,1,16.1,14.77,工程渣土车,,2026-09-02
7b500e9a15f2fe25,宁波,nb_vehicle,,,,330205006000,1,16.1,14.77,工程渣土车,,2026-09-02
33406680a1202ea6,宁波,nb_vehicle,,,,330205006000,1,16.1,14.77,工程渣土车,,2026-09-02
557c3dc3fb66af80,宁波,nb_vehicle,,,,330205006000,1,16.1,14.77,工程渣土车,,2026-09-02
653bf6e6c462a89a,宁波,nb_vehicle,,,,330205006000,1,16.1,14.77,工程渣土车,,2026-09-02
82cc8ff009fc9acc,宁波,nb_vehicle,,,,330205006000,1,16.1,14.77,工程渣土车,,2026-09-02
c4530b114f7ed66f,宁波,nb_vehicle,,,,330205006000,1,16.1,14.77,工程渣土车,,2026-09-02
573b798881a2d546,宁波,nb_vehicle,,,,330205006000,1,16.1,14.77,工程渣土车,,2026-09-02
9157832619d63025,宁波,nb_vehicle,,,,330205006000,1,16.1,14.77,工程渣土车,,2026-09-02
2804a4f05c48321c,宁波,nb_vehicle,,,,330205006000,1,16.1,14.77,工程渣土车,,2026-09-02
fe59a6889a067889,宁波,nb_vehicle,,,,330205006000,1,16.1,14.77,工程渣土车,,2026-09-02
37705bea3d2e1de6,宁波,nb_vehicle,,,,330205006000,1,16.1,14.77,工程渣土车,,2026-09-02
276938f2bad948b2,宁波,nb_vehicle,,,,330205006000,1,16.1,14.77,工程渣土车,,2026-09-02
7a90dc4aa183c649,宁波,nb_vehicle,,,,330205006000,1,16.1,14.77,工程渣土车,,2026-09-02
fcdc080e8d62812d,宁波,nb_vehicle,,,,330205006000,1,16.1,14.77,工程渣土车,,2026-09-02
46320a40366f4e26,宁波,nb_vehicle,,,,330205006000,1,16.1,14.77,工程渣土车,,2026-09-02
8cf80c320360f97a,宁波,nb_vehicle,,,,330205006000,1,16.1,14.77,工程渣土车,,2026-09-02
a92c547b477fed5b,宁波,nb_vehicle,,,,330205006000,1,16.1,14.77,工程渣土车,,2026-09-02
b6548674a7cbcacc,宁波,nb_vehicle,,,,330205006000,1,16.1,14.77,工程渣土车,,2026-09-02
bb7fd21d38ed7954,宁波,nb_vehicle,,,,330205006000,1,15.37,15.5,工程渣土车,,2026-09-02
89e963c3ea2fa111,宁波,nb_vehicle,,,,330205006000,1,16.1,14.77,工程渣土车,,2026-09-02
9d159c46c3f2c1ab,宁波,nb_vehicle,,,,330205006000,1,16.1,14.77,工程渣土车,,2026-09-02
a7e4bdadc4f1d384,宁波,nb_vehicle,,,,330205006000,1,16.1,14.77,工程渣土车,,2026-09-02
101d943c32097908,宁波,nb_vehicle,,,,330205006000,1,16.1,14.77,工程渣土车,,2026-09-02
9888fd8ab1257a03,宁波,nb_vehicle,,,,330205006000,1,16.1,14.77,工程渣土车,,2026-09-02
7041c40252b576c3,宁波,nb_vehicle,,,,330205006000,1,16.1,14.77,工程渣土车,,2026-09-02
a68acb5643924f3e,宁波,nb_vehicle,,,,330205006000,1,16.1,14.77,工程渣土车,,2026-09-02
9d23c66b7612d810,宁波,nb_vehicle,,,,330205006000,1,16.1,14.77,工程渣土车,,2026-09-02
b41f85ae1ac82fde,宁波,nb_vehicle,,,,330205006000,1,16.1,14.77,工程渣土车,,2026-09-02
5e60acd9410105cf,宁波,nb_vehicle,,,,330205006000,1,16.1,14.77,工程渣土车,,2026-09-02
7bbbd069cfafdbee,宁波,nb_vehicle,,,,330205006000,1,16.1,14.77,工程渣土车,,2026-09-02
75ad78ee4719d130,宁波,nb_vehicle,,,,3302121L0000,1,0.43,3.665,工程渣土车,,2026-09-02
86007264e6ad1d6f,宁波,nb_vehicle,,,,3302121L0000,1,0.5,3.8,装修垃圾车,,2026-09-02
897c80217f7a8761,宁波,nb_vehicle,,,,3302121L0000,1,7.59,4.21,装修垃圾车,,2026-09-02
848b8b82db1d217f,宁波,nb_vehicle,,,,330212108000,1,16.1,14.77,工程渣土车,,2026-09-02
128758f1a52d3877,宁波,nb_vehicle,,,,330212005000,1,16.1,1.36,工程渣土车,,2026-09-02
849ba8dea932fd97,宁波,nb_vehicle,,,,330211000000,1,10.97,19.9,工程泥浆车,,2026-09-02
eda8cf3df821c3a7,宁波,nb_vehicle,,,,330212108000,1,4.93,6.825,装修垃圾车,,2026-09-02
7c709a397c8221b7,宁波,nb_vehicle,,,,330212108000,1,7.115,4.75,装修垃圾车,,2026-09-02
6326fb35cd6242c9,宁波,nb_vehicle,,,,330212108000,1,0.69,3.61,工程渣土车,,2026-09-02
061d4b20a13849ae,宁波,nb_vehicle,,,,330212108000,1,0.69,3.61,工程渣土车,,2026-09-02
7415349d4dbd5fe9,宁波,nb_vehicle,,,,330281000000,1,16.1,14.77,工程渣土车,,2026-09-02
a858bbab00243885,宁波,nb_vehicle,,,,330212002000,1,15.37,15.5,工程渣土车,,2026-09-02
5634f47e261b63a6,宁波,nb_vehicle,,,,330212002000,1,16.1,14.77,工程渣土车,,2026-09-02
9f6fd4194d340320,宁波,nb_vehicle,,,,330212002000,1,16.1,14.77,工程渣土车,,2026-09-02
93a82d63ddf90f10,宁波,nb_vehicle,,,,330212002000,1,16.1,14.77,工程渣土车,,2026-09-02
76d4d20091d51d25,宁波,nb_vehicle,,,,330212002000,1,16.1,14.77,工程渣土车,,2026-09-02
f2351942fd11cf38,宁波,nb_vehicle,,,,330212002000,1,16.37,14.5,工程渣土车,,2026-09-02
46dfa67fb30d8bdf,宁波,nb_vehicle,,,,330212002000,1,16.1,14.77,工程渣土车,,2026-09-02
323f570ac08f1f1d,宁波,nb_vehicle,,,,330212002000,1,16.1,14.77,工程渣土车,,2026-09-02
be0384abfcca56fa,宁波,nb_vehicle,,,,330212002000,1,16.1,14.77,工程渣土车,,2026-09-02
a42d90b33bcb68dc,宁波,nb_vehicle,,,,330212002000,1,16.1,14.77,工程渣土车,,2026-09-02
b3e61de20f22ff40,宁波,nb_vehicle,,,,330212002000,1,16.1,14.77,工程渣土车,,2026-09-02
6b5f3cb1f9073992,宁波,nb_vehicle,,,,330212002000,1,16.1,14.77,工程渣土车,,2026-09-02
6c49900990a956d2,宁波,nb_vehicle,,,,330212002000,1,16.1,14.77,工程渣土车,,2026-09-02
118568131f500cd9,宁波,nb_vehicle,,,,330212002000,1,16.1,14.77,工程渣土车,,2026-09-02
3df326c1918c8dc9,宁波,nb_vehicle,,,,330212002000,1,16.1,14.77,工程渣土车,,2026-09-02
38f9b61b4b5c0987,宁波,nb_vehicle,,,,330212002000,1,16.1,14.77,工程渣土车,,2026-09-02
5541d131b32dded2,宁波,nb_vehicle,,,,330212002000,1,16.1,14.77,工程渣土车,,2026-09-02
557cb264a2f562f6,宁波,nb_vehicle,,,,330212002000,1,15.37,15.5,工程渣土车,,2026-09-02
737770669a558b39,宁波,nb_vehicle,,,,330212002000,1,16.1,14.77,工程渣土车,,2026-09-02
f64e9ea478e83f4c,宁波,nb_vehicle,,,,330212002000,1,16.1,14.77,工程渣土车,,2026-09-02
577a2f1b41f8a5e1,宁波,nb_vehicle,,,,330212002000,1,16.1,14.77,工程渣土车,,2026-09-02
4d30cdb55132f8aa,宁波,nb_vehicle,,,,330212002000,1,16.1,14.77,工程渣土车,,2026-09-02
791b12747ee9eeed,宁波,nb_vehicle,,,,330212002000,1,16.1,14.77,工程渣土车,,2026-09-02
26c6b01747294eb3,宁波,nb_vehicle,,,,330225002000,1,16.1,14.77,工程渣土车,,2026-09-02
1860d219444d1fd8,宁波,nb_vehicle,,,,330211000000,1,16.1,14.77,工程渣土车,,2026-09-02
e81e6cd3682512e2,宁波,nb_vehicle,,,,330211000000,1,16.1,14.77,工程渣土车,,2026-09-02
bc701a66250aa25a,宁波,nb_vehicle,,,,330211000000,1,16.1,14.77,工程渣土车,,2026-09-02
63994629e2d264f7,宁波,nb_vehicle,,,,330211000000,1,16.1,14.77,工程渣土车,,2026-09-02
655e3bf63b98058f,宁波,nb_vehicle,,,,330211000000,1,16.1,14.77,工程渣土车,,2026-09-02
2dc6e69e248384ec,宁波,nb_vehicle,,,,330211000000,1,16.1,14.77,工程渣土车,,2026-09-02
be91ebde094c8f0a,宁波,nb_vehicle,,,,330212005000,1,4.37,4.6,装修垃圾车,,2026-09-02
117b7814e21eb716,宁波,nb_vehicle,,,,330212006000,1,7.31,4.49,装修垃圾车,,2026-09-02
7db4c900ba722abd,宁波,nb_vehicle,,,,330212006000,1,0.495,3.665,装修垃圾车,,2026-09-02
54c6563a7b0d98ec,宁波,nb_vehicle,,,,330212006000,1,7.7,4.1,装修垃圾车,,2026-09-02
77296cac78c2c817,宁波,nb_vehicle,,,,330212006000,1,1.645,2.72,装修垃圾车,,2026-09-02
d65e4f4d9df972b7,宁波,nb_vehicle,,,,330212006000,1,7.31,4.49,装修垃圾车,,2026-09-02
0c924e146be7b1bf,宁波,nb_vehicle,,,,330212006000,1,7.31,4.49,装修垃圾车,,2026-09-02
8d734910eb8b4167,宁波,nb_vehicle,,,,330212006000,1,7.31,4.49,装修垃圾车,,2026-09-02
9ddc61fe6b92438e,宁波,nb_vehicle,,,,330212006000,1,1.645,2.72,装修垃圾车,,2026-09-02
36ad1bee14cf6c67,宁波,nb_vehicle,,,,330212006000,1,7.7,4.1,装修垃圾车,,2026-09-02
e3dc9907941d28be,宁波,nb_vehicle,,,,330212006000,1,7.31,4.49,装修垃圾车,,2026-09-02
dba87da9020d02bc,宁波,nb_vehicle,,,,330212006000,1,7.31,4.49,装修垃圾车,,2026-09-02
3e9db1a419453e4b,宁波,nb_vehicle,,,,330212006000,1,7.31,4.49,装修垃圾车,,2026-09-02
deea20279c421040,宁波,nb_vehicle,,,,330212006000,1,7.7,4.1,装修垃圾车,,2026-09-02
f47e254e0b67cde0,宁波,nb_vehicle,,,,330212006000,1,7.31,4.49,装修垃圾车,,2026-09-02
e1012238f4923e3b,宁波,nb_vehicle,,,,330212006000,1,1.645,2.72,装修垃圾车,,2026-09-02
3ecd47b0d0d107c4,宁波,nb_vehicle,,,,330212002000,1,15.37,15.5,工程渣土车,,2026-09-02
5a65376c2eb5758b,宁波,nb_vehicle,,,,330226002000,1,1.645,2.72,工程渣土车,,2026-09-02
ea54cddb5bc8143d,宁波,nb_vehicle,,,,330203006000,1,1.645,2.72,工程渣土车,,2026-09-02
862a101e7eab8e3f,宁波,nb_vehicle,,,,33028210L000,1,15.37,15.5,工程渣土车,,2026-09-02
7b97bbeb5be4fa02,宁波,nb_vehicle,,,,33028210L000,1,15.37,1.28,工程渣土车,,2026-09-02
69b88b2ec186f84f,宁波,nb_vehicle,,,,330205008000,1,16.87,14.0,工程渣土车,,2026-09-02
58d0a0e835bc8c19,宁波,nb_vehicle,,,,330205008000,1,15.37,15.5,工程渣土车,,2026-09-02
9a25f32f6ccd2da0,宁波,nb_vehicle,,,,330212002000,1,16.1,14.77,工程渣土车,,2026-09-02
78b87ccfac247654,宁波,nb_vehicle,,,,330212108000,1,16.1,14.77,工程渣土车,,2026-09-02
ff2968f63684b1f0,宁波,nb_vehicle,,,,330203000000,1,12.07,18.8,工程泥浆车,,2026-09-02
eab0dbbf4104b695,宁波,nb_vehicle,,,,330203000000,1,10.97,19.9,工程泥浆车,,2026-09-02
092dc2ccc3164ff7,宁波,nb_vehicle,,,,330212100000,1,1.645,2.72,工程渣土车,,2026-09-02
09b8685b7437a306,宁波,nb_vehicle,,,,330212100000,1,1.645,2.72,工程渣土车,,2026-09-02
3eff3464f95b037a,宁波,nb_vehicle,,,,330212100000,1,1.645,2.72,工程渣土车,,2026-09-02
e82cb3de26e54e96,宁波,nb_vehicle,,,,330212100000,1,1.645,2.72,工程渣土车,,2026-09-02
17a062763c92c1cf,宁波,nb_vehicle,,,,330212100000,1,1.645,2.72,工程渣土车,,2026-09-02
788768807aeeae0a,宁波,nb_vehicle,,,,330212000000,1,1.645,2.72,装修垃圾车,,2026-09-02
c587428bdb3eeb98,宁波,nb_vehicle,,,,330203009000,1,16.37,14.5,工程渣土车,,2026-09-02
24a27525651d4833,宁波,nb_vehicle,,,,330212005000,1,16.37,14.5,工程渣土车,,2026-09-02
8f9348ce0440427f,宁波,nb_vehicle,,,,330205008000,1,16.1,14.77,工程渣土车,,2026-09-02
9bc718319f3dd24e,宁波,nb_vehicle,,,,330205008000,1,16.02,14.85,工程渣土车,,2026-09-02
19c9340bcf81276a,宁波,nb_vehicle,,,,330205008000,1,16.1,14.77,工程渣土车,,2026-09-02
51aaaf90b1d07ea1,宁波,nb_vehicle,,,,330205008000,1,16.02,14.85,工程渣土车,,2026-09-02
5ff5df26d5a2e4c4,宁波,nb_vehicle,,,,330205008000,1,16.87,14.0,工程渣土车,,2026-09-02
5a4219554d32970b,宁波,nb_vehicle,,,,330205008000,1,16.1,14.77,工程渣土车,,2026-09-02
27fb3b7271fdb2d1,宁波,nb_vehicle,,,,330205008000,1,16.1,14.77,工程渣土车,,2026-09-02
574eeb5f9ee44adb,宁波,nb_vehicle,,,,330205008000,1,16.37,14.5,工程渣土车,,2026-09-02
38c024fb706c2d49,宁波,nb_vehicle,,,,330205008000,1,16.1,14.77,工程渣土车,,2026-09-02
9a10ed9148301689,宁波,nb_vehicle,,,,330205008000,1,16.1,14.77,工程渣土车,,2026-09-02
85fb5b02fe88eb98,宁波,nb_vehicle,,,,330205008000,1,16.1,14.77,工程渣土车,,2026-09-02
d685aac171054ae8,宁波,nb_vehicle,,,,330205008000,1,16.1,14.77,工程渣土车,,2026-09-02
9b5cc241fcba641d,宁波,nb_vehicle,,,,330205008000,1,16.1,14.77,工程渣土车,,2026-09-02
f95b06de8d46a0e0,宁波,nb_vehicle,,,,330205008000,1,16.02,14.85,工程渣土车,,2026-09-02
244943af01e5fe54,宁波,nb_vehicle,,,,330205008000,1,16.37,14.5,工程渣土车,,2026-09-02
fe50715b56017188,宁波,nb_vehicle,,,,330205008000,1,15.37,15.5,工程渣土车,,2026-09-02
93c77edd3b40f710,宁波,nb_vehicle,,,,330205008000,1,16.1,14.77,工程渣土车,,2026-09-02
ce5663bf253bbb35,宁波,nb_vehicle,,,,330205008000,1,16.1,14.77,工程渣土车,,2026-09-02
c7cdc349823d5c6a,宁波,nb_vehicle,,,,330205008000,1,16.1,14.77,工程渣土车,,2026-09-02
c62c1c23ffc04ae2,宁波,nb_vehicle,,,,330205008000,1,16.1,14.77,工程渣土车,,2026-09-02
338d61fd97057347,宁波,nb_vehicle,,,,330205008000,1,16.1,14.77,工程渣土车,,2026-09-02
138fdab89cc0bbd7,宁波,nb_vehicle,,,,330205008000,1,16.1,14.77,工程渣土车,,2026-09-02
892a1d6de7d4b1ff,宁波,nb_vehicle,,,,330205008000,1,15.78,15.09,工程渣土车,,2026-09-02
86e6bcbd5f93218c,宁波,nb_vehicle,,,,330205008000,1,16.37,14.5,工程渣土车,,2026-09-02
7df184f320e61498,宁波,nb_vehicle,,,,330205008000,1,16.1,14.77,工程渣土车,,2026-09-02
e3191c6eb8cafd4e,宁波,nb_vehicle,,,,330205008000,1,16.87,14.0,工程渣土车,,2026-09-02
58010229300605b4,宁波,nb_vehicle,,,,330205008000,1,16.1,14.77,工程渣土车,,2026-09-02
0e72d9210ae1d89d,宁波,nb_vehicle,,,,330205008000,1,15.37,14.5,工程渣土车,,2026-09-02
f5f39b4afaede3e4,宁波,nb_vehicle,,,,330205008000,1,16.1,14.77,工程渣土车,,2026-09-02
dcab22e41a9462d3,宁波,nb_vehicle,,,,330205008000,1,16.87,14.0,工程渣土车,,2026-09-02
3775d6eadb13c477,宁波,nb_vehicle,,,,330205008000,1,16.87,14.0,工程渣土车,,2026-09-02
6286d3ae157d5bbd,宁波,nb_vehicle,,,,330205008000,1,16.1,14.77,工程渣土车,,2026-09-02
726eead21852ef88,宁波,nb_vehicle,,,,330205008000,1,16.1,14.77,工程渣土车,,2026-09-02
3d4658dc64551ab3,宁波,nb_vehicle,,,,330205008000,1,16.37,14.5,工程渣土车,,2026-09-02
d4a59a65091c5041,宁波,nb_vehicle,,,,330205008000,1,16.1,14.77,工程渣土车,,2026-09-02
4e7c00d2675d8bf4,宁波,nb_vehicle,,,,330205008000,1,16.1,14.77,工程渣土车,,2026-09-02
7f74946481e57d5b,宁波,nb_vehicle,,,,330205008000,1,16.02,14.85,工程渣土车,,2026-09-02
605fb37eb539228f,宁波,nb_vehicle,,,,330205008000,1,16.87,14.0,工程渣土车,,2026-09-02
a008462676405ce9,宁波,nb_vehicle,,,,330205008000,1,16.1,14.77,工程渣土车,,2026-09-02
4865e1ec46409c4f,宁波,nb_vehicle,,,,330205008000,1,16.37,14.5,工程渣土车,,2026-09-02
59eae7e841ddf1dc,宁波,nb_vehicle,,,,330205008000,1,16.37,14.5,工程渣土车,,2026-09-02
6c0006262495ddb3,宁波,nb_vehicle,,,,330205008000,1,16.87,14.0,工程渣土车,,2026-09-02
45ca22890a05d0f0,宁波,nb_vehicle,,,,330205008000,1,16.87,14.0,工程渣土车,,2026-09-02
0c0c6e4448842120,宁波,nb_vehicle,,,,330205008000,1,16.1,14.77,工程渣土车,,2026-09-02
478dfa79e48519ed,宁波,nb_vehicle,,,,330205000000,1,1.645,2.72,工程渣土车,,2026-09-02
2f160d1c3233cf3d,宁波,nb_vehicle,,,,330212106000,1,0.55,3.75,装修垃圾车,,2026-09-02
d4311f72a4421cd4,宁波,nb_vehicle,,,,330212106000,1,0.69,3.61,装修垃圾车,,2026-09-02
8d0bfa4bb3ec8396,宁波,nb_vehicle,,,,330203103000,1,16.1,14.77,工程渣土车,,2026-09-02
57026a21eab2a29f,宁波,nb_vehicle,,,,33028210L000,1,15.37,15.5,工程渣土车,,2026-09-02
d772337667312ca9,宁波,nb_vehicle,,,,33028210L000,1,15.37,1.579,工程渣土车,,2026-09-02
1bf1039e3468dc00,宁波,nb_vehicle,,,,33028210L000,1,15.37,15.5,工程渣土车,,2026-09-02
2bb59c6f8507f604,宁波,nb_vehicle,,,,33028210L000,1,15.37,15.5,工程渣土车,,2026-09-02
19c6802e3698dc76,宁波,nb_vehicle,,,,33028210L000,1,15.37,15.5,工程渣土车,,2026-09-02
493ca2039e6b167e,宁波,nb_vehicle,,,,33028210L000,1,15.37,15.5,工程渣土车,,2026-09-02
5a37c51bae2d36ce,宁波,nb_vehicle,,,,33028210L000,1,15.37,15.5,工程渣土车,,2026-09-02
8abaa844a4995540,宁波,nb_vehicle,,,,33028210L000,1,16.1,14.77,工程渣土车,,2026-09-02
f44468bf2fe18711,宁波,nb_vehicle,,,,33028210L000,1,15.37,15.5,工程渣土车,,2026-09-02
de1f7a4493e0dd07,宁波,nb_vehicle,,,,33028210L000,1,15.37,15.5,工程渣土车,,2026-09-02
d30e007104dad8b2,宁波,nb_vehicle,,,,33028210L000,1,16.1,14.77,工程渣土车,,2026-09-02
2f74648bcc406ae4,宁波,nb_vehicle,,,,33028210L000,1,16.1,14.77,工程渣土车,,2026-09-02
ca60c22f570e2fec,宁波,nb_vehicle,,,,33028210L000,1,15.37,15.5,工程渣土车,,2026-09-02
0a549635be793e98,宁波,nb_vehicle,,,,33028210L000,1,15.37,15.5,工程渣土车,,2026-09-02
0a549635be793e98,宁波,nb_vehicle,,,,33028210L000,1,15.37,15.5,工程渣土车,,2026-09-02
ac5040c1a10057f2,宁波,nb_vehicle,,,,33028210L000,1,15.37,15.5,工程渣土车,,2026-09-02
614d1979da57c9bf,宁波,nb_vehicle,,,,33028210L000,1,15.37,15.5,工程渣土车,,2026-09-02
5f1ac03e940eb43e,宁波,nb_vehicle,,,,33028210L000,1,15.37,15.5,工程渣土车,,2026-09-02
f0411de82e584fce,宁波,nb_vehicle,,,,33028210L000,1,15.37,15.5,工程渣土车,,2026-09-02
16641a48aafd7df4,宁波,nb_vehicle,,,,330212005000,1,16.37,14.5,工程渣土车,,2026-09-02
6d15c59745cabfdb,宁波,nb_vehicle,,,,330212005000,1,16.37,14.5,工程渣土车,,2026-09-02
46aa2f8860d5c754,宁波,nb_vehicle,,,,330212005000,1,16.37,14.5,工程渣土车,,2026-09-02
917d3232e6f0f32f,宁波,nb_vehicle,,,,330203009000,1,16.1,14.77,工程渣土车,,2026-09-02
0357a7f2730284fd,宁波,nb_vehicle,,,,330203009000,1,15.37,15.5,工程渣土车,,2026-09-02
fcac732aea234961,宁波,nb_vehicle,,,,330203009000,1,16.1,14.77,工程渣土车,,2026-09-02
5a842f7f74556c12,宁波,nb_vehicle,,,,330203009000,1,16.1,14.77,工程渣土车,,2026-09-02
efc93fdddd001535,宁波,nb_vehicle,,,,330203009000,1,16.1,14.77,工程渣土车,,2026-09-02
6c2df76445f8550e,宁波,nb_vehicle,,,,330203009000,1,12.005,18.8,工程泥浆车,,2026-09-02
bd031a13d31ee47f,宁波,nb_vehicle,,,,330203009000,1,16.1,14.77,工程渣土车,,2026-09-02
80e94053adcbce8f,宁波,nb_vehicle,,,,330203009000,1,16.1,14.77,工程渣土车,,2026-09-02
efc6139d61e63d0c,宁波,nb_vehicle,,,,330203009000,1,16.1,14.77,工程渣土车,,2026-09-02
79c0d276ae02aa37,宁波,nb_vehicle,,,,330203009000,1,16.1,14.77,工程渣土车,,2026-09-02
bd7734d60ed0b011,宁波,nb_vehicle,,,,330203009000,1,12.005,18.8,工程泥浆车,,2026-09-02
1d871a28acc4bca7,宁波,nb_vehicle,,,,330203009000,1,15.37,15.5,工程渣土车,,2026-09-02
6012162f10a51c37,宁波,nb_vehicle,,,,330203009000,1,16.1,1.522,工程渣土车,,2026-09-02
a792082488fc465f,宁波,nb_vehicle,,,,330203009000,1,16.1,14.77,工程渣土车,,2026-09-02
bc46e6609f10c47e,宁波,nb_vehicle,,,,330203009000,1,16.1,14.77,工程渣土车,,2026-09-02
670ab68139745621,宁波,nb_vehicle,,,,330203009000,1,16.1,14.77,工程渣土车,,2026-09-02
8d246a16ff0bcc92,宁波,nb_vehicle,,,,330203009000,1,16.1,14.77,工程渣土车,,2026-09-02
cfb6a281ee682bed,宁波,nb_vehicle,,,,330203009000,1,16.1,14.77,工程渣土车,,2026-09-02
dc67738c1aa7b140,宁波,nb_vehicle,,,,330203009000,1,16.1,14.77,工程渣土车,,2026-09-02
d04885556bdabbc0,宁波,nb_vehicle,,,,330203009000,1,16.1,14.77,工程渣土车,,2026-09-02
326317bae884165a,宁波,nb_vehicle,,,,330203009000,1,12.07,18.8,工程泥浆车,,2026-09-02
57b6e73559f8bc59,宁波,nb_vehicle,,,,330203009000,1,16.1,14.77,工程渣土车,,2026-09-02
db8e4d11f4a63015,宁波,nb_vehicle,,,,330203009000,1,16.1,14.77,工程渣土车,,2026-09-02
7cc65f562d4ebc72,宁波,nb_vehicle,,,,330203009000,1,16.1,14.77,工程渣土车,,2026-09-02
53c88b7e868af1e7,宁波,nb_vehicle,,,,330203009000,1,16.1,14.77,工程渣土车,,2026-09-02
72855caf2f31f99e,宁波,nb_vehicle,,,,330203009000,1,16.1,14.77,工程渣土车,,2026-09-02
f00e43633702c1a7,宁波,nb_vehicle,,,,330203009000,1,16.1,14.77,工程渣土车,,2026-09-02
e7542b0b7d86f350,宁波,nb_vehicle,,,,330203009000,1,16.1,14.77,工程渣土车,,2026-09-02
cbe2332c4130c4c8,宁波,nb_vehicle,,,,330203009000,1,16.1,14.77,工程渣土车,,2026-09-02
77f2a3a42c395b89,宁波,nb_vehicle,,,,330203009000,1,16.1,14.77,工程渣土车,,2026-09-02
cec250dff98a438f,宁波,nb_vehicle,,,,330203009000,1,15.37,15.5,工程渣土车,,2026-09-02
3328368be463d20a,宁波,nb_vehicle,,,,330203009000,1,16.1,14.77,工程渣土车,,2026-09-02
4edc24d3a814b645,宁波,nb_vehicle,,,,330226002000,1,15.37,15.5,工程渣土车,,2026-09-02
780b67c584a35f42,宁波,nb_vehicle,,,,330203000000,1,15.37,15.5,工程渣土车,,2026-09-02
cd279268ebb27dda,宁波,nb_vehicle,,,,330203000000,1,16.1,14.77,工程渣土车,,2026-09-02
7f1f3adfcbcbb4f1,宁波,nb_vehicle,,,,330203000000,1,16.1,14.77,工程渣土车,,2026-09-02
fbc7c2ce04185db0,宁波,nb_vehicle,,,,330203000000,1,16.02,14.85,工程渣土车,,2026-09-02
39a5a608810c9432,宁波,nb_vehicle,,,,330203000000,1,15.37,15.5,工程渣土车,,2026-09-02
5efb559493eb5724,宁波,nb_vehicle,,,,330203000000,1,16.1,14.77,工程渣土车,,2026-09-02
a4c89a858d8607a4,宁波,nb_vehicle,,,,330203000000,1,16.02,14.85,工程渣土车,,2026-09-02
88bd4c52fd879ec1,宁波,nb_vehicle,,,,330203000000,1,16.1,14.77,工程渣土车,,2026-09-02
fb0d449ceea8d732,宁波,nb_vehicle,,,,330203000000,1,16.1,14.77,工程渣土车,,2026-09-02
53141bcf9b4907f8,宁波,nb_vehicle,,,,330203000000,1,16.02,14.85,工程渣土车,,2026-09-02
0d515510eae06798,宁波,nb_vehicle,,,,330203000000,1,15.37,15.5,工程渣土车,,2026-09-02
a79dc7a7d4cd6daa,宁波,nb_vehicle,,,,330203000000,1,16.02,14.85,工程渣土车,,2026-09-02
a5b8fa9696035909,宁波,nb_vehicle,,,,330203000000,1,16.1,14.77,工程渣土车,,2026-09-02
4b366c17ef357968,宁波,nb_vehicle,,,,330203000000,1,16.1,14.77,工程渣土车,,2026-09-02
210b308c8bb677a8,宁波,nb_vehicle,,,,330203000000,1,16.1,14.77,工程渣土车,,2026-09-02
5dbe6662fa89c990,宁波,nb_vehicle,,,,330203000000,1,16.1,14.77,工程渣土车,,2026-09-02
4ab1b04e62b2360d,宁波,nb_vehicle,,,,330203000000,1,16.1,14.77,工程渣土车,,2026-09-02
224f78d6d6ddd5c9,宁波,nb_vehicle,,,,330203000000,1,16.1,14.77,工程渣土车,,2026-09-02
87dbf9f4bfd04265,宁波,nb_vehicle,,,,330203000000,1,15.8,15.07,工程渣土车,,2026-09-02
f1f96692aa8b9e1a,宁波,nb_vehicle,,,,330203000000,1,16.1,14.77,工程渣土车,,2026-09-02
a4770359628ef422,宁波,nb_vehicle,,,,330203000000,1,16.1,14.77,工程渣土车,,2026-09-02
602e36a966e9778c,宁波,nb_vehicle,,,,330203000000,1,16.1,14.77,工程渣土车,,2026-09-02
a9a982440dc7549d,宁波,nb_vehicle,,,,330203000000,1,16.1,14.77,工程渣土车,,2026-09-02
26e6ac989d192da6,宁波,nb_vehicle,,,,330203000000,1,15.37,15.5,工程渣土车,,2026-09-02
20f92af7340a6f3c,宁波,nb_vehicle,,,,330203000000,1,16.1,14.77,工程渣土车,,2026-09-02
d8c044db0c7f6d0d,宁波,nb_vehicle,,,,330203000000,1,16.1,14.77,工程渣土车,,2026-09-02
06df2bbe17ed5548,宁波,nb_vehicle,,,,330203000000,1,16.1,14.77,工程渣土车,,2026-09-02
107d8fd84a531bde,宁波,nb_vehicle,,,,330203000000,1,16.1,14.77,工程渣土车,,2026-09-02
1907a92aab8fe28e,宁波,nb_vehicle,,,,330203000000,1,16.1,0.115,工程渣土车,,2026-09-02
57b3690a71ddee9b,宁波,nb_vehicle,,,,330203000000,1,16.1,14.77,工程渣土车,,2026-09-02
ef04741905ab8de1,宁波,nb_vehicle,,,,330203000000,1,16.1,14.77,工程渣土车,,2026-09-02
4e99de64e57c9350,宁波,nb_vehicle,,,,330203000000,1,16.1,14.77,工程渣土车,,2026-09-02
43a4dc4834e39bb3,宁波,nb_vehicle,,,,330203000000,1,16.1,14.77,工程渣土车,,2026-09-02
b5ab63551a77c4ec,宁波,nb_vehicle,,,,330203000000,1,16.1,14.77,工程渣土车,,2026-09-02
45d1d1e9e2bef5fa,宁波,nb_vehicle,,,,330203000000,1,16.1,14.77,工程渣土车,,2026-09-02
87bd1e606811be5f,宁波,nb_vehicle,,,,330203000000,1,16.1,14.77,工程渣土车,,2026-09-02
4765d0e04be00d93,宁波,nb_vehicle,,,,330203000000,1,16.1,14.77,工程渣土车,,2026-09-02
4bd89e7671d95d3b,宁波,nb_vehicle,,,,330203000000,1,16.1,14.77,工程渣土车,,2026-09-02
8a825a829284109a,宁波,nb_vehicle,,,,330203000000,1,16.1,14.77,工程渣土车,,2026-09-02
02370e3e0a3f1617,宁波,nb_vehicle,,,,330203000000,1,16.1,14.77,工程渣土车,,2026-09-02
74403eb223b5e3b2,宁波,nb_vehicle,,,,330203000000,1,16.1,14.77,工程渣土车,,2026-09-02
5c88714c77a30746,宁波,nb_vehicle,,,,330203000000,1,16.1,14.77,工程渣土车,,2026-09-02
ed5365629a626c0c,宁波,nb_vehicle,,,,330203000000,1,16.1,14.77,工程渣土车,,2026-09-02
56eb0da6cb1a9a5f,宁波,nb_vehicle,,,,330203000000,1,16.1,14.77,工程渣土车,,2026-09-02
c3c893639911101d,宁波,nb_vehicle,,,,330203000000,1,16.1,14.77,工程渣土车,,2026-09-02
0764e3122e14aec9,宁波,nb_vehicle,,,,330203000000,1,16.1,14.77,工程渣土车,,2026-09-02
4264d6816478373f,宁波,nb_vehicle,,,,330203000000,1,16.1,14.77,工程渣土车,,2026-09-02
1bca78b61113a6ad,宁波,nb_vehicle,,,,330203000000,1,16.1,14.77,工程渣土车,,2026-09-02
3734d6e6aeab87db,宁波,nb_vehicle,,,,330203000000,1,16.1,14.77,工程渣土车,,2026-09-02
0eadf4a38f01f056,宁波,nb_vehicle,,,,330203000000,1,16.1,14.77,工程渣土车,,2026-09-02
79465f01337ec3d4,宁波,nb_vehicle,,,,330203000000,1,16.1,1.21,工程渣土车,,2026-09-02
db44809504c67942,宁波,nb_vehicle,,,,330203000000,1,16.1,14.77,工程渣土车,,2026-09-02
c34e68925c7976a0,宁波,nb_vehicle,,,,330203000000,1,15.8,14.77,工程渣土车,,2026-09-02
ef9028e3c40dc013,宁波,nb_vehicle,,,,330203000000,1,16.1,14.77,工程渣土车,,2026-09-02
e945444a40ed48a8,宁波,nb_vehicle,,,,330203000000,1,16.1,14.77,工程渣土车,,2026-09-02
a26247d38e7e379b,宁波,nb_vehicle,,,,330203000000,1,16.1,14.77,工程渣土车,,2026-09-02
560fd12db5818644,宁波,nb_vehicle,,,,330203000000,1,16.1,14.77,工程渣土车,,2026-09-02
9ff792bef2d20437,宁波,nb_vehicle,,,,330203000000,1,15.8,15.07,工程渣土车,,2026-09-02
76d2ad18230547ea,宁波,nb_vehicle,,,,330203000000,1,16.1,14.77,工程渣土车,,2026-09-02
1c72e017a0321972,宁波,nb_vehicle,,,,330203000000,1,16.1,14.77,工程渣土车,,2026-09-02
560fd12db5818644,宁波,nb_vehicle,,,,330203000000,1,16.1,14.77,工程渣土车,,2026-09-02
9ff792bef2d20437,宁波,nb_vehicle,,,,330203000000,1,15.8,15.07,工程渣土车,,2026-09-02
c3c893639911101d,宁波,nb_vehicle,,,,330203000000,1,16.1,14.77,工程渣土车,,2026-09-02
e0bdcc41c0cf15ef,宁波,nb_vehicle,,,,330203000000,1,16.1,14.77,工程渣土车,,2026-09-02
586722a20bab9e85,宁波,nb_vehicle,,,,330203000000,1,16.1,14.77,工程渣土车,,2026-09-02
6dc3e33d84b49eaf,宁波,nb_vehicle,,,,330203000000,1,16.1,14.77,工程渣土车,,2026-09-02
6c0db37069b5e17d,宁波,nb_vehicle,,,,330203000000,1,16.1,14.77,工程渣土车,,2026-09-02
6e893e5448a81ed4,宁波,nb_vehicle,,,,330203000000,1,16.1,14.77,工程渣土车,,2026-09-02
a803468c2db137cb,宁波,nb_vehicle,,,,330203000000,1,16.1,0.025,工程渣土车,,2026-09-02
bf4be96e2f552e36,宁波,nb_vehicle,,,,330203000000,1,16.1,14.77,工程渣土车,,2026-09-02
a4d69126e4026d0c,宁波,nb_vehicle,,,,330203000000,1,16.1,14.77,工程渣土车,,2026-09-02
ef5db44bc729e5f4,宁波,nb_vehicle,,,,330203000000,1,16.1,14.77,工程渣土车,,2026-09-02
3a04f4032cbecb60,宁波,nb_vehicle,,,,330203000000,1,16.1,14.77,工程渣土车,,2026-09-02
ec3f760f1149ed66,宁波,nb_vehicle,,,,330226000000,1,16.1,14.77,工程渣土车,,2026-09-02
3f4e7cf21ab0f8c3,宁波,nb_vehicle,,,,330226002000,1,1.645,2.72,工程渣土车,,2026-09-02
1bd36097c0a777ab,宁波,nb_vehicle,,,,330226002000,1,1.645,2.72,工程渣土车,,2026-09-02
e8d751f3e358077d,宁波,nb_vehicle,,,,330226002000,1,1.645,2.72,工程渣土车,,2026-09-02
db344b29677ffaca,宁波,nb_vehicle,,,,330226002000,1,1.645,2.72,工程渣土车,,2026-09-02
c25296f21f10b450,宁波,nb_vehicle,,,,330226002000,1,7.59,4.21,装修垃圾车,,2026-09-02
45e883864c3ebd86,宁波,nb_vehicle,,,,330282114000,1,16.87,14.0,工程渣土车,,2026-09-02
6d9a30bf2273e2c7,宁波,nb_vehicle,,,,330282114000,1,16.87,14.0,工程渣土车,,2026-09-02
03077faa066e7bb6,宁波,nb_vehicle,,,,330282114000,1,16.87,14.0,工程渣土车,,2026-09-02
2bfe279f4ad1ffe8,宁波,nb_vehicle,,,,330282114000,1,16.87,14.0,工程渣土车,,2026-09-02
5cd38e99134fba46,宁波,nb_vehicle,,,,330282114000,1,16.87,14.0,工程渣土车,,2026-09-02
59b0448e73fc7b5c,宁波,nb_vehicle,,,,330282114000,1,16.87,14.0,工程渣土车,,2026-09-02
7aa7b2cd36c4c42c,宁波,nb_vehicle,,,,330282114000,1,16.87,14.0,工程渣土车,,2026-09-02
7bd8f11aa90b3144,宁波,nb_vehicle,,,,330282114000,1,16.87,14.0,工程渣土车,,2026-09-02
1666fef4ecaf012a,宁波,nb_vehicle,,,,330282114000,1,16.87,14.0,工程渣土车,,2026-09-02
f2901f88f1173ef3,宁波,nb_vehicle,,,,330203009000,1,16.37,14.5,工程渣土车,,2026-09-02
2e9f180471ca3c1a,宁波,nb_vehicle,,,,330212006000,1,0.495,3.665,工程渣土车,,2026-09-02
5056ae5300dda288,宁波,nb_vehicle,,,,330212006000,1,0.69,3.61,装修垃圾车,,2026-09-02
8b441308752c55b5,宁波,nb_vehicle,,,,330212006000,1,4.6,4.37,装修垃圾车,,2026-09-02
fc7363ba1d75782a,宁波,nb_vehicle,,,,330225002000,1,15.37,15.5,工程渣土车,,2026-09-02
299a53cb53d91802,宁波,nb_vehicle,,,,330212002000,1,16.1,14.77,工程渣土车,,2026-09-02
3c2b3b6daee04f74,宁波,nb_vehicle,,,,330212002000,1,16.1,14.77,工程渣土车,,2026-09-02
683ce0d0253cf1d7,宁波,nb_vehicle,,,,330212002000,1,10.07,20.8,工程泥浆车,,2026-09-02
56aca09e3e6af8c6,宁波,nb_vehicle,,,,330212002000,1,15.37,15.5,工程渣土车,,2026-09-02
fc018212c2f55e5e,宁波,nb_vehicle,,,,330212002000,1,15.37,15.5,工程渣土车,,2026-09-02
ea084eda2cd39bcd,宁波,nb_vehicle,,,,330212002000,1,16.1,14.77,工程渣土车,,2026-09-02
9cde0afd72bc2483,宁波,nb_vehicle,,,,330212002000,1,16.1,14.77,工程渣土车,,2026-09-02
ae5029c658042a53,宁波,nb_vehicle,,,,330212002000,1,16.1,14.77,工程渣土车,,2026-09-02
6993f4185333114e,宁波,nb_vehicle,,,,330212002000,1,12.07,18.8,工程泥浆车,,2026-09-02
d8b8fcee6796d50e,宁波,nb_vehicle,,,,330212002000,1,15.37,15.5,工程渣土车,,2026-09-02
9b4edc02e4bc05ad,宁波,nb_vehicle,,,,330212002000,1,13.57,17.3,工程泥浆车,,2026-09-02
d417820291361d08,宁波,nb_vehicle,,,,330212002000,1,16.1,14.77,工程渣土车,,2026-09-02
98e41aa683f49e20,宁波,nb_vehicle,,,,330212002000,1,16.1,14.77,工程渣土车,,2026-09-02
1b1a706752b9dc0d,宁波,nb_vehicle,,,,330212002000,1,16.1,14.77,工程渣土车,,2026-09-02
2afecd7261ba30bb,宁波,nb_vehicle,,,,330212002000,1,16.1,14.77,工程渣土车,,2026-09-02
ab878b31580ea208,宁波,nb_vehicle,,,,330212002000,1,16.1,1.565,工程渣土车,,2026-09-02
d6b157ca2e52db0c,宁波,nb_vehicle,,,,330212002000,1,10.97,19.9,工程泥浆车,,2026-09-02
72c6eabe3ffdc135,宁波,nb_vehicle,,,,330212002000,1,10.07,20.8,工程泥浆车,,2026-09-02
07cb03a3d1338027,宁波,nb_vehicle,,,,330212002000,1,16.1,14.77,工程渣土车,,2026-09-02
7299762aea56f400,宁波,nb_vehicle,,,,330212002000,1,15.37,15.5,工程渣土车,,2026-09-02
7a604cd241298c03,宁波,nb_vehicle,,,,330212002000,1,16.1,14.77,工程渣土车,,2026-09-02
3fb48d10da76b519,宁波,nb_vehicle,,,,330212002000,1,16.1,14.77,工程渣土车,,2026-09-02
a5d32bb700608004,宁波,nb_vehicle,,,,330212002000,1,15.37,15.5,工程渣土车,,2026-09-02
afc62fed11f87b52,宁波,nb_vehicle,,,,330212002000,1,15.37,15.5,工程渣土车,,2026-09-02
f053d50385d8243f,宁波,nb_vehicle,,,,330212002000,1,15.37,15.5,工程渣土车,,2026-09-02
f83d490b4bd5110a,宁波,nb_vehicle,,,,330212002000,1,16.1,14.77,工程渣土车,,2026-09-02
ea2bab35bab4ef68,宁波,nb_vehicle,,,,330212002000,1,16.1,14.77,工程渣土车,,2026-09-02
f9d752a24e82530a,宁波,nb_vehicle,,,,330212002000,1,16.1,14.77,工程渣土车,,2026-09-02
1bdb7b1a3071a62c,宁波,nb_vehicle,,,,330212002000,1,16.1,14.77,工程渣土车,,2026-09-02
62f6cc273cec32af,宁波,nb_vehicle,,,,330212002000,1,16.1,14.77,工程渣土车,,2026-09-02
098bb3ad8be1a4eb,宁波,nb_vehicle,,,,330212002000,1,16.1,14.77,工程渣土车,,2026-09-02
683e6d161babbaf0,宁波,nb_vehicle,,,,330212002000,1,15.37,15.5,工程渣土车,,2026-09-02
5a9c1fa483da2292,宁波,nb_vehicle,,,,330212002000,1,12.07,18.8,工程泥浆车,,2026-09-02
8279d49b6388683c,宁波,nb_vehicle,,,,330212002000,1,16.1,14.77,工程渣土车,,2026-09-02
d0a7e5b8e43988cb,宁波,nb_vehicle,,,,330226000000,1,16.1,14.77,工程渣土车,,2026-09-02
0e83ef435938b1e1,宁波,nb_vehicle,,,,330226000000,1,16.1,14.77,工程渣土车,,2026-09-02
40cfedc60a6f2a96,宁波,nb_vehicle,,,,330226000000,1,16.1,14.77,工程渣土车,,2026-09-02
af9263edd8a4a899,宁波,nb_vehicle,,,,330226000000,1,16.1,14.77,工程渣土车,,2026-09-02
71d1242cc876aa8f,宁波,nb_vehicle,,,,330226000000,1,15.99,14.88,工程渣土车,,2026-09-02
449e0b48e0dd802e,宁波,nb_vehicle,,,,330226000000,1,16.1,14.77,工程渣土车,,2026-09-02
cbb1ce37aedc4b4d,宁波,nb_vehicle,,,,330226000000,1,16.1,14.77,工程渣土车,,2026-09-02
d604734a962eba33,宁波,nb_vehicle,,,,330226002000,1,16.1,14.77,工程渣土车,,2026-09-02
dcf45c6870e7c8e8,宁波,nb_vehicle,,,,330226002000,1,15.37,15.5,工程渣土车,,2026-09-02
9557a6bd818b04e3,宁波,nb_vehicle,,,,330226002000,1,16.04,14.83,工程渣土车,,2026-09-02
ddbb483c165e74d5,宁波,nb_vehicle,,,,330226002000,1,15.37,15.5,工程渣土车,,2026-09-02
897e9b597a55dcd3,宁波,nb_vehicle,,,,330226002000,1,15.37,15.5,工程渣土车,,2026-09-02
2633a530a286e114,宁波,nb_vehicle,,,,330226002000,1,16.04,14.83,工程渣土车,,2026-09-02
c14d99d53fea02a1,宁波,nb_vehicle,,,,330226002000,1,15.37,15.5,工程渣土车,,2026-09-02
7ccdaed115da894f,宁波,nb_vehicle,,,,330226002000,1,15.37,15.5,工程渣土车,,2026-09-02
fc21983b8ae4a14d,宁波,nb_vehicle,,,,330226002000,1,15.37,15.5,工程渣土车,,2026-09-02
faad05c2dafa25e5,宁波,nb_vehicle,,,,330226002000,1,15.78,15.09,工程渣土车,,2026-09-02
98b97b46c9686ae1,宁波,nb_vehicle,,,,330226002000,1,16.1,14.77,工程渣土车,,2026-09-02
d8e4411f21176015,宁波,nb_vehicle,,,,330226002000,1,16.1,14.77,工程渣土车,,2026-09-02
4f2023aa7b514d82,宁波,nb_vehicle,,,,330226002000,1,15.37,15.5,工程渣土车,,2026-09-02
e1fed18a74f47cf7,宁波,nb_vehicle,,,,330226002000,1,15.37,15.5,工程渣土车,,2026-09-02
2214d5b3248ca421,宁波,nb_vehicle,,,,330226002000,1,15.37,15.5,工程渣土车,,2026-09-02
d55813129d4c3073,宁波,nb_vehicle,,,,330226002000,1,16.1,14.77,工程渣土车,,2026-09-02
804544c92170a80f,宁波,nb_vehicle,,,,330226002000,1,16.1,14.77,工程渣土车,,2026-09-02
405c2149c1c04407,宁波,nb_vehicle,,,,330226002000,1,16.1,14.77,工程渣土车,,2026-09-02
febee74a589ee078,宁波,nb_vehicle,,,,330226002000,1,16.04,14.83,工程渣土车,,2026-09-02
1ef8dc279dd74551,宁波,nb_vehicle,,,,330226002000,1,15.78,15.09,工程渣土车,,2026-09-02
5d7386c8c70764f6,宁波,nb_vehicle,,,,330226002000,1,15.37,15.5,工程渣土车,,2026-09-02
1711b88d7c0a250b,宁波,nb_vehicle,,,,330226002000,1,16.04,14.83,工程渣土车,,2026-09-02
df4694b0c8221756,宁波,nb_vehicle,,,,330226002000,1,15.37,15.5,工程渣土车,,2026-09-02
ef155d98d7d360e9,宁波,nb_vehicle,,,,330226002000,1,15.37,15.5,工程渣土车,,2026-09-02
d10e4d407d94ea13,宁波,nb_vehicle,,,,330226002000,1,15.37,15.5,工程渣土车,,2026-09-02
d10e4d407d94ea13,宁波,nb_vehicle,,,,330226002000,1,15.37,15.5,工程渣土车,,2026-09-02
b5a952ea6bf40fe7,宁波,nb_vehicle,,,,330226002000,1,15.37,15.5,工程渣土车,,2026-09-02
02b919cd249ad554,宁波,nb_vehicle,,,,330212106000,1,16.1,14.77,工程渣土车,,2026-09-02
12b8b506e1a69169,宁波,nb_vehicle,,,,330203000000,1,1.645,2.72,装修垃圾车,,2026-09-02
93f6fdaeef26982e,宁波,nb_vehicle,,,,330203000000,1,1.645,2.72,装修垃圾车,,2026-09-02
9ffdb9501a3a36a0,宁波,nb_vehicle,,,,330225002000,1,16.1,14.77,工程渣土车,,2026-09-02
bcce68ae8d02e2ed,宁波,nb_vehicle,,,,330212000000,1,0.495,3.665,工程渣土车,,2026-09-02
9ddac25995dbd2b1,宁波,nb_vehicle,,,,330212000000,1,0.495,3.665,工程渣土车,,2026-09-02
ec678af4b906916f,宁波,nb_vehicle,,,,330212000000,1,0.43,3.665,工程渣土车,,2026-09-02
258ff85b906e33b4,宁波,nb_vehicle,,,,330206008000,1,16.87,1.4,工程渣土车,,2026-09-02
1be6f0c076a888f2,宁波,nb_vehicle,,,,330206008000,1,16.87,14.0,工程渣土车,,2026-09-02
de73c310be2423a7,宁波,nb_vehicle,,,,330206008000,1,16.87,1.645,工程渣土车,,2026-09-02
1b430b4fff9b104c,宁波,nb_vehicle,,,,330206008000,1,16.87,14.0,工程渣土车,,2026-09-02
b3225f034d9eab65,宁波,nb_vehicle,,,,330206008000,1,16.87,14.0,工程渣土车,,2026-09-02
bc7ab0c4f2d2ee12,宁波,nb_vehicle,,,,330206008000,1,16.87,14.0,工程渣土车,,2026-09-02
b5cde19c637229e9,宁波,nb_vehicle,,,,330206008000,1,16.87,14.0,工程渣土车,,2026-09-02
a9e476d3b94ed6d5,宁波,nb_vehicle,,,,330206008000,1,16.87,14.0,工程渣土车,,2026-09-02
381c94285deef3ec,宁波,nb_vehicle,,,,330206008000,1,16.87,14.0,工程渣土车,,2026-09-02
74fdadf4b1b3f007,宁波,nb_vehicle,,,,330206008000,1,16.87,14.0,工程渣土车,,2026-09-02
847043d0e6ea763a,宁波,nb_vehicle,,,,330206008000,1,16.87,14.0,工程渣土车,,2026-09-02
e0b2d020d707b052,宁波,nb_vehicle,,,,330206008000,1,16.87,1.065,工程渣土车,,2026-09-02
a85fe6fe9c76c9ce,宁波,nb_vehicle,,,,330206008000,1,16.87,1.28,工程渣土车,,2026-09-02
0732beff29d27889,宁波,nb_vehicle,,,,330206008000,1,16.87,14.0,工程渣土车,,2026-09-02
1da2930d1dd200fe,宁波,nb_vehicle,,,,330206008000,1,16.87,14.0,工程渣土车,,2026-09-02
ac878340429a51e6,宁波,nb_vehicle,,,,330206008000,1,16.87,0.125,工程渣土车,,2026-09-02
73df0afdcb0dcdad,宁波,nb_vehicle,,,,330206008000,1,16.87,14.0,工程渣土车,,2026-09-02
ee76d5993878392d,宁波,nb_vehicle,,,,330206008000,1,16.87,14.0,工程渣土车,,2026-09-02
a622b83e585b38a7,宁波,nb_vehicle,,,,330206008000,1,16.87,14.0,工程渣土车,,2026-09-02
e10df110aeeb17c1,宁波,nb_vehicle,,,,330206008000,1,16.87,14.0,工程渣土车,,2026-09-02
03d6a36bbe070e9d,宁波,nb_vehicle,,,,330206008000,1,16.87,14.0,工程渣土车,,2026-09-02
ef80a5ba4004b70a,宁波,nb_vehicle,,,,330206008000,1,16.87,14.0,工程渣土车,,2026-09-02
dad73f19e47ab1b3,宁波,nb_vehicle,,,,330206008000,1,16.87,1.275,工程渣土车,,2026-09-02
cd99fbd8dc5bc487,宁波,nb_vehicle,,,,330206008000,1,16.87,14.0,工程渣土车,,2026-09-02
c9985e8a04450a4b,宁波,nb_vehicle,,,,330206008000,1,16.87,14.0,工程渣土车,,2026-09-02
d1da6a3d590022e6,宁波,nb_vehicle,,,,330206008000,1,16.87,14.0,工程渣土车,,2026-09-02
5cb033f7341a1df6,宁波,nb_vehicle,,,,330206008000,1,16.87,14.0,工程渣土车,,2026-09-02
a81acff77dc7ff8e,宁波,nb_vehicle,,,,330206008000,1,16.87,1.57,工程渣土车,,2026-09-02
abad07fd6c815082,宁波,nb_vehicle,,,,330206008000,1,16.87,14.0,工程渣土车,,2026-09-02
b8df903d33b75fee,宁波,nb_vehicle,,,,330212014000,1,16.02,14.85,工程渣土车,,2026-09-02
6d051c533e6bfa20,宁波,nb_vehicle,,,,330212014000,1,16.02,14.85,工程渣土车,,2026-09-02
0c2a6034cfef5bb3,宁波,nb_vehicle,,,,330212014000,1,16.02,14.85,工程渣土车,,2026-09-02
592f124aa69a7ba5,宁波,nb_vehicle,,,,330212014000,1,16.02,14.85,工程渣土车,,2026-09-02
a351e30063d823ca,宁波,nb_vehicle,,,,330212014000,1,16.02,14.85,工程渣土车,,2026-09-02
2b9b88f245a0ce96,宁波,nb_vehicle,,,,330212014000,1,16.02,14.85,工程渣土车,,2026-09-02
c210ac5addaa01de,宁波,nb_vehicle,,,,330212014000,1,16.02,14.85,工程渣土车,,2026-09-02
470c7460bbb3e280,宁波,nb_vehicle,,,,330212014000,1,16.02,14.85,工程渣土车,,2026-09-02
9bb7da5331ecfe20,宁波,nb_vehicle,,,,330212014000,1,16.02,14.85,工程渣土车,,2026-09-02
f39e8f70187a90aa,宁波,nb_vehicle,,,,330212014000,1,16.02,14.85,工程渣土车,,2026-09-02
ffec7a000fca0ef2,宁波,nb_vehicle,,,,330212014000,1,16.02,14.85,工程渣土车,,2026-09-02
64f4fd974ab1df16,宁波,nb_vehicle,,,,330212014000,1,16.02,14.85,工程渣土车,,2026-09-02
003d6aef21337b0c,宁波,nb_vehicle,,,,330212014000,1,16.02,14.85,工程渣土车,,2026-09-02
07044808b535ce63,宁波,nb_vehicle,,,,330212014000,1,16.02,14.85,工程渣土车,,2026-09-02
5b1f99786fd70ded,宁波,nb_vehicle,,,,330212014000,1,16.02,14.85,工程渣土车,,2026-09-02
d887c0236ccfaa14,宁波,nb_vehicle,,,,330212014000,1,16.02,14.85,工程渣土车,,2026-09-02
65a91c9b3d5e98b5,宁波,nb_vehicle,,,,330212014000,1,16.02,14.85,工程渣土车,,2026-09-02
c3ef0088d2554512,宁波,nb_vehicle,,,,330212014000,1,16.02,14.85,工程渣土车,,2026-09-02
a2d6cf2019c60cf7,宁波,nb_vehicle,,,,330212014000,1,16.02,14.85,工程渣土车,,2026-09-02
16f12185da85894a,宁波,nb_vehicle,,,,330212014000,1,16.02,14.85,工程渣土车,,2026-09-02
311e2b31e22f6cc4,宁波,nb_vehicle,,,,330212014000,1,16.02,14.85,工程渣土车,,2026-09-02
9ad0b688963c3005,宁波,nb_vehicle,,,,330212014000,1,16.02,14.85,工程渣土车,,2026-09-02
43cab06b88f74f3a,宁波,nb_vehicle,,,,330212014000,1,16.02,14.85,工程渣土车,,2026-09-02
4b52885700fb8e96,宁波,nb_vehicle,,,,330212014000,1,16.02,14.85,工程渣土车,,2026-09-02
f3d3e5df71c06f2d,宁波,nb_vehicle,,,,330212014000,1,16.02,14.85,工程渣土车,,2026-09-02
8c21fd9fbdf11f32,宁波,nb_vehicle,,,,330212014000,1,16.02,14.85,工程渣土车,,2026-09-02
40817df52c8afc0f,宁波,nb_vehicle,,,,330212014000,1,16.02,14.85,工程渣土车,,2026-09-02
1b5ea7a3160b8133,宁波,nb_vehicle,,,,330212014000,1,16.02,14.85,工程渣土车,,2026-09-02
e420457fc48969b7,宁波,nb_vehicle,,,,330212014000,1,16.02,14.85,工程渣土车,,2026-09-02
fc862a4a6e25b803,宁波,nb_vehicle,,,,330212014000,1,16.02,14.85,工程渣土车,,2026-09-02
1322ae3c40493d80,宁波,nb_vehicle,,,,330212014000,1,16.02,14.85,工程渣土车,,2026-09-02
f822b462b8cb33ae,宁波,nb_vehicle,,,,330212014000,1,16.02,14.85,工程渣土车,,2026-09-02
17fb683883d77549,宁波,nb_vehicle,,,,330212014000,1,16.02,14.85,工程渣土车,,2026-09-02
4871727483f87aa6,宁波,nb_vehicle,,,,330212014000,1,16.02,14.85,工程渣土车,,2026-09-02
7fe88b0686cb15ea,宁波,nb_vehicle,,,,330212014000,1,16.02,14.85,工程渣土车,,2026-09-02
fb510699cbaf3a71,宁波,nb_vehicle,,,,330212014000,1,16.02,14.85,工程渣土车,,2026-09-02
d341cf95a3e92086,宁波,nb_vehicle,,,,330212014000,1,16.02,14.85,工程渣土车,,2026-09-02
b183fc31297cae31,宁波,nb_vehicle,,,,330212014000,1,16.02,14.85,工程渣土车,,2026-09-02
994781f9df02f6fa,宁波,nb_vehicle,,,,330212014000,1,16.02,14.85,工程渣土车,,2026-09-02
f410ace6e1735230,宁波,nb_vehicle,,,,330212014000,1,16.02,14.85,工程渣土车,,2026-09-02
fe5c0a207303bba4,宁波,nb_vehicle,,,,330212014000,1,16.02,14.85,工程渣土车,,2026-09-02
49696a6334c69b3a,宁波,nb_vehicle,,,,330212014000,1,16.02,14.85,工程渣土车,,2026-09-02
894f0c4e6f3de52c,宁波,nb_vehicle,,,,330212014000,1,16.02,14.85,工程渣土车,,2026-09-02
2dbe7efd124b454e,宁波,nb_vehicle,,,,330212014000,1,16.02,14.85,工程渣土车,,2026-09-02
4629ca87024b1005,宁波,nb_vehicle,,,,330212014000,1,16.02,14.85,工程渣土车,,2026-09-02
b4cf445e9f39aeb4,宁波,nb_vehicle,,,,330212014000,1,16.02,14.85,工程渣土车,,2026-09-02
ef674eb887cf02b2,宁波,nb_vehicle,,,,330212014000,1,16.02,14.85,工程渣土车,,2026-09-02
a30642226b944517,宁波,nb_vehicle,,,,330212014000,1,16.02,14.85,工程渣土车,,2026-09-02
0b76cf52ca36c68a,宁波,nb_vehicle,,,,330212014000,1,16.02,14.85,工程渣土车,,2026-09-02
d6674ccd5efb99a9,宁波,nb_vehicle,,,,330212014000,1,16.02,14.85,工程渣土车,,2026-09-02
06606ba194257b72,宁波,nb_vehicle,,,,330212014000,1,16.02,14.85,工程渣土车,,2026-09-02
45e69481e16b7c62,宁波,nb_vehicle,,,,330212014000,1,16.02,14.85,工程渣土车,,2026-09-02
d3a7f98354a63878,宁波,nb_vehicle,,,,330212014000,1,16.02,14.85,工程渣土车,,2026-09-02
d4bc62d9078a6ebb,宁波,nb_vehicle,,,,330212014000,1,16.02,14.85,工程渣土车,,2026-09-02
29182a2a07166dcc,宁波,nb_vehicle,,,,330212014000,1,16.02,14.85,工程渣土车,,2026-09-02
6b4f8b63b797eb29,宁波,nb_vehicle,,,,330212002000,1,10.07,20.8,工程泥浆车,,2026-09-02
88a8bbd4fbce2530,宁波,nb_vehicle,,,,330212005000,1,9.995,7.81,装修垃圾车,,2026-09-02
4d908c6dcee3b4bd,宁波,nb_vehicle,,,,330212002000,1,15.37,15.5,工程渣土车,,2026-09-02
7ce2e6f309417e95,宁波,nb_vehicle,,,,330212002000,1,15.37,15.5,工程渣土车,,2026-09-02
835d220245e2dccc,宁波,nb_vehicle,,,,330282002000,1,16.1,14.77,工程渣土车,,2026-09-02
54956895f50af3e8,宁波,nb_vehicle,,,,330281001000,1,16.1,14.77,工程渣土车,,2026-09-02
69cef8869994848a,宁波,nb_vehicle,,,,330281001000,1,16.1,14.77,工程渣土车,,2026-09-02
c35d7cbd7cc2d585,宁波,nb_vehicle,,,,330281001000,1,16.1,14.77,工程渣土车,,2026-09-02
9614b6829d3d9bb9,宁波,nb_vehicle,,,,330281001000,1,16.1,14.77,工程渣土车,,2026-09-02
48bec717971a34b4,宁波,nb_vehicle,,,,330281001000,1,16.1,14.77,工程渣土车,,2026-09-02
733db6cfde92ed30,宁波,nb_vehicle,,,,330281001000,1,16.1,14.77,工程渣土车,,2026-09-02
fb7432e4eb86438c,宁波,nb_vehicle,,,,330281001000,1,16.1,14.77,工程渣土车,,2026-09-02
54956895f50af3e8,宁波,nb_vehicle,,,,330281001000,1,16.1,14.77,工程渣土车,,2026-09-02
9006adcc72215d5a,宁波,nb_vehicle,,,,330281001000,1,16.1,14.77,工程渣土车,,2026-09-02
52883f6c696179a7,宁波,nb_vehicle,,,,330281001000,1,16.1,14.77,工程渣土车,,2026-09-02
399e7f7c39e4abda,宁波,nb_vehicle,,,,330281001000,1,16.1,14.77,工程渣土车,,2026-09-02
422e1ee9bc7a2bb3,宁波,nb_vehicle,,,,330281001000,1,16.1,14.77,工程渣土车,,2026-09-02
6cf4eba8cba2f4fd,宁波,nb_vehicle,,,,330281001000,1,16.1,14.77,工程渣土车,,2026-09-02
f794a0f84040bee1,宁波,nb_vehicle,,,,330281001000,1,16.1,14.77,工程渣土车,,2026-09-02
49e52bb43bf2e623,宁波,nb_vehicle,,,,330281001000,1,16.1,14.77,工程渣土车,,2026-09-02
5e6cf79787041ad1,宁波,nb_vehicle,,,,330281001000,1,16.1,14.77,工程渣土车,,2026-09-02
6b9128edfbac70bd,宁波,nb_vehicle,,,,330281001000,1,16.1,14.77,工程渣土车,,2026-09-02
abcfa64c935e58e4,宁波,nb_vehicle,,,,330281001000,1,16.1,14.77,工程渣土车,,2026-09-02
511b2bbd17ba0477,宁波,nb_vehicle,,,,330281001000,1,16.1,14.77,工程渣土车,,2026-09-02
ce2c0cc9aa03cacf,宁波,nb_vehicle,,,,330281001000,1,16.1,14.77,工程渣土车,,2026-09-02
2c6927fadbf4c25d,宁波,nb_vehicle,,,,330281001000,1,16.1,14.77,工程渣土车,,2026-09-02
550ea213d1a7976b,宁波,nb_vehicle,,,,330281001000,1,16.1,14.77,工程渣土车,,2026-09-02
9f8833ce24a6947d,宁波,nb_vehicle,,,,330281001000,1,15.37,15.5,工程渣土车,,2026-09-02
5ca9902bceed0c6f,宁波,nb_vehicle,,,,330281001000,1,16.1,14.77,工程渣土车,,2026-09-02
76229e15993ea893,宁波,nb_vehicle,,,,330281001000,1,16.1,14.77,工程渣土车,,2026-09-02
1c80bbe683b95559,宁波,nb_vehicle,,,,330281001000,1,16.1,14.77,工程渣土车,,2026-09-02
9bb0c18448d5310f,宁波,nb_vehicle,,,,330281001000,1,16.1,14.77,工程渣土车,,2026-09-02
7fca41cc8d3887db,宁波,nb_vehicle,,,,330281001000,1,16.1,14.77,工程渣土车,,2026-09-02
151db2548a2a5705,宁波,nb_vehicle,,,,330281001000,1,16.1,1.196,工程渣土车,,2026-09-02
49b7516365ff7d85,宁波,nb_vehicle,,,,330281001000,1,16.1,14.77,工程渣土车,,2026-09-02
1fd5488c4069105e,宁波,nb_vehicle,,,,330281001000,1,16.1,14.77,工程渣土车,,2026-09-02
2a98539a9fa53b49,宁波,nb_vehicle,,,,330281001000,1,16.1,14.77,工程渣土车,,2026-09-02
81a7f7daf43e98ec,宁波,nb_vehicle,,,,330281001000,1,15.37,15.5,工程渣土车,,2026-09-02
b855d78330481736,宁波,nb_vehicle,,,,330281001000,1,16.1,14.77,工程渣土车,,2026-09-02
f48b6550fc661f54,宁波,nb_vehicle,,,,330281001000,1,16.1,14.77,工程渣土车,,2026-09-02
47b12e222b7de454,宁波,nb_vehicle,,,,330281001000,1,16.1,14.77,工程渣土车,,2026-09-02
08fd282e348c9c35,宁波,nb_vehicle,,,,330281001000,1,16.1,14.77,工程渣土车,,2026-09-02
384d97a9487dce07,宁波,nb_vehicle,,,,330281001000,1,16.1,14.77,工程渣土车,,2026-09-02
952d777712af2573,宁波,nb_vehicle,,,,330281001000,1,16.1,14.77,工程渣土车,,2026-09-02
da527c746b5dc632,宁波,nb_vehicle,,,,330281001000,1,16.1,14.77,工程渣土车,,2026-09-02
69cef8869994848a,宁波,nb_vehicle,,,,330281001000,1,16.1,14.77,工程渣土车,,2026-09-02
626baf71937017e1,宁波,nb_vehicle,,,,330281001000,1,16.1,14.77,工程渣土车,,2026-09-02
3eba4896dc801a30,宁波,nb_vehicle,,,,330281001000,1,16.1,14.77,工程渣土车,,2026-09-02
5c292285828b4864,宁波,nb_vehicle,,,,330281001000,1,16.1,14.77,工程渣土车,,2026-09-02
007556c148d64d9d,宁波,nb_vehicle,,,,330281001000,1,16.1,14.77,工程渣土车,,2026-09-02
9cef335041330903,宁波,nb_vehicle,,,,330281001000,1,16.1,14.77,工程渣土车,,2026-09-02
44f494f1d4fce764,宁波,nb_vehicle,,,,330281001000,1,16.1,14.77,工程渣土车,,2026-09-02
5f317aadb935145e,宁波,nb_vehicle,,,,330281001000,1,16.1,14.77,工程渣土车,,2026-09-02
268ef8971741f39f,宁波,nb_vehicle,,,,330212000000,1,16.1,14.77,工程渣土车,,2026-09-02
d87e63cee94c8ded,宁波,nb_vehicle,,,,330282004000,1,16.1,14.77,工程渣土车,,2026-09-02
4f1958d72362cc00,宁波,nb_vehicle,,,,330282004000,1,15.37,15.5,工程渣土车,,2026-09-02
9a66019e04a372d6,宁波,nb_vehicle,,,,330282004000,1,15.37,15.5,工程渣土车,,2026-09-02
11b6b7d5c9fa578b,宁波,nb_vehicle,,,,330282004000,1,16.1,14.77,工程渣土车,,2026-09-02
037f2c448915ed7c,宁波,nb_vehicle,,,,330282004000,1,16.1,14.77,工程渣土车,,2026-09-02
432a07887f6f37f9,宁波,nb_vehicle,,,,330282004000,1,15.37,15.5,工程渣土车,,2026-09-02
446c3999f6d30611,宁波,nb_vehicle,,,,330282004000,1,16.1,14.77,工程渣土车,,2026-09-02
980166942a4c39a5,宁波,nb_vehicle,,,,330282004000,1,16.1,14.77,工程渣土车,,2026-09-02
4efae635f5c6c013,宁波,nb_vehicle,,,,330282004000,1,16.1,14.77,工程渣土车,,2026-09-02
92ae473597e58704,宁波,nb_vehicle,,,,330282004000,1,15.37,15.5,工程渣土车,,2026-09-02
90eab02dc75d07a7,宁波,nb_vehicle,,,,330282004000,1,16.1,14.77,工程渣土车,,2026-09-02
70246e6ca7dbece8,宁波,nb_vehicle,,,,330282004000,1,15.37,15.5,工程渣土车,,2026-09-02
32e168054f9a185c,宁波,nb_vehicle,,,,330282004000,1,15.37,15.5,工程渣土车,,2026-09-02
d166f4350f51d85c,宁波,nb_vehicle,,,,330282004000,1,16.1,1.38,工程渣土车,,2026-09-02
4d79e59e9442c216,宁波,nb_vehicle,,,,330282004000,1,15.37,15.5,工程渣土车,,2026-09-02
3a08f61c88bf9c7f,宁波,nb_vehicle,,,,330282004000,1,16.1,14.77,工程渣土车,,2026-09-02
6f8e6ee60dc6a36e,宁波,nb_vehicle,,,,330282004000,1,16.1,14.77,工程渣土车,,2026-09-02
b42ed96f3de555a4,宁波,nb_vehicle,,,,330282004000,1,15.37,15.5,工程渣土车,,2026-09-02
e739f6aaca309368,宁波,nb_vehicle,,,,330282004000,1,15.37,15.5,工程渣土车,,2026-09-02
8cc7484a0c58c81c,宁波,nb_vehicle,,,,330212106000,1,16.1,14.77,工程渣土车,,2026-09-02
1943edad12a7940f,宁波,nb_vehicle,,,,330212106000,1,16.1,14.77,工程渣土车,,2026-09-02
cb92de5e9dcc2a3b,宁波,nb_vehicle,,,,330212106000,1,16.1,14.77,工程渣土车,,2026-09-02
fc14ee2b8ae4a113,宁波,nb_vehicle,,,,330212106000,1,16.1,14.77,工程渣土车,,2026-09-02
05dd06e63bbb5d46,宁波,nb_vehicle,,,,330212106000,1,16.1,14.77,工程渣土车,,2026-09-02
205ed09ff29748f8,宁波,nb_vehicle,,,,330212106000,1,16.605,14.2,工程渣土车,,2026-09-02
7f69db935ed03bfd,宁波,nb_vehicle,,,,330212106000,1,16.02,14.85,工程渣土车,,2026-09-02
f719b3ec3de068d1,宁波,nb_vehicle,,,,330212106000,1,16.1,14.77,工程渣土车,,2026-09-02
202d59f58fc7301d,宁波,nb_vehicle,,,,330212106000,1,16.02,14.85,工程渣土车,,2026-09-02
eff3843b023af625,宁波,nb_vehicle,,,,330212106000,1,15.37,15.5,工程渣土车,,2026-09-02
51847f875dd04e0a,宁波,nb_vehicle,,,,330212106000,1,16.1,14.77,工程渣土车,,2026-09-02
2bd1f6d4e3cb794e,宁波,nb_vehicle,,,,330212106000,1,16.02,14.85,工程渣土车,,2026-09-02
97794bb66c902895,宁波,nb_vehicle,,,,330212106000,1,16.605,14.2,工程渣土车,,2026-09-02
a93f15d8a5b4e374,宁波,nb_vehicle,,,,330212106000,1,16.1,14.77,工程渣土车,,2026-09-02
ad183cee3194dc56,宁波,nb_vehicle,,,,330212106000,1,16.1,14.77,工程渣土车,,2026-09-02
978c401cbfde43e8,宁波,nb_vehicle,,,,330212106000,1,16.1,14.77,工程渣土车,,2026-09-02
b502b1ed04f7ac59,宁波,nb_vehicle,,,,330212106000,1,16.605,14.2,工程渣土车,,2026-09-02
722f4aa593c652e4,宁波,nb_vehicle,,,,330212106000,1,16.605,14.2,工程渣土车,,2026-09-02
ac34535b90dee5c1,宁波,nb_vehicle,,,,330212106000,1,16.605,14.2,工程渣土车,,2026-09-02
bcd69e2280d18ad6,宁波,nb_vehicle,,,,330212106000,1,16.605,14.2,工程渣土车,,2026-09-02
53b4d90bd58e1387,宁波,nb_vehicle,,,,330212106000,1,16.605,14.2,工程渣土车,,2026-09-02
dd09b5f55670b601,宁波,nb_vehicle,,,,330212106000,1,15.67,15.2,工程渣土车,,2026-09-02
6fc18746163241a5,宁波,nb_vehicle,,,,330212106000,1,16.02,14.85,工程渣土车,,2026-09-02
20aa5f1ccd72d6c0,宁波,nb_vehicle,,,,330212106000,1,16.02,14.85,工程渣土车,,2026-09-02
0ad2e2d94761921e,宁波,nb_vehicle,,,,330212106000,1,15.67,15.2,工程渣土车,,2026-09-02
459d14124aeafe7e,宁波,nb_vehicle,,,,330212106000,1,16.605,14.2,工程渣土车,,2026-09-02
8f6aadaf4ad25115,宁波,nb_vehicle,,,,330212106000,1,16.02,14.85,工程渣土车,,2026-09-02
e383ce3d655f6e62,宁波,nb_vehicle,,,,330212106000,1,15.67,15.2,工程渣土车,,2026-09-02
6fba62f64be4cda0,宁波,nb_vehicle,,,,330212106000,1,16.02,14.85,工程渣土车,,2026-09-02
43983512c16f7847,宁波,nb_vehicle,,,,330212106000,1,15.67,15.2,工程渣土车,,2026-09-02
54c556bf927ee1a0,宁波,nb_vehicle,,,,330212106000,1,16.02,14.85,工程渣土车,,2026-09-02
e934e920adf76e55,宁波,nb_vehicle,,,,330212106000,1,16.02,14.85,工程渣土车,,2026-09-02
c97d9c2de435b959,宁波,nb_vehicle,,,,330212106000,1,16.605,14.2,工程渣土车,,2026-09-02
c1b1a1d51d426cd3,宁波,nb_vehicle,,,,330212106000,1,16.02,14.85,工程渣土车,,2026-09-02
11a758bef4c865e7,宁波,nb_vehicle,,,,330212106000,1,16.37,14.5,工程渣土车,,2026-09-02
875e8c4183075b9e,宁波,nb_vehicle,,,,330212110000,1,7.93,3.87,装修垃圾车,,2026-09-02
c5f24c809dc94f90,宁波,nb_vehicle,,,,330225002000,1,16.1,14.77,工程渣土车,,2026-09-02
c93db676e39d528e,宁波,nb_vehicle,,,,330203009000,1,16.37,14.5,工程渣土车,,2026-09-02
52530d7e8dc24dad,宁波,nb_vehicle,,,,330203000000,1,16.1,14.77,工程渣土车,,2026-09-02
d5b76457660b3a32,宁波,nb_vehicle,,,,330203000000,1,16.1,14.77,工程渣土车,,2026-09-02
01a6f64dc3c3013d,宁波,nb_vehicle,,,,330203000000,1,16.1,14.77,工程渣土车,,2026-09-02
d6b7946b56e0ad77,宁波,nb_vehicle,,,,330203000000,1,16.1,14.77,工程渣土车,,2026-09-02
a272bcd86daf91dd,宁波,nb_vehicle,,,,330203000000,1,12.07,18.8,工程泥浆车,,2026-09-02
7d523367c9276db5,宁波,nb_vehicle,,,,330203000000,1,16.1,14.77,工程渣土车,,2026-09-02
0a3ef89ad7205b98,宁波,nb_vehicle,,,,330203000000,1,16.1,14.77,工程渣土车,,2026-09-02
f419884305e0b84a,宁波,nb_vehicle,,,,330203000000,1,16.1,1.59,工程渣土车,,2026-09-02
49ee10a4dcedaaff,宁波,nb_vehicle,,,,330203000000,1,16.1,14.77,工程渣土车,,2026-09-02
b8fab06d9d77ba65,宁波,nb_vehicle,,,,330203000000,1,16.1,14.77,工程渣土车,,2026-09-02
aaaa1e82eeed8bf1,宁波,nb_vehicle,,,,330203000000,1,16.1,14.77,工程渣土车,,2026-09-02
52c7c508d691388c,宁波,nb_vehicle,,,,330203000000,1,16.1,14.77,工程渣土车,,2026-09-02
9d00e2bb045191ab,宁波,nb_vehicle,,,,330203000000,1,16.1,14.77,工程渣土车,,2026-09-02
1e87b3a6a4a30662,宁波,nb_vehicle,,,,330203000000,1,16.1,14.77,工程渣土车,,2026-09-02
7761bca21ccfcffa,宁波,nb_vehicle,,,,330203000000,1,16.1,14.77,工程渣土车,,2026-09-02
907cc9fa0e8c8797,宁波,nb_vehicle,,,,330203000000,1,16.1,14.77,工程渣土车,,2026-09-02
8985c3e8a36a49b6,宁波,nb_vehicle,,,,330203000000,1,16.1,14.77,工程渣土车,,2026-09-02
8048c14661601c66,宁波,nb_vehicle,,,,330203000000,1,16.1,14.77,工程渣土车,,2026-09-02
e994e2f239f07b0d,宁波,nb_vehicle,,,,330203000000,1,16.1,14.77,工程渣土车,,2026-09-02
29144931d030d3e1,宁波,nb_vehicle,,,,330203000000,1,16.1,14.77,工程渣土车,,2026-09-02
7e41d33b3e6bae41,宁波,nb_vehicle,,,,330203000000,1,16.1,14.77,工程渣土车,,2026-09-02
c741cfe115d5b4a3,宁波,nb_vehicle,,,,330203000000,1,16.1,14.77,工程渣土车,,2026-09-02
52756bd0a28ed499,宁波,nb_vehicle,,,,330203000000,1,16.1,14.77,工程渣土车,,2026-09-02
2a3dd5b71706a2d9,宁波,nb_vehicle,,,,330203000000,1,12.005,18.8,工程泥浆车,,2026-09-02
1f9cb11eac696c52,宁波,nb_vehicle,,,,330203000000,1,16.1,14.77,工程渣土车,,2026-09-02
fb609d815299f804,宁波,nb_vehicle,,,,330203000000,1,16.37,14.5,工程渣土车,,2026-09-02
31ccef898945e2f7,宁波,nb_vehicle,,,,330203000000,1,12.07,18.8,工程泥浆车,,2026-09-02
17e6161296f46f3c,宁波,nb_vehicle,,,,330203000000,1,16.1,14.77,工程渣土车,,2026-09-02
ba66dc9472ff7192,宁波,nb_vehicle,,,,330211000000,1,12.07,18.8,工程泥浆车,,2026-09-02
d59a4bf850e5a176,宁波,nb_vehicle,,,,330213001000,1,16.1,14.77,工程渣土车,,2026-09-02
246f93c87196f9c9,宁波,nb_vehicle,,,,330213001000,1,16.1,14.77,工程渣土车,,2026-09-02
2f4e3412582a5391,宁波,nb_vehicle,,,,330213001000,1,16.1,14.77,工程渣土车,,2026-09-02
d840ed2432f1fdb1,宁波,nb_vehicle,,,,330213001000,1,16.1,14.77,工程渣土车,,2026-09-02
ed06b412b7b95e02,宁波,nb_vehicle,,,,330213001000,1,15.37,15.5,工程渣土车,,2026-09-02
51b270882f9deba0,宁波,nb_vehicle,,,,330213001000,1,16.1,14.77,工程渣土车,,2026-09-02
4602260094a9e3a9,宁波,nb_vehicle,,,,330213001000,1,16.1,14.77,工程渣土车,,2026-09-02
bb05ed95c361edd7,宁波,nb_vehicle,,,,330213001000,1,16.1,14.77,工程渣土车,,2026-09-02
4e6d6e0d6b389c3e,宁波,nb_vehicle,,,,330213001000,1,16.1,14.77,工程渣土车,,2026-09-02
6ba8e15c14784035,宁波,nb_vehicle,,,,330213001000,1,16.1,14.77,工程渣土车,,2026-09-02
ac267315fb7cd55d,宁波,nb_vehicle,,,,330213001000,1,15.78,15.09,工程渣土车,,2026-09-02
01836be203343573,宁波,nb_vehicle,,,,330213001000,1,16.1,14.77,工程渣土车,,2026-09-02
4c9be46f4f54c0f9,宁波,nb_vehicle,,,,330213001000,1,16.1,14.77,工程渣土车,,2026-09-02
c28ae03f01155004,宁波,nb_vehicle,,,,330213001000,1,16.1,14.77,工程渣土车,,2026-09-02
fab4e94a8ae10079,宁波,nb_vehicle,,,,330213001000,1,16.1,14.77,工程渣土车,,2026-09-02
c445f7f3785e5ad0,宁波,nb_vehicle,,,,330213001000,1,16.1,14.77,工程渣土车,,2026-09-02
18964d54a1e99d38,宁波,nb_vehicle,,,,330213001000,1,15.37,15.5,工程渣土车,,2026-09-02
718acd22e5244ad5,宁波,nb_vehicle,,,,330213001000,1,16.1,14.77,工程渣土车,,2026-09-02
8022ed06856d05dc,宁波,nb_vehicle,,,,330213001000,1,15.37,15.5,工程渣土车,,2026-09-02
bd3b1ac935b411bc,宁波,nb_vehicle,,,,330213001000,1,16.1,14.77,工程渣土车,,2026-09-02
ad661020727a7b60,宁波,nb_vehicle,,,,330213000000,1,1.645,2.72,装修垃圾车,,2026-09-02
c7f1a05b75f84656,宁波,nb_vehicle,,,,330213002000,1,15.37,15.5,工程渣土车,,2026-09-02
d10d0eb553fc77db,宁波,nb_vehicle,,,,330205000000,1,1.645,2.72,装修垃圾车,,2026-09-02
14f5f2d620ecba45,宁波,nb_vehicle,,,,330205000000,1,9.995,7.81,装修垃圾车,,2026-09-02
66f1db6f35976f53,宁波,nb_vehicle,,,,330203000000,1,1.645,2.72,装修垃圾车,,2026-09-02
2a9b36e3a9ab69ec,宁波,nb_vehicle,,,,330203000000,1,1.645,2.72,装修垃圾车,,2026-09-02
a54a25a62fe51273,宁波,nb_vehicle,,,,330203000000,1,1.645,2.72,装修垃圾车,,2026-09-02
23df6263403e588d,宁波,nb_vehicle,,,,330203000000,1,1.645,2.72,装修垃圾车,,2026-09-02
f0334ccdb9153e90,宁波,nb_vehicle,,,,330203000000,1,1.495,2.805,装修垃圾车,,2026-09-02
393f759afd463e27,宁波,nb_vehicle,,,,330212000000,1,15.37,15.5,工程渣土车,,2026-09-02
e906346079cdfbaf,宁波,nb_vehicle,,,,330203000000,1,1.645,14.8,装修垃圾车,,2026-09-02
db8b28ce1fd1ea3c,宁波,nb_vehicle,,,,330203000000,1,1.645,2.72,装修垃圾车,,2026-09-02
467f3d2a51554e6f,宁波,nb_vehicle,,,,330212014000,1,1.645,2.72,装修垃圾车,,2026-09-02
52d67a85bf0b2c32,宁波,nb_vehicle,,,,330212014000,1,1.645,2.72,装修垃圾车,,2026-09-02
fcd34f092720c908,宁波,nb_vehicle,,,,330212014000,1,1.645,2.72,装修垃圾车,,2026-09-02
b3b799ef747c3151,宁波,nb_vehicle,,,,330212014000,1,1.645,2.72,装修垃圾车,,2026-09-02
40b52894356f6596,宁波,nb_vehicle,,,,330212014000,1,7.7,4.1,装修垃圾车,,2026-09-02
1c57e0f68a680131,宁波,nb_vehicle,,,,330212014000,1,7.31,4.49,装修垃圾车,,2026-09-02
93f025fe7aa9d7ea,宁波,nb_vehicle,,,,330212014000,1,1.645,2.72,装修垃圾车,,2026-09-02
c69d820acccb0b57,宁波,nb_vehicle,,,,330212014000,1,1.645,2.72,装修垃圾车,,2026-09-02
b4dbfc335877d094,宁波,nb_vehicle,,,,330212014000,1,1.645,2.72,装修垃圾车,,2026-09-02
f22d53d9551eeb87,宁波,nb_vehicle,,,,330212014000,1,1.645,2.72,装修垃圾车,,2026-09-02
04587d37c4ee8084,宁波,nb_vehicle,,,,330212014000,1,1.645,2.72,装修垃圾车,,2026-09-02
03c87d8da75cea89,宁波,nb_vehicle,,,,330212014000,1,4.37,4.6,装修垃圾车,,2026-09-02
cb0379f88289c3b7,宁波,nb_vehicle,,,,330212014000,1,1.645,2.72,装修垃圾车,,2026-09-02
3b1d2f77652a08e0,宁波,nb_vehicle,,,,330225200000,1,16.1,14.77,工程渣土车,,2026-09-02
471fb139ba338ea2,宁波,nb_vehicle,,,,330213002000,1,16.1,14.77,工程渣土车,,2026-09-02
221a7f1cb4427592,宁波,nb_vehicle,,,,330213002000,1,15.37,15.5,工程渣土车,,2026-09-02
a07db8d054a745b1,宁波,nb_vehicle,,,,330213002000,1,16.1,14.77,工程渣土车,,2026-09-02
3a4b626302aaf4c9,宁波,nb_vehicle,,,,330282002000,1,16.1,14.77,工程渣土车,,2026-09-02
33242dadb705b2fc,宁波,nb_vehicle,,,,330282002000,1,16.1,14.77,工程渣土车,,2026-09-02
34f8ae1e6388d455,宁波,nb_vehicle,,,,330282002000,1,16.1,14.77,工程渣土车,,2026-09-02
4a47ffd1c14f9422,宁波,nb_vehicle,,,,330282002000,1,16.1,14.77,工程渣土车,,2026-09-02
e0f70d6492b67586,宁波,nb_vehicle,,,,330282002000,1,16.1,14.77,工程渣土车,,2026-09-02
0dcdadfb72ceea39,宁波,nb_vehicle,,,,330282002000,1,16.1,14.77,工程渣土车,,2026-09-02
3a2cb344e7a8d2f4,宁波,nb_vehicle,,,,330282002000,1,16.1,14.77,工程渣土车,,2026-09-02
a1ceed006eb9949d,宁波,nb_vehicle,,,,330282002000,1,16.1,14.77,工程渣土车,,2026-09-02
59b7da798b51e078,宁波,nb_vehicle,,,,330203100000,1,16.1,14.77,工程渣土车,,2026-09-02
9ed430c58e527511,宁波,nb_vehicle,,,,330203100000,1,16.1,14.77,工程渣土车,,2026-09-02
81a1c5ce0c4f143e,宁波,nb_vehicle,,,,330203100000,1,16.67,14.2,工程渣土车,,2026-09-02
cf291adfb3b02545,宁波,nb_vehicle,,,,330203100000,1,16.67,14.2,工程渣土车,,2026-09-02
f4e6c1e8d74a13ca,宁波,nb_vehicle,,,,330203100000,1,16.67,14.2,工程渣土车,,2026-09-02
9152fcdceb7dfec5,宁波,nb_vehicle,,,,330203100000,1,16.1,14.77,工程渣土车,,2026-09-02
a7e04f9d89a909cf,宁波,nb_vehicle,,,,330203100000,1,16.67,14.2,工程渣土车,,2026-09-02
0b8fed8532fd3f3a,宁波,nb_vehicle,,,,330203100000,1,16.1,14.77,工程渣土车,,2026-09-02
5f671b1ee1c14631,宁波,nb_vehicle,,,,330203100000,1,16.67,14.2,工程渣土车,,2026-09-02
77669ac3a39547e6,宁波,nb_vehicle,,,,330203100000,1,10.07,20.8,工程泥浆车,,2026-09-02
5f671b1ee1c14631,宁波,nb_vehicle,,,,330203100000,1,16.67,14.2,工程渣土车,,2026-09-02
4c19f6fd9a68c76e,宁波,nb_vehicle,,,,330203100000,1,16.1,14.77,工程渣土车,,2026-09-02
81a1c5ce0c4f143e,宁波,nb_vehicle,,,,330203100000,1,16.67,14.2,工程渣土车,,2026-09-02
59b7da798b51e078,宁波,nb_vehicle,,,,330203100000,1,16.1,14.77,工程渣土车,,2026-09-02
6f4f383b10bab586,宁波,nb_vehicle,,,,330203100000,1,16.67,14.2,工程渣土车,,2026-09-02
75f3ccde11df0f49,宁波,nb_vehicle,,,,330203100000,1,16.1,14.77,工程渣土车,,2026-09-02
cf291adfb3b02545,宁波,nb_vehicle,,,,330203100000,1,16.67,14.2,工程渣土车,,2026-09-02
6a5ec4703721db1f,宁波,nb_vehicle,,,,330203100000,1,16.1,14.77,工程渣土车,,2026-09-02
512baa16049913f6,宁波,nb_vehicle,,,,330203100000,1,16.1,14.77,工程渣土车,,2026-09-02
a2a1074e0d8cafba,宁波,nb_vehicle,,,,330203100000,1,16.67,14.2,工程渣土车,,2026-09-02
5d67d62a5c5bf7cb,宁波,nb_vehicle,,,,330203100000,1,16.1,14.77,工程渣土车,,2026-09-02
9d1f075f1b3b8992,宁波,nb_vehicle,,,,330203100000,1,16.1,14.77,工程渣土车,,2026-09-02
d61704db536b7c3d,宁波,nb_vehicle,,,,330203100000,1,16.1,14.77,工程渣土车,,2026-09-02
81442d8168bba8f5,宁波,nb_vehicle,,,,330203100000,1,16.1,14.77,工程渣土车,,2026-09-02
fabeeefed00ae37c,宁波,nb_vehicle,,,,330203100000,1,16.67,14.2,工程渣土车,,2026-09-02
9817a8ee59c1118c,宁波,nb_vehicle,,,,330203100000,1,16.1,14.77,工程渣土车,,2026-09-02
93cabe4d5bd69760,宁波,nb_vehicle,,,,330203100000,1,16.1,14.77,工程渣土车,,2026-09-02
ca650a9e4b660e1e,宁波,nb_vehicle,,,,330203100000,1,16.1,14.77,工程渣土车,,2026-09-02
f50886caaba39a7c,宁波,nb_vehicle,,,,330203100000,1,16.67,14.2,工程渣土车,,2026-09-02
ad67453b0ba47149,宁波,nb_vehicle,,,,330203100000,1,16.67,14.2,工程渣土车,,2026-09-02
7edc5d7f74d9d909,宁波,nb_vehicle,,,,330203100000,1,16.67,14.2,工程渣土车,,2026-09-02
bbb42f7bc76152a1,宁波,nb_vehicle,,,,330203100000,1,16.1,14.77,工程渣土车,,2026-09-02
639911291ab571dd,宁波,nb_vehicle,,,,330203100000,1,16.1,14.77,工程渣土车,,2026-09-02
a71a05f0b23420c7,宁波,nb_vehicle,,,,330203100000,1,16.1,14.77,工程渣土车,,2026-09-02
89b1287be4dc59d9,宁波,nb_vehicle,,,,330203100000,1,16.1,14.77,工程渣土车,,2026-09-02
a29080045b76e9f6,宁波,nb_vehicle,,,,330203100000,1,16.1,14.77,工程渣土车,,2026-09-02
fd759af9effd8ab8,宁波,nb_vehicle,,,,330203100000,1,16.67,14.2,工程渣土车,,2026-09-02
db8bc0cac4149ba0,宁波,nb_vehicle,,,,330203100000,1,16.67,14.2,工程渣土车,,2026-09-02
0f461ddc95840cf7,宁波,nb_vehicle,,,,330203100000,1,16.1,14.77,工程渣土车,,2026-09-02
59d5befaf9909df5,宁波,nb_vehicle,,,,330203100000,1,16.67,14.2,工程渣土车,,2026-09-02
2889d113c194bd41,宁波,nb_vehicle,,,,330203100000,1,16.1,14.77,工程渣土车,,2026-09-02
d0f6c7c24db29516,宁波,nb_vehicle,,,,330203100000,1,16.67,14.2,工程渣土车,,2026-09-02
cd70e966375aee40,宁波,nb_vehicle,,,,330203100000,1,16.67,14.2,工程渣土车,,2026-09-02
c8668dd9426d4888,宁波,nb_vehicle,,,,330203100000,1,16.1,14.77,工程渣土车,,2026-09-02
54905a00f30ac01f,宁波,nb_vehicle,,,,330203100000,1,16.1,14.77,工程渣土车,,2026-09-02
175194076bc7f641,宁波,nb_vehicle,,,,330203100000,1,16.67,14.2,工程渣土车,,2026-09-02
31c4400bf981bd7e,宁波,nb_vehicle,,,,330203100000,1,16.67,14.2,工程渣土车,,2026-09-02
c7c4e91885d52079,宁波,nb_vehicle,,,,330203100000,1,16.1,14.77,工程渣土车,,2026-09-02
be90f6641ae082de,宁波,nb_vehicle,,,,330203100000,1,16.1,14.77,工程渣土车,,2026-09-02
adc2c6472a3da4c1,宁波,nb_vehicle,,,,330203100000,1,16.1,14.77,工程渣土车,,2026-09-02
3d7bf5f11b4df7e0,宁波,nb_vehicle,,,,330203100000,1,16.67,14.2,工程渣土车,,2026-09-02
40c32587edd22704,宁波,nb_vehicle,,,,330203100000,1,16.67,14.2,工程渣土车,,2026-09-02
d773a95cfc8fde28,宁波,nb_vehicle,,,,330203100000,1,16.1,14.77,工程渣土车,,2026-09-02
7d2efc3fc7322af5,宁波,nb_vehicle,,,,330203100000,1,16.1,14.77,工程渣土车,,2026-09-02
810f56912a72a55a,宁波,nb_vehicle,,,,330203100000,1,16.1,14.77,工程渣土车,,2026-09-02
b347c774760fa87b,宁波,nb_vehicle,,,,330212000000,1,16.1,14.77,工程渣土车,,2026-09-02
658876abfebc4fa4,宁波,nb_vehicle,,,,330212110000,1,4.6,4.37,装修垃圾车,,2026-09-02
0cca9c09a0af276d,宁波,nb_vehicle,,,,330212005000,1,1.645,2.72,装修垃圾车,,2026-09-02
e99a2b948bc174fe,宁波,nb_vehicle,,,,330212005000,1,1.645,2.72,装修垃圾车,,2026-09-02
566d9b4aa63998f3,宁波,nb_vehicle,,,,330212005000,1,1.645,2.72,装修垃圾车,,2026-09-02
cb22a7b81cf8c94b,宁波,nb_vehicle,,,,330212005000,1,1.645,1.495,装修垃圾车,,2026-09-02
94cbdc65d0bdd3e1,宁波,nb_vehicle,,,,330212005000,1,1.645,2.72,装修垃圾车,,2026-09-02
71d074fb93c0202c,宁波,nb_vehicle,,,,330212005000,1,1.645,2.72,工程渣土车,,2026-09-02
991734d032e2b00b,宁波,nb_vehicle,,,,330212005000,1,1.645,2.72,工程渣土车,,2026-09-02
2145a9f4a15ec0b2,宁波,nb_vehicle,,,,330212005000,1,1.645,2.72,装修垃圾车,,2026-09-02
82f39c319af8bc7f,宁波,nb_vehicle,,,,330212005000,1,0.68,3.515,装修垃圾车,,2026-09-02
9fb8214a85a7566b,宁波,nb_vehicle,,,,330212005000,1,1.645,2.72,装修垃圾车,,2026-09-02
302027ceab095135,宁波,nb_vehicle,,,,330213002000,1,16.1,14.77,工程渣土车,,2026-09-02
2e26dca766d7e180,宁波,nb_vehicle,,,,330213002000,1,16.1,14.77,工程渣土车,,2026-09-02
00151ee1d70ff4e0,宁波,nb_vehicle,,,,330213002000,1,16.1,14.77,工程渣土车,,2026-09-02
ca8bd301d33fea6f,宁波,nb_vehicle,,,,330213002000,1,16.1,14.77,工程渣土车,,2026-09-02
68d19f85be9e49a1,宁波,nb_vehicle,,,,330213002000,1,15.37,15.5,工程渣土车,,2026-09-02
7928ec3f85e7dcb9,宁波,nb_vehicle,,,,330213002000,1,16.1,14.77,工程渣土车,,2026-09-02
602cc5030ea107bd,宁波,nb_vehicle,,,,330213002000,1,16.1,14.77,工程渣土车,,2026-09-02
a61927b16673425d,宁波,nb_vehicle,,,,330213002000,1,15.37,15.5,工程渣土车,,2026-09-02
65af8e6bea5ba95f,宁波,nb_vehicle,,,,330213002000,1,15.37,15.5,工程渣土车,,2026-09-02
46bee4d99850135f,宁波,nb_vehicle,,,,330213002000,1,16.1,14.77,工程渣土车,,2026-09-02
b0b005f374651c59,宁波,nb_vehicle,,,,330213002000,1,16.1,14.77,工程渣土车,,2026-09-02
4d63a64040316657,宁波,nb_vehicle,,,,330213002000,1,15.37,15.5,工程渣土车,,2026-09-02
f8d6e03ce301e40d,宁波,nb_vehicle,,,,330213002000,1,16.1,14.77,工程渣土车,,2026-09-02
a6be294d2fb603ba,宁波,nb_vehicle,,,,330213002000,1,16.1,14.77,工程渣土车,,2026-09-02
1eece06e204ae608,宁波,nb_vehicle,,,,330213002000,1,16.1,14.77,工程渣土车,,2026-09-02
e89a9cc7d46278f2,宁波,nb_vehicle,,,,330213002000,1,15.37,15.5,工程渣土车,,2026-09-02
141e08034c4165bb,宁波,nb_vehicle,,,,330213002000,1,15.37,15.5,工程渣土车,,2026-09-02
888619144ee7b0be,宁波,nb_vehicle,,,,330213002000,1,16.1,14.77,工程渣土车,,2026-09-02
ec795fd77fc92984,宁波,nb_vehicle,,,,330213002000,1,16.1,14.77,工程渣土车,,2026-09-02
7b3a2342557c645e,宁波,nb_vehicle,,,,330212000000,1,10.97,19.9,工程泥浆车,,2026-09-02
6c8433bd462adb2d,宁波,nb_vehicle,,,,330213004000,1,16.37,14.5,工程渣土车,,2026-09-02
27fd2401301c3fe0,宁波,nb_vehicle,,,,330213004000,1,15.37,15.5,工程渣土车,,2026-09-02
f3ca051657fbd5f2,宁波,nb_vehicle,,,,330213004000,1,16.1,14.77,工程渣土车,,2026-09-02
ab996a09e9a640e3,宁波,nb_vehicle,,,,330213004000,1,16.37,14.5,工程渣土车,,2026-09-02
e4a81d5927db6927,宁波,nb_vehicle,,,,330213004000,1,16.37,14.5,工程渣土车,,2026-09-02
e7bcead22ac545a1,宁波,nb_vehicle,,,,330213004000,1,16.37,14.5,工程渣土车,,2026-09-02
652ecbf7dbcba76d,宁波,nb_vehicle,,,,330213004000,1,16.37,14.5,工程渣土车,,2026-09-02
05d53d1225d4febb,宁波,nb_vehicle,,,,330212000000,1,12.07,18.8,工程泥浆车,,2026-09-02
73264cbec09c9807,宁波,nb_vehicle,,,,330212000000,1,12.07,18.8,工程泥浆车,,2026-09-02
724d3d9bb939c0fa,宁波,nb_vehicle,,,,330212000000,1,12.07,18.8,工程泥浆车,,2026-09-02
adc976bfc56e7217,宁波,nb_vehicle,,,,330212000000,1,12.07,18.8,工程泥浆车,,2026-09-02
ed800fca02fe4e6a,宁波,nb_vehicle,,,,330212000000,1,12.07,18.08,工程泥浆车,,2026-09-02
34461f1240f72704,宁波,nb_vehicle,,,,330213004000,1,16.1,14.77,工程渣土车,,2026-09-02
ceab454c0030ef21,宁波,nb_vehicle,,,,330213004000,1,15.37,15.5,工程渣土车,,2026-09-02
4aeac8b2ca553f11,宁波,nb_vehicle,,,,330213004000,1,15.37,15.5,工程渣土车,,2026-09-02
defa03c10e5a9bce,宁波,nb_vehicle,,,,330213004000,1,15.37,15.5,工程渣土车,,2026-09-02
efa3d5bd8c88afe6,宁波,nb_vehicle,,,,330213004000,1,16.37,14.5,工程渣土车,,2026-09-02
bfd723b11704fae8,宁波,nb_vehicle,,,,330213004000,1,15.9,14.97,工程渣土车,,2026-09-02
666b26f03c63123d,宁波,nb_vehicle,,,,330213004000,1,16.1,14.77,工程渣土车,,2026-09-02
863458a9cef5a243,宁波,nb_vehicle,,,,330213004000,1,16.1,0.995,工程渣土车,,2026-09-02
25ec2e60c4347937,宁波,nb_vehicle,,,,330213004000,1,15.675,15.195,工程渣土车,,2026-09-02
175eb16d8ef444d6,宁波,nb_vehicle,,,,330213004000,1,16.37,14.5,工程渣土车,,2026-09-02
750f412987e136dd,宁波,nb_vehicle,,,,330213004000,1,15.37,15.5,工程渣土车,,2026-09-02
511005536df87fd4,宁波,nb_vehicle,,,,330206002000,1,16.02,14.85,工程渣土车,,2026-09-02
82bbaa1b693e52d3,宁波,nb_vehicle,,,,330206002000,1,16.02,14.85,工程渣土车,,2026-09-02
41b61e7d9e258fb1,宁波,nb_vehicle,,,,330213004000,1,16.37,14.5,工程渣土车,,2026-09-02
294dad8cf85d4384,宁波,nb_vehicle,,,,330213004000,1,16.37,14.5,工程渣土车,,2026-09-02
cae36f92a85dab14,宁波,nb_vehicle,,,,330213004000,1,16.37,14.5,工程渣土车,,2026-09-02
0ef6a5b24630efd1,宁波,nb_vehicle,,,,330213004000,1,16.37,14.5,工程渣土车,,2026-09-02
def3d52c56c70d75,宁波,nb_vehicle,,,,330213004000,1,16.37,14.5,工程渣土车,,2026-09-02
02962d0c0315b8b7,宁波,nb_vehicle,,,,330213004000,1,16.37,14.5,工程渣土车,,2026-09-02
b200383b641e4a55,宁波,nb_vehicle,,,,330213004000,1,15.37,15.5,工程渣土车,,2026-09-02
da2c5f1baee85c27,宁波,nb_vehicle,,,,330213004000,1,15.37,15.5,工程渣土车,,2026-09-02
5b0278e08aefc607,宁波,nb_vehicle,,,,330213004000,1,15.37,15.5,工程渣土车,,2026-09-02
316547700ec9e179,宁波,nb_vehicle,,,,330212002000,1,15.37,15.5,工程渣土车,,2026-09-02
b63524a9e6769f73,宁波,nb_vehicle,,,,330212000000,1,16.1,14.77,工程渣土车,,2026-09-02
99edfa0dffec3433,宁波,nb_vehicle,,,,330212000000,1,16.1,14.77,工程渣土车,,2026-09-02
ae7e5e038c5d4b53,宁波,nb_vehicle,,,,330212000000,1,16.1,14.77,工程渣土车,,2026-09-02
3f6e22757c13639d,宁波,nb_vehicle,,,,330226002000,1,16.1,14.77,工程渣土车,,2026-09-02
b899cff952589db1,宁波,nb_vehicle,,,,330213002000,1,16.1,14.77,工程渣土车,,2026-09-02
6cea1b1e3cfb59fc,宁波,nb_vehicle,,,,330213002000,1,16.1,14.77,工程渣土车,,2026-09-02
1204364fa77ea77f,宁波,nb_vehicle,,,,330205004000,1,4.37,4.6,装修垃圾车,,2026-09-02
0ec38fb8a39a1156,宁波,nb_vehicle,,,,330205004000,1,1.64,2.72,装修垃圾车,,2026-09-02
90ded0180621040b,宁波,nb_vehicle,,,,330205004000,1,0.495,3.87,工程渣土车,,2026-09-02
c4ae682c00306c7c,宁波,nb_vehicle,,,,330205004000,1,0.745,3.555,装修垃圾车,,2026-09-02
fa42df79597b2016,宁波,nb_vehicle,,,,330205004000,1,0.745,3.555,装修垃圾车,,2026-09-02
9ad82a26b5af000c,宁波,nb_vehicle,,,,330205004000,1,7.7,4.1,装修垃圾车,,2026-09-02
15a92cec55616af9,宁波,nb_vehicle,,,,330205004000,1,0.495,3.87,装修垃圾车,,2026-09-02
fde935510043557f,宁波,nb_vehicle,,,,330205004000,1,1.645,2.72,装修垃圾车,,2026-09-02
a1f79954fd095a1b,宁波,nb_vehicle,,,,330205004000,1,1.645,2.72,工程渣土车,,2026-09-02
a15195d4a33d0080,宁波,nb_vehicle,,,,330205004000,1,0.745,3.555,装修垃圾车,,2026-09-02
027b5840e640e4e8,宁波,nb_vehicle,,,,330205004000,1,1.495,2.6,工程渣土车,,2026-09-02
8fdfe6fffba6e2f9,宁波,nb_vehicle,,,,330205004000,1,1.645,2.72,装修垃圾车,,2026-09-02
9645ddc6e82904c2,宁波,nb_vehicle,,,,330205004000,1,0.49,3.3,装修垃圾车,,2026-09-02
c0c7ea052efda301,宁波,nb_vehicle,,,,330205004000,1,1.645,2.72,工程渣土车,,2026-09-02
2b5230e5c04ad6fc,宁波,nb_vehicle,,,,330212002000,1,10.97,19.9,工程泥浆车,,2026-09-02
50965cc6531c4237,宁波,nb_vehicle,,,,330212002000,1,11.92,18.95,工程泥浆车,,2026-09-02
2b15ba4fa10d0eec,宁波,nb_vehicle,,,,330212002000,1,10.97,19.9,工程泥浆车,,2026-09-02
e0ee8c74649dbea6,宁波,nb_vehicle,,,,330212002000,1,10.07,20.8,工程泥浆车,,2026-09-02
69a8da8cd1283b79,宁波,nb_vehicle,,,,330212002000,1,10.07,20.8,工程泥浆车,,2026-09-02
dfe37b45061f5665,宁波,nb_vehicle,,,,330212002000,1,10.07,20.8,工程泥浆车,,2026-09-02
818f6e33d4d34019,宁波,nb_vehicle,,,,330212002000,1,10.07,20.8,工程泥浆车,,2026-09-02
d4fac74a288a0b3f,宁波,nb_vehicle,,,,330212002000,1,10.07,20.8,工程泥浆车,,2026-09-02
85bd8218f56078e8,宁波,nb_vehicle,,,,330212002000,1,10.07,20.8,工程泥浆车,,2026-09-02
bbd621093c65f0c3,宁波,nb_vehicle,,,,330212002000,1,10.07,20.8,工程泥浆车,,2026-09-02
c8f169cc8bea5f90,宁波,nb_vehicle,,,,330205001000,1,6.72,4.35,装修垃圾车,,2026-09-02
0beb479f4e8ad383,宁波,nb_vehicle,,,,330205001000,1,0.43,3.665,装修垃圾车,,2026-09-02
0c7b2f9e36831b81,宁波,nb_vehicle,,,,330205001000,1,1.645,2.72,装修垃圾车,,2026-09-02
a6bf76442d9779be,宁波,nb_vehicle,,,,330205001000,1,1.645,2.72,装修垃圾车,,2026-09-02
953ed9b6a80abac3,宁波,nb_vehicle,,,,330205001000,1,1.645,2.72,装修垃圾车,,2026-09-02
266a3818008d6195,宁波,nb_vehicle,,,,330205001000,1,1.645,2.72,装修垃圾车,,2026-09-02
d566c2f17cc7b8a5,宁波,nb_vehicle,,,,330205001000,1,1.645,2.72,装修垃圾车,,2026-09-02
5b38e9848b203d5f,宁波,nb_vehicle,,,,330205001000,1,6.72,4.35,装修垃圾车,,2026-09-02
757a21279757b2cb,宁波,nb_vehicle,,,,330205001000,1,4.37,4.6,装修垃圾车,,2026-09-02
303eeed1292c7c2b,宁波,nb_vehicle,,,,330205001000,1,1.645,2.72,装修垃圾车,,2026-09-02
7db8f972137fe7ca,宁波,nb_vehicle,,,,330212000000,1,1.645,2.72,工程渣土车,,2026-09-02
53dcbfc14b515d07,宁波,nb_vehicle,,,,330212000000,1,1.645,2.72,装修垃圾车,,2026-09-02
9d1d77acd94eebbf,宁波,nb_vehicle,,,,330212000000,1,1.645,2.72,装修垃圾车,,2026-09-02
ae7287ba83ccac57,宁波,nb_vehicle,,,,330205000000,1,0.69,3.61,工程渣土车,,2026-09-02
e1af8d244df8cb13,宁波,nb_vehicle,,,,330205000000,1,0.55,3.75,装修垃圾车,,2026-09-02
554310719a662a5b,宁波,nb_vehicle,,,,330205000000,1,1.645,2.72,工程渣土车,,2026-09-02
477f8470d6aa18b0,宁波,nb_vehicle,,,,330205000000,1,1.645,2.72,工程渣土车,,2026-09-02
6267345241c14dfe,宁波,nb_vehicle,,,,330205000000,1,1.645,2.72,装修垃圾车,,2026-09-02
3883eba4e73e0ab8,宁波,nb_vehicle,,,,330205000000,1,1.645,2.72,工程渣土车,,2026-09-02
86a12946f8a2b1d2,宁波,nb_vehicle,,,,330205000000,1,1.645,2.72,装修垃圾车,,2026-09-02
c87319b71afdd736,宁波,nb_vehicle,,,,330205000000,1,1.645,2.72,工程渣土车,,2026-09-02
8e0c332bf5610001,宁波,nb_vehicle,,,,330205000000,1,0.495,3.5,装修垃圾车,,2026-09-02
9687a7c81d1e9eb2,宁波,nb_vehicle,,,,330205000000,1,1.645,2.72,工程渣土车,,2026-09-02
c091477894203ca0,宁波,nb_vehicle,,,,330205000000,1,0.49,3.3,装修垃圾车,,2026-09-02
76ab7b4b6e1e4f97,宁波,nb_vehicle,,,,330205000000,1,0.69,3.61,工程渣土车,,2026-09-02
0dc4b95d392a6d53,宁波,nb_vehicle,,,,330205000000,1,1.645,2.72,工程渣土车,,2026-09-02
b4e1b55a74149882,宁波,nb_vehicle,,,,330205000000,1,1.645,2.72,工程渣土车,,2026-09-02
1a9b9d6b7d6fedae,宁波,nb_vehicle,,,,330205000000,1,1.645,2.72,工程渣土车,,2026-09-02
a9e13d5c65b6ff4f,宁波,nb_vehicle,,,,330205000000,1,1.645,2.72,工程渣土车,,2026-09-02
085616d793bd5e99,宁波,nb_vehicle,,,,330205000000,1,1.645,2.72,工程渣土车,,2026-09-02
9471612318b9148f,宁波,nb_vehicle,,,,330205008000,1,16.02,14.85,工程渣土车,,2026-09-02
92fb00d95ac09eeb,宁波,nb_vehicle,,,,330205008000,1,15.37,15.5,工程渣土车,,2026-09-02
c1fd24888b6c91af,宁波,nb_vehicle,,,,330205008000,1,16.02,14.85,工程渣土车,,2026-09-02
3864b3275ce74fb5,宁波,nb_vehicle,,,,330205008000,1,16.02,14.85,工程渣土车,,2026-09-02
ad4c13c75229aec2,宁波,nb_vehicle,,,,330205008000,1,16.02,14.85,工程渣土车,,2026-09-02
bc69a917ecb48c3d,宁波,nb_vehicle,,,,330205008000,1,16.02,14.85,工程渣土车,,2026-09-02
1f52ab8a3199428c,宁波,nb_vehicle,,,,330205008000,1,16.02,1.61,工程渣土车,,2026-09-02
b3d6bd36873ad409,宁波,nb_vehicle,,,,330205008000,1,16.02,14.85,工程渣土车,,2026-09-02
9314cd52646952f5,宁波,nb_vehicle,,,,330205008000,1,16.02,14.85,工程渣土车,,2026-09-02
258c98a32a178879,宁波,nb_vehicle,,,,330205008000,1,15.37,15.5,工程渣土车,,2026-09-02
df1121d0737c4db2,宁波,nb_vehicle,,,,330205008000,1,16.02,14.85,工程渣土车,,2026-09-02
1f689ebcb64c9aad,宁波,nb_vehicle,,,,330205008000,1,16.02,14.85,工程渣土车,,2026-09-02
1f5266e414cde2f9,宁波,nb_vehicle,,,,330205008000,1,16.02,14.85,工程渣土车,,2026-09-02
8b9d57978188ef43,宁波,nb_vehicle,,,,330205008000,1,16.02,14.85,工程渣土车,,2026-09-02
742d243721600aae,宁波,nb_vehicle,,,,330205008000,1,16.02,14.85,工程渣土车,,2026-09-02
1b9bd8d888243cb2,宁波,nb_vehicle,,,,330205008000,1,16.02,14.85,工程渣土车,,2026-09-02
b492df1e27335866,宁波,nb_vehicle,,,,330205008000,1,16.02,14.85,工程渣土车,,2026-09-02
0629b02eec16730d,宁波,nb_vehicle,,,,330205008000,1,16.02,14.85,工程渣土车,,2026-09-02
21a488721191662e,宁波,nb_vehicle,,,,330205008000,1,16.02,14.85,工程渣土车,,2026-09-02
9ea8ef48dd6efa1b,宁波,nb_vehicle,,,,330205008000,1,16.02,14.85,工程渣土车,,2026-09-02
ca6d089bf18c027b,宁波,nb_vehicle,,,,330205008000,1,16.02,14.85,工程渣土车,,2026-09-02
9c07ae0c4b38ae90,宁波,nb_vehicle,,,,330205008000,1,16.02,14.85,工程渣土车,,2026-09-02
e14551105b7ac6f6,宁波,nb_vehicle,,,,330205008000,1,16.02,14.85,工程渣土车,,2026-09-02
42428e8c8c8855e8,宁波,nb_vehicle,,,,330205005000,1,10.97,19.9,工程泥浆车,,2026-09-02
b7c4c018e8773264,宁波,nb_vehicle,,,,330212106000,1,16.02,14.85,工程渣土车,,2026-09-02
424bc4e032da9537,宁波,nb_vehicle,,,,330212106000,1,16.02,14.85,工程渣土车,,2026-09-02
2dca718741803d57,宁波,nb_vehicle,,,,330212106000,1,15.67,15.2,工程渣土车,,2026-09-02
c4c626ee3c7b8174,宁波,nb_vehicle,,,,330212106000,1,16.02,14.85,工程渣土车,,2026-09-02
063473fdb0a5b570,宁波,nb_vehicle,,,,330212106000,1,16.02,14.85,工程渣土车,,2026-09-02
face53e1131f32d9,宁波,nb_vehicle,,,,330212106000,1,16.02,14.85,工程渣土车,,2026-09-02
424bc4e032da9537,宁波,nb_vehicle,,,,330212106000,1,16.02,14.85,工程渣土车,,2026-09-02
cde451243185499f,宁波,nb_vehicle,,,,330212106000,1,16.02,14.85,工程渣土车,,2026-09-02
33b3b8893e823030,宁波,nb_vehicle,,,,330212106000,1,15.67,15.2,工程渣土车,,2026-09-02
a0992e40477b6b05,宁波,nb_vehicle,,,,330212106000,1,16.02,14.85,工程渣土车,,2026-09-02
262993f6e7c7e31f,宁波,nb_vehicle,,,,330212106000,1,16.02,14.85,工程渣土车,,2026-09-02
b7c4c018e8773264,宁波,nb_vehicle,,,,330212106000,1,16.02,14.85,工程渣土车,,2026-09-02
51c2d20f4f6c6f05,宁波,nb_vehicle,,,,330212106000,1,16.02,14.85,工程渣土车,,2026-09-02
f8b4592383de8961,宁波,nb_vehicle,,,,330212106000,1,16.02,14.85,工程渣土车,,2026-09-02
0b6422ed72e423d5,宁波,nb_vehicle,,,,330212106000,1,16.02,14.85,工程渣土车,,2026-09-02
cd2f07ce2f765ee7,宁波,nb_vehicle,,,,330205000000,1,1.645,2.72,装修垃圾车,,2026-09-02
c27cb0de9a4b5ec4,宁波,nb_vehicle,,,,330282000000,1,1.64,2.72,装修垃圾车,,2026-09-02
adfcd150924c34b6,宁波,nb_vehicle,,,,330282000000,1,1.645,2.72,装修垃圾车,,2026-09-02
ed7aaeb456c454c1,宁波,nb_vehicle,,,,330282000000,1,4.37,4.6,装修垃圾车,,2026-09-02
aeb6b71eecba6fc6,宁波,nb_vehicle,,,,330203009000,1,16.87,14.0,工程渣土车,,2026-09-02
b60919e074f80de3,宁波,nb_vehicle,,,,330203009000,1,16.87,14.0,工程渣土车,,2026-09-02
9a91e19dfa7f078f,宁波,nb_vehicle,,,,330203009000,1,16.1,14.77,工程渣土车,,2026-09-02
23adb1ce6004151f,宁波,nb_vehicle,,,,330203009000,1,16.87,14.0,工程渣土车,,2026-09-02
30862c4ed0292ea6,宁波,nb_vehicle,,,,330203009000,1,16.87,14.0,工程渣土车,,2026-09-02
d9e127c0a50c7db7,宁波,nb_vehicle,,,,330203009000,1,16.1,14.77,工程渣土车,,2026-09-02
a597bf15f7fad3cb,宁波,nb_vehicle,,,,330203009000,1,16.1,14.77,工程渣土车,,2026-09-02
1bb6d1f854cd936c,宁波,nb_vehicle,,,,330203009000,1,10.07,20.8,工程泥浆车,,2026-09-02
5bfd8573b26f6548,宁波,nb_vehicle,,,,330203009000,1,16.87,14.0,工程渣土车,,2026-09-02
7e3f88ba8f330ce1,宁波,nb_vehicle,,,,330203009000,1,16.87,14.0,工程渣土车,,2026-09-02
bf5e105a40a5ef42,宁波,nb_vehicle,,,,330203009000,1,16.87,14.0,工程渣土车,,2026-09-02
be8e474929b5231b,宁波,nb_vehicle,,,,330203009000,1,16.1,14.77,工程渣土车,,2026-09-02
0a334cbcba4721dd,宁波,nb_vehicle,,,,330203009000,1,16.87,16.87,工程渣土车,,2026-09-02
3c8c4860f5bf2d6e,宁波,nb_vehicle,,,,330203009000,1,16.87,16.87,工程渣土车,,2026-09-02
60ef81153743aa56,宁波,nb_vehicle,,,,330203009000,1,16.87,14.0,工程渣土车,,2026-09-02
502de47f54ff488d,宁波,nb_vehicle,,,,330203009000,1,16.1,14.77,工程渣土车,,2026-09-02
8e2e5464222144c1,宁波,nb_vehicle,,,,330203009000,1,16.87,14.0,工程渣土车,,2026-09-02
025ce38965131256,宁波,nb_vehicle,,,,330203009000,1,16.87,14.0,工程渣土车,,2026-09-02
6cdff60c43c88cac,宁波,nb_vehicle,,,,330203009000,1,16.37,14.5,工程渣土车,,2026-09-02
006c00acb9acc3ea,宁波,nb_vehicle,,,,330203009000,1,16.87,14.0,工程渣土车,,2026-09-02
1b0d9becdf3bee8e,宁波,nb_vehicle,,,,330203009000,1,16.1,1.575,工程渣土车,,2026-09-02
f791d01776ecbd03,宁波,nb_vehicle,,,,330203009000,1,16.1,1.88,工程渣土车,,2026-09-02
85ed187a0e525151,宁波,nb_vehicle,,,,330203009000,1,16.1,14.77,工程渣土车,,2026-09-02
8bda10fd5e39c83a,宁波,nb_vehicle,,,,330203009000,1,16.1,14.77,工程渣土车,,2026-09-02
f1f7b113c56e6a65,宁波,nb_vehicle,,,,330203009000,1,10.07,22.0,工程泥浆车,,2026-09-02
cb68af0d7d94c3c8,宁波,nb_vehicle,,,,330206002000,1,16.02,14.85,工程渣土车,,2026-09-02
535561aae323a129,宁波,nb_vehicle,,,,330206002000,1,16.02,14.85,工程渣土车,,2026-09-02
2d4d74606be3adc0,宁波,nb_vehicle,,,,330206002000,1,16.02,1.005,工程渣土车,,2026-09-02
43fe0277f51709f1,宁波,nb_vehicle,,,,330213002000,1,16.1,14.77,工程渣土车,,2026-09-02
0f6dc25e83e53cc5,宁波,nb_vehicle,,,,330213002000,1,16.1,14.77,工程渣土车,,2026-09-02
2b77b894c37351df,宁波,nb_vehicle,,,,330213002000,1,16.1,14.77,工程渣土车,,2026-09-02
5628884ceddb0d89,宁波,nb_vehicle,,,,330203008000,1,16.1,14.77,工程渣土车,,2026-09-02
e762bc0fc4e0d4d6,宁波,nb_vehicle,,,,330203008000,1,15370.0,15500.0,工程渣土车,,2026-09-02
c07a919f5d72c2e6,宁波,nb_vehicle,,,,330203000000,1,1.645,2.72,装修垃圾车,,2026-09-02
a55f28506f002210,宁波,nb_vehicle,,,,330203008000,1,15.37,15.5,工程渣土车,,2026-09-02
f3f7334101c93445,宁波,nb_vehicle,,,,330203008000,1,16.1,14.77,工程渣土车,,2026-09-02
e20e6f6181023f13,宁波,nb_vehicle,,,,330213002000,1,15.78,15.09,工程渣土车,,2026-09-02
5acd6674b43326f6,宁波,nb_vehicle,,,,330203008000,1,16.1,14.77,工程渣土车,,2026-09-02
ea99786231b11245,宁波,nb_vehicle,,,,330203008000,1,16.1,14.77,工程渣土车,,2026-09-02
a21d67473fd4f511,宁波,nb_vehicle,,,,330203008000,1,16.1,14.77,工程渣土车,,2026-09-02
274aaafccb1a00ac,宁波,nb_vehicle,,,,330203008000,1,16.1,14.77,工程渣土车,,2026-09-02
d1cc3453ea7bb43c,宁波,nb_vehicle,,,,330203008000,1,16.1,14.77,工程渣土车,,2026-09-02
915425e58c999daa,宁波,nb_vehicle,,,,330203008000,1,16.1,14.77,工程渣土车,,2026-09-02
363a3a68b443fcab,宁波,nb_vehicle,,,,330213002000,1,16.1,14.77,工程渣土车,,2026-09-02
45b6481acce54dfe,宁波,nb_vehicle,,,,330213002000,1,15.9,14.97,工程渣土车,,2026-09-02
0d99bbd1ddd96064,宁波,nb_vehicle,,,,330205005000,1,16.1,14.77,工程渣土车,,2026-09-02
1327e09e04f6c377,宁波,nb_vehicle,,,,330205005000,1,15.67,15.2,工程渣土车,,2026-09-02
9f1450b0faaf466e,宁波,nb_vehicle,,,,330205005000,1,10.97,19.9,工程泥浆车,,2026-09-02
fe530f78c43e96db,宁波,nb_vehicle,,,,330205005000,1,15.67,15.2,工程渣土车,,2026-09-02
d62e76a33746325a,宁波,nb_vehicle,,,,330205005000,1,16.1,14.77,工程渣土车,,2026-09-02
7aaa0b8e759cfc4e,宁波,nb_vehicle,,,,330205005000,1,16.1,14.77,工程渣土车,,2026-09-02
538f934f227b9bc9,宁波,nb_vehicle,,,,330205005000,1,16.1,14.77,工程渣土车,,2026-09-02
8cb07d420b64e107,宁波,nb_vehicle,,,,330205005000,1,15.67,15.2,工程渣土车,,2026-09-02
e5bcb05f5d659bbb,宁波,nb_vehicle,,,,330205005000,1,16.1,14.77,工程渣土车,,2026-09-02
d154a8e34faaba94,宁波,nb_vehicle,,,,330205005000,1,16.1,14.77,工程渣土车,,2026-09-02
b88a6467016195eb,宁波,nb_vehicle,,,,330205005000,1,16.1,14.77,工程渣土车,,2026-09-02
cd3b2bdf797806d8,宁波,nb_vehicle,,,,330205005000,1,16.1,14.77,工程渣土车,,2026-09-02
b815efa06bf135d5,宁波,nb_vehicle,,,,330205005000,1,15.67,15.2,工程渣土车,,2026-09-02
e83ea6231d33570a,宁波,nb_vehicle,,,,330205005000,1,16.1,14.77,工程渣土车,,2026-09-02
5ebc0afc65168b09,宁波,nb_vehicle,,,,330205005000,1,16.1,14.77,工程渣土车,,2026-09-02
0dccc89821ccab65,宁波,nb_vehicle,,,,330205005000,1,16.1,14.77,工程渣土车,,2026-09-02
9f79706d5bba84d8,宁波,nb_vehicle,,,,330205005000,1,15.67,15.2,工程渣土车,,2026-09-02
030c0e3f06de7d39,宁波,nb_vehicle,,,,330205005000,1,16.1,14.77,工程渣土车,,2026-09-02
4ac4edce82bb8213,宁波,nb_vehicle,,,,330205005000,1,15.67,15.2,工程渣土车,,2026-09-02
10f27c40e855249d,宁波,nb_vehicle,,,,330205005000,1,15.67,15.2,工程渣土车,,2026-09-02
206f570b2efd2aa3,宁波,nb_vehicle,,,,330205005000,1,15.67,15.2,工程渣土车,,2026-09-02
b515c3654877c4ba,宁波,nb_vehicle,,,,330205005000,1,15.67,15.2,工程渣土车,,2026-09-02
872f05463238a85c,宁波,nb_vehicle,,,,330205005000,1,10.97,19.9,工程泥浆车,,2026-09-02
ff7741909b2e7d10,宁波,nb_vehicle,,,,330205005000,1,16.1,14.77,工程渣土车,,2026-09-02
3853b666021a0d49,宁波,nb_vehicle,,,,330205005000,1,16.1,14.77,工程渣土车,,2026-09-02
8bf55f792d81031d,宁波,nb_vehicle,,,,330205005000,1,15.67,15.2,工程渣土车,,2026-09-02
1ac85c18a50a8aa3,宁波,nb_vehicle,,,,330205005000,1,15.67,15.2,工程渣土车,,2026-09-02
d9427fae4e45092e,宁波,nb_vehicle,,,,330205005000,1,15.67,15.2,工程渣土车,,2026-09-02
26c5e72f233b6ad4,宁波,nb_vehicle,,,,330205005000,1,16.1,14.77,工程渣土车,,2026-09-02
2459790268c29b30,宁波,nb_vehicle,,,,330205005000,1,12.07,18.8,工程泥浆车,,2026-09-02
b6bff8693001a989,宁波,nb_vehicle,,,,330205005000,1,16.1,14.77,工程渣土车,,2026-09-02
384147545ffc67fe,宁波,nb_vehicle,,,,330205005000,1,16.1,14.77,工程渣土车,,2026-09-02
a9143dc7c9c9a29a,宁波,nb_vehicle,,,,330205005000,1,16.1,14.77,工程渣土车,,2026-09-02
82a6100849ce58be,宁波,nb_vehicle,,,,330206000000,1,1.645,2.72,装修垃圾车,,2026-09-02
9bb4a29f81bdfd8a,宁波,nb_vehicle,,,,330212000000,1,0.43,3.665,工程渣土车,,2026-09-02
146fd5366d405c02,宁波,nb_vehicle,,,,330212002000,1,1.645,2.72,装修垃圾车,,2026-09-02
645467f495c101d1,宁波,nb_vehicle,,,,330282006000,1,16.87,1.345,工程渣土车,,2026-09-02
f31dc2adbbb0830c,宁波,nb_vehicle,,,,330212002000,1,15.37,15.5,工程渣土车,,2026-09-02
c3c736ce6a2e4fbe,宁波,nb_vehicle,,,,330212002000,1,15.37,15.5,工程渣土车,,2026-09-02
18d12cfdd98aa82c,宁波,nb_vehicle,,,,330212002000,1,15.37,15.5,工程渣土车,,2026-09-02
dbebc002a2e2301d,宁波,nb_vehicle,,,,330212002000,1,10.07,20.8,工程泥浆车,,2026-09-02
18d12cfdd98aa82c,宁波,nb_vehicle,,,,330212002000,1,15.37,15.5,工程渣土车,,2026-09-02
3008187613b46236,宁波,nb_vehicle,,,,330212002000,1,15.37,15.5,工程渣土车,,2026-09-02
b90d46b55f276397,宁波,nb_vehicle,,,,330212002000,1,15.99,14.88,工程渣土车,,2026-09-02
d026700f0517e3ac,宁波,nb_vehicle,,,,330212002000,1,16.1,14.77,工程渣土车,,2026-09-02
e369cfcccc6d7b75,宁波,nb_vehicle,,,,330212002000,1,15.37,15.5,工程渣土车,,2026-09-02
0e4360c89ba8625c,宁波,nb_vehicle,,,,330212002000,1,15.37,15.5,工程渣土车,,2026-09-02
1aff1c006462e20a,宁波,nb_vehicle,,,,330212002000,1,15.37,15.5,工程渣土车,,2026-09-02
149adbe656565a30,宁波,nb_vehicle,,,,330212002000,1,10.07,20.8,工程泥浆车,,2026-09-02
05f0747fdea6bbc2,宁波,nb_vehicle,,,,330212002000,1,15.37,15.5,工程渣土车,,2026-09-02
993b3268edc7a62a,宁波,nb_vehicle,,,,330212002000,1,15.99,14.88,工程渣土车,,2026-09-02
92f0a9800ac2d763,宁波,nb_vehicle,,,,330212002000,1,15.37,15.5,工程渣土车,,2026-09-02
751f8a606bb1e66f,宁波,nb_vehicle,,,,330212002000,1,15.37,15.5,工程渣土车,,2026-09-02
f98863c3198c2bc7,宁波,nb_vehicle,,,,330212002000,1,10.97,19.9,工程泥浆车,,2026-09-02
35de15b8ebec8ebb,宁波,nb_vehicle,,,,330212002000,1,15.37,15.5,工程渣土车,,2026-09-02
1a619482d626bb57,宁波,nb_vehicle,,,,330212002000,1,15.37,15.5,工程渣土车,,2026-09-02
8a3d880b50d75ad5,宁波,nb_vehicle,,,,330212002000,1,15.37,15.5,工程渣土车,,2026-09-02
7e811462e35cb2ab,宁波,nb_vehicle,,,,330212002000,1,15.37,15.5,工程渣土车,,2026-09-02
673c5be6059f1135,宁波,nb_vehicle,,,,330212002000,1,15.37,15.5,工程渣土车,,2026-09-02
8decf9769bcbb309,宁波,nb_vehicle,,,,330212002000,1,15.37,15.5,工程渣土车,,2026-09-02
5a92d483a8786c3b,宁波,nb_vehicle,,,,330212002000,1,10.97,19.9,工程泥浆车,,2026-09-02
9d99a5ba38eb93aa,宁波,nb_vehicle,,,,330212002000,1,15.37,15.5,工程渣土车,,2026-09-02
9d56bb0bba6aba18,宁波,nb_vehicle,,,,330212002000,1,15.37,15.5,工程渣土车,,2026-09-02
166604bd9a41d6c6,宁波,nb_vehicle,,,,330212002000,1,15.37,15.5,工程渣土车,,2026-09-02
45609b85a5cda37b,宁波,nb_vehicle,,,,330212002000,1,15.37,15.5,工程渣土车,,2026-09-02
5ed9954a392e82ed,宁波,nb_vehicle,,,,330212002000,1,15.37,15.5,工程渣土车,,2026-09-02
6b544f31a0265f7a,宁波,nb_vehicle,,,,330212002000,1,10.07,20.8,工程泥浆车,,2026-09-02
74f4db6b5f81fb6d,宁波,nb_vehicle,,,,330212002000,1,15.99,14.88,工程渣土车,,2026-09-02
07c201b94fcd8e2f,宁波,nb_vehicle,,,,330212002000,1,15.37,15.5,工程渣土车,,2026-09-02
9f9f252362a760b3,宁波,nb_vehicle,,,,330212002000,1,15.99,14.88,工程渣土车,,2026-09-02
930ebec00fc93e17,宁波,nb_vehicle,,,,330212002000,1,15.37,15.5,工程渣土车,,2026-09-02
3655993e6fb48e56,宁波,nb_vehicle,,,,330212002000,1,10.97,19.9,工程泥浆车,,2026-09-02
e48a8cb3831b03a0,宁波,nb_vehicle,,,,330212002000,1,15.37,15.5,工程渣土车,,2026-09-02
a5dddbacc57ea97e,宁波,nb_vehicle,,,,330212002000,1,15.37,15.5,工程渣土车,,2026-09-02
33a4f042a0e6c254,宁波,nb_vehicle,,,,330212002000,1,15.37,15.5,工程渣土车,,2026-09-02
be9a69e634661556,宁波,nb_vehicle,,,,330212002000,1,15.99,14.88,工程渣土车,,2026-09-02
30e44464dcbf72f3,宁波,nb_vehicle,,,,330212002000,1,15.37,15.5,工程渣土车,,2026-09-02
adacccb02eb71dbc,宁波,nb_vehicle,,,,330212002000,1,15.99,14.88,工程渣土车,,2026-09-02
45d48e035b1c9322,宁波,nb_vehicle,,,,330212002000,1,15.37,15.5,工程渣土车,,2026-09-02
98609e39e407015b,宁波,nb_vehicle,,,,330212002000,1,15.37,15.5,工程渣土车,,2026-09-02
75a4cc5b226a95a9,宁波,nb_vehicle,,,,330212002000,1,15.37,15.5,工程渣土车,,2026-09-02
a5d6e76c8009f875,宁波,nb_vehicle,,,,330212002000,1,16.1,14.77,工程渣土车,,2026-09-02
25edc544dfcece7d,宁波,nb_vehicle,,,,330212002000,1,15.99,14.88,工程渣土车,,2026-09-02
f2ba14abdb5dcf83,宁波,nb_vehicle,,,,330212002000,1,16.1,14.77,工程渣土车,,2026-09-02
1512fb6fd691a959,宁波,nb_vehicle,,,,330212002000,1,10.97,19.9,工程泥浆车,,2026-09-02
5aaa59ab4c67f6b5,宁波,nb_vehicle,,,,330212002000,1,10.97,19.9,工程泥浆车,,2026-09-02
d69bc4cea5744957,宁波,nb_vehicle,,,,330212002000,1,15.37,15.5,工程渣土车,,2026-09-02
b3e61e7f2db572d2,宁波,nb_vehicle,,,,330212002000,1,15.99,14.88,工程渣土车,,2026-09-02
1fe4b4330e1d2ea9,宁波,nb_vehicle,,,,330212002000,1,16.1,14.77,工程渣土车,,2026-09-02
856d22773e7b42e7,宁波,nb_vehicle,,,,330212002000,1,15.37,15.5,工程渣土车,,2026-09-02
5edc7e9515a5d793,宁波,nb_vehicle,,,,330212002000,1,15.99,14.88,工程渣土车,,2026-09-02
66b405295aafaf0a,宁波,nb_vehicle,,,,330212002000,1,15.99,14.88,工程渣土车,,2026-09-02
79ba24e7071a1750,宁波,nb_vehicle,,,,330212002000,1,15.37,15.5,工程渣土车,,2026-09-02
8d08bf909f6b575c,宁波,nb_vehicle,,,,330212002000,1,16.1,14.77,工程渣土车,,2026-09-02
f56cfa764a358e79,宁波,nb_vehicle,,,,330212002000,1,15.37,15.5,工程渣土车,,2026-09-02
561f9f52f58de41b,宁波,nb_vehicle,,,,330212002000,1,10.07,20.8,工程泥浆车,,2026-09-02
afa9ad9a63ca3200,宁波,nb_vehicle,,,,330212002000,1,15.37,15.5,工程渣土车,,2026-09-02
b94c23a98a795780,宁波,nb_vehicle,,,,330212002000,1,15.37,15.5,工程渣土车,,2026-09-02
082b238d76a53515,宁波,nb_vehicle,,,,330212002000,1,10.07,20.8,工程泥浆车,,2026-09-02
1cc92e010a670c08,宁波,nb_vehicle,,,,330212002000,1,15.37,15.5,工程渣土车,,2026-09-02
41b98dd565239adc,宁波,nb_vehicle,,,,330212002000,1,10.07,20.8,工程泥浆车,,2026-09-02
0979b0dd087667d8,宁波,nb_vehicle,,,,330212002000,1,15.99,14.88,工程渣土车,,2026-09-02
a6389cdf66623feb,宁波,nb_vehicle,,,,330212002000,1,10.97,19.9,工程泥浆车,,2026-09-02
31c8f36cb8af4649,宁波,nb_vehicle,,,,330212002000,1,15.37,15.5,工程渣土车,,2026-09-02
dc2bc58abe15c00b,宁波,nb_vehicle,,,,330212002000,1,15.99,14.88,工程渣土车,,2026-09-02
de71e1e040bf0c07,宁波,nb_vehicle,,,,330212002000,1,15.37,15.5,工程渣土车,,2026-09-02
41e5c485ee9bcccd,宁波,nb_vehicle,,,,330212002000,1,10.07,20.8,工程泥浆车,,2026-09-02
2fbfac1a528839c3,宁波,nb_vehicle,,,,330212002000,1,15.37,15.5,工程渣土车,,2026-09-02
3a28058487864fed,宁波,nb_vehicle,,,,330212002000,1,16.1,14.77,工程渣土车,,2026-09-02
02cf3f3153bd4591,宁波,nb_vehicle,,,,330212002000,1,15.99,14.88,工程渣土车,,2026-09-02
cd335584e8e1aa45,宁波,nb_vehicle,,,,330212002000,1,16.1,14.77,工程渣土车,,2026-09-02
a6b378d1a6ce5fd7,宁波,nb_vehicle,,,,330212002000,1,15.37,15.5,工程渣土车,,2026-09-02
bfa9e345eb086f7b,宁波,nb_vehicle,,,,330212002000,1,16.1,14.77,工程渣土车,,2026-09-02
69ff307284c5e215,宁波,nb_vehicle,,,,330212002000,1,15.37,15.5,工程渣土车,,2026-09-02
2f0b88d12c557a2e,宁波,nb_vehicle,,,,330212002000,1,15.37,15.5,工程渣土车,,2026-09-02
a3e5162e0d0795d3,宁波,nb_vehicle,,,,330212002000,1,15.37,15.5,工程渣土车,,2026-09-02
13dbf43cbc0b192b,宁波,nb_vehicle,,,,330212002000,1,15.37,15.5,工程渣土车,,2026-09-02
0915b81a6d29873c,宁波,nb_vehicle,,,,330212002000,1,15.37,15.5,工程渣土车,,2026-09-02
4f8bbf8159b30f85,宁波,nb_vehicle,,,,330212002000,1,16.1,14.77,工程渣土车,,2026-09-02
04071d4e2a305eff,宁波,nb_vehicle,,,,330212002000,1,15.37,15.5,工程渣土车,,2026-09-02
a8a34a3cdc5c9e0a,宁波,nb_vehicle,,,,330212002000,1,16.1,14.77,工程渣土车,,2026-09-02
889ccb1cfe83ef3d,宁波,nb_vehicle,,,,330212002000,1,15.37,15.5,工程渣土车,,2026-09-02
c1f921fb41798bc0,宁波,nb_vehicle,,,,330212002000,1,15.37,15.5,工程渣土车,,2026-09-02
314a407fe0e85ba8,宁波,nb_vehicle,,,,330212002000,1,15.99,14.88,工程渣土车,,2026-09-02
ff315ab2971d9ae0,宁波,nb_vehicle,,,,330212002000,1,15.37,15.5,工程渣土车,,2026-09-02
33ea46805c638b33,宁波,nb_vehicle,,,,330212002000,1,15.37,15.5,工程渣土车,,2026-09-02
092a04849dd48024,宁波,nb_vehicle,,,,330212002000,1,15.37,15.5,工程渣土车,,2026-09-02
52e562891e43dd9b,宁波,nb_vehicle,,,,330212002000,1,15.99,14.88,工程渣土车,,2026-09-02
9379ba3e546cae8e,宁波,nb_vehicle,,,,330212002000,1,15.37,15.5,工程渣土车,,2026-09-02
7b167d9dcf786263,宁波,nb_vehicle,,,,330211001000,1,16.04,14.83,工程渣土车,,2026-09-02
a19ba52d2e186547,宁波,nb_vehicle,,,,330211001000,1,16.605,14.2,工程渣土车,,2026-09-02
8c168ee07b8a39fa,宁波,nb_vehicle,,,,330211001000,1,16.605,14.2,工程渣土车,,2026-09-02
d8b5f52766e74657,宁波,nb_vehicle,,,,330211001000,1,16.04,14.83,工程渣土车,,2026-09-02
5b3d4f0a05c9ec9e,宁波,nb_vehicle,,,,330211001000,1,16.04,14.83,工程渣土车,,2026-09-02
fb5b6bca23803f1a,宁波,nb_vehicle,,,,330211001000,1,16.605,14.2,工程渣土车,,2026-09-02
4b584459b109bf11,宁波,nb_vehicle,,,,330211001000,1,16.605,14.2,工程渣土车,,2026-09-02
b2fd8c970d0a23c9,宁波,nb_vehicle,,,,330212103000,1,16.37,14.5,工程渣土车,,2026-09-02
a3978aa2d0e8536e,宁波,nb_vehicle,,,,330212002000,1,10.07,20.8,工程泥浆车,,2026-09-02
5b00603c5ee24729,宁波,nb_vehicle,,,,330203009000,1,16.37,14.5,工程渣土车,,2026-09-02
133f877f6c38ab11,宁波,nb_vehicle,,,,330206002000,1,15.67,15.2,工程渣土车,,2026-09-02
1adc04f15646b8e2,宁波,nb_vehicle,,,,330212002000,1,15.37,15.5,工程渣土车,,2026-09-02
5edaaa5b01bf16c2,宁波,nb_vehicle,,,,330212002000,1,12.07,18.8,工程泥浆车,,2026-09-02
36378e6161b4baea,宁波,nb_vehicle,,,,330212002000,1,16.1,14.77,工程渣土车,,2026-09-02
85bf38ef890468a2,宁波,nb_vehicle,,,,330212002000,1,12.07,18.8,工程泥浆车,,2026-09-02
f672dea18974eb39,宁波,nb_vehicle,,,,330212002000,1,10.97,19.9,工程泥浆车,,2026-09-02
de091d48dcd92b27,宁波,nb_vehicle,,,,330212002000,1,16.1,14.77,工程渣土车,,2026-09-02
f8f615835a6b138a,宁波,nb_vehicle,,,,330212002000,1,12.07,18.8,工程泥浆车,,2026-09-02
8003bc9fc4a6effa,宁波,nb_vehicle,,,,330212002000,1,15.37,15.5,工程渣土车,,2026-09-02
61c0d252203b2b30,宁波,nb_vehicle,,,,330212002000,1,16.1,14.77,工程渣土车,,2026-09-02
8b7a57f4fef77252,宁波,nb_vehicle,,,,330212002000,1,15.37,15.5,工程渣土车,,2026-09-02
255a575a697df2c3,宁波,nb_vehicle,,,,330212002000,1,16.1,14.77,工程渣土车,,2026-09-02
c6409bd95e7f194e,宁波,nb_vehicle,,,,330212002000,1,16.1,14.77,工程渣土车,,2026-09-02
d2b597aab23ab988,宁波,nb_vehicle,,,,330212002000,1,1.61,1.477,工程渣土车,,2026-09-02
d05089bc06541b5f,宁波,nb_vehicle,,,,330212002000,1,16.1,14.77,工程渣土车,,2026-09-02
77ce9b660463e915,宁波,nb_vehicle,,,,330212002000,1,10.07,20.8,工程泥浆车,,2026-09-02
72fe1718fff69e17,宁波,nb_vehicle,,,,330212002000,1,12.07,18.8,工程泥浆车,,2026-09-02
7272a92610cb9044,宁波,nb_vehicle,,,,330212002000,1,15.37,15.5,工程渣土车,,2026-09-02
50791a12376a5447,宁波,nb_vehicle,,,,330212002000,1,12.07,18.8,工程泥浆车,,2026-09-02
50c8f7b4b7f66261,宁波,nb_vehicle,,,,330212002000,1,10.07,20.8,工程泥浆车,,2026-09-02
6e706806514d0eca,宁波,nb_vehicle,,,,330212002000,1,15.37,15.5,工程渣土车,,2026-09-02
ea212e7a025e2627,宁波,nb_vehicle,,,,330212002000,1,16.1,14.77,工程渣土车,,2026-09-02
91a7260f1df66689,宁波,nb_vehicle,,,,330212002000,1,12.07,18.8,工程泥浆车,,2026-09-02
311d83adcdda2248,宁波,nb_vehicle,,,,330212002000,1,10.97,19.9,工程泥浆车,,2026-09-02
464b519fb3fb5e1c,宁波,nb_vehicle,,,,330212002000,1,16.1,14.77,工程渣土车,,2026-09-02
86d34015a80d5262,宁波,nb_vehicle,,,,330206002000,1,17.37,13.5,工程渣土车,,2026-09-02
67df9366da9eb27e,宁波,nb_vehicle,,,,330206002000,1,17.37,13.5,工程渣土车,,2026-09-02
7f8cfbc0346f6958,宁波,nb_vehicle,,,,330206002000,1,17.37,13.5,工程渣土车,,2026-09-02
a2b8272f4fc98b60,宁波,nb_vehicle,,,,330206002000,1,17.37,13.5,工程渣土车,,2026-09-02
1b53ba3fe03628bf,宁波,nb_vehicle,,,,330206002000,1,17.37,13.5,工程渣土车,,2026-09-02
9580edb887873657,宁波,nb_vehicle,,,,330206002000,1,17.37,13.5,工程渣土车,,2026-09-02
ad1e42c5b7a92e71,宁波,nb_vehicle,,,,330206002000,1,17.37,13.5,工程渣土车,,2026-09-02
14e9734aa50ef3fe,宁波,nb_vehicle,,,,330206002000,1,17.37,13.5,工程渣土车,,2026-09-02
8b7d465a61b7fa98,宁波,nb_vehicle,,,,330206002000,1,17.37,13.5,工程渣土车,,2026-09-02
4e95ef3731998dbb,宁波,nb_vehicle,,,,330206002000,1,16.87,14.0,工程渣土车,,2026-09-02
19f59d4c7d0632d0,宁波,nb_vehicle,,,,330206002000,1,16.87,14.0,工程渣土车,,2026-09-02
ccd6ccdfea3bb9c8,宁波,nb_vehicle,,,,330206002000,1,16.87,14.0,工程渣土车,,2026-09-02
ec0626038001a9c7,宁波,nb_vehicle,,,,330206002000,1,16.02,14.85,工程渣土车,,2026-09-02
62001f128202a546,宁波,nb_vehicle,,,,330206002000,1,16.02,14.85,工程渣土车,,2026-09-02
9fafce6b65d1b6d7,宁波,nb_vehicle,,,,330206002000,1,16.605,14.2,工程渣土车,,2026-09-02
9568f5b107a7c8de,宁波,nb_vehicle,,,,330206002000,1,16.37,14.5,工程渣土车,,2026-09-02
b9e6621be84df381,宁波,nb_vehicle,,,,330206002000,1,16.37,14.5,工程渣土车,,2026-09-02
2e8c958f302a22ca,宁波,nb_vehicle,,,,330206002000,1,15.67,15.2,工程渣土车,,2026-09-02
92e54177bde45689,宁波,nb_vehicle,,,,330206002000,1,16.02,14.85,工程渣土车,,2026-09-02
da2c49c70e4c32a6,宁波,nb_vehicle,,,,330206002000,1,16.87,14.0,工程渣土车,,2026-09-02
ccdf944b3cd693b5,宁波,nb_vehicle,,,,330206002000,1,15.37,15.5,工程渣土车,,2026-09-02
654c8ebaf9fbd351,宁波,nb_vehicle,,,,330206002000,1,15.67,15.2,工程渣土车,,2026-09-02
a16e878f181c82b9,宁波,nb_vehicle,,,,330206002000,1,16.37,14.5,工程渣土车,,2026-09-02
3aca868b9407d5cc,宁波,nb_vehicle,,,,330206002000,1,16.37,14.5,工程渣土车,,2026-09-02
352ca568eff48499,宁波,nb_vehicle,,,,330206002000,1,16.37,14.5,工程渣土车,,2026-09-02
82fcb5b59b297b8c,宁波,nb_vehicle,,,,330206002000,1,16.87,14.0,工程渣土车,,2026-09-02
b4218972fc5fcee3,宁波,nb_vehicle,,,,330206002000,1,15.37,15.5,工程渣土车,,2026-09-02
8699fa1ba35cf198,宁波,nb_vehicle,,,,330206002000,1,16.1,14.77,工程渣土车,,2026-09-02
b4ca729644c613d4,宁波,nb_vehicle,,,,330206002000,1,16.1,14.77,工程渣土车,,2026-09-02
41b4166909ac3ed6,宁波,nb_vehicle,,,,330206002000,1,16.1,14.77,工程渣土车,,2026-09-02
0d222f11290fbd22,宁波,nb_vehicle,,,,330206002000,1,16.1,14.77,工程渣土车,,2026-09-02
2b45ebdc235de04b,宁波,nb_vehicle,,,,330206002000,1,16.1,14.77,工程渣土车,,2026-09-02
68d83cd009f2c4c6,宁波,nb_vehicle,,,,330206002000,1,16.1,14.77,工程渣土车,,2026-09-02
104f824659520ad6,宁波,nb_vehicle,,,,330206002000,1,16.1,14.77,工程渣土车,,2026-09-02
01fc294bfdfa9f3d,宁波,nb_vehicle,,,,330206002000,1,16.1,14.77,工程渣土车,,2026-09-02
d9ea047e55baf7df,宁波,nb_vehicle,,,,330206002000,1,16.1,14.77,工程渣土车,,2026-09-02
54b6691ca553a69d,宁波,nb_vehicle,,,,330206002000,1,16.1,14.77,工程渣土车,,2026-09-02
e6978aabde7543c7,宁波,nb_vehicle,,,,330206002000,1,15.37,15.5,工程渣土车,,2026-09-02
2970d2e27f6a06c3,宁波,nb_vehicle,,,,330206002000,1,15.37,15.5,工程渣土车,,2026-09-02
a0a470004e02e946,宁波,nb_vehicle,,,,330206002000,1,16.1,14.77,工程渣土车,,2026-09-02
3e862e93bfa66ba8,宁波,nb_vehicle,,,,330206002000,1,16.1,14.77,工程渣土车,,2026-09-02
4613dd8da7e608c3,宁波,nb_vehicle,,,,330206002000,1,16.1,14.77,工程渣土车,,2026-09-02
7d699277daba4bdb,宁波,nb_vehicle,,,,330206002000,1,16.1,14.77,工程渣土车,,2026-09-02
6652f5046be5ac63,宁波,nb_vehicle,,,,330206002000,1,16.1,14.77,工程渣土车,,2026-09-02
18cb26c6724f8d36,宁波,nb_vehicle,,,,330206002000,1,15.37,1.495,工程渣土车,,2026-09-02
7b679b29c5b712f3,宁波,nb_vehicle,,,,330206002000,1,16.1,14.77,工程渣土车,,2026-09-02
8262bf8a915113eb,宁波,nb_vehicle,,,,330203000000,1,4.37,4.6,装修垃圾车,,2026-09-02
89c284623c94e560,宁波,nb_vehicle,,,,330212002000,1,16.37,14.5,工程渣土车,,2026-09-02
dae83c77a1564087,宁波,nb_vehicle,,,,330212007000,1,0.68,3.5,装修垃圾车,,2026-09-02
b428f6872cdf727e,宁波,nb_vehicle,,,,330213002000,1,16.1,14.77,工程渣土车,,2026-09-02
3e6d5bcad07cc2a7,宁波,nb_vehicle,,,,330213002000,1,16.1,14.77,工程渣土车,,2026-09-02
26c2e479a47ead39,宁波,nb_vehicle,,,,330213002000,1,16.1,14.77,工程渣土车,,2026-09-02
d7f520d9d41caa6c,宁波,nb_vehicle,,,,330213002000,1,16.1,14.77,工程渣土车,,2026-09-02
ec93de64f9842963,宁波,nb_vehicle,,,,330211100000,1,16.1,14.77,工程渣土车,,2026-09-02
aedf6265bd1579b6,宁波,nb_vehicle,,,,330211100000,1,16.1,14.77,工程渣土车,,2026-09-02
283407819e07507e,宁波,nb_vehicle,,,,330211100000,1,15.37,15.5,工程渣土车,,2026-09-02
3ba315ca396c1ef5,宁波,nb_vehicle,,,,330211100000,1,16.1,14.77,工程渣土车,,2026-09-02
737620282e32405f,宁波,nb_vehicle,,,,330211100000,1,16.1,14.77,工程渣土车,,2026-09-02
6d88df4d86c11a4f,宁波,nb_vehicle,,,,330211100000,1,16.1,14.77,工程渣土车,,2026-09-02
241d5dca75a3f33c,宁波,nb_vehicle,,,,330211100000,1,16.1,14.77,工程渣土车,,2026-09-02
64c2553a19255793,宁波,nb_vehicle,,,,330211100000,1,16.1,14.77,工程渣土车,,2026-09-02
7cf3597728259c63,宁波,nb_vehicle,,,,330211100000,1,16.1,14.77,工程渣土车,,2026-09-02
90f6fa82d2ac13da,宁波,nb_vehicle,,,,330211100000,1,16.1,14.77,工程渣土车,,2026-09-02
a28e8b6f187a2782,宁波,nb_vehicle,,,,330211100000,1,16.1,2.015,工程渣土车,,2026-09-02
8c1c72d79d342421,宁波,nb_vehicle,,,,330211100000,1,16.1,1.546,工程渣土车,,2026-09-02
1e3ae212af65d3a4,宁波,nb_vehicle,,,,330211100000,1,16.1,14.77,工程渣土车,,2026-09-02
5db5b3efe1c51a01,宁波,nb_vehicle,,,,330211100000,1,16.1,14.77,工程渣土车,,2026-09-02
45ca14f3569f624d,宁波,nb_vehicle,,,,330211100000,1,16.1,14.77,工程渣土车,,2026-09-02
4ed3d6e929574480,宁波,nb_vehicle,,,,330211100000,1,16.1,14.77,工程渣土车,,2026-09-02
3111cf90afe8e274,宁波,nb_vehicle,,,,330211100000,1,16.1,14.77,工程渣土车,,2026-09-02
06130242285d1500,宁波,nb_vehicle,,,,330211100000,1,16.1,14.77,工程渣土车,,2026-09-02
cea364dcbe8fde50,宁波,nb_vehicle,,,,330211100000,1,16.1,14.77,工程渣土车,,2026-09-02
9de7f97b2e939251,宁波,nb_vehicle,,,,330203009000,1,10.97,19.9,工程泥浆车,,2026-09-02
362f7c305d8646fb,宁波,nb_vehicle,,,,330281000000,1,16.1,14.77,工程渣土车,,2026-09-02
d32f9dd20437b724,宁波,nb_vehicle,,,,330225002000,1,16.87,14.0,工程渣土车,,2026-09-02
0311d8c6aa1ceada,宁波,nb_vehicle,,,,330225002000,1,16.87,14.0,工程渣土车,,2026-09-02
d32f9dd20437b724,宁波,nb_vehicle,,,,330225002000,1,16.87,14.0,工程渣土车,,2026-09-02
0311d8c6aa1ceada,宁波,nb_vehicle,,,,330225002000,1,16.87,14.0,工程渣土车,,2026-09-02
3fafc879c5a86793,宁波,nb_vehicle,,,,330225002000,1,16.37,14.5,工程渣土车,,2026-09-02
4d406b827100b733,宁波,nb_vehicle,,,,330225002000,1,16.87,14.0,工程渣土车,,2026-09-02
3905dffa39b1fe44,宁波,nb_vehicle,,,,330225002000,1,16.87,14.0,工程渣土车,,2026-09-02
7aa4166d7d1fc528,宁波,nb_vehicle,,,,330225002000,1,16.87,14.0,工程渣土车,,2026-09-02
b2982cd536dd7ca8,宁波,nb_vehicle,,,,330225002000,1,16.87,14.0,工程渣土车,,2026-09-02
38cc9d3522c5e445,宁波,nb_vehicle,,,,330225002000,1,16.87,14.0,工程渣土车,,2026-09-02
6a5786829810acc6,宁波,nb_vehicle,,,,330225002000,1,16.87,14.0,工程渣土车,,2026-09-02
c7aa865ef27131bb,宁波,nb_vehicle,,,,330225002000,1,16.87,14.0,工程渣土车,,2026-09-02
d6c9a7c713c84c51,宁波,nb_vehicle,,,,330203006000,1,7.31,4.49,装修垃圾车,,2026-09-02
4a6fb3f21b126a27,宁波,nb_vehicle,,,,330203006000,1,7.31,4.49,装修垃圾车,,2026-09-02
f6ae474a35b974c2,宁波,nb_vehicle,,,,330212108000,1,1.645,2.72,装修垃圾车,,2026-09-02
10e7e17103f3ed3c,宁波,nb_vehicle,,,,330212002000,1,10.07,20.8,工程泥浆车,,2026-09-02
d9e4c9b6f477948f,宁波,nb_vehicle,,,,330212002000,1,10.07,20.8,工程泥浆车,,2026-09-02
2088ec34826cac7b,宁波,nb_vehicle,,,,330212002000,1,10.97,19.9,工程泥浆车,,2026-09-02
8bc485c3ccd7208f,宁波,nb_vehicle,,,,330212002000,1,10.07,20.8,工程泥浆车,,2026-09-02
52017717d9e8399c,宁波,nb_vehicle,,,,330212002000,1,10.07,20.8,工程泥浆车,,2026-09-02
845dd4a3259f223c,宁波,nb_vehicle,,,,330212002000,1,10.07,20.8,工程泥浆车,,2026-09-02
27ac68ebfc5c82d2,宁波,nb_vehicle,,,,330212002000,1,10.07,20.8,工程泥浆车,,2026-09-02
adaf419e701345a8,宁波,nb_vehicle,,,,330212002000,1,10.07,20.8,工程泥浆车,,2026-09-02
b8e496d436272b92,宁波,nb_vehicle,,,,330212002000,1,10.07,20.8,工程泥浆车,,2026-09-02
f2914bbb38cfcc3a,宁波,nb_vehicle,,,,330212002000,1,10.07,20.8,工程泥浆车,,2026-09-02
0e404692df00e967,宁波,nb_vehicle,,,,330212002000,1,16.02,14.85,工程渣土车,,2026-09-02
d2215921d3d3e10a,宁波,nb_vehicle,,,,330212002000,1,16.02,14.85,工程渣土车,,2026-09-02
e90dc12c3d8550b9,宁波,nb_vehicle,,,,330212002000,1,16.02,14.85,工程渣土车,,2026-09-02
9f5f635c16076d5a,宁波,nb_vehicle,,,,330212002000,1,16.02,14.85,工程渣土车,,2026-09-02
fbdb0fa3f97f6a6a,宁波,nb_vehicle,,,,330212002000,1,16.02,14.85,工程渣土车,,2026-09-02
13b6be7331003e6f,宁波,nb_vehicle,,,,330212002000,1,16.02,14.85,工程渣土车,,2026-09-02
406d8322b85c61f3,宁波,nb_vehicle,,,,330212002000,1,16.02,14.85,工程渣土车,,2026-09-02
1c8a8b34f98d463a,宁波,nb_vehicle,,,,330212002000,1,16.02,14.85,工程渣土车,,2026-09-02
6ce08d77651d7eed,宁波,nb_vehicle,,,,330212002000,1,16.02,14.85,工程渣土车,,2026-09-02
02ff1a34556efce9,宁波,nb_vehicle,,,,330212002000,1,16.02,14.85,工程渣土车,,2026-09-02
a082da04098672be,宁波,nb_vehicle,,,,330212002000,1,16.02,14.85,工程渣土车,,2026-09-02
47772de814647bfb,宁波,nb_vehicle,,,,330212002000,1,16.02,14.85,工程渣土车,,2026-09-02
a655a143e20d7cfc,宁波,nb_vehicle,,,,330212002000,1,16.02,14.85,工程渣土车,,2026-09-02
8f686585dce0028c,宁波,nb_vehicle,,,,330212002000,1,16.02,14.85,工程渣土车,,2026-09-02
960514fab3a13c62,宁波,nb_vehicle,,,,330282000000,1,1.645,2.72,装修垃圾车,,2026-09-02
985022a3fce24066,宁波,nb_vehicle,,,,330205007000,1,16.02,14.85,工程渣土车,,2026-09-02
be8c59c138c3f6ea,宁波,nb_vehicle,,,,330205007000,1,16.02,14.85,工程渣土车,,2026-09-02
e5cc9143efa4817f,宁波,nb_vehicle,,,,330205007000,1,15.67,15.2,工程渣土车,,2026-09-02
5a249e105ef92dd3,宁波,nb_vehicle,,,,330205007000,1,15.67,15.2,工程渣土车,,2026-09-02
3ac884865290f7c1,宁波,nb_vehicle,,,,330205007000,1,16.02,14.85,工程渣土车,,2026-09-02
e2d51224ff3aa778,宁波,nb_vehicle,,,,330205007000,1,15.67,15.2,工程渣土车,,2026-09-02
2e568b9602d89f2d,宁波,nb_vehicle,,,,330205007000,1,12.07,18.8,工程泥浆车,,2026-09-02
5d0a226a52cb9edf,宁波,nb_vehicle,,,,330205007000,1,12.07,18.8,工程泥浆车,,2026-09-02
e00466010a8fc77b,宁波,nb_vehicle,,,,330205007000,1,16.02,14.85,工程渣土车,,2026-09-02
8f35bbd1ebf7dbb2,宁波,nb_vehicle,,,,330205007000,1,15.67,15.2,工程渣土车,,2026-09-02
45b52c061e5f46f1,宁波,nb_vehicle,,,,330205007000,1,16.02,14.85,工程渣土车,,2026-09-02
9454ce7be344bb8a,宁波,nb_vehicle,,,,330205007000,1,16.02,14.85,工程渣土车,,2026-09-02
48e5204cb72f9073,宁波,nb_vehicle,,,,330205007000,1,16.02,14.85,工程渣土车,,2026-09-02
66468f9cfbb23a7d,宁波,nb_vehicle,,,,330212006000,1,7.7,4.1,装修垃圾车,,2026-09-02
ad974d3134bcde28,宁波,nb_vehicle,,,,330212006000,1,7.7,4.1,装修垃圾车,,2026-09-02
4bf5db0445441d34,宁波,nb_vehicle,,,,330212006000,1,1.645,2.72,装修垃圾车,,2026-09-02
b3491e8092f1d8fa,宁波,nb_vehicle,,,,330212006000,1,1.645,2.72,装修垃圾车,,2026-09-02
3aa25ef2976a39f4,宁波,nb_vehicle,,,,330206002000,1,15.78,15.09,工程渣土车,,2026-09-02
00fef50307aaf240,宁波,nb_vehicle,,,,330282006000,1,16.1,0.103,工程渣土车,,2026-09-02
c81ca72696e98cc7,宁波,nb_vehicle,,,,330282006000,1,16.1,14.77,工程渣土车,,2026-09-02
bd625421aaf4ef23,宁波,nb_vehicle,,,,330213002000,1,16.1,14.77,工程渣土车,,2026-09-02
2e6adff4b385494e,宁波,nb_vehicle,,,,330213002000,1,16.1,14.77,工程渣土车,,2026-09-02
d90924d7ffd76e9f,宁波,nb_vehicle,,,,330213002000,1,16.1,14.77,工程渣土车,,2026-09-02
c189bf6d6a24a52e,宁波,nb_vehicle,,,,330213002000,1,16.1,14.77,工程渣土车,,2026-09-02
ff65cfe0c0005160,宁波,nb_vehicle,,,,330213002000,1,16.1,14.77,工程渣土车,,2026-09-02
a3f661d2b12cddf6,宁波,nb_vehicle,,,,330213002000,1,15.37,15.5,工程渣土车,,2026-09-02
d0a43cc79fb4497a,宁波,nb_vehicle,,,,330213002000,1,16.1,14.77,工程渣土车,,2026-09-02
940ba52db5c37c8d,宁波,nb_vehicle,,,,330213002000,1,16.1,14.77,工程渣土车,,2026-09-02
f74fab6777a527ed,宁波,nb_vehicle,,,,330213002000,1,16.1,14.77,工程渣土车,,2026-09-02
ad16804ff4f020d8,宁波,nb_vehicle,,,,330226001000,1,16.1,14.77,工程渣土车,,2026-09-02
e632b5e945b159cd,宁波,nb_vehicle,,,,330226001000,1,16.1,14.77,工程渣土车,,2026-09-02
ae8968983a1ac352,宁波,nb_vehicle,,,,330225200000,1,16.1,14.77,工程渣土车,,2026-09-02
eba6d439fb2ff553,宁波,nb_vehicle,,,,330225200000,1,16.1,14.77,工程渣土车,,2026-09-02
173076782a96ebff,宁波,nb_vehicle,,,,330225200000,1,16.1,14.77,工程渣土车,,2026-09-02
cc30339b4e2c726e,宁波,nb_vehicle,,,,330225200000,1,16.1,14.77,工程渣土车,,2026-09-02
998300743dd9c0a8,宁波,nb_vehicle,,,,330225200000,1,16.1,14.77,工程渣土车,,2026-09-02
7736719d966fb2c0,宁波,nb_vehicle,,,,330225200000,1,16.1,14.77,工程渣土车,,2026-09-02
0b37f9be2d9d7207,宁波,nb_vehicle,,,,330225200000,1,16.1,14.77,工程渣土车,,2026-09-02
1afe4586ebba3b16,宁波,nb_vehicle,,,,330226002000,1,16.1,14.77,工程渣土车,,2026-09-02
b3e167a13b13c548,宁波,nb_vehicle,,,,330203000000,1,1.645,2.72,装修垃圾车,,2026-09-02
81fc9cc3a974c4bf,宁波,nb_vehicle,,,,330282107000,1,1.645,2.72,装修垃圾车,,2026-09-02
204ac25386a30452,宁波,nb_vehicle,,,,330282107000,1,1.645,2.72,装修垃圾车,,2026-09-02
63a9ad547432dacf,宁波,nb_vehicle,,,,330282107000,1,1.645,2.72,装修垃圾车,,2026-09-02
9d513cea1cfb3704,宁波,nb_vehicle,,,,330282107000,1,1.645,2.72,装修垃圾车,,2026-09-02
017b5e37d175dae9,宁波,nb_vehicle,,,,330282107000,1,1.645,2.72,装修垃圾车,,2026-09-02
a86ad1102f745941,宁波,nb_vehicle,,,,330282107000,1,1.645,2.72,装修垃圾车,,2026-09-02
26038c13ff9c6fdc,宁波,nb_vehicle,,,,330282107000,1,1.645,2.72,装修垃圾车,,2026-09-02
1f70511837c1d568,宁波,nb_vehicle,,,,330282107000,1,1.645,2.72,装修垃圾车,,2026-09-02
39d8db79d80916d3,宁波,nb_vehicle,,,,330212014000,1,16.37,14.5,工程渣土车,,2026-09-02
5704e41d77b9038a,宁波,nb_vehicle,,,,330212014000,1,16.37,14.5,工程渣土车,,2026-09-02
8cad0a2344e74916,宁波,nb_vehicle,,,,330212014000,1,16.87,14.0,工程渣土车,,2026-09-02
56d5cb8078ba48cd,宁波,nb_vehicle,,,,330212014000,1,16.1,14.77,工程渣土车,,2026-09-02
b78f9637b09116e4,宁波,nb_vehicle,,,,330212014000,1,16.1,14.77,工程渣土车,,2026-09-02
a32094550acbfb3b,宁波,nb_vehicle,,,,330212014000,1,16.87,14.0,工程渣土车,,2026-09-02
01f1ba6fbfc18a5e,宁波,nb_vehicle,,,,330212014000,1,16.1,14.77,工程渣土车,,2026-09-02
0db6a5a59b1b0f6c,宁波,nb_vehicle,,,,330212014000,1,16.1,14.77,工程渣土车,,2026-09-02
14db0b51005edfe8,宁波,nb_vehicle,,,,330212014000,1,16.1,14.77,工程渣土车,,2026-09-02
7c6bacb7c8fa7e0b,宁波,nb_vehicle,,,,330212014000,1,16.1,14.77,工程渣土车,,2026-09-02
732b30b17da48587,宁波,nb_vehicle,,,,330212014000,1,16.37,14.5,工程渣土车,,2026-09-02
7f9113e75b6c8c1b,宁波,nb_vehicle,,,,330212006000,1,4.62,4.35,装修垃圾车,,2026-09-02
f35cfc661fae34b9,宁波,nb_vehicle,,,,330212006000,1,7.7,4.1,装修垃圾车,,2026-09-02
bc3cb5ca34458489,宁波,nb_vehicle,,,,330212006000,1,7.7,4.1,装修垃圾车,,2026-09-02
54c3921d5a95caac,宁波,nb_vehicle,,,,330212006000,1,7.7,4.1,装修垃圾车,,2026-09-02
aed7806bf5692889,宁波,nb_vehicle,,,,330282002000,1,16.1,14.77,工程渣土车,,2026-09-02
06f5e54200decc86,宁波,nb_vehicle,,,,330282002000,1,16.1,14.77,工程渣土车,,2026-09-02
b5d10f0b2b82c050,宁波,nb_vehicle,,,,330282002000,1,16.1,14.77,工程渣土车,,2026-09-02
037f0d9d10cf16eb,宁波,nb_vehicle,,,,330282002000,1,16.1,14.77,工程渣土车,,2026-09-02
1b56e1df15b5e65f,宁波,nb_vehicle,,,,330282002000,1,16.1,14.77,工程渣土车,,2026-09-02
4017d850f2dc5b7d,宁波,nb_vehicle,,,,330282002000,1,16.1,14.77,工程渣土车,,2026-09-02
da8493a38fbe7181,宁波,nb_vehicle,,,,330282002000,1,16.1,14.77,工程渣土车,,2026-09-02
2f6a8adc872668d0,宁波,nb_vehicle,,,,330282002000,1,16.1,14.77,工程渣土车,,2026-09-02
a90846a5f86879d9,宁波,nb_vehicle,,,,330282002000,1,16.1,14.77,工程渣土车,,2026-09-02
ff0e5fba468d3139,宁波,nb_vehicle,,,,330282002000,1,15.78,15.09,工程渣土车,,2026-09-02
025cbd2a62183f6e,宁波,nb_vehicle,,,,330282002000,1,16.1,14.77,工程渣土车,,2026-09-02
9bd6c3de89d5a05c,宁波,nb_vehicle,,,,330282002000,1,16.1,14.77,工程渣土车,,2026-09-02
fe57b4d2da67a896,宁波,nb_vehicle,,,,330282002000,1,16.1,14.77,工程渣土车,,2026-09-02
bcc34f363428fc40,宁波,nb_vehicle,,,,330282002000,1,15.37,15.5,工程渣土车,,2026-09-02
b2b2ab3c127e8982,宁波,nb_vehicle,,,,330282002000,1,16.1,14.77,工程渣土车,,2026-09-02
c39524257194bde1,宁波,nb_vehicle,,,,330282002000,1,16.1,14.77,工程渣土车,,2026-09-02
00e0d96bbd3d171b,宁波,nb_vehicle,,,,330282002000,1,16.1,14.77,工程渣土车,,2026-09-02
283cff2e6d178f1f,宁波,nb_vehicle,,,,330282002000,1,16.1,14.77,工程渣土车,,2026-09-02
358fd3e552c40c87,宁波,nb_vehicle,,,,330282002000,1,16.1,14.77,工程渣土车,,2026-09-02
c69d15e6c842a382,宁波,nb_vehicle,,,,330282002000,1,16.1,14.77,工程渣土车,,2026-09-02
79314dc36a428b75,宁波,nb_vehicle,,,,330282002000,1,16.1,14.77,工程渣土车,,2026-09-02
136fa3eee36d8d8f,宁波,nb_vehicle,,,,330282002000,1,16.1,14.77,工程渣土车,,2026-09-02
877aaf5b40b7b7d4,宁波,nb_vehicle,,,,330282002000,1,16.1,14.77,工程渣土车,,2026-09-02
08e9d3e9660fd9ea,宁波,nb_vehicle,,,,330203104000,1,16.37,14.5,工程渣土车,,2026-09-02
571a0c30ef975332,宁波,nb_vehicle,,,,330203104000,1,16.87,14.0,工程渣土车,,2026-09-02
043f2b9ee8c9c19e,宁波,nb_vehicle,,,,330203104000,1,16.87,14.0,工程渣土车,,2026-09-02
a3924219034c2d82,宁波,nb_vehicle,,,,330203104000,1,16.87,14.0,工程渣土车,,2026-09-02
9cf93d718a796686,宁波,nb_vehicle,,,,330203104000,1,16.1,14.9,工程渣土车,,2026-09-02
eb31065aa45a7524,宁波,nb_vehicle,,,,330203104000,1,16.1,14.77,工程渣土车,,2026-09-02
2f545bd0f28613c5,宁波,nb_vehicle,,,,330203104000,1,12.07,18.8,工程泥浆车,,2026-09-02
c535f4a3ebef7606,宁波,nb_vehicle,,,,330203104000,1,16.87,14.0,工程渣土车,,2026-09-02
768a018fec6927ed,宁波,nb_vehicle,,,,330203104000,1,16.1,14.77,工程渣土车,,2026-09-02
3cb6c9ae1aac8277,宁波,nb_vehicle,,,,330203104000,1,16.1,14.77,工程渣土车,,2026-09-02
314e55ed53e2cc65,宁波,nb_vehicle,,,,330203104000,1,16.1,1.42,工程渣土车,,2026-09-02
bbd7516aa4d2781a,宁波,nb_vehicle,,,,330203104000,1,16.1,14.77,工程渣土车,,2026-09-02
12db39c7774935d5,宁波,nb_vehicle,,,,330203104000,1,16.37,14.5,工程渣土车,,2026-09-02
fae7e6d83a8bb7b1,宁波,nb_vehicle,,,,330203104000,1,16.37,14.5,工程渣土车,,2026-09-02
e652cec86a6ae6c4,宁波,nb_vehicle,,,,330203104000,1,16.87,14.0,工程渣土车,,2026-09-02
b9972bf79a3bd8df,宁波,nb_vehicle,,,,330203104000,1,16.87,14.0,工程渣土车,,2026-09-02
b50e4ec167cbdefd,宁波,nb_vehicle,,,,330203104000,1,16.1,14.77,工程渣土车,,2026-09-02
518821e3675e1545,宁波,nb_vehicle,,,,330203104000,1,16.1,1.775,工程渣土车,,2026-09-02
d8c59b5a3ce308fb,宁波,nb_vehicle,,,,330203104000,1,16.87,14.0,工程渣土车,,2026-09-02
617dcd9adc3becb8,宁波,nb_vehicle,,,,330203104000,1,16.37,14.5,工程渣土车,,2026-09-02
8c868e5b7ba08003,宁波,nb_vehicle,,,,330203104000,1,16.87,14.0,工程渣土车,,2026-09-02
b9dec17629a1f7a7,宁波,nb_vehicle,,,,330203104000,1,12.07,18.8,工程泥浆车,,2026-09-02
e28204a3d22bac2b,宁波,nb_vehicle,,,,330203104000,1,12.07,18.8,工程泥浆车,,2026-09-02
a4f561fdfb4f859d,宁波,nb_vehicle,,,,330203104000,1,12.07,3.81,工程泥浆车,,2026-09-02
ccaaae41a12aa8de,宁波,nb_vehicle,,,,330203104000,1,16.1,14.77,工程渣土车,,2026-09-02
4dcbaa2070230d75,宁波,nb_vehicle,,,,330203104000,1,16.1,14.77,工程渣土车,,2026-09-02
988c8fd933c9a0b4,宁波,nb_vehicle,,,,330203104000,1,16.1,14.77,工程渣土车,,2026-09-02
decdd87e7ab20953,宁波,nb_vehicle,,,,330212002000,1,12.07,18.8,工程泥浆车,,2026-09-02
3d6cb89fe999be5d,宁波,nb_vehicle,,,,330226002000,1,16.1,14.77,工程渣土车,,2026-09-02
e5ff27d0230d8ad8,宁波,nb_vehicle,,,,330226002000,1,16.1,14.77,工程渣土车,,2026-09-02
d5bd03b564136ded,宁波,nb_vehicle,,,,330226002000,1,16.1,14.77,工程渣土车,,2026-09-02
e77210078c364396,宁波,nb_vehicle,,,,330226002000,1,16.1,14.77,工程渣土车,,2026-09-02
bf1b559cd81020e2,宁波,nb_vehicle,,,,330226002000,1,16.1,14.77,工程渣土车,,2026-09-02
0c49e5445344701f,宁波,nb_vehicle,,,,330226002000,1,16.1,14.77,工程渣土车,,2026-09-02
e2b1ee3cf80f06ad,宁波,nb_vehicle,,,,330226002000,1,16.1,14.77,工程渣土车,,2026-09-02
d86f7ff2c5d8cdf5,宁波,nb_vehicle,,,,330226002000,1,16.1,14.77,工程渣土车,,2026-09-02
caf77a5e1e1b4f51,宁波,nb_vehicle,,,,330226002000,1,16.1,14.77,工程渣土车,,2026-09-02
09a198eec99d865f,宁波,nb_vehicle,,,,330226002000,1,15.37,15.5,工程渣土车,,2026-09-02
83f1de418fe09dff,宁波,nb_vehicle,,,,330226002000,1,15.37,15.5,工程渣土车,,2026-09-02
150317905dc6a8d2,宁波,nb_vehicle,,,,330226002000,1,15.37,15.5,工程渣土车,,2026-09-02
e35fdbd728792bc4,宁波,nb_vehicle,,,,330226002000,1,16.1,14.77,工程渣土车,,2026-09-02
9d6584cb7398390e,宁波,nb_vehicle,,,,330226002000,1,16.1,14.77,工程渣土车,,2026-09-02
e17511c883c32de9,宁波,nb_vehicle,,,,330226002000,1,15.37,15.5,工程渣土车,,2026-09-02
67a8b9ac13410c27,宁波,nb_vehicle,,,,330226002000,1,16.1,14.77,工程渣土车,,2026-09-02
ba694a01541faffb,宁波,nb_vehicle,,,,330226002000,1,15.37,15.5,工程渣土车,,2026-09-02
cf61f599efb32fc0,宁波,nb_vehicle,,,,330226002000,1,15.37,15.5,工程渣土车,,2026-09-02
32125a0da4248b11,宁波,nb_vehicle,,,,330226002000,1,16.1,14.77,工程渣土车,,2026-09-02
ff1e9e738089dba3,宁波,nb_vehicle,,,,330226002000,1,16.1,14.77,工程渣土车,,2026-09-02
4b534dfeb0c9dafe,宁波,nb_vehicle,,,,330226002000,1,16.1,14.77,工程渣土车,,2026-09-02
56dceaa6792155ee,宁波,nb_vehicle,,,,330226002000,1,16.1,14.77,工程渣土车,,2026-09-02
30e3aa49e54e3674,宁波,nb_vehicle,,,,330226002000,1,16.1,14.77,工程渣土车,,2026-09-02
33768409aba4f4f6,宁波,nb_vehicle,,,,330226002000,1,16.1,14.77,工程渣土车,,2026-09-02
b93ee78d787f51a5,宁波,nb_vehicle,,,,330226002000,1,16.1,14.77,工程渣土车,,2026-09-02
da411b150c22ab45,宁波,nb_vehicle,,,,330282002000,1,16.1,14.77,工程渣土车,,2026-09-02
8dfd328e60993b71,宁波,nb_vehicle,,,,330282002000,1,16.1,14.77,工程渣土车,,2026-09-02
1abb5c6889c3d85a,宁波,nb_vehicle,,,,330282002000,1,16.1,14.77,工程渣土车,,2026-09-02
43fd3dedda882518,宁波,nb_vehicle,,,,330282002000,1,16.1,14.77,工程渣土车,,2026-09-02
5e773b2d9b8fabf2,宁波,nb_vehicle,,,,330282002000,1,15.37,15.5,工程渣土车,,2026-09-02
c293bc87aac53b6d,宁波,nb_vehicle,,,,330282002000,1,16.1,14.77,工程渣土车,,2026-09-02
0d05bfbbc9320824,宁波,nb_vehicle,,,,330226002000,1,16.1,14.77,工程渣土车,,2026-09-02
e6f4c56ff0d0ac71,宁波,nb_vehicle,,,,330226002000,1,14.37,16.5,工程渣土车,,2026-09-02
9a58d130474359ac,宁波,nb_vehicle,,,,330226002000,1,14.37,16.5,工程渣土车,,2026-09-02
8f1d6e8142a629f0,宁波,nb_vehicle,,,,330205103000,1,15.37,15.5,工程渣土车,,2026-09-02
84016c5f2ba05ce5,宁波,nb_vehicle,,,,330205103000,1,15.37,15.5,工程渣土车,,2026-09-02
57dca177b2ce0e6a,宁波,nb_vehicle,,,,330205103000,1,15.37,15.5,工程渣土车,,2026-09-02
3edacddf9b365c0a,宁波,nb_vehicle,,,,330212002000,1,12.07,18.8,工程泥浆车,,2026-09-02
1c7bfac89d9a31b4,宁波,nb_vehicle,,,,330226001000,1,1.645,2.72,工程渣土车,,2026-09-02
27967878362f32e3,宁波,nb_vehicle,,,,330226001000,1,1.645,2.72,工程渣土车,,2026-09-02
043e991d1e9027c9,宁波,nb_vehicle,,,,330226001000,1,1.645,2.72,工程渣土车,,2026-09-02
2c6bb4177ef5926d,宁波,nb_vehicle,,,,330226001000,1,1.645,2.72,工程渣土车,,2026-09-02
bf58dfd9509a6e08,宁波,nb_vehicle,,,,330226001000,1,1.645,2.72,工程渣土车,,2026-09-02
498c184f5ef831ac,宁波,nb_vehicle,,,,330281002000,1,4.62,4.35,装修垃圾车,,2026-09-02
4e6d3dd65a8ec8a5,宁波,nb_vehicle,,,,330281002000,1,4.62,4.35,装修垃圾车,,2026-09-02
b53e38bc9cc744b7,宁波,nb_vehicle,,,,330281002000,1,4.62,4.35,装修垃圾车,,2026-09-02
3162cacfa3cbc6ff,宁波,nb_vehicle,,,,330281002000,1,4.62,4.35,装修垃圾车,,2026-09-02
70f6d67632bfdbf6,宁波,nb_vehicle,,,,330281002000,1,4.37,4.6,装修垃圾车,,2026-09-02
01c3f6666467a4d6,宁波,nb_vehicle,,,,330281002000,1,7.245,4.62,装修垃圾车,,2026-09-02
e7deb4f1abbb2189,宁波,nb_vehicle,,,,330281002000,1,7.59,4.21,装修垃圾车,,2026-09-02
1d4ee2272644f199,宁波,nb_vehicle,,,,330281002000,1,4.37,4.6,装修垃圾车,,2026-09-02
236e20fa446e33ec,宁波,nb_vehicle,,,,330281002000,1,7.59,1.115,装修垃圾车,,2026-09-02
c7bb0a93aeaae4fe,宁波,nb_vehicle,,,,330281002000,1,7.59,4.21,装修垃圾车,,2026-09-02
7aabb2201f3eceff,宁波,nb_vehicle,,,,330281002000,1,4.62,4.35,装修垃圾车,,2026-09-02
80d3f642c68448ec,宁波,nb_vehicle,,,,330281002000,1,4.37,4.6,装修垃圾车,,2026-09-02
5b2956f49c309a75,宁波,nb_vehicle,,,,330281002000,1,7.245,4.62,装修垃圾车,,2026-09-02
b7266a04c20768b6,宁波,nb_vehicle,,,,330281002000,1,1.495,2.6,装修垃圾车,,2026-09-02
4d4eb74b69677728,宁波,nb_vehicle,,,,330281002000,1,1.495,2.6,装修垃圾车,,2026-09-02
6e6b48632e3d422d,宁波,nb_vehicle,,,,330281002000,1,4.62,4.35,装修垃圾车,,2026-09-02
f246f9a384d29595,宁波,nb_vehicle,,,,330281002000,1,4.62,4.35,装修垃圾车,,2026-09-02
0732e80692e38e82,宁波,nb_vehicle,,,,330281002000,1,4.62,4.35,装修垃圾车,,2026-09-02
d5f5bf1341b20f19,宁波,nb_vehicle,,,,330281000000,1,16.1,14.77,工程渣土车,,2026-09-02
a7dbc75048ea179b,宁波,nb_vehicle,,,,330281000000,1,16.1,14.77,工程渣土车,,2026-09-02
1f7a7535b4394994,宁波,nb_vehicle,,,,330281000000,1,16.1,14.77,工程渣土车,,2026-09-02
62cf276fa8967d8f,宁波,nb_vehicle,,,,330281000000,1,16.1,14.77,工程渣土车,,2026-09-02
a5eb25d49cec180e,宁波,nb_vehicle,,,,330282005000,1,16.1,14.77,工程渣土车,,2026-09-02
be84b532f121be18,宁波,nb_vehicle,,,,330282005000,1,16.96,13.91,工程渣土车,,2026-09-02
331b958fd8bbe8cb,宁波,nb_vehicle,,,,330282005000,1,16.96,13.91,工程渣土车,,2026-09-02
eb4378e33b3272ea,宁波,nb_vehicle,,,,330282005000,1,16.96,13.91,工程渣土车,,2026-09-02
84f36ae46dea9d1f,宁波,nb_vehicle,,,,330282005000,1,16.1,14.77,工程渣土车,,2026-09-02
6efbcc491609742d,宁波,nb_vehicle,,,,330282005000,1,16.1,14.77,工程渣土车,,2026-09-02
0f1a39e32b12e1dd,宁波,nb_vehicle,,,,330282005000,1,16.96,13.91,工程渣土车,,2026-09-02
dfcb5ffb4ac40682,宁波,nb_vehicle,,,,330282005000,1,16.1,14.77,工程渣土车,,2026-09-02
fc8bb951e95d6227,宁波,nb_vehicle,,,,330282005000,1,16.1,14.77,工程渣土车,,2026-09-02
328dca17d3f17e6c,宁波,nb_vehicle,,,,330282005000,1,16.96,13.91,工程渣土车,,2026-09-02
6e8c40e054b61652,宁波,nb_vehicle,,,,330282005000,1,16.1,14.77,工程渣土车,,2026-09-02
81d1fc1f80fa55fe,宁波,nb_vehicle,,,,330282005000,1,16.1,14.77,工程渣土车,,2026-09-02
31fbeab56c20e5a7,宁波,nb_vehicle,,,,330282005000,1,16.1,14.77,工程渣土车,,2026-09-02
6ec23d554b9ff8e9,宁波,nb_vehicle,,,,330203006000,1,0.49,3.805,装修垃圾车,,2026-09-02
8610c55880c01084,宁波,nb_vehicle,,,,330226111000,1,15.37,15.5,工程渣土车,,2026-09-02
7b905e789994881e,宁波,nb_vehicle,,,,330225002000,1,15.37,15.5,工程渣土车,,2026-09-02
7d9a30bf7ff9b1cb,宁波,nb_vehicle,,,,330225002000,1,16.1,14.77,工程渣土车,,2026-09-02
b5e490b2aa99a18e,宁波,nb_vehicle,,,,330225002000,1,15.37,15.5,工程渣土车,,2026-09-02
d8e9415a56aad432,宁波,nb_vehicle,,,,330225002000,1,16.1,14.77,工程渣土车,,2026-09-02
b06c94303af3abfd,宁波,nb_vehicle,,,,330205008000,1,15.37,15.5,工程渣土车,,2026-09-02
c70623d782418df7,宁波,nb_vehicle,,,,330205008000,1,15.37,15.5,工程渣土车,,2026-09-02
fce69768132d2402,宁波,nb_vehicle,,,,330205008000,1,15.37,15.5,工程渣土车,,2026-09-02
66affd7691a07b27,宁波,nb_vehicle,,,,330205008000,1,15.37,15.5,工程渣土车,,2026-09-02
3432b63350097514,宁波,nb_vehicle,,,,330205008000,1,15.37,15.5,工程渣土车,,2026-09-02
92061182d50e805b,宁波,nb_vehicle,,,,330205008000,1,16.1,14.77,工程渣土车,,2026-09-02
87364f6ca49ce0f2,宁波,nb_vehicle,,,,330205008000,1,16.1,14.77,工程渣土车,,2026-09-02
e02bcb28d92f5417,宁波,nb_vehicle,,,,330205008000,1,15.37,15.5,工程渣土车,,2026-09-02
56e6fed860f054b4,宁波,nb_vehicle,,,,330205008000,1,16.1,14.77,工程渣土车,,2026-09-02
d58d3a586473ebe4,宁波,nb_vehicle,,,,330205008000,1,16.1,14.77,工程渣土车,,2026-09-02
2b6e7aad1be4269f,宁波,nb_vehicle,,,,330205103000,1,1.645,2.72,工程渣土车,,2026-09-02
db7c69324f576469,宁波,nb_vehicle,,,,330205103000,1,16.1,14.77,工程渣土车,,2026-09-02
a27e7f4970097262,宁波,nb_vehicle,,,,330205103000,1,16.1,14.77,工程渣土车,,2026-09-02
18e0500497321a46,宁波,nb_vehicle,,,,330205103000,1,15.37,15.5,工程渣土车,,2026-09-02
ce133ce7eb4c9938,宁波,nb_vehicle,,,,330212012000,1,1.645,2.72,装修垃圾车,,2026-09-02
816bd7e4082e0016,宁波,nb_vehicle,,,,330212012000,1,0.69,3.61,装修垃圾车,,2026-09-02
9d51af06fb66e135,宁波,nb_vehicle,,,,330212012000,1,1.645,2.72,装修垃圾车,,2026-09-02
34e2c25bd20f4c28,宁波,nb_vehicle,,,,330212012000,1,1.645,2.72,装修垃圾车,,2026-09-02
0eed1232ae095b8d,宁波,nb_vehicle,,,,330212012000,1,0.2,4.1,装修垃圾车,,2026-09-02
cbf7da3cc3d7db2b,宁波,nb_vehicle,,,,330212012000,1,1.645,2.72,装修垃圾车,,2026-09-02
ab52a8bb9862dca0,宁波,nb_vehicle,,,,330212012000,1,0.69,3.61,装修垃圾车,,2026-09-02
de0030666bb88e35,宁波,nb_vehicle,,,,330226002000,1,16.1,14.77,工程渣土车,,2026-09-02
cb615d39d12230a5,宁波,nb_vehicle,,,,330226002000,1,16.1,14.77,工程渣土车,,2026-09-02
4c5439436238b90e,宁波,nb_vehicle,,,,330226002000,1,15.37,15.5,工程渣土车,,2026-09-02
b19a8379affd762d,宁波,nb_vehicle,,,,330226002000,1,15.37,15.5,工程渣土车,,2026-09-02
ce6cb6671748d58e,宁波,nb_vehicle,,,,330226002000,1,15.37,15.5,工程渣土车,,2026-09-02
051a011e5d3a05d4,宁波,nb_vehicle,,,,330226002000,1,15.37,15.5,工程渣土车,,2026-09-02
22edaa3c292fc7c9,宁波,nb_vehicle,,,,330226002000,1,16.1,14.77,工程渣土车,,2026-09-02
c0f52c594f582fe3,宁波,nb_vehicle,,,,330226002000,1,15.37,15.5,工程渣土车,,2026-09-02
f1ec68ec12a1b037,宁波,nb_vehicle,,,,330226002000,1,15.37,15.5,工程渣土车,,2026-09-02
10bfa1cb039e7a1f,宁波,nb_vehicle,,,,330226002000,1,16.1,14.77,工程渣土车,,2026-09-02
3b9a3eea244fced1,宁波,nb_vehicle,,,,330226002000,1,16.1,14.77,工程渣土车,,2026-09-02
e3cc0f21693567e5,宁波,nb_vehicle,,,,330226002000,1,15.37,15.5,工程渣土车,,2026-09-02
c8742174b43af6a0,宁波,nb_vehicle,,,,330226002000,1,16.1,14.77,工程渣土车,,2026-09-02
18d428c2350461e5,宁波,nb_vehicle,,,,330226002000,1,16.1,14.77,工程渣土车,,2026-09-02
e91b39f74d4d7110,宁波,nb_vehicle,,,,330226002000,1,15.37,15.5,工程渣土车,,2026-09-02
1e512403f693ec64,宁波,nb_vehicle,,,,330226002000,1,16.1,14.77,工程渣土车,,2026-09-02
884aa60fd05cbd81,宁波,nb_vehicle,,,,330226002000,1,16.1,14.77,工程渣土车,,2026-09-02
a9cd267534278884,宁波,nb_vehicle,,,,330226002000,1,15.37,15.5,工程渣土车,,2026-09-02
2635d2e98ed092b8,宁波,nb_vehicle,,,,330226002000,1,16.1,14.77,工程渣土车,,2026-09-02
821702d619febb0c,宁波,nb_vehicle,,,,330226002000,1,16.1,14.77,工程渣土车,,2026-09-02
7c4dc35b2fa402b9,宁波,nb_vehicle,,,,330226002000,1,16.1,14.77,工程渣土车,,2026-09-02
7fb391a31af3110a,宁波,nb_vehicle,,,,330205006000,1,9.995,7.81,装修垃圾车,,2026-09-02
a77ea72d347c9826,宁波,nb_vehicle,,,,330205000000,1,1.645,1.44,装修垃圾车,,2026-09-02
2864a0becd9fd9b5,宁波,nb_vehicle,,,,330205000000,1,16.1,14.77,工程渣土车,,2026-09-02
15b8883ffb089c48,宁波,nb_vehicle,,,,330212103000,1,15.37,15.5,工程渣土车,,2026-09-02
b817244271162e21,宁波,nb_vehicle,,,,330212002000,1,16.1,14.77,工程渣土车,,2026-09-02
3f7dd75ab33d9044,宁波,nb_vehicle,,,,330212002000,1,16.1,14.77,工程渣土车,,2026-09-02
fdf8f5ce73cf806a,宁波,nb_vehicle,,,,330212002000,1,16.1,14.77,工程渣土车,,2026-09-02
71f81f348c8e9f23,宁波,nb_vehicle,,,,330226111000,1,15.37,15.5,工程渣土车,,2026-09-02
41ee90c6d0a7a882,宁波,nb_vehicle,,,,330226111000,1,15.37,15.5,工程渣土车,,2026-09-02
e7385ba6d16acecb,宁波,nb_vehicle,,,,330226111000,1,15.37,15.5,工程渣土车,,2026-09-02
5bb2276843d263a8,宁波,nb_vehicle,,,,330226111000,1,15.37,15.5,工程渣土车,,2026-09-02
055b4a080241ce13,宁波,nb_vehicle,,,,330226111000,1,15.37,15.5,工程渣土车,,2026-09-02
174660f41ad6d3b4,宁波,nb_vehicle,,,,330203103000,1,15.37,15.5,工程渣土车,,2026-09-02
c77cde779b8ff3e7,宁波,nb_vehicle,,,,330203103000,1,15.37,15.5,工程渣土车,,2026-09-02
d515b5d0f6be8c64,宁波,nb_vehicle,,,,330203103000,1,15.37,15.5,工程渣土车,,2026-09-02
b7ecaf2106793b63,宁波,nb_vehicle,,,,330203103000,1,15.78,15.09,工程渣土车,,2026-09-02
2ac7699ed2690ff3,宁波,nb_vehicle,,,,330203103000,1,16.1,14.77,工程渣土车,,2026-09-02
4f0738d0eb505ef0,宁波,nb_vehicle,,,,330203103000,1,15.37,1.15,工程渣土车,,2026-09-02
6f391e686798673d,宁波,nb_vehicle,,,,330203103000,1,15.37,15.5,工程渣土车,,2026-09-02
f2f594a288eec472,宁波,nb_vehicle,,,,330211001000,1,4.62,4.35,装修垃圾车,,2026-09-02
b6cbc24c5046faf9,宁波,nb_vehicle,,,,330281004000,1,16.1,14.77,工程渣土车,,2026-09-02
2d3e9019a95111ab,宁波,nb_vehicle,,,,330281004000,1,16.1,14.77,工程渣土车,,2026-09-02
92f1d6273765c62e,宁波,nb_vehicle,,,,330281004000,1,16.1,14.77,工程渣土车,,2026-09-02
8774e12acf963391,宁波,nb_vehicle,,,,330281004000,1,16.87,14.0,工程渣土车,,2026-09-02
744a09f46ae60caf,宁波,nb_vehicle,,,,330281004000,1,16.87,14.0,工程渣土车,,2026-09-02
7f8bb46a00abd6d1,宁波,nb_vehicle,,,,330281004000,1,16.1,14.77,工程渣土车,,2026-09-02
7f81370b36c6d1ce,宁波,nb_vehicle,,,,330281004000,1,16.1,14.77,工程渣土车,,2026-09-02
f6315062f86232e4,宁波,nb_vehicle,,,,330281004000,1,16.1,14.77,工程渣土车,,2026-09-02
f0979f69f9d2334c,宁波,nb_vehicle,,,,330281004000,1,16.1,14.77,工程渣土车,,2026-09-02
ec4c4ee118b33695,宁波,nb_vehicle,,,,330281004000,1,16.1,14.77,工程渣土车,,2026-09-02
a92d560840f58a5c,宁波,nb_vehicle,,,,330281004000,1,16.1,14.77,工程渣土车,,2026-09-02
40d7a8c88caa4050,宁波,nb_vehicle,,,,330281004000,1,16.87,14.0,工程渣土车,,2026-09-02
5dc0f60bba19abd9,宁波,nb_vehicle,,,,330281004000,1,16.87,14.0,工程渣土车,,2026-09-02
5214f513d558d560,宁波,nb_vehicle,,,,330281004000,1,16.87,14.0,工程渣土车,,2026-09-02
aec15314a1e3f7b3,宁波,nb_vehicle,,,,330281004000,1,15.37,15.5,工程渣土车,,2026-09-02
f9bcc16859a2c119,宁波,nb_vehicle,,,,330281004000,1,16.87,14.0,工程渣土车,,2026-09-02
b026a44f47add476,宁波,nb_vehicle,,,,330281004000,1,16.1,14.77,工程渣土车,,2026-09-02
2f282984aafb2c10,宁波,nb_vehicle,,,,330281004000,1,16.1,14.77,工程渣土车,,2026-09-02
49ebfa5b96c04309,宁波,nb_vehicle,,,,330203100000,1,12.07,18.8,工程泥浆车,,2026-09-02
4c7edcf0c3baf93b,宁波,nb_vehicle,,,,330203100000,1,12.07,18.8,工程泥浆车,,2026-09-02
6fe75c7189bca456,宁波,nb_vehicle,,,,330203100000,1,10.07,20.8,工程泥浆车,,2026-09-02
b84c895c93e5a929,宁波,nb_vehicle,,,,330203100000,1,10.97,19.9,工程泥浆车,,2026-09-02
52477c737c045f2f,宁波,nb_vehicle,,,,330203100000,1,12.07,18.8,工程泥浆车,,2026-09-02
73880acadae7f03c,宁波,nb_vehicle,,,,330203100000,1,12.07,18.8,工程泥浆车,,2026-09-02
23ef8f0d69b62cdb,宁波,nb_vehicle,,,,330203100000,1,12.07,18.8,工程泥浆车,,2026-09-02
7c00273903cb58c6,宁波,nb_vehicle,,,,330203100000,1,12.07,18.8,工程泥浆车,,2026-09-02
1f9030e262be5c16,宁波,nb_vehicle,,,,330203100000,1,12.07,18.8,工程泥浆车,,2026-09-02
8cb06f7cab312a55,宁波,nb_vehicle,,,,330212000000,1,1.645,2.72,装修垃圾车,,2026-09-02
bdd8569801fd3483,宁波,nb_vehicle,,,,330281004000,1,16.1,14.77,工程渣土车,,2026-09-02
07689e92b05122ca,宁波,nb_vehicle,,,,330282006000,1,16.87,14.0,工程渣土车,,2026-09-02
e5baf7d5c0389b9b,宁波,nb_vehicle,,,,330282006000,1,16.1,14.77,工程渣土车,,2026-09-02
17f9d7d79da5b360,宁波,nb_vehicle,,,,330226111000,1,15.37,15.5,工程渣土车,,2026-09-02
0118b2fde0cdd152,宁波,nb_vehicle,,,,330211000000,1,10.97,19.9,工程泥浆车,,2026-09-02
0870e33ba623c8ef,宁波,nb_vehicle,,,,330212014000,1,16.1,14.77,工程渣土车,,2026-09-02
4755f1f047f8596b,宁波,nb_vehicle,,,,330212014000,1,15.67,15.2,工程渣土车,,2026-09-02
74cfa5e9ba1bc362,宁波,nb_vehicle,,,,330212014000,1,16.1,14.77,工程渣土车,,2026-09-02
c4e83629a2220364,宁波,nb_vehicle,,,,330212014000,1,16.1,14.77,工程渣土车,,2026-09-02
e0d3a48a9dec0ad1,宁波,nb_vehicle,,,,330212014000,1,16.1,14.77,工程渣土车,,2026-09-02
842d2cfaf1146acc,宁波,nb_vehicle,,,,330212014000,1,16.1,14.77,工程渣土车,,2026-09-02
6278e1bb28b43a24,宁波,nb_vehicle,,,,330212014000,1,16.1,14.77,工程渣土车,,2026-09-02
b5dcac81b7eb524c,宁波,nb_vehicle,,,,330212014000,1,16.1,14.77,工程渣土车,,2026-09-02
0701607a4a226057,宁波,nb_vehicle,,,,330212014000,1,16.1,14.77,工程渣土车,,2026-09-02
978a9e6668172f5c,宁波,nb_vehicle,,,,330212014000,1,15.37,15.5,工程渣土车,,2026-09-02
d8fc07272eb67229,宁波,nb_vehicle,,,,330212014000,1,16.1,14.77,工程渣土车,,2026-09-02
4b3d6ceca7de5715,宁波,nb_vehicle,,,,330212014000,1,16.1,14.77,工程渣土车,,2026-09-02
7e28aa11fc2d8128,宁波,nb_vehicle,,,,330212014000,1,15.37,15.5,工程渣土车,,2026-09-02
f538014b301d74f3,宁波,nb_vehicle,,,,330212014000,1,16.1,14.77,工程渣土车,,2026-09-02
25c8e166b4a19901,宁波,nb_vehicle,,,,330212014000,1,16.1,14.77,工程渣土车,,2026-09-02
30213520a490bb8e,宁波,nb_vehicle,,,,330212014000,1,16.1,14.77,工程渣土车,,2026-09-02
fcc2718ce21a9005,宁波,nb_vehicle,,,,330212014000,1,16.1,14.77,工程渣土车,,2026-09-02
263c9b84447fad28,宁波,nb_vehicle,,,,330212014000,1,16.1,14.77,工程渣土车,,2026-09-02
de8f7c9a78bd8aaa,宁波,nb_vehicle,,,,330212014000,1,16.1,14.77,工程渣土车,,2026-09-02
272d5af64b558542,宁波,nb_vehicle,,,,330212014000,1,16.1,14.77,工程渣土车,,2026-09-02
b9cbb6708b3df91d,宁波,nb_vehicle,,,,330212014000,1,16.1,14.77,工程渣土车,,2026-09-02
9e66d5636ce3b507,宁波,nb_vehicle,,,,330212014000,1,16.1,14.77,工程渣土车,,2026-09-02
5dbda8ad80f4bc50,宁波,nb_vehicle,,,,330212014000,1,16.1,14.77,工程渣土车,,2026-09-02
80ef2479456527ac,宁波,nb_vehicle,,,,330212014000,1,16.1,14.77,工程渣土车,,2026-09-02
293bb41161721943,宁波,nb_vehicle,,,,330212014000,1,15.67,15.2,工程渣土车,,2026-09-02
e3b1b0d769843cf2,宁波,nb_vehicle,,,,330212014000,1,15.37,15.5,工程渣土车,,2026-09-02
b2042fe29d3b1e44,宁波,nb_vehicle,,,,330212014000,1,16.1,14.77,工程渣土车,,2026-09-02
8b39ec6f672c5ffb,宁波,nb_vehicle,,,,330212103000,1,15.37,15.5,工程渣土车,,2026-09-02
e128cc7b0f169bf1,宁波,nb_vehicle,,,,330212005000,1,1.645,2.72,装修垃圾车,,2026-09-02
68f15e3506d0aa16,宁波,nb_vehicle,,,,330212002000,1,16.1,14.77,工程渣土车,,2026-09-02
fa7d9b7da6881c49,宁波,nb_vehicle,,,,330212002000,1,16.1,14.77,工程渣土车,,2026-09-02
525e1158cb423ef9,宁波,nb_vehicle,,,,330212002000,1,16.1,14.77,工程渣土车,,2026-09-02
2caa13bee2f64105,宁波,nb_vehicle,,,,330212002000,1,16.1,14.77,工程渣土车,,2026-09-02
0dfc11091f8b5798,宁波,nb_vehicle,,,,330212002000,1,16.1,14.77,工程渣土车,,2026-09-02
c3cab541da9cb909,宁波,nb_vehicle,,,,330212002000,1,16.1,14.77,工程渣土车,,2026-09-02
f3020aa06bcc7f2e,宁波,nb_vehicle,,,,330212002000,1,16.1,14.77,工程渣土车,,2026-09-02
8258a12626a0255d,宁波,nb_vehicle,,,,330212002000,1,16.1,14.77,工程渣土车,,2026-09-02
416bd33fc0259d17,宁波,nb_vehicle,,,,330212002000,1,16.1,14.77,工程渣土车,,2026-09-02
892d507991d0034a,宁波,nb_vehicle,,,,330212002000,1,16.1,14.77,工程渣土车,,2026-09-02
2cce40878a7768b6,宁波,nb_vehicle,,,,330212002000,1,16.1,14.77,工程渣土车,,2026-09-02
9ee99c4b01801427,宁波,nb_vehicle,,,,330212002000,1,16.1,14.77,工程渣土车,,2026-09-02
4b93ff3ea3caeb69,宁波,nb_vehicle,,,,330212002000,1,16.1,14.77,工程渣土车,,2026-09-02
2fffe55b11b28041,宁波,nb_vehicle,,,,330212002000,1,16.1,14.77,工程渣土车,,2026-09-02
0a78fffeaab66edb,宁波,nb_vehicle,,,,330212002000,1,16.1,14.77,工程渣土车,,2026-09-02
c6c1c11f535232ce,宁波,nb_vehicle,,,,330212002000,1,16.1,14.77,工程渣土车,,2026-09-02
9c52f7363739ddef,宁波,nb_vehicle,,,,330212002000,1,16.1,14.77,工程渣土车,,2026-09-02
4f8775dae966ae17,宁波,nb_vehicle,,,,330212002000,1,16.1,14.77,工程渣土车,,2026-09-02
4f8a9c5bef5559ab,宁波,nb_vehicle,,,,330212103000,1,15.37,15.5,工程渣土车,,2026-09-02
e9b66f6b51ed4d54,宁波,nb_vehicle,,,,330212103000,1,16.37,14.5,工程渣土车,,2026-09-02
f8de300f9381ad58,宁波,nb_vehicle,,,,330212002000,1,16.1,14.77,工程渣土车,,2026-09-02
353c2ff3c7d510d2,宁波,nb_vehicle,,,,330212002000,1,16.1,14.77,工程渣土车,,2026-09-02
ed484e02d041d908,宁波,nb_vehicle,,,,330212002000,1,16.87,14.0,工程渣土车,,2026-09-02
ef457ddb3e6ee4b0,宁波,nb_vehicle,,,,330212002000,1,16.87,14.0,工程渣土车,,2026-09-02
06fb27c6fd555dbe,宁波,nb_vehicle,,,,330212002000,1,16.87,14.0,工程渣土车,,2026-09-02
e9e37c7df0337e04,宁波,nb_vehicle,,,,330212002000,1,16.87,14.0,工程渣土车,,2026-09-02
746679baa7f455a8,宁波,nb_vehicle,,,,330212002000,1,16.87,14.0,工程渣土车,,2026-09-02
2d2b12d74fc925da,宁波,nb_vehicle,,,,330212002000,1,16.1,14.77,工程渣土车,,2026-09-02
0323a49cc83b4b12,宁波,nb_vehicle,,,,330212002000,1,16.1,14.77,工程渣土车,,2026-09-02
239072aa140f96bb,宁波,nb_vehicle,,,,330212002000,1,15.37,15.5,工程渣土车,,2026-09-02
e4a589dac88638e0,宁波,nb_vehicle,,,,330212002000,1,15.37,15.5,工程渣土车,,2026-09-02
dcc8f3ef82b70015,宁波,nb_vehicle,,,,330212002000,1,16.1,14.77,工程渣土车,,2026-09-02
113b475facbd72b7,宁波,nb_vehicle,,,,330212002000,1,12.07,18.8,工程泥浆车,,2026-09-02
4b646e8d62320746,宁波,nb_vehicle,,,,330212002000,1,10.97,19.9,工程泥浆车,,2026-09-02
4a104f1836f3ddf0,宁波,nb_vehicle,,,,330212002000,1,16.02,14.85,工程渣土车,,2026-09-02
835db2b4f73de293,宁波,nb_vehicle,,,,330212002000,1,16.87,14.0,工程渣土车,,2026-09-02
d931fd4dc038d51c,宁波,nb_vehicle,,,,330212002000,1,16.02,14.85,工程渣土车,,2026-09-02
7a467e96e5b510c0,宁波,nb_vehicle,,,,330212002000,1,16.1,14.77,工程渣土车,,2026-09-02
72e4825d7a746fb1,宁波,nb_vehicle,,,,330212002000,1,16.87,14.0,工程渣土车,,2026-09-02
163d9766cba05496,宁波,nb_vehicle,,,,330212002000,1,16.1,14.77,工程渣土车,,2026-09-02
8c1eee2900e6ad45,宁波,nb_vehicle,,,,330212002000,1,16.87,14.0,工程渣土车,,2026-09-02
d86d639dd2607d12,宁波,nb_vehicle,,,,330212002000,1,12.07,18.8,工程泥浆车,,2026-09-02
fdfd2c0c9e194293,宁波,nb_vehicle,,,,330212002000,1,16.1,14.77,工程渣土车,,2026-09-02
e4f604c96e5fa321,宁波,nb_vehicle,,,,330212002000,1,12.07,18.8,工程泥浆车,,2026-09-02
82a2a6d487c1ee85,宁波,nb_vehicle,,,,330212002000,1,16.1,14.77,工程渣土车,,2026-09-02
9d4dfb088dbb252c,宁波,nb_vehicle,,,,330212002000,1,16.1,14.77,工程渣土车,,2026-09-02
9476565789c56256,宁波,nb_vehicle,,,,330212002000,1,16.1,1.315,工程渣土车,,2026-09-02
ed4940f998214639,宁波,nb_vehicle,,,,330212002000,1,16.1,14.77,工程渣土车,,2026-09-02
29a3c0bbef753968,宁波,nb_vehicle,,,,330212002000,1,12.07,18.8,工程泥浆车,,2026-09-02
8fb6b051160f7a76,宁波,nb_vehicle,,,,330212002000,1,15.37,15.5,工程渣土车,,2026-09-02
649a32c6f2d5c455,宁波,nb_vehicle,,,,330212002000,1,16.37,14.5,工程渣土车,,2026-09-02
3d2990f9a1c97127,宁波,nb_vehicle,,,,330212002000,1,16.87,14.0,工程渣土车,,2026-09-02
271ce0b60075a33e,宁波,nb_vehicle,,,,330212002000,1,16.87,14.0,工程渣土车,,2026-09-02
378fbb48e783e824,宁波,nb_vehicle,,,,330212002000,1,16.1,14.77,工程渣土车,,2026-09-02
8c1146ceb4afbdd0,宁波,nb_vehicle,,,,330212002000,1,15.37,15.5,工程渣土车,,2026-09-02
c101d07b6ffdd2cf,宁波,nb_vehicle,,,,330212002000,1,16.1,14.77,工程渣土车,,2026-09-02
e70cdb121df25c33,宁波,nb_vehicle,,,,330212002000,1,16.1,14.77,工程渣土车,,2026-09-02
bfa552942db1259f,宁波,nb_vehicle,,,,330212002000,1,16.87,14.0,工程渣土车,,2026-09-02
8918fdc6cb6e1699,宁波,nb_vehicle,,,,330212002000,1,16.1,14.77,工程渣土车,,2026-09-02
8070d9fb230b272b,宁波,nb_vehicle,,,,330212002000,1,16.02,14.85,工程渣土车,,2026-09-02
ecaefb02c4476125,宁波,nb_vehicle,,,,330212002000,1,16.1,14.77,工程渣土车,,2026-09-02
330b117e37c8318e,宁波,nb_vehicle,,,,330212002000,1,12.07,18.8,工程泥浆车,,2026-09-02
f512b1f20092e37e,宁波,nb_vehicle,,,,330212002000,1,12.07,18.8,工程泥浆车,,2026-09-02
058cdd23a99eca86,宁波,nb_vehicle,,,,330212002000,1,16.1,14.77,工程渣土车,,2026-09-02
993cae954c1c0260,宁波,nb_vehicle,,,,330212002000,1,16.1,14.77,工程渣土车,,2026-09-02
c8016defd83df1e3,宁波,nb_vehicle,,,,330282006000,1,16.1,14.77,工程渣土车,,2026-09-02
0d6528b579ec08e1,宁波,nb_vehicle,,,,330282006000,1,16.87,14.0,工程渣土车,,2026-09-02
9941c187ae5a23b0,宁波,nb_vehicle,,,,330282006000,1,16.1,14.77,工程渣土车,,2026-09-02
0bf1714bf287d190,宁波,nb_vehicle,,,,330282006000,1,16.87,14.0,工程渣土车,,2026-09-02
b38a5961927f633d,宁波,nb_vehicle,,,,330282006000,1,16.1,14.77,工程渣土车,,2026-09-02
c166845974cf5a66,宁波,nb_vehicle,,,,330282006000,1,16.1,14.77,工程渣土车,,2026-09-02
4778a87c19014122,宁波,nb_vehicle,,,,330282006000,1,16.1,1.555,工程渣土车,,2026-09-02
9a8551d83bd694e0,宁波,nb_vehicle,,,,330282006000,1,16.87,14.0,工程渣土车,,2026-09-02
ef74e5870692eb62,宁波,nb_vehicle,,,,330282006000,1,16.87,14.0,工程渣土车,,2026-09-02
82a452d4bb663502,宁波,nb_vehicle,,,,330282006000,1,16.87,14.0,工程渣土车,,2026-09-02
ae4960748225030e,宁波,nb_vehicle,,,,330282006000,1,16.1,1.293,工程渣土车,,2026-09-02
5205e6725ac53a7d,宁波,nb_vehicle,,,,330282006000,1,16.87,14.0,工程渣土车,,2026-09-02
d6d1bf99a077a794,宁波,nb_vehicle,,,,330282006000,1,16.1,1.555,工程渣土车,,2026-09-02
887ac487e0d4e9ee,宁波,nb_vehicle,,,,330282006000,1,16.1,14.77,工程渣土车,,2026-09-02
142f68cfe95d51b3,宁波,nb_vehicle,,,,330282006000,1,16.1,14.77,工程渣土车,,2026-09-02
47d9f742130f518e,宁波,nb_vehicle,,,,330282006000,1,16.1,14.77,工程渣土车,,2026-09-02
f04fc39ce458c257,宁波,nb_vehicle,,,,330282006000,1,16.1,1.36,工程渣土车,,2026-09-02
38e11b19fa1ef893,宁波,nb_vehicle,,,,330282006000,1,16.1,1.635,工程渣土车,,2026-09-02
085ee84219ba36b4,宁波,nb_vehicle,,,,330282006000,1,16.1,1.68,工程渣土车,,2026-09-02
c06dde3b21d78a8f,宁波,nb_vehicle,,,,330282006000,1,16.1,14.77,工程渣土车,,2026-09-02
1efb5d9d6ade3391,宁波,nb_vehicle,,,,330282006000,1,16.1,14.77,工程渣土车,,2026-09-02
00c48ddfd99e0096,宁波,nb_vehicle,,,,330282006000,1,16.1,14.77,工程渣土车,,2026-09-02
a94a6bdc9c0f544f,宁波,nb_vehicle,,,,330282006000,1,16.1,14.77,工程渣土车,,2026-09-02
caa7be461a9e57f8,宁波,nb_vehicle,,,,330282006000,1,16.87,1.77,工程渣土车,,2026-09-02
48fffa22de110afe,宁波,nb_vehicle,,,,330282006000,1,16.1,14.77,工程渣土车,,2026-09-02
9d166ed5a26967b9,宁波,nb_vehicle,,,,330282006000,1,16.87,14.0,工程渣土车,,2026-09-02
76c91d7d9c527b7a,宁波,nb_vehicle,,,,330282006000,1,16.1,14.77,工程渣土车,,2026-09-02
4c49b9517d812286,宁波,nb_vehicle,,,,330282006000,1,16.87,14.0,工程渣土车,,2026-09-02
cb9c9ba695d9afe0,宁波,nb_vehicle,,,,330282006000,1,16.87,14.0,工程渣土车,,2026-09-02
fa0b6be2f1933886,宁波,nb_vehicle,,,,330282006000,1,16.87,14.0,工程渣土车,,2026-09-02
73c22d7ec8089219,宁波,nb_vehicle,,,,330282006000,1,16.87,14.0,工程渣土车,,2026-09-02
72cb14eb9d118d91,宁波,nb_vehicle,,,,330282006000,1,16.87,14.0,工程渣土车,,2026-09-02
6eec2937f71f2eea,宁波,nb_vehicle,,,,330282006000,1,16.87,14.0,工程渣土车,,2026-09-02
33a0bca319770010,宁波,nb_vehicle,,,,330282006000,1,16.1,14.77,工程渣土车,,2026-09-02
ef2ce489fe09a4d5,宁波,nb_vehicle,,,,330282006000,1,16.1,14.77,工程渣土车,,2026-09-02
5a810c28a8eb688d,宁波,nb_vehicle,,,,330282006000,1,16.87,14.0,工程渣土车,,2026-09-02
dec25d11fc7b86ac,宁波,nb_vehicle,,,,330282006000,1,16.1,1.25,工程渣土车,,2026-09-02
e604eb5a115a1b06,宁波,nb_vehicle,,,,330282006000,1,16.1,14.77,工程渣土车,,2026-09-02
f4cb400737a0f046,宁波,nb_vehicle,,,,330282006000,1,16.87,14.0,工程渣土车,,2026-09-02
26234c5e077d9d02,宁波,nb_vehicle,,,,330282006000,1,16.1,14.77,工程渣土车,,2026-09-02
9bfe405d3cf8c51f,宁波,nb_vehicle,,,,330282006000,1,16.1,14.77,工程渣土车,,2026-09-02
5f00270e84d86579,宁波,nb_vehicle,,,,330282006000,1,16.87,14.0,工程渣土车,,2026-09-02
d8de7c6be5835bff,宁波,nb_vehicle,,,,330282006000,1,16.87,14.0,工程渣土车,,2026-09-02
93e704138e9a11b0,宁波,nb_vehicle,,,,330282006000,1,16.1,1.22,工程渣土车,,2026-09-02
9f7943d7f74d5a7a,宁波,nb_vehicle,,,,330282006000,1,16.1,14.77,工程渣土车,,2026-09-02
3420cbabcac9c258,宁波,nb_vehicle,,,,330282006000,1,16.87,14.0,工程渣土车,,2026-09-02
268f3c9330522190,宁波,nb_vehicle,,,,330282006000,1,15.37,15.5,工程渣土车,,2026-09-02
410c6a840d3ec1b5,宁波,nb_vehicle,,,,330282006000,1,16.1,14.77,工程渣土车,,2026-09-02
d1aa2ec0a39bcc95,宁波,nb_vehicle,,,,330282006000,1,16.1,14.77,工程渣土车,,2026-09-02
2e0a6043e729028b,宁波,nb_vehicle,,,,330282006000,1,16.1,14.77,工程渣土车,,2026-09-02
cacf6e38767c8354,宁波,nb_vehicle,,,,330282006000,1,16.1,14.77,工程渣土车,,2026-09-02
cc9f26d7e1104deb,宁波,nb_vehicle,,,,330282006000,1,16.87,14.0,工程渣土车,,2026-09-02
edf5167982061aaf,宁波,nb_vehicle,,,,330282006000,1,16.1,14.77,工程渣土车,,2026-09-02
42a6c4e8d46c74f4,宁波,nb_vehicle,,,,330282006000,1,16.1,14.77,工程渣土车,,2026-09-02
c6cc15f2c27e23f9,宁波,nb_vehicle,,,,330282006000,1,16.1,14.77,工程渣土车,,2026-09-02
99b99b4d4d2e1d04,宁波,nb_vehicle,,,,330282006000,1,16.1,14.77,工程渣土车,,2026-09-02
b455513f9a315a19,宁波,nb_vehicle,,,,330282006000,1,16.1,1.32,工程渣土车,,2026-09-02
9321cbe10107dd76,宁波,nb_vehicle,,,,330282006000,1,16.87,14.0,工程渣土车,,2026-09-02
1cb31a600ee1dfb8,宁波,nb_vehicle,,,,330282006000,1,16.1,14.77,工程渣土车,,2026-09-02
a80737188a43c159,宁波,nb_vehicle,,,,330282006000,1,16.1,14.77,工程渣土车,,2026-09-02
5d3e0a95b5ba3f4a,宁波,nb_vehicle,,,,330282006000,1,16.1,14.77,工程渣土车,,2026-09-02
3a742545543e9cd8,宁波,nb_vehicle,,,,330282006000,1,16.87,14.0,工程渣土车,,2026-09-02
6f59bef9619a5fcd,宁波,nb_vehicle,,,,330282006000,1,16.1,14.77,工程渣土车,,2026-09-02
45cbc6a6330ad666,宁波,nb_vehicle,,,,330282006000,1,16.1,14.77,工程渣土车,,2026-09-02
f3745107b843fc29,宁波,nb_vehicle,,,,330282006000,1,16.1,14.77,工程渣土车,,2026-09-02
f4223793d2f25b7b,宁波,nb_vehicle,,,,330282006000,1,16.87,14.0,工程渣土车,,2026-09-02
ab753b772a31b7df,宁波,nb_vehicle,,,,330282006000,1,16.1,14.77,工程渣土车,,2026-09-02
3e38bb8672b57f32,宁波,nb_vehicle,,,,330282006000,1,16.87,14.0,工程渣土车,,2026-09-02
9f9a89ba72988a7f,宁波,nb_vehicle,,,,330282006000,1,16.1,14.77,工程渣土车,,2026-09-02
3207cc2b06aeacad,宁波,nb_vehicle,,,,330282006000,1,16.1,14.77,工程渣土车,,2026-09-02
14a8d7c123236df4,宁波,nb_vehicle,,,,330282006000,1,16.1,14.77,工程渣土车,,2026-09-02
9a1a2d180511b6c5,宁波,nb_vehicle,,,,330282006000,1,16.1,14.77,工程渣土车,,2026-09-02
24417f03214f7205,宁波,nb_vehicle,,,,330282006000,1,16.1,14.77,工程渣土车,,2026-09-02
08861f4c47d373d4,宁波,nb_vehicle,,,,330282006000,1,16.1,14.77,工程渣土车,,2026-09-02
1c66679e11b38e3b,宁波,nb_vehicle,,,,330282006000,1,16.87,14.0,工程渣土车,,2026-09-02
9532c31ae76f8bb7,宁波,nb_vehicle,,,,330282006000,1,16.1,14.77,工程渣土车,,2026-09-02
47ec42a77f262e63,宁波,nb_vehicle,,,,330282006000,1,16.1,14.77,工程渣土车,,2026-09-02
f5e8281125fc6e8d,宁波,nb_vehicle,,,,330282006000,1,16.1,14.77,工程渣土车,,2026-09-02
9556ce71a7a87e03,宁波,nb_vehicle,,,,330282005000,1,16.1,14.77,工程渣土车,,2026-09-02
c5fceb45b83d4f17,宁波,nb_vehicle,,,,330282005000,1,16.1,14.77,工程渣土车,,2026-09-02
d003dae0d08086e3,宁波,nb_vehicle,,,,330282005000,1,16.1,14.77,工程渣土车,,2026-09-02
3e31cc59e0d879ab,宁波,nb_vehicle,,,,330282005000,1,16.1,14.77,工程渣土车,,2026-09-02
8c12d5be8e650302,宁波,nb_vehicle,,,,330282005000,1,16.1,14.77,工程渣土车,,2026-09-02
38c9aa658139f773,宁波,nb_vehicle,,,,330282005000,1,16.1,14.77,工程渣土车,,2026-09-02
8602b918bb57f07e,宁波,nb_vehicle,,,,330282005000,1,16.1,14.77,工程渣土车,,2026-09-02
444ae2fa077b8ffa,宁波,nb_vehicle,,,,330282005000,1,16.1,14.77,工程渣土车,,2026-09-02
4d53585bf3e6b125,宁波,nb_vehicle,,,,330282005000,1,16.1,14.77,工程渣土车,,2026-09-02
93a9dda246117446,宁波,nb_vehicle,,,,330282005000,1,16.1,14.77,工程渣土车,,2026-09-02
b4a5e7c05e53fa4e,宁波,nb_vehicle,,,,330282005000,1,16.1,14.77,工程渣土车,,2026-09-02
0e22c9fe57d797d9,宁波,nb_vehicle,,,,330282005000,1,16.1,14.77,工程渣土车,,2026-09-02
09d64d5004c6c014,宁波,nb_vehicle,,,,330282005000,1,15.37,15.5,工程渣土车,,2026-09-02
23d257000c6caba2,宁波,nb_vehicle,,,,330282005000,1,16.1,14.77,工程渣土车,,2026-09-02
4ef57cfeb7c06afc,宁波,nb_vehicle,,,,330282005000,1,16.1,14.77,工程渣土车,,2026-09-02
17381f09d7e93af3,宁波,nb_vehicle,,,,330282005000,1,16.1,14.77,工程渣土车,,2026-09-02
6f1d1be52444a404,宁波,nb_vehicle,,,,330282005000,1,16.1,14.77,工程渣土车,,2026-09-02
80cd1985dd6385c7,宁波,nb_vehicle,,,,330203104000,1,16.1,14.77,工程渣土车,,2026-09-02
85c43cd2209cbd44,宁波,nb_vehicle,,,,330203100000,1,10.97,18.8,工程泥浆车,,2026-09-02
17e923b0ad0a48ba,宁波,nb_vehicle,,,,330282006000,1,16.1,14.77,工程渣土车,,2026-09-02
fb7175de37f4796d,宁波,nb_vehicle,,,,330282006000,1,15.37,15.5,工程渣土车,,2026-09-02
8e145bf8ec3a911e,宁波,nb_vehicle,,,,330282006000,1,16.1,14.77,工程渣土车,,2026-09-02
e4acbe3911230b95,宁波,nb_vehicle,,,,330282006000,1,16.1,14.77,工程渣土车,,2026-09-02
719d4a53c584d3e6,宁波,nb_vehicle,,,,330282006000,1,15.37,15.5,工程渣土车,,2026-09-02
705911afa5ef43f8,宁波,nb_vehicle,,,,330282006000,1,15.37,15.5,工程渣土车,,2026-09-02
52a902e69533236d,宁波,nb_vehicle,,,,330282006000,1,15.37,15.5,工程渣土车,,2026-09-02
d4b29803f60f2a38,宁波,nb_vehicle,,,,330282006000,1,16.1,14.77,工程渣土车,,2026-09-02
f1bb5cb08bf1dd04,宁波,nb_vehicle,,,,330282006000,1,15.37,15.5,工程渣土车,,2026-09-02
e44780b0bce053a7,宁波,nb_vehicle,,,,330282006000,1,16.1,14.77,工程渣土车,,2026-09-02
1cb3acf91c021b90,宁波,nb_vehicle,,,,330282006000,1,16.1,14.77,工程渣土车,,2026-09-02
748db61b0b00dbfd,宁波,nb_vehicle,,,,330282006000,1,16.1,14.77,工程渣土车,,2026-09-02
1e2437cb2c7a5fbc,宁波,nb_vehicle,,,,330282006000,1,15.37,15.5,工程渣土车,,2026-09-02
757b3e7e6b34b4f7,宁波,nb_vehicle,,,,330203009000,1,10.97,19.9,工程泥浆车,,2026-09-02
3183213b63c0f494,宁波,nb_vehicle,,,,330203009000,1,10.97,19.9,工程泥浆车,,2026-09-02
b372c7769f7c2220,宁波,nb_vehicle,,,,330206002000,1,15.78,15.09,工程渣土车,,2026-09-02
2156ccabf055bcfe,宁波,nb_vehicle,,,,330212004000,1,16.1,14.77,工程渣土车,,2026-09-02
7fc4452aa66093f8,宁波,nb_vehicle,,,,330212004000,1,16.37,14.5,工程渣土车,,2026-09-02
985c212f44eaff67,宁波,nb_vehicle,,,,330212004000,1,16.1,14.77,工程渣土车,,2026-09-02
b1d5f2c5a6645390,宁波,nb_vehicle,,,,330212004000,1,16.37,14.5,工程渣土车,,2026-09-02
a701f77b3050fc1d,宁波,nb_vehicle,,,,330212004000,1,16.1,14.77,工程渣土车,,2026-09-02
b40d44d52ef47bb9,宁波,nb_vehicle,,,,330212004000,1,16.1,14.77,工程渣土车,,2026-09-02
438ef13d0dbeb3ee,宁波,nb_vehicle,,,,330212004000,1,16.1,14.77,工程渣土车,,2026-09-02
d6c9b1b94f59eb53,宁波,nb_vehicle,,,,330212004000,1,16.1,14.77,工程渣土车,,2026-09-02
ddd0f9aaf1c8ce6f,宁波,nb_vehicle,,,,330212004000,1,16.37,14.5,工程渣土车,,2026-09-02
2330dabb28481c97,宁波,nb_vehicle,,,,330212004000,1,16.37,14.5,工程渣土车,,2026-09-02
5863715941206dfa,宁波,nb_vehicle,,,,330212004000,1,16.1,14.77,工程渣土车,,2026-09-02
d672dd8e285d2e6e,宁波,nb_vehicle,,,,330212004000,1,16.37,14.5,工程渣土车,,2026-09-02
2ab07d778f8c8402,宁波,nb_vehicle,,,,330212004000,1,16.1,14.77,工程渣土车,,2026-09-02
323a73279be0b953,宁波,nb_vehicle,,,,330212004000,1,16.1,14.77,工程渣土车,,2026-09-02
0ebb4e19bbc882e1,宁波,nb_vehicle,,,,330212004000,1,16.1,14.77,工程渣土车,,2026-09-02
60e7d4935ec58b74,宁波,nb_vehicle,,,,330212004000,1,16.1,14.77,工程渣土车,,2026-09-02
59bac5799655c9f9,宁波,nb_vehicle,,,,330212004000,1,16.1,14.77,工程渣土车,,2026-09-02
30b4fc888fe98841,宁波,nb_vehicle,,,,330212004000,1,16.37,14.5,工程渣土车,,2026-09-02
1595c4accbc7681b,宁波,nb_vehicle,,,,330212004000,1,15.37,15.5,工程渣土车,,2026-09-02
a73cd7974811ba76,宁波,nb_vehicle,,,,330212004000,1,16.37,14.5,工程渣土车,,2026-09-02
801b27603e545b81,宁波,nb_vehicle,,,,330212004000,1,16.37,1.56,工程渣土车,,2026-09-02
dca14590cd42fc82,宁波,nb_vehicle,,,,330212004000,1,16.37,14.5,工程渣土车,,2026-09-02
e0b56b8c8ea4ba06,宁波,nb_vehicle,,,,330212004000,1,16.37,14.5,工程渣土车,,2026-09-02
528b9429b73b1c76,宁波,nb_vehicle,,,,330212004000,1,16.37,14.5,工程渣土车,,2026-09-02
e690cfc85c7ca3f7,宁波,nb_vehicle,,,,330212004000,1,16.37,14.5,工程渣土车,,2026-09-02
72903315137b323e,宁波,nb_vehicle,,,,330212004000,1,16.37,14.5,工程渣土车,,2026-09-02
af8d1634e5b8bd05,宁波,nb_vehicle,,,,330212004000,1,15.37,15.5,工程渣土车,,2026-09-02
f0e475afbd528cd1,宁波,nb_vehicle,,,,330212004000,1,16.1,14.77,工程渣土车,,2026-09-02
935ca13aa4a36022,宁波,nb_vehicle,,,,330212004000,1,16.1,14.77,工程渣土车,,2026-09-02
18534cb708f8dd5f,宁波,nb_vehicle,,,,330212004000,1,16.37,1.3,工程渣土车,,2026-09-02
7cbd07bf4682ca0f,宁波,nb_vehicle,,,,330212004000,1,16.1,14.77,工程渣土车,,2026-09-02
7e92475f8b4eb0e1,宁波,nb_vehicle,,,,330212004000,1,16.37,14.5,工程渣土车,,2026-09-02
3e0bb2e89ee7ad21,宁波,nb_vehicle,,,,330212004000,1,16.37,14.5,工程渣土车,,2026-09-02
8ca5848caac02cc0,宁波,nb_vehicle,,,,330212004000,1,16.37,14.5,工程渣土车,,2026-09-02
d8c9f1650d2308f0,宁波,nb_vehicle,,,,330206002000,1,15.78,15.09,工程渣土车,,2026-09-02
560ea58e30ee4ac5,宁波,nb_vehicle,,,,330212005000,1,16.1,14.77,工程渣土车,,2026-09-02
dd0607d4283fbc8b,宁波,nb_vehicle,,,,330206002000,1,0.999,2.822,工程渣土车,,2026-09-02
b33d1fc877a69c1e,宁波,nb_vehicle,,,,330206002000,1,1.645,2.72,工程渣土车,,2026-09-02
6651b993d8872b37,宁波,nb_vehicle,,,,330206002000,1,0.69,3.61,工程渣土车,,2026-09-02
fa4a687cd1bc8d2d,宁波,nb_vehicle,,,,330206002000,1,10.07,20.8,工程泥浆车,,2026-09-02
d03751c80bde9e65,宁波,nb_vehicle,,,,330206002000,1,10.97,19.9,工程泥浆车,,2026-09-02
f70bdb81230caacc,宁波,nb_vehicle,,,,330206002000,1,10.97,19.9,工程泥浆车,,2026-09-02
0776a7c6f09644d6,宁波,nb_vehicle,,,,330206002000,1,10.97,19.9,工程泥浆车,,2026-09-02
90af85bf170827e5,宁波,nb_vehicle,,,,330206002000,1,12.07,18.8,工程泥浆车,,2026-09-02
d30f28ff7a143407,宁波,nb_vehicle,,,,330206002000,1,12.07,18.8,工程泥浆车,,2026-09-02
5776354a827407a7,宁波,nb_vehicle,,,,330206002000,1,12.07,18.8,工程泥浆车,,2026-09-02
6ef438e29402f810,宁波,nb_vehicle,,,,330206002000,1,10.97,19.9,工程泥浆车,,2026-09-02
a372538bf880bc55,宁波,nb_vehicle,,,,330206002000,1,10.07,20.8,工程泥浆车,,2026-09-02
aacec312e1ee3aef,宁波,nb_vehicle,,,,330206002000,1,12.07,18.8,工程泥浆车,,2026-09-02
7f1bde773192f4ae,宁波,nb_vehicle,,,,330212005000,1,16.1,14.77,工程渣土车,,2026-09-02
c78622130094fbe8,宁波,nb_vehicle,,,,330212005000,1,16.1,14.77,工程渣土车,,2026-09-02
52975aaf116fdce0,宁波,nb_vehicle,,,,330205003000,1,16.1,1.61,工程渣土车,,2026-09-02
f36d38248af42d0c,宁波,nb_vehicle,,,,330203000000,1,1.645,2.72,装修垃圾车,,2026-09-02
0eae35cace1f9d01,宁波,nb_vehicle,,,,330205003000,1,16.1,14.77,工程渣土车,,2026-09-02
6abd133ca2d793c5,宁波,nb_vehicle,,,,330203000000,1,1.645,2.72,装修垃圾车,,2026-09-02
630c2bc48ee25953,宁波,nb_vehicle,,,,330205003000,1,16.1,14.77,工程渣土车,,2026-09-02
9655f1a132f6f6e1,宁波,nb_vehicle,,,,330205003000,1,16.1,14.77,工程渣土车,,2026-09-02
75116e161a4abde8,宁波,nb_vehicle,,,,330205003000,1,16.1,14.77,工程渣土车,,2026-09-02
453d24475c0615ad,宁波,nb_vehicle,,,,330205003000,1,16.1,14.77,工程渣土车,,2026-09-02
5b7074b21d2745d6,宁波,nb_vehicle,,,,330205003000,1,16.1,14.77,工程渣土车,,2026-09-02
b2f55ea3b59ecdc3,宁波,nb_vehicle,,,,330205003000,1,16.1,14.77,工程渣土车,,2026-09-02
10786c8cc6836e7e,宁波,nb_vehicle,,,,330205003000,1,16.1,1.22,工程渣土车,,2026-09-02
e288c9b8a78459fb,宁波,nb_vehicle,,,,330205003000,1,16.1,14.77,工程渣土车,,2026-09-02
8bb51d108e0f6ac4,宁波,nb_vehicle,,,,330205003000,1,16.1,14.77,工程渣土车,,2026-09-02
136eeb14f64df548,宁波,nb_vehicle,,,,330205003000,1,16.1,14.77,工程渣土车,,2026-09-02
9d8c4bae8ec077ce,宁波,nb_vehicle,,,,330205003000,1,16.1,14.77,工程渣土车,,2026-09-02
57d02440bfb1e0fa,宁波,nb_vehicle,,,,330205003000,1,16.1,14.77,工程渣土车,,2026-09-02
22df4338c463ab38,宁波,nb_vehicle,,,,330211004000,1,11.37,19.5,工程泥浆车,,2026-09-02
2f255e125fe74714,宁波,nb_vehicle,,,,330211004000,1,10.07,20.8,工程泥浆车,,2026-09-02
f7afb26e7f3d54e8,宁波,nb_vehicle,,,,330211004000,1,10.07,20.8,工程泥浆车,,2026-09-02
3d322e888f089c0c,宁波,nb_vehicle,,,,330211004000,1,11.37,19.5,工程泥浆车,,2026-09-02
73a26fc0df8739fb,宁波,nb_vehicle,,,,330281106000,1,16.1,14.77,工程渣土车,,2026-09-02
6446e424ec5ce0d8,宁波,nb_vehicle,,,,330203000000,1,1.645,2.72,工程渣土车,,2026-09-02
a2853d8c164282a3,宁波,nb_vehicle,,,,330203000000,1,1.645,2.72,装修垃圾车,,2026-09-02
a297e6a66443b1bc,宁波,nb_vehicle,,,,330203000000,1,1.645,2.72,装修垃圾车,,2026-09-02
f2170ec551f188ad,宁波,nb_vehicle,,,,330203000000,1,1.645,2.72,装修垃圾车,,2026-09-02
c498e32777e7199e,宁波,nb_vehicle,,,,330203000000,1,1.645,2.72,装修垃圾车,,2026-09-02
5196ac21dd77521d,宁波,nb_vehicle,,,,330203000000,1,1.645,2.72,装修垃圾车,,2026-09-02
bba06ebb96ef9318,宁波,nb_vehicle,,,,330203000000,1,1.645,2.72,装修垃圾车,,2026-09-02
c869ada67adb7d5b,宁波,nb_vehicle,,,,330212014000,1,0.69,3.61,装修垃圾车,,2026-09-02
44ac610dd1826b60,宁波,nb_vehicle,,,,330212014000,1,1.645,2.72,装修垃圾车,,2026-09-02
df59141674ed4e36,宁波,nb_vehicle,,,,330212014000,1,1.645,2.72,装修垃圾车,,2026-09-02
8db1cb6f489ea96d,宁波,nb_vehicle,,,,330212014000,1,1.645,2.72,装修垃圾车,,2026-09-02
c6ee0c2f4898dfaa,宁波,nb_vehicle,,,,330212014000,1,1.645,2.72,装修垃圾车,,2026-09-02
e4672a460877f2d6,宁波,nb_vehicle,,,,330212014000,1,0.43,3.665,工程渣土车,,2026-09-02
257ced582f62c0e6,宁波,nb_vehicle,,,,330212014000,1,1.645,2.72,装修垃圾车,,2026-09-02
f6d9535429bee176,宁波,nb_vehicle,,,,330212014000,1,1.645,2.72,工程渣土车,,2026-09-02
e572dcaf2cc0c2b1,宁波,nb_vehicle,,,,330212014000,1,0.69,3.61,工程渣土车,,2026-09-02
c29bb42878ece7f2,宁波,nb_vehicle,,,,330212014000,1,1.645,2.72,装修垃圾车,,2026-09-02
d88e0c1bd3320262,宁波,nb_vehicle,,,,330212014000,1,1.645,2.72,装修垃圾车,,2026-09-02
dc7763933139b8be,宁波,nb_vehicle,,,,330212014000,1,1.645,2.72,工程渣土车,,2026-09-02
ddba5f768c22a367,宁波,nb_vehicle,,,,330212014000,1,0.69,3.61,工程渣土车,,2026-09-02
7de703c63c5cd3a9,宁波,nb_vehicle,,,,330212014000,1,0.49,3.3,装修垃圾车,,2026-09-02
da5e957cccbf4379,宁波,nb_vehicle,,,,330212014000,1,1.645,2.72,装修垃圾车,,2026-09-02
fbf7a6e8cba20936,宁波,nb_vehicle,,,,330212014000,1,1.645,2.72,装修垃圾车,,2026-09-02
e81f20ad5edc107b,宁波,nb_vehicle,,,,330212014000,1,0.495,3.665,工程渣土车,,2026-09-02
488b0ee895066f47,宁波,nb_vehicle,,,,330212002000,1,12.07,18.8,工程泥浆车,,2026-09-02
a53b1982544af457,宁波,nb_vehicle,,,,330212002000,1,10.97,19.9,工程泥浆车,,2026-09-02
6b23e6d40aadf618,宁波,nb_vehicle,,,,330212000000,1,16.1,14.77,工程渣土车,,2026-09-02
382e3764c4e943de,宁波,nb_vehicle,,,,330206000000,1,4.37,4.6,装修垃圾车,,2026-09-02
84445484900051b9,宁波,nb_vehicle,,,,330212002000,1,10.97,19.9,工程泥浆车,,2026-09-02
50c976b241fc3591,宁波,nb_vehicle,,,,330212002000,1,12.07,18.8,工程泥浆车,,2026-09-02
dce901cda809f909,宁波,nb_vehicle,,,,330212002000,1,10.07,20.8,工程泥浆车,,2026-09-02
0a7e203ad8cffc53,宁波,nb_vehicle,,,,330212002000,1,10.97,19.9,工程泥浆车,,2026-09-02
ab469cf7c5776e24,宁波,nb_vehicle,,,,330212002000,1,10.97,19.9,工程泥浆车,,2026-09-02
5658a38cc3a21530,宁波,nb_vehicle,,,,330212002000,1,10.07,20.8,工程泥浆车,,2026-09-02
dc865c0002e0f263,宁波,nb_vehicle,,,,330212002000,1,10.97,19.9,工程泥浆车,,2026-09-02
e661d7c4905cd2ca,宁波,nb_vehicle,,,,330212002000,1,10.97,19.9,工程泥浆车,,2026-09-02
01a43947c9415963,宁波,nb_vehicle,,,,330212002000,1,10.97,19.9,工程泥浆车,,2026-09-02
66c8d48855c5aa69,宁波,nb_vehicle,,,,330212002000,1,10.97,19.9,工程泥浆车,,2026-09-02
b13c1e0b444e0db9,宁波,nb_vehicle,,,,330212002000,1,10.07,20.8,工程泥浆车,,2026-09-02
d8b5a5fb5394b67d,宁波,nb_vehicle,,,,330212002000,1,10.97,19.9,工程泥浆车,,2026-09-02
c082ea88fd09bd11,宁波,nb_vehicle,,,,330212002000,1,10.97,19.9,工程泥浆车,,2026-09-02
e3d74059700a8213,宁波,nb_vehicle,,,,330282100000,1,16.1,14.77,工程渣土车,,2026-09-02
8b14c98318ba0f1b,宁波,nb_vehicle,,,,330225002000,1,16.1,14.77,工程渣土车,,2026-09-02
1828e4ea075f7ae2,宁波,nb_vehicle,,,,330212100000,1,0.495,3.665,工程渣土车,,2026-09-02
acbc508ef57da9c8,宁波,nb_vehicle,,,,330213106000,1,16.1,14.77,工程渣土车,,2026-09-02
cab601b2194e333d,宁波,nb_vehicle,,,,330212007000,1,0.495,3.665,工程渣土车,,2026-09-02
256f3842a8249e49,宁波,nb_vehicle,,,,330212007000,1,0.43,3.665,工程渣土车,,2026-09-02
2d5e0480866e5be4,宁波,nb_vehicle,,,,330212007000,1,0.69,3.61,工程渣土车,,2026-09-02
d8128ec23963cdfb,宁波,nb_vehicle,,,,330212007000,1,0.495,3.665,工程渣土车,,2026-09-02
c36dc405d437bbbb,宁波,nb_vehicle,,,,330205007000,1,15.3,15.5,工程渣土车,,2026-09-02
84e405589dd7cb12,宁波,nb_vehicle,,,,330203103000,1,16.37,14.5,工程渣土车,,2026-09-02
8121abcc82d43804,宁波,nb_vehicle,,,,330203103000,1,16.02,14.85,工程渣土车,,2026-09-02
b69ddfc35a8d1acd,宁波,nb_vehicle,,,,330203103000,1,16.37,14.5,工程渣土车,,2026-09-02
61ca0bc6f1b904bb,宁波,nb_vehicle,,,,330203103000,1,16.37,14.5,工程渣土车,,2026-09-02
0572da813bf37cb6,宁波,nb_vehicle,,,,330203103000,1,16.02,14.85,工程渣土车,,2026-09-02
b82c981e30beabc2,宁波,nb_vehicle,,,,330203103000,1,16.02,14.85,工程渣土车,,2026-09-02
25f9a7bf00bdcc60,宁波,nb_vehicle,,,,330203103000,1,16.02,14.85,工程渣土车,,2026-09-02
15a693e98c21ce04,宁波,nb_vehicle,,,,330203103000,1,16.02,14.85,工程渣土车,,2026-09-02
9b3346ef1e5fb052,宁波,nb_vehicle,,,,330203103000,1,16.02,14.85,工程渣土车,,2026-09-02
f459c42f1b8f26bc,宁波,nb_vehicle,,,,330203103000,1,16.37,14.5,工程渣土车,,2026-09-02
688e708471f32c30,宁波,nb_vehicle,,,,330203103000,1,16.02,14.85,工程渣土车,,2026-09-02
2be54ce7b8d09526,宁波,nb_vehicle,,,,330203103000,1,16.02,14.85,工程渣土车,,2026-09-02
ecf6d7587964b82b,宁波,nb_vehicle,,,,330203103000,1,16.02,14.85,工程渣土车,,2026-09-02
c3941b808f032996,宁波,nb_vehicle,,,,330203103000,1,16.02,14.85,工程渣土车,,2026-09-02
c3ad997f087326c9,宁波,nb_vehicle,,,,330203103000,1,16.37,14.5,工程渣土车,,2026-09-02
c07ad00a21d397fa,宁波,nb_vehicle,,,,330203103000,1,16.37,14.5,工程渣土车,,2026-09-02
a58a56ad2319df9b,宁波,nb_vehicle,,,,330203103000,1,16.37,14.5,工程渣土车,,2026-09-02
9799a522ef5094d3,宁波,nb_vehicle,,,,330203103000,1,16.37,14.5,工程渣土车,,2026-09-02
aee1852b3060fa98,宁波,nb_vehicle,,,,330226001000,1,16.1,14.77,工程渣土车,,2026-09-02
ace4cc3d599699ea,宁波,nb_vehicle,,,,330226001000,1,16.1,14.77,工程渣土车,,2026-09-02
afd37c3e15f3aecc,宁波,nb_vehicle,,,,330226001000,1,15.37,15.5,工程渣土车,,2026-09-02
578086634f99deb3,宁波,nb_vehicle,,,,330226001000,1,15.37,15.5,工程渣土车,,2026-09-02
383aa72a60519a84,宁波,nb_vehicle,,,,330226001000,1,16.1,14.77,工程渣土车,,2026-09-02
b3ffb87cc5e521ec,宁波,nb_vehicle,,,,330226001000,1,16.1,14.77,工程渣土车,,2026-09-02
24fa0f67cfb81545,宁波,nb_vehicle,,,,330226001000,1,15.37,15.5,工程渣土车,,2026-09-02
69ac0b6322ccaad2,宁波,nb_vehicle,,,,330226001000,1,16.1,14.77,工程渣土车,,2026-09-02
0c886fc4bd5b8e57,宁波,nb_vehicle,,,,330226001000,1,16.1,14.77,工程渣土车,,2026-09-02
6d9786ddb2a0a19e,宁波,nb_vehicle,,,,330226001000,1,16.1,14.77,工程渣土车,,2026-09-02
86b2166294c401d4,宁波,nb_vehicle,,,,330226001000,1,15.37,15.5,工程渣土车,,2026-09-02
3003cbc8f0f436df,宁波,nb_vehicle,,,,330226001000,1,16.1,14.77,工程渣土车,,2026-09-02
8381ea8f1d33751b,宁波,nb_vehicle,,,,330226001000,1,15.37,15.5,工程渣土车,,2026-09-02
2aef25e1361e222f,宁波,nb_vehicle,,,,330226001000,1,15.37,15.5,工程渣土车,,2026-09-02
4ac54945b489efb2,宁波,nb_vehicle,,,,330226001000,1,15.37,15.5,工程渣土车,,2026-09-02
7ea4cda2842f6982,宁波,nb_vehicle,,,,330226001000,1,15.37,15.5,工程渣土车,,2026-09-02
518c7e1aa0ff4a76,宁波,nb_vehicle,,,,330226001000,1,16.1,14.77,工程渣土车,,2026-09-02
12e38cd91d96e92a,宁波,nb_vehicle,,,,330226001000,1,16.1,14.77,工程渣土车,,2026-09-02
6b55e20a3df65c76,宁波,nb_vehicle,,,,330226001000,1,16.1,14.77,工程渣土车,,2026-09-02
1693d89691381539,宁波,nb_vehicle,,,,330226001000,1,16.1,14.77,工程渣土车,,2026-09-02
975b05775782ee26,宁波,nb_vehicle,,,,330226001000,1,16.1,14.77,工程渣土车,,2026-09-02
340fe246043ffa54,宁波,nb_vehicle,,,,330226001000,1,16.1,14.77,工程渣土车,,2026-09-02
6eafeee1891176a4,宁波,nb_vehicle,,,,330226001000,1,16.1,14.77,工程渣土车,,2026-09-02
bfa832d779c2d9b4,宁波,nb_vehicle,,,,330226001000,1,16.1,14.77,工程渣土车,,2026-09-02
ed9d5d15db65bf28,宁波,nb_vehicle,,,,330226001000,1,16.1,14.77,工程渣土车,,2026-09-02
c86088572aad987c,宁波,nb_vehicle,,,,330226001000,1,16.1,14.77,工程渣土车,,2026-09-02
257000f3b5b401cb,宁波,nb_vehicle,,,,330226001000,1,16.1,14.77,工程渣土车,,2026-09-02
6d0817ed12addd64,宁波,nb_vehicle,,,,330226001000,1,16.1,14.77,工程渣土车,,2026-09-02
928e4877eb4cc950,宁波,nb_vehicle,,,,330226001000,1,16.1,14.77,工程渣土车,,2026-09-02
08df1258d385a2b7,宁波,nb_vehicle,,,,330226001000,1,16.1,14.77,工程渣土车,,2026-09-02
884e7903ef36ee20,宁波,nb_vehicle,,,,330226001000,1,15.37,15.5,工程渣土车,,2026-09-02
98fb0f86b05741de,宁波,nb_vehicle,,,,330226001000,1,16.1,14.77,工程渣土车,,2026-09-02
21f5d2c3859efcbe,宁波,nb_vehicle,,,,330226001000,1,15.37,15.5,工程渣土车,,2026-09-02
794f3bc76c551b58,宁波,nb_vehicle,,,,330212002000,1,11.92,18.95,工程泥浆车,,2026-09-02
65a8cd6279e538e3,宁波,nb_vehicle,,,,330212002000,1,11.92,18.95,工程泥浆车,,2026-09-02
e10602e240d8f02a,宁波,nb_vehicle,,,,330212002000,1,11.92,18.95,工程泥浆车,,2026-09-02
7ea2153c76bd1264,宁波,nb_vehicle,,,,330212002000,1,11.92,18.95,工程泥浆车,,2026-09-02
74d818f0760ce00b,宁波,nb_vehicle,,,,330205000000,1,1.645,2.72,装修垃圾车,,2026-09-02
896f2f7326ba8a11,宁波,nb_vehicle,,,,330203000000,1,1.645,2.72,装修垃圾车,,2026-09-02
b0bfa40473e75f48,宁波,nb_vehicle,,,,330203100000,1,4.6,4.37,装修垃圾车,,2026-09-02
61a3ca521ad8221b,宁波,nb_vehicle,,,,330203000000,1,10.07,20.8,工程泥浆车,,2026-09-02
7b6afd8c0aa7a2ff,宁波,nb_vehicle,,,,330203000000,1,16.87,14.0,工程渣土车,,2026-09-02
97323b61fc3a63dc,宁波,nb_vehicle,,,,330203000000,1,16.87,14.0,工程渣土车,,2026-09-02
5d95c184c4d6962b,宁波,nb_vehicle,,,,330203000000,1,16.87,14.0,工程渣土车,,2026-09-02
131f6ef35e914c35,宁波,nb_vehicle,,,,330203000000,1,16.87,14.0,工程渣土车,,2026-09-02
c0aafa14889af13a,宁波,nb_vehicle,,,,330203000000,1,16.87,14.0,工程渣土车,,2026-09-02
401ae7a5c6c541ad,宁波,nb_vehicle,,,,330203009000,1,16.1,14.77,工程渣土车,,2026-09-02
0c58ddb660933e05,宁波,nb_vehicle,,,,330203009000,1,16.1,14.77,工程渣土车,,2026-09-02
6eea050a92a92d4e,宁波,nb_vehicle,,,,330203009000,1,16.1,14.77,工程渣土车,,2026-09-02
d081a275325fa21c,宁波,nb_vehicle,,,,330206001000,1,1.645,2.72,装修垃圾车,,2026-09-02
a73f7297d15fafcf,宁波,nb_vehicle,,,,330225002000,1,16.0,14.87,工程渣土车,,2026-09-02
e22e2acbae5b5881,宁波,nb_vehicle,,,,330212000000,1,0.495,3.665,工程渣土车,,2026-09-02
fce4845389b45e40,宁波,nb_vehicle,,,,330212000000,1,0.69,3.61,装修垃圾车,,2026-09-02
f30bccc90dcc2729,宁波,nb_vehicle,,,,330212000000,1,0.495,3.665,装修垃圾车,,2026-09-02
bf026d0e19b6a98e,宁波,nb_vehicle,,,,330212016000,1,16.1,14.77,工程渣土车,,2026-09-02
36db7b1a072d2d87,宁波,nb_vehicle,,,,330212016000,1,16.1,14.77,工程渣土车,,2026-09-02
2b9dbc8a8a21fd50,宁波,nb_vehicle,,,,330212016000,1,16.1,14.77,工程渣土车,,2026-09-02
2c79c208c1227d9c,宁波,nb_vehicle,,,,330212016000,1,16.1,14.77,工程渣土车,,2026-09-02
87291b3a9a03292e,宁波,nb_vehicle,,,,330212016000,1,15.8,15.07,工程渣土车,,2026-09-02
8c13134a7f16537d,宁波,nb_vehicle,,,,330212016000,1,16.1,14.77,工程渣土车,,2026-09-02
70762f80804cd2cb,宁波,nb_vehicle,,,,330212016000,1,16.1,14.77,工程渣土车,,2026-09-02
c6a39125ff7f4c08,宁波,nb_vehicle,,,,330212016000,1,16.1,14.77,工程渣土车,,2026-09-02
60d1d01415a7a5fe,宁波,nb_vehicle,,,,330212016000,1,16.1,14.77,工程渣土车,,2026-09-02
ef674bc0fcb22b44,宁波,nb_vehicle,,,,330212016000,1,16.1,14.77,工程渣土车,,2026-09-02
c64fd1f7e07402b0,宁波,nb_vehicle,,,,330212016000,1,16.1,2.21,工程渣土车,,2026-09-02
8e2cb18300947edc,宁波,nb_vehicle,,,,330212016000,1,16.1,14.77,工程渣土车,,2026-09-02
8eb9ca48d9dc370e,宁波,nb_vehicle,,,,330212016000,1,16.1,14.77,工程渣土车,,2026-09-02
7706b7c293fa0aa4,宁波,nb_vehicle,,,,330212016000,1,16.1,14.77,工程渣土车,,2026-09-02
8fce899e3b9d39df,宁波,nb_vehicle,,,,330212016000,1,16.1,14.77,工程渣土车,,2026-09-02
859b03a84aef248e,宁波,nb_vehicle,,,,330282000000,1,7.185,4.68,装修垃圾车,,2026-09-02
1c0120782e55952f,宁波,nb_vehicle,,,,330282000000,1,7.185,4.68,装修垃圾车,,2026-09-02
4532dece6fa86406,宁波,nb_vehicle,,,,330203006000,1,6.72,4.35,装修垃圾车,,2026-09-02
3afea33050017808,宁波,nb_vehicle,,,,330203006000,1,6.72,4.35,装修垃圾车,,2026-09-02
c08478b82693a6d2,宁波,nb_vehicle,,,,330203006000,1,6.72,4.35,装修垃圾车,,2026-09-02
e74fa192db61c4f0,宁波,nb_vehicle,,,,330203006000,1,6.72,4.35,装修垃圾车,,2026-09-02
392f1111c43d668a,宁波,nb_vehicle,,,,330203006000,1,4.13,3.95,装修垃圾车,,2026-09-02
1a897a574143cee8,宁波,nb_vehicle,,,,330203006000,1,6.32,4.75,装修垃圾车,,2026-09-02
09dca73292116f09,宁波,nb_vehicle,,,,330203006000,1,6.72,4.35,装修垃圾车,,2026-09-02
13b340d5cb77bcd3,宁波,nb_vehicle,,,,330203006000,1,1.64,2.72,装修垃圾车,,2026-09-02
f52118b9728f0385,宁波,nb_vehicle,,,,330281000000,1,16.1,14.77,工程渣土车,,2026-09-02
30901b72f4987865,宁波,nb_vehicle,,,,330225002000,1,16.1,14.77,工程渣土车,,2026-09-02
26e739a4320b0988,宁波,nb_vehicle,,,,330205007000,1,10.97,19.9,工程泥浆车,,2026-09-02
2349c8986dbfc202,宁波,nb_vehicle,,,,330205007000,1,10.97,19.9,工程泥浆车,,2026-09-02
1cf226052a5cada9,宁波,nb_vehicle,,,,330205007000,1,12.07,18.8,工程泥浆车,,2026-09-02
59d271aecb08dd90,宁波,nb_vehicle,,,,330205007000,1,16.1,14.77,工程渣土车,,2026-09-02
2fb1bec5bb069a69,宁波,nb_vehicle,,,,330205007000,1,10.97,19.9,工程泥浆车,,2026-09-02
2a77095649cb334e,宁波,nb_vehicle,,,,330205007000,1,16.1,14.77,工程渣土车,,2026-09-02
9eb81b14e7805357,宁波,nb_vehicle,,,,330205007000,1,1.645,2.72,装修垃圾车,,2026-09-02
cd375ef5c09adc23,宁波,nb_vehicle,,,,330205007000,1,1.645,2.72,工程渣土车,,2026-09-02
5089247fc092cb37,宁波,nb_vehicle,,,,330205007000,1,0.69,3.61,工程渣土车,,2026-09-02
faacf10f6bacb612,宁波,nb_vehicle,,,,330205007000,1,1.645,2.72,工程渣土车,,2026-09-02
323ce7e8b7fc67c4,宁波,nb_vehicle,,,,330205007000,1,1.645,2.72,工程渣土车,,2026-09-02
78f616086803ad63,宁波,nb_vehicle,,,,330205007000,1,1.645,2.72,装修垃圾车,,2026-09-02
96620f743a892ad1,宁波,nb_vehicle,,,,330205007000,1,1.645,2.72,工程渣土车,,2026-09-02
0df0cec19a3e8e78,宁波,nb_vehicle,,,,330205007000,1,1.645,2.72,工程渣土车,,2026-09-02
5fbcf43220df3423,宁波,nb_vehicle,,,,330205007000,1,0.495,3.665,装修垃圾车,,2026-09-02
d8e4d160291f621c,宁波,nb_vehicle,,,,330205007000,1,0.495,3.665,装修垃圾车,,2026-09-02
3dc3a333bb8895c4,宁波,nb_vehicle,,,,330281004000,1,16.1,14.77,工程渣土车,,2026-09-02
9fcb8f317faaacac,宁波,nb_vehicle,,,,330206000000,1,4.97,4.0,装修垃圾车,,2026-09-02
8291673ab9bc15de,宁波,nb_vehicle,,,,330282000000,1,1.64,2.72,装修垃圾车,,2026-09-02
d0df5b8b7399b7c1,宁波,nb_vehicle,,,,330282000000,1,4.62,4.35,装修垃圾车,,2026-09-02
b18f91ac65045102,宁波,nb_vehicle,,,,330212007000,1,1.645,2.72,装修垃圾车,,2026-09-02
48085d58a315409d,宁波,nb_vehicle,,,,330225002000,1,16.1,14.77,工程渣土车,,2026-09-02
cdc1e6645ef89d7b,宁波,nb_vehicle,,,,330212108000,1,16.1,14.77,工程渣土车,,2026-09-02
f88b1f3dadf85bc6,宁波,nb_vehicle,,,,330212103000,1,16.04,14.83,工程渣土车,,2026-09-02
43b8e25777944dad,宁波,nb_vehicle,,,,330203100000,1,16.87,14.0,工程渣土车,,2026-09-02
39e57fee25428415,宁波,nb_vehicle,,,,330203100000,1,16.87,14.0,工程渣土车,,2026-09-02
50be0d101ae0543a,宁波,nb_vehicle,,,,330203100000,1,16.87,14.0,工程渣土车,,2026-09-02
4c7cfa43607553a9,宁波,nb_vehicle,,,,330203100000,1,16.87,14.0,工程渣土车,,2026-09-02
b3abdb09680a0571,宁波,nb_vehicle,,,,330225002000,1,8.87,22.0,工程泥浆车,,2026-09-02
3094d1c3d53d40fc,宁波,nb_vehicle,,,,330281000000,1,10.7,20.8,工程泥浆车,,2026-09-02
4aa8a2c9593bad46,宁波,nb_vehicle,,,,330203100000,1,16.87,14.0,工程渣土车,,2026-09-02
449c4de2e2ced972,宁波,nb_vehicle,,,,330203100000,1,16.87,14.0,工程渣土车,,2026-09-02
baaa3c883fdce2a4,宁波,nb_vehicle,,,,330203100000,1,15.675,15.195,工程渣土车,,2026-09-02
e47e147ed85c87d5,宁波,nb_vehicle,,,,330203100000,1,16.87,14.0,工程渣土车,,2026-09-02
b3d9d16526ec3e03,宁波,nb_vehicle,,,,330203100000,1,16.37,14.0,工程渣土车,,2026-09-02
5538fe66d976cbe2,宁波,nb_vehicle,,,,330203100000,1,16.87,14.0,工程渣土车,,2026-09-02
1e43b4252f5c01d0,宁波,nb_vehicle,,,,330203100000,1,16.87,14.0,工程渣土车,,2026-09-02
1039d7c13f46123c,宁波,nb_vehicle,,,,330203100000,1,15.675,15.195,工程渣土车,,2026-09-02
73a49051a581fcfc,宁波,nb_vehicle,,,,330203100000,1,16.87,14.0,工程渣土车,,2026-09-02
cd4ac111f88c6188,宁波,nb_vehicle,,,,330203100000,1,16.87,14.0,工程渣土车,,2026-09-02
dcf5677d67c35f51,宁波,nb_vehicle,,,,330203100000,1,16.87,14.0,工程渣土车,,2026-09-02
7e718988d5f425b0,宁波,nb_vehicle,,,,330203100000,1,16.87,14.0,工程渣土车,,2026-09-02
0ae1d963c357fcf2,宁波,nb_vehicle,,,,330203100000,1,16.87,14.0,工程渣土车,,2026-09-02
600d7b9c3f03b2fd,宁波,nb_vehicle,,,,330203100000,1,16.87,14.0,工程渣土车,,2026-09-02
6ca7b2c539fa7f00,宁波,nb_vehicle,,,,330203100000,1,16.87,14.0,工程渣土车,,2026-09-02
b71c240434515b4f,宁波,nb_vehicle,,,,330203100000,1,16.87,14.0,工程渣土车,,2026-09-02
7dd8277271343e49,宁波,nb_vehicle,,,,330203100000,1,16.87,14.0,工程渣土车,,2026-09-02
ed84f46b83bd7bef,宁波,nb_vehicle,,,,330203100000,1,16.87,14.0,工程渣土车,,2026-09-02
2b427518a5617ec8,宁波,nb_vehicle,,,,330203009000,1,16.87,14.0,工程渣土车,,2026-09-02
0978759fbd362054,宁波,nb_vehicle,,,,330225002000,1,16.0,14.87,工程渣土车,,2026-09-02
55457940297d8c16,宁波,nb_vehicle,,,,330203009000,1,16.1,14.77,工程渣土车,,2026-09-02
3267c877f0682a28,宁波,nb_vehicle,,,,330212103000,1,16.04,14.83,工程渣土车,,2026-09-02
d91913b9e0e71b43,宁波,nb_vehicle,,,,330211003000,1,16.0,14.85,工程渣土车,,2026-09-02
66b7d8ca0dac0009,宁波,nb_vehicle,,,,330203002000,1,9.93,7.875,装修垃圾车,,2026-09-02
25626e75707ae244,宁波,nb_vehicle,,,,330203002000,1,8.625,7.38,装修垃圾车,,2026-09-02
db331f3d5992ea23,宁波,nb_vehicle,,,,330203002000,1,9.93,7.875,装修垃圾车,,2026-09-02
ccedbeb9fb9aa80c,宁波,nb_vehicle,,,,330203002000,1,1.645,2.72,装修垃圾车,,2026-09-02
0e7770c2717d2c39,宁波,nb_vehicle,,,,330203008000,1,1.645,2.72,装修垃圾车,,2026-09-02
de119e13a3569be7,宁波,nb_vehicle,,,,330226102000,1,16.87,14.0,工程渣土车,,2026-09-02
aeab328edb58d03e,宁波,nb_vehicle,,,,330226102000,1,16.87,14.0,工程渣土车,,2026-09-02
3dfe39e579e51866,宁波,nb_vehicle,,,,330226102000,1,16.87,14.0,工程渣土车,,2026-09-02
fc013ae59096cd14,宁波,nb_vehicle,,,,330226102000,1,16.87,14.0,工程渣土车,,2026-09-02
44327bc2bdb41174,宁波,nb_vehicle,,,,330226102000,1,15.37,15.5,工程渣土车,,2026-09-02
ceb872b708bdc2d5,宁波,nb_vehicle,,,,330226102000,1,15.37,15.5,工程渣土车,,2026-09-02
51605afbdb7de3e8,宁波,nb_vehicle,,,,330213000000,1,1.645,2.72,装修垃圾车,,2026-09-02
d48e53061814b9c1,宁波,nb_vehicle,,,,330212100000,1,1.645,2.72,装修垃圾车,,2026-09-02
c0590dc137281c5f,宁波,nb_vehicle,,,,330212100000,1,1.645,2.72,装修垃圾车,,2026-09-02
748cc85d9d5eb68a,宁波,nb_vehicle,,,,330212100000,1,1.645,2.72,工程渣土车,,2026-09-02
1f6f23c95087f612,宁波,nb_vehicle,,,,330212100000,1,1.645,2.72,装修垃圾车,,2026-09-02
318d699d484a2700,宁波,nb_vehicle,,,,330226002000,1,4.62,4.35,装修垃圾车,,2026-09-02
6c84d6ca5553fd53,宁波,nb_vehicle,,,,330226002000,1,4.62,4.35,装修垃圾车,,2026-09-02
2a610564ae057d97,宁波,nb_vehicle,,,,330226002000,1,4.62,4.35,装修垃圾车,,2026-09-02
87be767dc76527d9,宁波,nb_vehicle,,,,330226002000,1,1.645,2.72,工程渣土车,,2026-09-02
737a1bf6c0041681,宁波,nb_vehicle,,,,330226002000,1,1.645,2.72,工程渣土车,,2026-09-02
08ba39659c2e172c,宁波,nb_vehicle,,,,330226002000,1,4.62,4.35,装修垃圾车,,2026-09-02
15740b74cf546148,宁波,nb_vehicle,,,,330225002000,1,10.07,20.8,工程泥浆车,,2026-09-02
1d2629d34244ba09,宁波,nb_vehicle,,,,330203000000,1,1.645,2.72,装修垃圾车,,2026-09-02
cec6bbbc475b4bdf,宁波,nb_vehicle,,,,330213106000,1,16.1,14.77,工程渣土车,,2026-09-02
5bcc05df4249507a,宁波,nb_vehicle,,,,330213106000,1,16.1,14.77,工程渣土车,,2026-09-02
f327b1a17f1fb193,宁波,nb_vehicle,,,,330281106000,1,15.37,15.5,工程渣土车,,2026-09-02
c881d38d664d241e,宁波,nb_vehicle,,,,330281004000,1,16.1,14.77,工程渣土车,,2026-09-02
a58df4c2fa014166,宁波,nb_vehicle,,,,330281004000,1,15.67,15.2,工程渣土车,,2026-09-02
1fe2302d25cb62b5,宁波,nb_vehicle,,,,330225002000,1,16.1,14.77,工程渣土车,,2026-09-02
8e89201144b6c13a,宁波,nb_vehicle,,,,330211003000,1,16.1,14.77,工程渣土车,,2026-09-02
c67ab08bedcf97ba,宁波,nb_vehicle,,,,330211003000,1,16.1,14.77,工程渣土车,,2026-09-02
edcc9cd7de1acbe9,宁波,nb_vehicle,,,,330211003000,1,16.1,14.77,工程渣土车,,2026-09-02
302b4f640edcc445,宁波,nb_vehicle,,,,330211003000,1,16.1,14.77,工程渣土车,,2026-09-02
0b96699bb06dcfa5,宁波,nb_vehicle,,,,330211003000,1,16.1,14.77,工程渣土车,,2026-09-02
076d9612c393c736,宁波,nb_vehicle,,,,330211003000,1,16.1,14.77,工程渣土车,,2026-09-02
ae071eda5278fbe2,宁波,nb_vehicle,,,,330211003000,1,16.1,14.77,工程渣土车,,2026-09-02
5b41b8f3c06d2b64,宁波,nb_vehicle,,,,330211003000,1,16.1,14.77,工程渣土车,,2026-09-02
bc27837b338f04bc,宁波,nb_vehicle,,,,330225002000,1,16.1,14.77,工程渣土车,,2026-09-02
a4cb76a8ace43f06,宁波,nb_vehicle,,,,330213106000,1,16.1,14.77,工程渣土车,,2026-09-02
e784bf16d4b7f176,宁波,nb_vehicle,,,,330205007000,1,7.31,4.49,装修垃圾车,,2026-09-02
643fcab18ce36e70,宁波,nb_vehicle,,,,330205007000,1,7.31,4.49,装修垃圾车,,2026-09-02
e4c4f89ffa027885,宁波,nb_vehicle,,,,330205007000,1,1.645,2.72,工程渣土车,,2026-09-02
b437bcc9df36a3c4,宁波,nb_vehicle,,,,330205007000,1,1.645,2.72,装修垃圾车,,2026-09-02
c17c487a5e9cde0f,宁波,nb_vehicle,,,,330205007000,1,1.645,2.72,装修垃圾车,,2026-09-02
9976efa44d585f1c,宁波,nb_vehicle,,,,330205007000,1,1.645,2.72,装修垃圾车,,2026-09-02
83f40170b7bb295d,宁波,nb_vehicle,,,,330205007000,1,0.495,3.87,工程渣土车,,2026-09-02
5fb79a711a7ab8fc,宁波,nb_vehicle,,,,330205007000,1,1.645,2.72,工程渣土车,,2026-09-02
f9326c91fb242b9e,宁波,nb_vehicle,,,,330205007000,1,7.31,4.49,装修垃圾车,,2026-09-02
f4f2491182d3b3ba,宁波,nb_vehicle,,,,330205007000,1,1.645,2.72,装修垃圾车,,2026-09-02
2e764227695ab0bc,宁波,nb_vehicle,,,,330203100000,1,6.72,4.35,装修垃圾车,,2026-09-02
0805d8f16d8ea697,宁波,nb_vehicle,,,,330203100000,1,4.6,4.37,装修垃圾车,,2026-09-02
4c165bb9bfa589fe,宁波,nb_vehicle,,,,330203100000,1,4.6,4.37,装修垃圾车,,2026-09-02
0f8f466b4c21371f,宁波,nb_vehicle,,,,330212005000,1,16.37,14.5,工程渣土车,,2026-09-02
ae146adc5342253f,宁波,nb_vehicle,,,,330206002000,1,10.07,20.8,工程泥浆车,,2026-09-02
9a0d4b9d66a1a231,宁波,nb_vehicle,,,,330206002000,1,16.02,14.85,工程渣土车,,2026-09-02
885631215c86ad77,宁波,nb_vehicle,,,,330206002000,1,16.02,14.85,工程渣土车,,2026-09-02
73007079d15f8a98,宁波,nb_vehicle,,,,330206002000,1,10.97,19900.0,工程泥浆车,,2026-09-02
6d0e5bbe0ee10c3d,宁波,nb_vehicle,,,,330206002000,1,10.97,19.9,工程泥浆车,,2026-09-02
5340ccaeebcc23d1,宁波,nb_vehicle,,,,330206002000,1,16.02,14.85,工程渣土车,,2026-09-02
85c59b73ad81a662,宁波,nb_vehicle,,,,330206002000,1,16.02,14.85,工程渣土车,,2026-09-02
5cab82311b85d582,宁波,nb_vehicle,,,,330206002000,1,16.02,14.85,工程渣土车,,2026-09-02
80dad80d9d800cf1,宁波,nb_vehicle,,,,330206002000,1,8.87,22.0,工程泥浆车,,2026-09-02
dc1f3a544d0ecda4,宁波,nb_vehicle,,,,330206002000,1,11.37,19.63,工程泥浆车,,2026-09-02
29c0ffd972e4d040,宁波,nb_vehicle,,,,330206002000,1,12.07,18.8,工程泥浆车,,2026-09-02
2ff7296984bf73a6,宁波,nb_vehicle,,,,330206002000,1,15.78,15.09,工程渣土车,,2026-09-02
d8b30503a0223334,宁波,nb_vehicle,,,,330206002000,1,16.1,14.77,工程渣土车,,2026-09-02
061db9322c5c9ad2,宁波,nb_vehicle,,,,330206002000,1,15.78,1.6,工程渣土车,,2026-09-02
8ba68410993275a4,宁波,nb_vehicle,,,,330206010000,1,0.495,3.87,工程渣土车,,2026-09-02
bf9778ccc2a5fb06,宁波,nb_vehicle,,,,330206010000,1,0.495,3.87,工程渣土车,,2026-09-02
658e20929b0cbe30,宁波,nb_vehicle,,,,330206010000,1,0.495,3.87,工程渣土车,,2026-09-02
68b38fbc684f009f,宁波,nb_vehicle,,,,330206010000,1,0.495,3.87,工程渣土车,,2026-09-02
93d966b7b263b1ce,宁波,nb_vehicle,,,,330281114000,1,15.37,15.5,工程渣土车,,2026-09-02
9510a50dd7bd5d0a,宁波,nb_vehicle,,,,330281004000,1,12.07,18.8,工程泥浆车,,2026-09-02
16a7e44eae98876b,宁波,nb_vehicle,,,,330225002000,1,15.37,15.5,工程渣土车,,2026-09-02
8cd4e14c182fe38a,宁波,nb_vehicle,,,,330225002000,1,15.37,15.5,工程渣土车,,2026-09-02
5625a2ac7ec3fd34,宁波,nb_vehicle,,,,330225002000,1,16.1,14.77,工程渣土车,,2026-09-02
7b979f57da1dc584,宁波,nb_vehicle,,,,330225002000,1,16.1,14.77,工程渣土车,,2026-09-02
26a9284966f2eec7,宁波,nb_vehicle,,,,330206002000,1,4.62,4.35,装修垃圾车,,2026-09-02
3a8d1caed9964b85,宁波,nb_vehicle,,,,330206002000,1,4.62,4.35,装修垃圾车,,2026-09-02
fbcea6a1e4ff3305,宁波,nb_vehicle,,,,330206002000,1,4.37,4.6,装修垃圾车,,2026-09-02
c6ef1f1d6da41041,宁波,nb_vehicle,,,,330206005000,1,1.645,2.72,装修垃圾车,,2026-09-02
f12bda22b33c5020,宁波,nb_vehicle,,,,330206005000,1,1.645,2.72,装修垃圾车,,2026-09-02
20be54d3d12ac7ab,宁波,nb_vehicle,,,,330206005000,1,1.645,2.72,装修垃圾车,,2026-09-02
711f9b8ba2e991ac,宁波,nb_vehicle,,,,330206010000,1,0.495,3.87,工程渣土车,,2026-09-02
86a644891eed48d3,宁波,nb_vehicle,,,,330206010000,1,0.495,3.87,工程渣土车,,2026-09-02
26ae6aa2fc488d5a,宁波,nb_vehicle,,,,330206010000,1,0.495,3.87,工程渣土车,,2026-09-02
b28111bbd20936f4,宁波,nb_vehicle,,,,330206010000,1,0.495,3.87,工程渣土车,,2026-09-02
d98ae9b579aa380c,宁波,nb_vehicle,,,,330212103000,1,16.37,14.5,工程渣土车,,2026-09-02
a47c4db735d8a8ab,宁波,nb_vehicle,,,,330203009000,1,16.37,14.5,工程渣土车,,2026-09-02
0f0c4c31bb95cedd,宁波,nb_vehicle,,,,330282104000,1,1.645,2.72,装修垃圾车,,2026-09-02
b38affa18e9d7e61,宁波,nb_vehicle,,,,330282104000,1,1.645,2.72,装修垃圾车,,2026-09-02
d901677c00929423,宁波,nb_vehicle,,,,330282104000,1,1.645,2.72,装修垃圾车,,2026-09-02
0885dc753c6d6b73,宁波,nb_vehicle,,,,330282000000,1,1.645,2.72,装修垃圾车,,2026-09-02
f8d89a3ded17e384,宁波,nb_vehicle,,,,330282000000,1,6.72,4.35,装修垃圾车,,2026-09-02
1cc783cefb04f9b0,宁波,nb_vehicle,,,,330282000000,1,1.645,2.72,装修垃圾车,,2026-09-02
59088457b2bcafda,宁波,nb_vehicle,,,,330212000000,1,15.37,15.5,工程渣土车,,2026-09-02
59eb7770f1e2b673,宁波,nb_vehicle,,,,330225002000,1,15.9,14.97,工程渣土车,,2026-09-02
5351be468f90fa9f,宁波,nb_vehicle,,,,330225002000,1,16.1,14.77,工程渣土车,,2026-09-02
2c7e572aedecaa0f,宁波,nb_vehicle,,,,330225002000,1,16.1,14.77,工程渣土车,,2026-09-02
af7ca8a86b474a46,宁波,nb_vehicle,,,,330203009000,1,10.97,19.9,工程泥浆车,,2026-09-02
625749e0b4cd3e57,宁波,nb_vehicle,,,,330205103000,1,16.1,14.77,工程渣土车,,2026-09-02
1f45230649070b30,宁波,nb_vehicle,,,,330205103000,1,16.1,14.77,工程渣土车,,2026-09-02
c1262ec69b77daab,宁波,nb_vehicle,,,,330205103000,1,16.1,14.77,工程渣土车,,2026-09-02
3029dafcf40dba78,宁波,nb_vehicle,,,,330205103000,1,16.1,14.77,工程渣土车,,2026-09-02
84f04476f599baf0,宁波,nb_vehicle,,,,330205103000,1,16.1,14.77,工程渣土车,,2026-09-02
44925b6ae0cd0b41,宁波,nb_vehicle,,,,330205103000,1,16.1,14.77,工程渣土车,,2026-09-02
c5a77c7bfff9f880,宁波,nb_vehicle,,,,330205103000,1,16.1,14.77,工程渣土车,,2026-09-02
f39c3eb260c2416d,宁波,nb_vehicle,,,,330205103000,1,16.1,14.77,工程渣土车,,2026-09-02
d2b1f9c7a73d3e2c,宁波,nb_vehicle,,,,330205103000,1,16.1,14.77,工程渣土车,,2026-09-02
2211b2e30bb6f615,宁波,nb_vehicle,,,,330205103000,1,16.1,14.77,工程渣土车,,2026-09-02
5b78988be8530cfc,宁波,nb_vehicle,,,,330226002000,1,16.1,14.77,工程渣土车,,2026-09-02
ad43ee200e153ef1,宁波,nb_vehicle,,,,330226002000,1,16.1,14.77,工程渣土车,,2026-09-02
613fb07968a37d1e,宁波,nb_vehicle,,,,330226002000,1,16.1,14.77,工程渣土车,,2026-09-02
edda9f77f5389a7b,宁波,nb_vehicle,,,,330226002000,1,16.1,14.77,工程渣土车,,2026-09-02
d4aaab6daa1d79df,宁波,nb_vehicle,,,,330226002000,1,16.1,14.77,工程渣土车,,2026-09-02
8c6cb4a2b56aef50,宁波,nb_vehicle,,,,330213106000,1,16.1,14.77,工程渣土车,,2026-09-02
aa97194ae9a84dc5,宁波,nb_vehicle,,,,330213106000,1,15.37,15.5,工程渣土车,,2026-09-02
aa6c90fdfdbd0e88,宁波,nb_vehicle,,,,330203101000,1,1.645,2.72,装修垃圾车,,2026-09-02
60b8172c078d47f0,宁波,nb_vehicle,,,,330203005000,1,1.645,2.72,装修垃圾车,,2026-09-02
35f2c43f01acd9d2,宁波,nb_vehicle,,,,330203005000,1,1.645,2.72,装修垃圾车,,2026-09-02
f234b5966b255a76,宁波,nb_vehicle,,,,330213000000,1,1.645,2.72,装修垃圾车,,2026-09-02
8d1cdd283bfd4159,宁波,nb_vehicle,,,,330213000000,1,1.645,2.72,装修垃圾车,,2026-09-02
b7cb42246da43f06,宁波,nb_vehicle,,,,330212000000,1,15.37,15.5,工程渣土车,,2026-09-02
7d90b87121bd3d23,宁波,nb_vehicle,,,,330212000000,1,15.37,15.5,工程渣土车,,2026-09-02
ebb68d5f71bef1c6,宁波,nb_vehicle,,,,330212000000,1,15.37,15.5,工程渣土车,,2026-09-02
88941746ff7eeb95,宁波,nb_vehicle,,,,330212000000,1,16.1,14.77,工程渣土车,,2026-09-02
c36e1fd39f714ef6,宁波,nb_vehicle,,,,330212000000,1,15.37,15.5,工程渣土车,,2026-09-02
efd15b74a168a580,宁波,nb_vehicle,,,,330212000000,1,15.37,15.5,工程渣土车,,2026-09-02
2a04cf5bc03c4840,宁波,nb_vehicle,,,,330212000000,1,15.37,15.5,工程渣土车,,2026-09-02
0cafae864949bcb5,宁波,nb_vehicle,,,,330212000000,1,15.37,15.5,工程渣土车,,2026-09-02
0ff397b9d8d76b12,宁波,nb_vehicle,,,,330212000000,1,15.37,15.5,工程渣土车,,2026-09-02
4e11a9a1a3c71d72,宁波,nb_vehicle,,,,330212000000,1,15.37,15.5,工程渣土车,,2026-09-02
4195aae77c7b0d7f,宁波,nb_vehicle,,,,330212000000,1,15.37,15.5,工程渣土车,,2026-09-02
aeabd7a59bd9cc7a,宁波,nb_vehicle,,,,330212000000,1,16.1,1.34,工程渣土车,,2026-09-02
a415ef14833f3d10,宁波,nb_vehicle,,,,330212000000,1,15.37,15.5,工程渣土车,,2026-09-02
ac4ae1181aa86669,宁波,nb_vehicle,,,,330212000000,1,15.37,15.5,工程渣土车,,2026-09-02
059f1490aae812b4,宁波,nb_vehicle,,,,330212000000,1,15.37,15.5,工程渣土车,,2026-09-02
3edc720db62dd3a2,宁波,nb_vehicle,,,,330212000000,1,16.1,14.77,工程渣土车,,2026-09-02
366d85b2cd4de464,宁波,nb_vehicle,,,,330212000000,1,15.37,15.5,工程渣土车,,2026-09-02
6074cfcf085b3964,宁波,nb_vehicle,,,,330212000000,1,16.1,14.77,工程渣土车,,2026-09-02
02eb223fb79ae9fc,宁波,nb_vehicle,,,,330212000000,1,16.1,1.775,工程渣土车,,2026-09-02
d8f0a134fade7199,宁波,nb_vehicle,,,,330212000000,1,16.1,14.77,工程渣土车,,2026-09-02
a957fa900abbcfba,宁波,nb_vehicle,,,,330212000000,1,15.37,15.5,工程渣土车,,2026-09-02
f89945332c88672b,宁波,nb_vehicle,,,,330212000000,1,15.37,15.5,工程渣土车,,2026-09-02
ecf76399842cbfb5,宁波,nb_vehicle,,,,330212000000,1,15.37,15.5,工程渣土车,,2026-09-02
3651318290ee6fd8,宁波,nb_vehicle,,,,330212000000,1,16.1,14.77,工程渣土车,,2026-09-02
cacf6ca934d2c7a7,宁波,nb_vehicle,,,,330212000000,1,16.1,14.77,工程渣土车,,2026-09-02
9225b08ef9f6c655,宁波,nb_vehicle,,,,330212000000,1,16.1,14.77,工程渣土车,,2026-09-02
ea84e116395a9d2f,宁波,nb_vehicle,,,,330212000000,1,15.37,15.5,工程渣土车,,2026-09-02
3ff7ba21b1ce6591,宁波,nb_vehicle,,,,330212000000,1,15.37,15.5,工程渣土车,,2026-09-02
a57006bc0999e34c,宁波,nb_vehicle,,,,330212000000,1,15.37,15.5,工程渣土车,,2026-09-02
f47c2bd5cd5e197f,宁波,nb_vehicle,,,,330212000000,1,16.1,14.77,工程渣土车,,2026-09-02
5877a9d92de4adca,宁波,nb_vehicle,,,,330212000000,1,15.37,15.5,工程渣土车,,2026-09-02
9222591d605e6f08,宁波,nb_vehicle,,,,330205103000,1,15.37,15.5,工程渣土车,,2026-09-02
b6382d6c4e3201ce,宁波,nb_vehicle,,,,330205103000,1,16.1,14.77,工程渣土车,,2026-09-02
83eec48f6727d1d1,宁波,nb_vehicle,,,,330205103000,1,16.1,14.77,工程渣土车,,2026-09-02
6d728b5ea2eed514,宁波,nb_vehicle,,,,330205103000,1,16.1,14.77,工程渣土车,,2026-09-02
468cac11a6a136d0,宁波,nb_vehicle,,,,330205103000,1,16.1,14.77,工程渣土车,,2026-09-02
bc3c9a9bdf852f68,宁波,nb_vehicle,,,,330205103000,1,16.1,0.12,工程渣土车,,2026-09-02
96c199c122a726fe,宁波,nb_vehicle,,,,330205103000,1,16.1,14.77,工程渣土车,,2026-09-02
3e511f874dd8201d,宁波,nb_vehicle,,,,330205103000,1,16.1,14.77,工程渣土车,,2026-09-02
7b0a3a5d21c2d682,宁波,nb_vehicle,,,,330205103000,1,16.1,14.77,工程渣土车,,2026-09-02
4fca475145ddd716,宁波,nb_vehicle,,,,330205000000,1,1.645,2.72,装修垃圾车,,2026-09-02
a9629b89c0d751ee,宁波,nb_vehicle,,,,330205007000,1,15.37,15.5,工程渣土车,,2026-09-02
300f4f474893bc2b,宁波,nb_vehicle,,,,330205007000,1,16.1,14.77,工程渣土车,,2026-09-02
d2b322be702f9400,宁波,nb_vehicle,,,,330205007000,1,16.1,1.0,工程渣土车,,2026-09-02
f5962d1317fe0f5a,宁波,nb_vehicle,,,,330205007000,1,16.1,14.77,工程渣土车,,2026-09-02
52e51a7192f3a33c,宁波,nb_vehicle,,,,330205007000,1,16.1,14.77,工程渣土车,,2026-09-02
734073e19cf04176,宁波,nb_vehicle,,,,330205007000,1,16.0,14.0,工程渣土车,,2026-09-02
338242c276214164,宁波,nb_vehicle,,,,330205007000,1,16.1,14.77,工程渣土车,,2026-09-02
664fb8e3bc24c2fd,宁波,nb_vehicle,,,,330205007000,1,16.1,14.77,工程渣土车,,2026-09-02
6b60551d9b176446,宁波,nb_vehicle,,,,330205007000,1,16.1,14.77,工程渣土车,,2026-09-02
b2f925db5b3aca6b,宁波,nb_vehicle,,,,330205007000,1,16.1,14.77,工程渣土车,,2026-09-02
31d6e49a5c373ba5,宁波,nb_vehicle,,,,330205007000,1,16.1,14.77,工程渣土车,,2026-09-02
fed4ee62ecadf930,宁波,nb_vehicle,,,,330205007000,1,16.1,14.77,工程渣土车,,2026-09-02
79183936252f2d69,宁波,nb_vehicle,,,,330205007000,1,16.1,14.77,工程渣土车,,2026-09-02
ef4f48a2d7657031,宁波,nb_vehicle,,,,330205007000,1,16.1,14.77,工程渣土车,,2026-09-02
b39a52b5769beab2,宁波,nb_vehicle,,,,330205007000,1,15.37,1.413,工程渣土车,,2026-09-02
0b0aee95ed61984b,宁波,nb_vehicle,,,,330205007000,1,16.1,14.77,工程渣土车,,2026-09-02
ad72efd42da62c08,宁波,nb_vehicle,,,,330205007000,1,16.1,14.77,工程渣土车,,2026-09-02
f2635311dafd7c39,宁波,nb_vehicle,,,,330205007000,1,16.1,14.77,工程渣土车,,2026-09-02
2093a2d9016d2482,宁波,nb_vehicle,,,,330205007000,1,16.1,14.77,工程渣土车,,2026-09-02
1aca65b4f7cc00b2,宁波,nb_vehicle,,,,330205007000,1,16.1,14.77,工程渣土车,,2026-09-02
f7f8fc406464799c,宁波,nb_vehicle,,,,330205007000,1,16.1,1.136,工程渣土车,,2026-09-02
fac0cf016cc8ecc8,宁波,nb_vehicle,,,,330205000000,1,0.69,3.61,工程渣土车,,2026-09-02
e18e26bb1f332c61,宁波,nb_vehicle,,,,330205000000,1,1.645,2.72,装修垃圾车,,2026-09-02
4c402d902650adc3,宁波,nb_vehicle,,,,330205000000,1,1.645,2.72,工程渣土车,,2026-09-02
d6c6fe2cc83d4630,宁波,nb_vehicle,,,,330212108000,1,16.1,14.77,工程渣土车,,2026-09-02
95ad309b8b06280b,宁波,nb_vehicle,,,,330212108000,1,16.1,14.77,工程渣土车,,2026-09-02
c90ecc30072e38de,宁波,nb_vehicle,,,,330212108000,1,16.1,14.77,工程渣土车,,2026-09-02
bef5fd6efdcc8cfe,宁波,nb_vehicle,,,,330212108000,1,16.1,14.77,工程渣土车,,2026-09-02
58e5ad44660aa8b7,宁波,nb_vehicle,,,,330212108000,1,16.1,14.77,工程渣土车,,2026-09-02
6fa84b59beedb4ce,宁波,nb_vehicle,,,,330212108000,1,16.1,14.77,工程渣土车,,2026-09-02
dea802a8928ecf2e,宁波,nb_vehicle,,,,330212108000,1,16.1,1.595,工程渣土车,,2026-09-02
c6d465817949a59c,宁波,nb_vehicle,,,,330212108000,1,16.1,14.77,工程渣土车,,2026-09-02
11123a0f188e782e,宁波,nb_vehicle,,,,330212001000,1,1.645,2.72,装修垃圾车,,2026-09-02
dee3297f19d7ac0b,宁波,nb_vehicle,,,,330212001000,1,1.645,2.72,装修垃圾车,,2026-09-02
95db712b26938121,宁波,nb_vehicle,,,,330212001000,1,1.645,2.72,装修垃圾车,,2026-09-02
1ab1b05a59623b2d,宁波,nb_vehicle,,,,330212000000,1,7.59,4.21,装修垃圾车,,2026-09-02
05c55cd73dfc1ae3,宁波,nb_vehicle,,,,330212000000,1,12.07,18.8,工程泥浆车,,2026-09-02
cbff5c0c59b9d2c6,宁波,nb_vehicle,,,,330212103000,1,16.1,14.77,工程渣土车,,2026-09-02
3895e9ccde5eaa8d,宁波,nb_vehicle,,,,330212103000,1,15.67,15.2,工程渣土车,,2026-09-02
645f074b6945eca5,宁波,nb_vehicle,,,,330281000000,1,16.37,14.5,工程渣土车,,2026-09-02
701924ad77ab2138,宁波,nb_vehicle,,,,330281000000,1,16.37,14.5,工程渣土车,,2026-09-02
c237d8aaf5667604,宁波,nb_vehicle,,,,330281000000,1,16.37,14.5,工程渣土车,,2026-09-02
4978ecd79e94a823,宁波,nb_vehicle,,,,330281000000,1,16.87,14.0,工程渣土车,,2026-09-02
ff2e9df5541bfae3,宁波,nb_vehicle,,,,330281000000,1,16.87,14.0,工程渣土车,,2026-09-02
5e42b250df499170,宁波,nb_vehicle,,,,330281000000,1,16.1,14.77,工程渣土车,,2026-09-02
d5a56f1db9df1a10,宁波,nb_vehicle,,,,330281000000,1,16.37,14.5,工程渣土车,,2026-09-02
d359fc1b671ee621,宁波,nb_vehicle,,,,330281000000,1,16.37,14.5,工程渣土车,,2026-09-02
fd717ea0df4253e2,宁波,nb_vehicle,,,,330281000000,1,16.1,14.77,工程渣土车,,2026-09-02
de5fdd78b5e59b70,宁波,nb_vehicle,,,,330225002000,1,15.78,15.09,工程渣土车,,2026-09-02
58bfd6ba72b1a3c6,宁波,nb_vehicle,,,,330282100000,1,16.1,14.77,工程渣土车,,2026-09-02
9635e819e05f3057,宁波,nb_vehicle,,,,330282100000,1,16.1,14.77,工程渣土车,,2026-09-02
64c16ef88e9dbf80,宁波,nb_vehicle,,,,330282100000,1,16.1,14.77,工程渣土车,,2026-09-02
55f53627baa3908d,宁波,nb_vehicle,,,,330282100000,1,16.1,14.77,工程渣土车,,2026-09-02
4748fe92898ca266,宁波,nb_vehicle,,,,330282100000,1,16.1,14.77,工程渣土车,,2026-09-02
745b314033ed11e4,宁波,nb_vehicle,,,,330282100000,1,16.1,14.77,工程渣土车,,2026-09-02
94c3d40383367071,宁波,nb_vehicle,,,,330282100000,1,16.1,14.77,工程渣土车,,2026-09-02
a478da2ede511fed,宁波,nb_vehicle,,,,330282100000,1,16.1,14.77,工程渣土车,,2026-09-02
8cea77e497e42a68,宁波,nb_vehicle,,,,330282100000,1,16.1,14.77,工程渣土车,,2026-09-02
186c76f61177b85b,宁波,nb_vehicle,,,,330282100000,1,16.1,14.77,工程渣土车,,2026-09-02
75c823995869af5d,宁波,nb_vehicle,,,,330282100000,1,16.1,14.77,工程渣土车,,2026-09-02
f56c223d03665ff1,宁波,nb_vehicle,,,,330282100000,1,15.37,15.5,工程渣土车,,2026-09-02
b3b35ca0ec5b42e4,宁波,nb_vehicle,,,,330282100000,1,16.1,14.77,工程渣土车,,2026-09-02
532cb93b93c590ee,宁波,nb_vehicle,,,,330281004000,1,16.1,14.77,工程渣土车,,2026-09-02
e2b495516b8481ce,宁波,nb_vehicle,,,,330281004000,1,16.1,14.77,工程渣土车,,2026-09-02
97682eb0e70488e2,宁波,nb_vehicle,,,,330212103000,1,16.37,14.5,工程渣土车,,2026-09-02
0fda754569d7f0b9,宁波,nb_vehicle,,,,330281106000,1,16.1,14.77,工程渣土车,,2026-09-02
58ca9614e9d58e1c,宁波,nb_vehicle,,,,330281106000,1,16.1,14.77,工程渣土车,,2026-09-02
18496914fad1f30e,宁波,nb_vehicle,,,,330281106000,1,15.37,15.5,工程渣土车,,2026-09-02
dd503c584abaefbf,宁波,nb_vehicle,,,,330281106000,1,16.1,14.77,工程渣土车,,2026-09-02
276077328862e46d,宁波,nb_vehicle,,,,330281106000,1,16.1,14.77,工程渣土车,,2026-09-02
19974435670e39e2,宁波,nb_vehicle,,,,330281106000,1,16.1,14.77,工程渣土车,,2026-09-02
b5fef02e142dbd21,宁波,nb_vehicle,,,,330281106000,1,16.1,14.77,工程渣土车,,2026-09-02
7bed4bf0b1cde1f3,宁波,nb_vehicle,,,,330281106000,1,16.1,14.77,工程渣土车,,2026-09-02
73a7659ee03ddec8,宁波,nb_vehicle,,,,330281106000,1,16.1,14.77,工程渣土车,,2026-09-02
bb78adedcb958dd6,宁波,nb_vehicle,,,,330281106000,1,15.37,15.5,工程渣土车,,2026-09-02
6314fef904099eb8,宁波,nb_vehicle,,,,330281106000,1,15.37,15.5,工程渣土车,,2026-09-02
d8b1d899598c55b3,宁波,nb_vehicle,,,,330281003000,1,16.1,14.77,工程渣土车,,2026-09-02
1da71168f6afb362,宁波,nb_vehicle,,,,330281003000,1,15.37,15.5,工程渣土车,,2026-09-02
7ce01d48e9d6501a,宁波,nb_vehicle,,,,330281003000,1,15.37,15.5,工程渣土车,,2026-09-02
92a89d8ecda0c501,宁波,nb_vehicle,,,,330281002000,1,4.62,4.35,装修垃圾车,,2026-09-02
4b036add122ee3d9,宁波,nb_vehicle,,,,330281002000,1,4.62,4.35,装修垃圾车,,2026-09-02
e531dd29b52d7dc3,宁波,nb_vehicle,,,,330281002000,1,4.37,4.6,装修垃圾车,,2026-09-02
5777d72d871f2e2a,宁波,nb_vehicle,,,,330281002000,1,4.37,4.6,装修垃圾车,,2026-09-02
91f8f8edaec15eda,宁波,nb_vehicle,,,,330281002000,1,4.62,4.35,装修垃圾车,,2026-09-02
aff2151e60b9b5f1,宁波,nb_vehicle,,,,330281002000,1,4.62,4.35,装修垃圾车,,2026-09-02
a722cd38011427ee,宁波,nb_vehicle,,,,330281002000,1,4.09,3.08,装修垃圾车,,2026-09-02
bb58381b17483559,宁波,nb_vehicle,,,,330281002000,1,4.62,4.35,装修垃圾车,,2026-09-02
914c46bef6412b70,宁波,nb_vehicle,,,,330281002000,1,4.37,4.6,装修垃圾车,,2026-09-02
dc78e1802f4ddc92,宁波,nb_vehicle,,,,330281000000,1,16.02,14.85,工程渣土车,,2026-09-02
c2d94bf819bcfdd8,宁波,nb_vehicle,,,,330281106000,1,16.1,14.77,工程渣土车,,2026-09-02
c1dcfd26b031b366,宁波,nb_vehicle,,,,330281000000,1,12.07,18.8,工程泥浆车,,2026-09-02
522b7c0671acf722,宁波,nb_vehicle,,,,330281004000,1,12.07,18.8,工程泥浆车,,2026-09-02
af2f484d26ee7a9d,宁波,nb_vehicle,,,,330281106000,1,15.37,15.5,工程渣土车,,2026-09-02
cf6cbe4b99534a7b,宁波,nb_vehicle,,,,330212103000,1,16.04,14.83,工程渣土车,,2026-09-02
ce07b8c0d5a9510e,宁波,nb_vehicle,,,,330212103000,1,16.37,14.5,工程渣土车,,2026-09-02
fbab0d0f389f0b03,宁波,nb_vehicle,,,,330212103000,1,1.007,2.08,工程泥浆车,,2026-09-02
72cc73044a304e0d,宁波,nb_vehicle,,,,330212103000,1,16.37,14.5,工程渣土车,,2026-09-02
9e57cbcf7a5ba063,宁波,nb_vehicle,,,,330212103000,1,13.57,17.3,工程泥浆车,,2026-09-02
2589209dd5272e0c,宁波,nb_vehicle,,,,330212103000,1,16.1,14.77,工程渣土车,,2026-09-02
cf1aa70cf00ad8e9,宁波,nb_vehicle,,,,330212103000,1,16.37,14.5,工程渣土车,,2026-09-02
bfaef83398917945,宁波,nb_vehicle,,,,330212103000,1,16.1,14.77,工程渣土车,,2026-09-02
46799fe1cfcd583c,宁波,nb_vehicle,,,,330212103000,1,15.37,15.5,工程渣土车,,2026-09-02
4c44eaac7edd931a,宁波,nb_vehicle,,,,330212103000,1,15.37,15.5,工程渣土车,,2026-09-02
efee219ec1fede99,宁波,nb_vehicle,,,,330212103000,1,16.1,14.77,工程渣土车,,2026-09-02
b5002bf2ef816b4f,宁波,nb_vehicle,,,,330212103000,1,16.1,14.77,工程渣土车,,2026-09-02
104f3214c6d5f526,宁波,nb_vehicle,,,,330212103000,1,12.07,18.8,工程泥浆车,,2026-09-02
abfcfd0f58d71819,宁波,nb_vehicle,,,,330212103000,1,12.07,18.8,工程泥浆车,,2026-09-02
861141a9155ce4ec,宁波,nb_vehicle,,,,330212103000,1,16.1,14.77,工程渣土车,,2026-09-02
35164e4ebc0345ce,宁波,nb_vehicle,,,,330212103000,1,15.67,1.96,工程渣土车,,2026-09-02
2034ae144127f7d9,宁波,nb_vehicle,,,,330212103000,1,15.67,15.2,工程渣土车,,2026-09-02
ec045a10bdd166c3,宁波,nb_vehicle,,,,330212103000,1,15.67,15.2,工程渣土车,,2026-09-02
9ffa392aaf9ed0af,宁波,nb_vehicle,,,,330212103000,1,16.1,14.77,工程渣土车,,2026-09-02
d6b9991f7be6ac9c,宁波,nb_vehicle,,,,330212103000,1,15.67,2.535,工程渣土车,,2026-09-02
3eeb255058b0a9b7,宁波,nb_vehicle,,,,330212103000,1,15.37,15.5,工程渣土车,,2026-09-02
c4e338f9c98e114b,宁波,nb_vehicle,,,,330212103000,1,10.97,19.9,工程泥浆车,,2026-09-02
30101ac7d2e8d814,宁波,nb_vehicle,,,,330212103000,1,15.37,15.5,工程渣土车,,2026-09-02
4caa3cc07b292b5c,宁波,nb_vehicle,,,,330212103000,1,16.1,14.77,工程渣土车,,2026-09-02
44c712a18e632a10,宁波,nb_vehicle,,,,330212103000,1,16.1,14.77,工程渣土车,,2026-09-02
0460d08ad791483d,宁波,nb_vehicle,,,,330212103000,1,16.37,14.5,工程渣土车,,2026-09-02
cb7ea9d736892e97,宁波,nb_vehicle,,,,330212103000,1,15.37,15.5,工程渣土车,,2026-09-02
410adb554541c697,宁波,nb_vehicle,,,,330212103000,1,15.37,15.5,工程渣土车,,2026-09-02
d3234e6efa308bd5,宁波,nb_vehicle,,,,330212103000,1,16.1,14.77,工程渣土车,,2026-09-02
6211135d6c390602,宁波,nb_vehicle,,,,330212103000,1,16.02,14.85,工程渣土车,,2026-09-02
48cd287f2d3fd86e,宁波,nb_vehicle,,,,330212103000,1,10.97,19.9,工程泥浆车,,2026-09-02
54f3feb512830f04,宁波,nb_vehicle,,,,330212103000,1,16.37,14.5,工程渣土车,,2026-09-02
ab07d9cef7f541a0,宁波,nb_vehicle,,,,330212103000,1,16.37,14.5,工程渣土车,,2026-09-02
b7bcfa9f5e4ddf90,宁波,nb_vehicle,,,,330212103000,1,15.37,15.5,工程渣土车,,2026-09-02
f5800d0ffe8abbf1,宁波,nb_vehicle,,,,330212103000,1,16.02,14.85,工程渣土车,,2026-09-02
6fe0c9c224fe4a8c,宁波,nb_vehicle,,,,330212103000,1,16.1,14.77,工程渣土车,,2026-09-02
97e09b5664a136b1,宁波,nb_vehicle,,,,330212103000,1,16.37,14.5,工程渣土车,,2026-09-02
7d52eea41cfb435f,宁波,nb_vehicle,,,,330212103000,1,16.37,14.5,工程渣土车,,2026-09-02
1de552e30c0f3126,宁波,nb_vehicle,,,,330212103000,1,16.1,14.77,工程渣土车,,2026-09-02
21292c44861be952,宁波,nb_vehicle,,,,330203000000,1,1.645,2.72,装修垃圾车,,2026-09-02
d694520394041a3c,宁波,nb_vehicle,,,,330212105000,1,16.02,14.85,工程渣土车,,2026-09-02
6292b38b808aa4fe,宁波,nb_vehicle,,,,330212105000,1,16.02,14.85,工程渣土车,,2026-09-02
8f784fcb5a1633fc,宁波,nb_vehicle,,,,330212105000,1,16.02,14.85,工程渣土车,,2026-09-02
97db195e3ccea37d,宁波,nb_vehicle,,,,330212105000,1,16.02,14.85,工程渣土车,,2026-09-02
521f6c75455257be,宁波,nb_vehicle,,,,330212106000,1,1.645,2.72,装修垃圾车,,2026-09-02
69d9cc6762fdbf32,宁波,nb_vehicle,,,,330203000000,1,1.495,2.805,装修垃圾车,,2026-09-02
34d7f7595d97daf0,宁波,nb_vehicle,,,,330203007000,1,16.1,14.77,工程渣土车,,2026-09-02
565dcb4cf406d339,宁波,nb_vehicle,,,,330203007000,1,16.1,14.77,工程渣土车,,2026-09-02
786df1158ac6887a,宁波,nb_vehicle,,,,330203007000,1,16.1,14.77,工程渣土车,,2026-09-02
4a1e86ddf599ea8e,宁波,nb_vehicle,,,,330203007000,1,15.37,15.5,工程渣土车,,2026-09-02
48d3e76256b3891a,宁波,nb_vehicle,,,,330203007000,1,16.1,14.77,工程渣土车,,2026-09-02
403db667624f61d9,宁波,nb_vehicle,,,,330203007000,1,16.1,14.77,工程渣土车,,2026-09-02
1164a357a5c39f93,宁波,nb_vehicle,,,,330203007000,1,16.1,14.77,工程渣土车,,2026-09-02
e5d7d90735ad74ce,宁波,nb_vehicle,,,,330203007000,1,15.37,15.5,工程渣土车,,2026-09-02
8dc2ab610abd67ab,宁波,nb_vehicle,,,,330203007000,1,15.99,14.88,工程渣土车,,2026-09-02
6476f9074b396aef,宁波,nb_vehicle,,,,330205007000,1,1.645,2.72,装修垃圾车,,2026-09-02
78fb41fadc24b8bb,宁波,nb_vehicle,,,,330205007000,1,1.645,2.72,工程渣土车,,2026-09-02
345c6b7b4ac30393,宁波,nb_vehicle,,,,330205007000,1,1.645,2.72,装修垃圾车,,2026-09-02
2f09e0fdf6c66198,宁波,nb_vehicle,,,,330205007000,1,0.69,3.61,工程渣土车,,2026-09-02
a9e51dcf88da36ff,宁波,nb_vehicle,,,,330205007000,1,1.645,2.72,装修垃圾车,,2026-09-02
f4a6207515dc79de,宁波,nb_vehicle,,,,330205007000,1,1.645,2.72,装修垃圾车,,2026-09-02
faf4b7f2d1594c29,宁波,nb_vehicle,,,,330206000000,1,10.97,19.9,工程泥浆车,,2026-09-02
49d8675ec4dadd4d,宁波,nb_vehicle,,,,330206000000,1,10.97,19.9,工程泥浆车,,2026-09-02
06c1e892976c13a5,宁波,nb_vehicle,,,,330205000000,1,1.645,2.72,装修垃圾车,,2026-09-02
b9ea80c08a442b4d,宁波,nb_vehicle,,,,330205103000,1,1.65,2.715,工程渣土车,,2026-09-02
303dd39fc197039a,宁波,nb_vehicle,,,,330205103000,1,1.65,2.715,工程渣土车,,2026-09-02
ed4a964e9a55c87c,宁波,nb_vehicle,,,,330205103000,1,1.65,2.715,工程渣土车,,2026-09-02
42d3818e6e4445f6,宁波,nb_vehicle,,,,330205103000,1,1.65,2.715,工程渣土车,,2026-09-02
1e000a2bb5556cdc,宁波,nb_vehicle,,,,330205103000,1,0.69,3.61,工程渣土车,,2026-09-02
82b71247c83f9596,宁波,nb_vehicle,,,,330205103000,1,1.65,2.715,工程渣土车,,2026-09-02
23d457b35052e9b2,宁波,nb_vehicle,,,,330205005000,1,12.07,18.8,工程泥浆车,,2026-09-02
2270606889927d28,宁波,nb_vehicle,,,,330205005000,1,12.07,18.8,工程泥浆车,,2026-09-02
fe072cafc631205e,宁波,nb_vehicle,,,,330205005000,1,12.07,18.8,工程泥浆车,,2026-09-02
67e84b7b33268e43,宁波,nb_vehicle,,,,330205005000,1,12.07,18.8,工程泥浆车,,2026-09-02
d51ff4ed5aecba22,宁波,nb_vehicle,,,,330205005000,1,12.07,18.8,工程泥浆车,,2026-09-02
391263293219491e,宁波,nb_vehicle,,,,330205005000,1,12.07,1.59,工程泥浆车,,2026-09-02
9f29d1a6e580da34,宁波,nb_vehicle,,,,330205005000,1,12.07,18.8,工程泥浆车,,2026-09-02
cae034063baae0d0,宁波,nb_vehicle,,,,330205005000,1,12.07,18.8,工程泥浆车,,2026-09-02
bd98cdce8abf2500,宁波,nb_vehicle,,,,330205005000,1,12.07,1.99,工程泥浆车,,2026-09-02
414bee26ac08762e,宁波,nb_vehicle,,,,330205005000,1,12.07,18.8,工程泥浆车,,2026-09-02
bd5d3d9ffef743dc,宁波,nb_vehicle,,,,330205005000,1,12.07,18.8,工程泥浆车,,2026-09-02
07f319aa7ef4b3d2,宁波,nb_vehicle,,,,330203000000,1,0.395,3.97,装修垃圾车,,2026-09-02
6b2d9f5c88a05bec,宁波,nb_vehicle,,,,330203000000,1,1.645,4.495,装修垃圾车,,2026-09-02
6f65e57b15afe904,宁波,nb_vehicle,,,,330203000000,1,1.495,2.805,装修垃圾车,,2026-09-02
a4517237e1ca8413,宁波,nb_vehicle,,,,330205103000,1,1.645,2.72,工程渣土车,,2026-09-02
aa38456a7b2e23f6,宁波,nb_vehicle,,,,330205103000,1,1.64,2.72,装修垃圾车,,2026-09-02
9e58935369215c23,宁波,nb_vehicle,,,,330226111000,1,15.37,1.442,工程渣土车,,2026-09-02
7780e9f5196b62c5,宁波,nb_vehicle,,,,330226111000,1,15.37,15.5,工程渣土车,,2026-09-02
ad424fc171155c6e,宁波,nb_vehicle,,,,330281004000,1,16.1,14.77,工程渣土车,,2026-09-02
1b8bb7ac5b51b808,宁波,nb_vehicle,,,,330282120000,1,16.1,14.77,工程渣土车,,2026-09-02
994416aae549495b,宁波,nb_vehicle,,,,330282120000,1,16.1,14.77,工程渣土车,,2026-09-02
53b39eb9d9d8524a,宁波,nb_vehicle,,,,330282120000,1,16.1,14.77,工程渣土车,,2026-09-02
92b50f5faf0edfb7,宁波,nb_vehicle,,,,330203103000,1,1.645,2.72,装修垃圾车,,2026-09-02
40d300804cfd4af4,宁波,nb_vehicle,,,,330203103000,1,0.745,3.555,装修垃圾车,,2026-09-02
72b0140786959b10,宁波,nb_vehicle,,,,330203103000,1,1.645,2.72,装修垃圾车,,2026-09-02
cfa501967fa8b254,宁波,nb_vehicle,,,,330203103000,1,1.645,2.72,装修垃圾车,,2026-09-02
204df3a208073a73,宁波,nb_vehicle,,,,330203103000,1,1.645,2.72,装修垃圾车,,2026-09-02
088a1c3c1f8e3193,宁波,nb_vehicle,,,,330203103000,1,1.645,2.72,装修垃圾车,,2026-09-02
865ccc1fcc624555,宁波,nb_vehicle,,,,330203103000,1,1.645,2.72,装修垃圾车,,2026-09-02
a9413f1475e25b8e,宁波,nb_vehicle,,,,330212002000,1,12.005,18.8,工程泥浆车,,2026-09-02
34f944c9053b2a26,宁波,nb_vehicle,,,,330281106000,1,16.1,14.77,工程渣土车,,2026-09-02
2b65dd4f1ae9709e,宁波,nb_vehicle,,,,330281003000,1,16.02,14.85,工程渣土车,,2026-09-02
43a30f7c26f339e6,宁波,nb_vehicle,,,,330281003000,1,16.02,14.85,工程渣土车,,2026-09-02
bbcdd364136f0adc,宁波,nb_vehicle,,,,330281003000,1,16.02,14.85,工程渣土车,,2026-09-02
6bd866d324f7e1c4,宁波,nb_vehicle,,,,330212105000,1,16.02,14.85,工程渣土车,,2026-09-02
6030350e94980885,宁波,nb_vehicle,,,,330212105000,1,16.02,14.85,工程渣土车,,2026-09-02
8c9550211356d8c3,宁波,nb_vehicle,,,,330281003000,1,16.1,14.77,工程渣土车,,2026-09-02
3b24dc4fb30848b6,宁波,nb_vehicle,,,,330212002000,1,16.1,14.77,工程渣土车,,2026-09-02
c2c407cf4fca1ff5,宁波,nb_vehicle,,,,330212002000,1,16.02,14.85,工程渣土车,,2026-09-02
41be1be39d6c9f42,宁波,nb_vehicle,,,,330212002000,1,16.1,14.77,工程渣土车,,2026-09-02
6459e35c1cdc59e6,宁波,nb_vehicle,,,,330212002000,1,16.02,14.85,工程渣土车,,2026-09-02
65c0628754bff6ee,宁波,nb_vehicle,,,,330212002000,1,16.1,14.77,工程渣土车,,2026-09-02
405590851542f3d3,宁波,nb_vehicle,,,,330212002000,1,16.02,14.85,工程渣土车,,2026-09-02
0fc301f799a51a8c,宁波,nb_vehicle,,,,330212002000,1,16.02,14.85,工程渣土车,,2026-09-02
1da354bf6d2d3870,宁波,nb_vehicle,,,,330212002000,1,16.02,14.85,工程渣土车,,2026-09-02
981db260dff22e17,宁波,nb_vehicle,,,,330212002000,1,16.02,14.85,工程渣土车,,2026-09-02
0168b25dd03e19c5,宁波,nb_vehicle,,,,330212002000,1,16.1,14.77,工程渣土车,,2026-09-02
f829c7536eb7ed45,宁波,nb_vehicle,,,,330212002000,1,16.1,14.77,工程渣土车,,2026-09-02
2572cf640e5e7eed,宁波,nb_vehicle,,,,330212002000,1,16.02,14.85,工程渣土车,,2026-09-02
cb34b9b0ef1a6627,宁波,nb_vehicle,,,,330212002000,1,16.1,14.77,工程渣土车,,2026-09-02
b2b495a8dcb03d20,宁波,nb_vehicle,,,,330212002000,1,16.02,14.85,工程渣土车,,2026-09-02
c5a153954330c4eb,宁波,nb_vehicle,,,,330212002000,1,16.1,14.77,工程渣土车,,2026-09-02
8c1d5c1256064480,宁波,nb_vehicle,,,,330212002000,1,16.1,14.77,工程渣土车,,2026-09-02
3ab7a8c539d1e68a,宁波,nb_vehicle,,,,330212002000,1,16.02,14.85,工程渣土车,,2026-09-02
a6cf9017c37bb5eb,宁波,nb_vehicle,,,,330212002000,1,16.02,14.85,工程渣土车,,2026-09-02
d4c78a02286ca9be,宁波,nb_vehicle,,,,330212002000,1,16.1,14.77,工程渣土车,,2026-09-02
ea6e40661d535b90,宁波,nb_vehicle,,,,330212002000,1,16.02,14.85,工程渣土车,,2026-09-02
3e6cfc29c4c4cba9,宁波,nb_vehicle,,,,330212103000,1,16.04,14.83,工程渣土车,,2026-09-02
25bceb7042c0d498,宁波,nb_vehicle,,,,330212103000,1,16.04,14.83,工程渣土车,,2026-09-02
c7f41e602ca43a65,宁波,nb_vehicle,,,,330212103000,1,16.04,14.83,工程渣土车,,2026-09-02
58b6ace48ac61254,宁波,nb_vehicle,,,,330226102000,1,15.37,15.5,工程渣土车,,2026-09-02
7283e749f941f720,宁波,nb_vehicle,,,,330226102000,1,16.87,14.0,工程渣土车,,2026-09-02
2d2e78f431757661,宁波,nb_vehicle,,,,330226102000,1,15.37,15.5,工程渣土车,,2026-09-02
10a536ca58dba9fa,宁波,nb_vehicle,,,,330226102000,1,16.87,14.0,工程渣土车,,2026-09-02
dcfb37ac3399f225,宁波,nb_vehicle,,,,330226102000,1,15.37,15.5,工程渣土车,,2026-09-02
4f4c3e1ef155b3ad,宁波,nb_vehicle,,,,330226102000,1,15.37,15.5,工程渣土车,,2026-09-02
04650d9e956c8b59,宁波,nb_vehicle,,,,330226102000,1,15.37,15.5,工程渣土车,,2026-09-02
58ae60494f313780,宁波,nb_vehicle,,,,330226102000,1,16.87,14.0,工程渣土车,,2026-09-02
b0ec226bf9606688,宁波,nb_vehicle,,,,330226102000,1,16.87,14.0,工程渣土车,,2026-09-02
434fac9e2b76f959,宁波,nb_vehicle,,,,330226102000,1,15.37,15.5,工程渣土车,,2026-09-02
f0a518d11f49d58f,宁波,nb_vehicle,,,,330226102000,1,16.87,14.0,工程渣土车,,2026-09-02
c29b98c6f5ac82e7,宁波,nb_vehicle,,,,330226102000,1,15.37,15.5,工程渣土车,,2026-09-02
4b60cdef3b001647,宁波,nb_vehicle,,,,330226102000,1,16.87,14.0,工程渣土车,,2026-09-02
a46f09151e0014b8,宁波,nb_vehicle,,,,330226102000,1,15.37,15.5,工程渣土车,,2026-09-02
3db38a3730c4e2d5,宁波,nb_vehicle,,,,330281002000,1,10.97,19.9,工程泥浆车,,2026-09-02
9976a0ec6ae9b103,宁波,nb_vehicle,,,,330212106000,1,0.495,3.665,工程渣土车,,2026-09-02
4f365114f1433504,宁波,nb_vehicle,,,,330281004000,1,15.37,15.5,工程渣土车,,2026-09-02
3e83a550a7f00ac5,宁波,nb_vehicle,,,,330226111000,1,15.37,15.5,工程渣土车,,2026-09-02
1c709960bc572baa,宁波,nb_vehicle,,,,330211000000,1,16.1,14.77,工程渣土车,,2026-09-02
e02707c36af3ef12,宁波,nb_vehicle,,,,330211000000,1,16.1,14.77,工程渣土车,,2026-09-02
ce4136208d05470b,宁波,nb_vehicle,,,,330211000000,1,16.1,14.77,工程渣土车,,2026-09-02
db2e1e4279d4ec86,宁波,nb_vehicle,,,,330226002000,1,1.645,2.72,工程渣土车,,2026-09-02
db30b4dcc7f27cac,宁波,nb_vehicle,,,,330203008000,1,4.6,4.37,装修垃圾车,,2026-09-02
60b51da8bdf68a1c,宁波,nb_vehicle,,,,330203008000,1,1.65,2.72,装修垃圾车,,2026-09-02
8f33bb3e67335b31,宁波,nb_vehicle,,,,330212008000,1,8.87,22.0,工程泥浆车,,2026-09-02
216a1fe9daf25cfc,宁波,nb_vehicle,,,,330212008000,1,8.87,22.0,工程泥浆车,,2026-09-02
b7c657eab132bd88,宁波,nb_vehicle,,,,330212008000,1,8.87,22.0,工程泥浆车,,2026-09-02
7b8992abb22711b2,宁波,nb_vehicle,,,,330212008000,1,15.37,15.5,工程渣土车,,2026-09-02
503d1dbabf3df1a1,宁波,nb_vehicle,,,,330212008000,1,8.87,22.0,工程泥浆车,,2026-09-02
84d334012062cc2f,宁波,nb_vehicle,,,,330225002000,1,15.37,15.5,工程渣土车,,2026-09-02
d727c58726033841,宁波,nb_vehicle,,,,330225002000,1,8.87,22.0,工程泥浆车,,2026-09-02
605a2f25a80c38a4,宁波,nb_vehicle,,,,330225002000,1,15.37,15.5,工程渣土车,,2026-09-02
68310350955ba851,宁波,nb_vehicle,,,,330203009000,1,10.97,19.9,工程泥浆车,,2026-09-02
ead2341caee33bbd,宁波,nb_vehicle,,,,330203009000,1,10.07,20.8,工程泥浆车,,2026-09-02
11dfb6a89b7da653,宁波,nb_vehicle,,,,330203009000,1,16.37,14.5,工程渣土车,,2026-09-02
4e8a03cd7b6489ff,宁波,nb_vehicle,,,,330203009000,1,16.37,14.5,工程渣土车,,2026-09-02
baa3fda55afaeb81,宁波,nb_vehicle,,,,330203009000,1,16.37,1.427,工程渣土车,,2026-09-02
6807bd3886a6f1a1,宁波,nb_vehicle,,,,330203009000,1,16.37,14.5,工程渣土车,,2026-09-02
04b83b9d5a7e8cc7,宁波,nb_vehicle,,,,330203009000,1,16.37,14.5,工程渣土车,,2026-09-02
ac7179f22c539492,宁波,nb_vehicle,,,,330203009000,1,16.37,14.5,工程渣土车,,2026-09-02
91b9a72f4122c4fd,宁波,nb_vehicle,,,,330203009000,1,16.37,14.5,工程渣土车,,2026-09-02
47002e676c574177,宁波,nb_vehicle,,,,330203009000,1,16.37,14.5,工程渣土车,,2026-09-02
301fe1c05ad1b34f,宁波,nb_vehicle,,,,330203009000,1,16.37,14.5,工程渣土车,,2026-09-02
cb40a5c7c2f3efd9,宁波,nb_vehicle,,,,330203009000,1,16.37,14.5,工程渣土车,,2026-09-02
4265527da6dcfe02,宁波,nb_vehicle,,,,330203009000,1,16.37,14.5,工程渣土车,,2026-09-02
61d8f274bc6a47f4,宁波,nb_vehicle,,,,330203009000,1,16.37,14.5,工程渣土车,,2026-09-02
747ec3e083664e3d,宁波,nb_vehicle,,,,330203009000,1,16.37,14.5,工程渣土车,,2026-09-02
27ee1b72d3bfddb4,宁波,nb_vehicle,,,,330203009000,1,16.37,14.5,工程渣土车,,2026-09-02
d847f8f5315af670,宁波,nb_vehicle,,,,330203009000,1,16.37,14.5,工程渣土车,,2026-09-02
1eb5b99b0c5b9761,宁波,nb_vehicle,,,,330203009000,1,16.37,14.5,工程渣土车,,2026-09-02
35ab269d14c36de9,宁波,nb_vehicle,,,,330203009000,1,16.37,14.5,工程渣土车,,2026-09-02
ef596e5e3da71e86,宁波,nb_vehicle,,,,330203009000,1,16.37,14.5,工程渣土车,,2026-09-02
1d85dde59dcb39ed,宁波,nb_vehicle,,,,330203009000,1,16.37,14.5,工程渣土车,,2026-09-02
12e32661c12e7a33,宁波,nb_vehicle,,,,330203009000,1,13.57,17.3,工程泥浆车,,2026-09-02
8ebc68d33a512bcf,宁波,nb_vehicle,,,,330203009000,1,16.37,14.5,工程渣土车,,2026-09-02
966b683516e1f3d9,宁波,nb_vehicle,,,,330203009000,1,16.37,14.5,工程渣土车,,2026-09-02
0f172bdd5a274a9e,宁波,nb_vehicle,,,,330203009000,1,16.37,14.5,工程渣土车,,2026-09-02
1ebf3ac12e3feb3c,宁波,nb_vehicle,,,,330203009000,1,16.37,14.5,工程渣土车,,2026-09-02
64ea4fbc00c7dfa5,宁波,nb_vehicle,,,,330203009000,1,16.02,14.85,工程渣土车,,2026-09-02
c098211e51ced6d3,宁波,nb_vehicle,,,,330203009000,1,16.37,14.5,工程渣土车,,2026-09-02
5dd31fd50d7fb7e7,宁波,nb_vehicle,,,,330203006000,1,10.97,19.9,工程泥浆车,,2026-09-02
8431f3ca86e1e0d3,宁波,nb_vehicle,,,,330203007000,1,16.1,14.77,工程渣土车,,2026-09-02
76bff03902ecdb4a,宁波,nb_vehicle,,,,330212105000,1,16.02,14.85,工程渣土车,,2026-09-02
a46afa63d7329d22,宁波,nb_vehicle,,,,330205000000,1,1.645,2.72,工程渣土车,,2026-09-02
bde421a9c6a24a0c,宁波,nb_vehicle,,,,330281003000,1,16.1,14.77,工程渣土车,,2026-09-02
d3bc37b4462d158b,宁波,nb_vehicle,,,,330205006000,1,16.1,1.37,工程渣土车,,2026-09-02
47908d22cd34c6fc,宁波,nb_vehicle,,,,330212105000,1,16.02,14.85,工程渣土车,,2026-09-02
6e045f4f63a6bf1f,宁波,nb_vehicle,,,,330282000000,1,16.07,1.23,工程泥浆车,,2026-09-02
2ec34993228b34da,宁波,nb_vehicle,,,,330203000000,1,1.64,2.72,装修垃圾车,,2026-09-02
da265ab85947936d,宁波,nb_vehicle,,,,330203000000,1,1.64,2.72,装修垃圾车,,2026-09-02
a834a30af8813a71,宁波,nb_vehicle,,,,330225002000,1,12.07,18.8,工程泥浆车,,2026-09-02
809333e9520fe8de,宁波,nb_vehicle,,,,330213106000,1,15.37,15.5,工程渣土车,,2026-09-02
beefbeec9087e67d,宁波,nb_vehicle,,,,330206008000,1,15.37,15.5,工程渣土车,,2026-09-02
8922d65bf1884e04,宁波,nb_vehicle,,,,330206008000,1,16.1,14.77,工程渣土车,,2026-09-02
2ec2eace30e2b0ec,宁波,nb_vehicle,,,,330203000000,1,1.645,2.72,装修垃圾车,,2026-09-02
84c757010b75d36b,宁波,nb_vehicle,,,,330213106000,1,16.1,14.77,工程渣土车,,2026-09-02
58e05c8ab34806fc,宁波,nb_vehicle,,,,330213106000,1,16.1,14.77,工程渣土车,,2026-09-02
9c1aa8717f63a581,宁波,nb_vehicle,,,,330213106000,1,16.1,14.77,工程渣土车,,2026-09-02
fa3996e1e08e0548,宁波,nb_vehicle,,,,330213106000,1,16.1,14.77,工程渣土车,,2026-09-02
c3cd3cc220b10f61,宁波,nb_vehicle,,,,330213106000,1,16.1,14.77,工程渣土车,,2026-09-02
01546bfda7c409f9,宁波,nb_vehicle,,,,330213106000,1,16.1,14.77,工程渣土车,,2026-09-02
47b7637a6cb7ef8d,宁波,nb_vehicle,,,,330213106000,1,16.1,14.77,工程渣土车,,2026-09-02
a9b3124c055e8fa1,宁波,nb_vehicle,,,,330213106000,1,15.37,15.5,工程渣土车,,2026-09-02
b2da209fb0195549,宁波,nb_vehicle,,,,330213106000,1,16.1,14.77,工程渣土车,,2026-09-02
bd70114697211ded,宁波,nb_vehicle,,,,330213106000,1,16.1,14.77,工程渣土车,,2026-09-02
5819b03a6d65bdab,宁波,nb_vehicle,,,,330213106000,1,16.1,14.77,工程渣土车,,2026-09-02
6d9d3930b6910a9e,宁波,nb_vehicle,,,,330213106000,1,16.1,14.77,工程渣土车,,2026-09-02
42b03871bd4f735b,宁波,nb_vehicle,,,,330213106000,1,16.1,1.482,工程渣土车,,2026-09-02
a3660641a581a978,宁波,nb_vehicle,,,,330213106000,1,16.1,14.77,工程渣土车,,2026-09-02
529add3cf2ba303b,宁波,nb_vehicle,,,,330213106000,1,16.1,14.77,工程渣土车,,2026-09-02
bae9a41628e0c6a6,宁波,nb_vehicle,,,,330213106000,1,16.1,14.77,工程渣土车,,2026-09-02
8606f1342177b19d,宁波,nb_vehicle,,,,330213106000,1,16.1,14.77,工程渣土车,,2026-09-02
c8e48a6c6981c790,宁波,nb_vehicle,,,,330212002000,1,15.37,15.5,工程渣土车,,2026-09-02
19056f477a073143,宁波,nb_vehicle,,,,330212002000,1,16.1,14.77,工程渣土车,,2026-09-02
2e7047e1639d8d3f,宁波,nb_vehicle,,,,330212002000,1,16.1,14.77,工程渣土车,,2026-09-02
d09612b6fa9b9ee7,宁波,nb_vehicle,,,,330212007000,1,13.57,17.3,工程泥浆车,,2026-09-02
d45832316d765b2c,宁波,nb_vehicle,,,,330213106000,1,16.1,14.77,工程渣土车,,2026-09-02
ae02ca59e7dad573,宁波,nb_vehicle,,,,330212105000,1,16.02,14.85,工程渣土车,,2026-09-02
9208a3414989a946,宁波,nb_vehicle,,,,330281003000,1,16.02,14.85,工程渣土车,,2026-09-02
c98a0fae04d0142f,宁波,nb_vehicle,,,,330212007000,1,13.57,17.3,工程泥浆车,,2026-09-02
31eaa7761fb3826a,宁波,nb_vehicle,,,,330206002000,1,4.62,4.35,装修垃圾车,,2026-09-02
a1e54dfa4711a62f,宁波,nb_vehicle,,,,330206002000,1,4.37,4.6,装修垃圾车,,2026-09-02
61e5b06f4b782e51,宁波,nb_vehicle,,,,330211000000,1,1.645,2.72,装修垃圾车,,2026-09-02
ce388365d3eed17e,宁波,nb_vehicle,,,,330211000000,1,1.645,2.72,装修垃圾车,,2026-09-02
97b286a735410f52,宁波,nb_vehicle,,,,330226000000,1,15.67,15.2,工程渣土车,,2026-09-02
426615cc65d7b94b,宁波,nb_vehicle,,,,330226000000,1,1.645,2.72,工程渣土车,,2026-09-02
eac441613dbae35d,宁波,nb_vehicle,,,,330281003000,1,16.02,14.85,工程渣土车,,2026-09-02
0ca9a26d00c3ecd1,宁波,nb_vehicle,,,,330205103000,1,1.645,2.72,工程渣土车,,2026-09-02
ce1fefd2620a0244,宁波,nb_vehicle,,,,330205103000,1,1.64,2.72,装修垃圾车,,2026-09-02
27ba1393930641e1,宁波,nb_vehicle,,,,330212105000,1,16.02,14.85,工程渣土车,,2026-09-02
3679be08092a1a99,宁波,nb_vehicle,,,,330212105000,1,16.02,14.85,工程渣土车,,2026-09-02
8830dc4f3357bfd9,宁波,nb_vehicle,,,,330212105000,1,16.02,14.85,工程渣土车,,2026-09-02
85dbb340ffe567a0,宁波,nb_vehicle,,,,330212105000,1,16.02,14.85,工程渣土车,,2026-09-02
c21e3fb9138829a3,宁波,nb_vehicle,,,,330212105000,1,16.02,14.85,工程渣土车,,2026-09-02
7817a294a4a44340,宁波,nb_vehicle,,,,330203000000,1,1.645,2.72,装修垃圾车,,2026-09-02
3e43679a1fe9af82,宁波,nb_vehicle,,,,330203102000,1,0.495,3.665,装修垃圾车,,2026-09-02
de233023a5c81c72,宁波,nb_vehicle,,,,330203006000,1,0.43,3.665,装修垃圾车,,2026-09-02
2beb228ace13c144,宁波,nb_vehicle,,,,330282123000,1,15.99,14.88,工程渣土车,,2026-09-02
795c80a94cf1778e,宁波,nb_vehicle,,,,330282123000,1,15.99,14.88,工程渣土车,,2026-09-02
795a8ba789e72880,宁波,nb_vehicle,,,,330282123000,1,15.37,15.5,工程渣土车,,2026-09-02
d548d5783269d84c,宁波,nb_vehicle,,,,330282123000,1,15.37,15.5,工程渣土车,,2026-09-02
a85065d153216f9a,宁波,nb_vehicle,,,,330211000000,1,10.97,19.9,工程泥浆车,,2026-09-02
e7108c5f5edd1993,宁波,nb_vehicle,,,,330211000000,1,10.97,19.9,工程泥浆车,,2026-09-02
4c28667dda1fef8d,宁波,nb_vehicle,,,,330203009000,1,16.1,14.77,工程渣土车,,2026-09-02
2f68484f8b4b6ae5,宁波,nb_vehicle,,,,330212000000,1,10.97,19.9,工程泥浆车,,2026-09-02
202a39793848b95a,宁波,nb_vehicle,,,,330212000000,1,8.87,22.0,工程泥浆车,,2026-09-02
2630f5be6320f92b,宁波,nb_vehicle,,,,330226002000,1,1.645,2.72,工程渣土车,,2026-09-02
1495ba8d6107bbf4,宁波,nb_vehicle,,,,330226002000,1,1.645,2.72,工程渣土车,,2026-09-02
63d76208b474005c,宁波,nb_vehicle,,,,330226002000,1,1.577,2.725,工程渣土车,,2026-09-02
601be53b729650e0,宁波,nb_vehicle,,,,330226002000,1,1.577,2.725,工程渣土车,,2026-09-02
c29f6133472c15c8,宁波,nb_vehicle,,,,330226002000,1,1.645,2.72,工程渣土车,,2026-09-02
05d6a26278641f7a,宁波,nb_vehicle,,,,330226002000,1,4.525,4.38,装修垃圾车,,2026-09-02
51e5a341eef168c6,宁波,nb_vehicle,,,,330226002000,1,1.645,2.72,工程渣土车,,2026-09-02
b74bafdf51641a17,宁波,nb_vehicle,,,,330226002000,1,7.245,4.62,装修垃圾车,,2026-09-02
fd2e6d13e74da916,宁波,nb_vehicle,,,,330203000000,1,0.495,3.8,装修垃圾车,,2026-09-02
300eac0bda669bbc,宁波,nb_vehicle,,,,330281003000,1,16.1,14.77,工程渣土车,,2026-09-02
309c5ea31c3f23c3,宁波,nb_vehicle,,,,330203007000,1,16.1,14.77,工程渣土车,,2026-09-02
10bfb32c51bea80b,宁波,nb_vehicle,,,,330203007000,1,16.1,14.77,工程渣土车,,2026-09-02
40affa311e556b2f,宁波,nb_vehicle,,,,330203007000,1,16.1,14.77,工程渣土车,,2026-09-02
e72668e9cc0c41d9,宁波,nb_vehicle,,,,330203102000,1,16.1,14.77,工程渣土车,,2026-09-02
a5b95cf5d99bd8f2,宁波,nb_vehicle,,,,330203102000,1,16.87,14.0,工程渣土车,,2026-09-02
33b5ece37827edd5,宁波,nb_vehicle,,,,330203102000,1,16.37,14.5,工程渣土车,,2026-09-02
169990f9b8780300,宁波,nb_vehicle,,,,330203102000,1,16.87,14.0,工程渣土车,,2026-09-02
78b9b23a1503def1,宁波,nb_vehicle,,,,330203102000,1,16.37,14.5,工程渣土车,,2026-09-02
9a75ce83633e2efd,宁波,nb_vehicle,,,,330203102000,1,16.87,14.0,工程渣土车,,2026-09-02
d311ff7a3c46fdad,宁波,nb_vehicle,,,,330203102000,1,16.1,14.77,工程渣土车,,2026-09-02
b5654bd6fab41702,宁波,nb_vehicle,,,,330203102000,1,16.87,14.0,工程渣土车,,2026-09-02
5a4e0de5eea6fa9b,宁波,nb_vehicle,,,,330203102000,1,16.87,14.0,工程渣土车,,2026-09-02
4b9b84eb4a1b61f8,宁波,nb_vehicle,,,,330203102000,1,16.87,14.0,工程渣土车,,2026-09-02
42c45da2923c54bd,宁波,nb_vehicle,,,,330203102000,1,16.87,14.0,工程渣土车,,2026-09-02
bb7f2e2ded55aeeb,宁波,nb_vehicle,,,,330203102000,1,16.1,14.77,工程渣土车,,2026-09-02
bb34d9c56e25d912,宁波,nb_vehicle,,,,330203102000,1,16.87,14.0,工程渣土车,,2026-09-02
839a20d401810d19,宁波,nb_vehicle,,,,330203102000,1,16.1,14.77,工程渣土车,,2026-09-02
3028a36d82e35b33,宁波,nb_vehicle,,,,330203102000,1,16.37,14.5,工程渣土车,,2026-09-02
5a1ba458c904b1d7,宁波,nb_vehicle,,,,330203009000,1,16.1,14.77,工程渣土车,,2026-09-02
e69acb4216df9da7,宁波,nb_vehicle,,,,330203009000,1,16.1,14.77,工程渣土车,,2026-09-02
4c86c2a19ac4fe63,宁波,nb_vehicle,,,,330203000000,1,1.645,2.72,装修垃圾车,,2026-09-02
900f75191502a90f,宁波,nb_vehicle,,,,330203000000,1,1.495,2.805,装修垃圾车,,2026-09-02
02b888a0826d494c,宁波,nb_vehicle,,,,330206002000,1,4.37,4.6,装修垃圾车,,2026-09-02
a5474ad596b5edd1,宁波,nb_vehicle,,,,330206002000,1,4.37,4.6,装修垃圾车,,2026-09-02
92df7f53d4f1e833,宁波,nb_vehicle,,,,330212005000,1,16.37,14.5,工程渣土车,,2026-09-02
451df6477034ebc4,宁波,nb_vehicle,,,,330282000000,1,16.07,14.8,工程泥浆车,,2026-09-02
eca7254f4c38fc43,宁波,nb_vehicle,,,,330282000000,1,16.07,14.8,工程泥浆车,,2026-09-02
39b98a72ced5b00d,宁波,nb_vehicle,,,,330282000000,1,16.07,14.8,工程泥浆车,,2026-09-02
c8ca634ce154a542,宁波,nb_vehicle,,,,330282000000,1,16.07,14.8,工程泥浆车,,2026-09-02
217c8bc78be32406,宁波,nb_vehicle,,,,330282000000,1,16.07,14.8,工程泥浆车,,2026-09-02
ca4f3444b0f5b0eb,宁波,nb_vehicle,,,,330282000000,1,16.07,14.8,工程泥浆车,,2026-09-02
118131887ba2be6a,宁波,nb_vehicle,,,,330282000000,1,16.07,14.8,工程泥浆车,,2026-09-02
c1b62c4ad554f912,宁波,nb_vehicle,,,,330282000000,1,16.07,14.8,工程泥浆车,,2026-09-02
bc455ef4c8e128c7,宁波,nb_vehicle,,,,330282000000,1,16.07,14.8,工程泥浆车,,2026-09-02
49517227060e5364,宁波,nb_vehicle,,,,330282000000,1,16.07,14.8,工程泥浆车,,2026-09-02
8cf77928d506344a,宁波,nb_vehicle,,,,330282000000,1,16.07,14.8,工程泥浆车,,2026-09-02
cb9a2f70bbf657f1,宁波,nb_vehicle,,,,330282000000,1,16.07,14.8,工程泥浆车,,2026-09-02
ae3beb5bca66c1f0,宁波,nb_vehicle,,,,330282000000,1,16.07,14.8,工程泥浆车,,2026-09-02
32c95b083d65046c,宁波,nb_vehicle,,,,330282000000,1,16.07,14.8,工程泥浆车,,2026-09-02
86cba92288af907b,宁波,nb_vehicle,,,,330282000000,1,16.37,14.5,工程渣土车,,2026-09-02
60bb928689ea7eeb,宁波,nb_vehicle,,,,330282000000,1,16.37,14.5,工程渣土车,,2026-09-02
589b556dab1c033d,宁波,nb_vehicle,,,,330282000000,1,16.07,14.8,工程泥浆车,,2026-09-02
2d6c386cc2dd642d,宁波,nb_vehicle,,,,330282000000,1,16.07,14.8,工程泥浆车,,2026-09-02
11d0848d75406e8e,宁波,nb_vehicle,,,,330282000000,1,16.07,14.8,工程泥浆车,,2026-09-02
c0d22f69b5b16fbb,宁波,nb_vehicle,,,,330282000000,1,16.07,14.8,工程泥浆车,,2026-09-02
b21bae378cb802e9,宁波,nb_vehicle,,,,330281106000,1,15.37,15.5,工程渣土车,,2026-09-02
e35e60c2bbd7c187,宁波,nb_vehicle,,,,330206002000,1,16.02,14.98,工程渣土车,,2026-09-02
0a7172e683f63a98,宁波,nb_vehicle,,,,330206002000,1,16.02,14.98,工程渣土车,,2026-09-02
53e4d0e65efb9ea2,宁波,nb_vehicle,,,,330206002000,1,16.02,14.98,工程渣土车,,2026-09-02
48c59703abd2d052,宁波,nb_vehicle,,,,330205000000,1,16.1,14.77,工程渣土车,,2026-09-02
399c2c4c5decc488,宁波,nb_vehicle,,,,330205000000,1,16.1,14.77,工程渣土车,,2026-09-02
db7af2e4ba76a781,宁波,nb_vehicle,,,,330205000000,1,16.1,14.77,工程渣土车,,2026-09-02
0c512a6a1fab83d4,宁波,nb_vehicle,,,,330211000000,1,10.97,19.9,工程泥浆车,,2026-09-02
2ea6a621fc36ca7c,宁波,nb_vehicle,,,,330212006000,1,4.6,4.37,装修垃圾车,,2026-09-02
e8a6875c6da36015,宁波,nb_vehicle,,,,330281106000,1,16.1,14.77,工程渣土车,,2026-09-02
00c68e2b1c4d3d21,宁波,nb_vehicle,,,,330203000000,1,1.645,2.72,装修垃圾车,,2026-09-02
8d6742629760a70d,宁波,nb_vehicle,,,,33028210L000,1,15.37,15.5,工程渣土车,,2026-09-02
283c765c1a0a19d1,宁波,nb_vehicle,,,,33028210L000,1,15.37,15.5,工程渣土车,,2026-09-02
eb3e00a660cefbef,宁波,nb_vehicle,,,,33028210L000,1,15.37,1.38,工程渣土车,,2026-09-02
df2e41ad178199bd,宁波,nb_vehicle,,,,330282118000,1,16.1,1.798,工程渣土车,,2026-09-02
bdba7dcdb13f8176,宁波,nb_vehicle,,,,330282118000,1,15.37,15.5,工程渣土车,,2026-09-02
f1edd9d79fbc6377,宁波,nb_vehicle,,,,330282118000,1,16.1,1.564,工程渣土车,,2026-09-02
8c0350f67012a01d,宁波,nb_vehicle,,,,330282118000,1,16.1,14.77,工程渣土车,,2026-09-02
040f501779c493e3,宁波,nb_vehicle,,,,330205006000,1,16.1,14.77,工程渣土车,,2026-09-02
7056e361e22f9d5d,宁波,nb_vehicle,,,,330211000000,1,10.97,19.9,工程泥浆车,,2026-09-02
dfd0b19e130a76aa,宁波,nb_vehicle,,,,330203008000,1,1.645,2.72,装修垃圾车,,2026-09-02
c1b9eff586395380,宁波,nb_vehicle,,,,330282100000,1,16.1,14.77,工程渣土车,,2026-09-02
7ded162fc4cf2c72,宁波,nb_vehicle,,,,330206008000,1,16.1,14.77,工程渣土车,,2026-09-02
bce848e2954db87f,宁波,nb_vehicle,,,,330206008000,1,16.1,14.77,工程渣土车,,2026-09-02
1873ac3a24476c89,宁波,nb_vehicle,,,,330206008000,1,16.1,14.77,工程渣土车,,2026-09-02
2c1f7ddcae535265,宁波,nb_vehicle,,,,330206008000,1,16.1,14.77,工程渣土车,,2026-09-02
441f768643db7042,宁波,nb_vehicle,,,,330206008000,1,16.1,14.77,工程渣土车,,2026-09-02
126337cbe479fc92,宁波,nb_vehicle,,,,330206008000,1,16.1,14.77,工程渣土车,,2026-09-02
74b66f4f38df548e,宁波,nb_vehicle,,,,330206008000,1,16.1,14.77,工程渣土车,,2026-09-02
c4cc6ad470766aa7,宁波,nb_vehicle,,,,330206008000,1,16.1,14.77,工程渣土车,,2026-09-02
fc090c78ca7f22bb,宁波,nb_vehicle,,,,330206008000,1,16.1,14.77,工程渣土车,,2026-09-02
86af90a72ae982b2,宁波,nb_vehicle,,,,330206008000,1,15.78,15.09,工程渣土车,,2026-09-02
6c200a569318222d,宁波,nb_vehicle,,,,330206008000,1,15.37,15.5,工程渣土车,,2026-09-02
e04fa426e414ec20,宁波,nb_vehicle,,,,330211000000,1,12.07,18.8,工程泥浆车,,2026-09-02
01455a5d9be83e5b,宁波,nb_vehicle,,,,330211000000,1,12.07,18.8,工程泥浆车,,2026-09-02
c4a5faa0bdce9bff,宁波,nb_vehicle,,,,330206000000,1,16.1,1.9,工程渣土车,,2026-09-02
6793b3f666b6aedf,宁波,nb_vehicle,,,,330212100000,1,1.645,2.72,装修垃圾车,,2026-09-02
0ae413592b0ecbe5,宁波,nb_vehicle,,,,330212100000,1,1.645,2.72,装修垃圾车,,2026-09-02
41c8cce36e7a91a8,宁波,nb_vehicle,,,,330205006000,1,16.1,14.77,工程渣土车,,2026-09-02
fcf87e69a52ac606,宁波,nb_vehicle,,,,330212106000,1,0.43,3.665,工程渣土车,,2026-09-02
09868318296af342,宁波,nb_vehicle,,,,330206000000,1,1.645,2.72,装修垃圾车,,2026-09-02
14ef33c35b35abbd,宁波,nb_vehicle,,,,330212106000,1,0.495,3.665,工程渣土车,,2026-09-02
b06cbdeadfd8f812,宁波,nb_vehicle,,,,330281002000,1,16.02,14.45,工程渣土车,,2026-09-02
ce698ffcd3c421e4,宁波,nb_vehicle,,,,330203000000,1,9.53,1.48,装修垃圾车,,2026-09-02
96725d440b13d4a0,宁波,nb_vehicle,,,,330203000000,1,4.995,3.91,装修垃圾车,,2026-09-02
19d3868fec134476,宁波,nb_vehicle,,,,330203000000,1,4.62,4.35,装修垃圾车,,2026-09-02
12b064cea7b1d043,宁波,nb_vehicle,,,,330203000000,1,9.53,8.275,装修垃圾车,,2026-09-02
08c15d0992937be4,宁波,nb_vehicle,,,,330203000000,1,4.995,3.91,装修垃圾车,,2026-09-02
804911576dc00e5f,宁波,nb_vehicle,,,,330203000000,1,1.645,2.72,装修垃圾车,,2026-09-02
d10eace17b5e1fed,宁波,nb_vehicle,,,,330211000000,1,1.645,2.72,装修垃圾车,,2026-09-02
8da6571731cfb216,宁波,nb_vehicle,,,,330211003000,1,1.645,2.72,装修垃圾车,,2026-09-02
39f51c41c01c55da,宁波,nb_vehicle,,,,330203000000,1,1.645,2.72,装修垃圾车,,2026-09-02
af58e30c70a8c336,宁波,nb_vehicle,,,,330281004000,1,16.1,14.77,工程渣土车,,2026-09-02
ac6480dda31a4ebc,宁波,nb_vehicle,,,,330281004000,1,15.37,15.5,工程渣土车,,2026-09-02
3c7105962fe1c21f,宁波,nb_vehicle,,,,330212006000,1,0.495,3.665,工程渣土车,,2026-09-02
deba0b23d367f744,宁波,nb_vehicle,,,,330212006000,1,7.615,4.25,装修垃圾车,,2026-09-02
c3630828d9d6c455,宁波,nb_vehicle,,,,330281003000,1,16.02,14.85,工程渣土车,,2026-09-02
a52c08bbf7f4b31e,宁波,nb_vehicle,,,,330281003000,1,16.02,14.85,工程渣土车,,2026-09-02
0703ab8927e48d8b,宁波,nb_vehicle,,,,330281003000,1,16.02,14.85,工程渣土车,,2026-09-02
d19981d0c98358f4,宁波,nb_vehicle,,,,330281003000,1,16.02,14.85,工程渣土车,,2026-09-02
2c10631027d34db1,宁波,nb_vehicle,,,,330212106000,1,1.645,2.72,装修垃圾车,,2026-09-02
067533ce30e3ca42,宁波,nb_vehicle,,,,330212106000,1,0.49,3.3,装修垃圾车,,2026-09-02
6a9ef0fddf196d90,宁波,nb_vehicle,,,,330203000000,1,1.645,2.72,装修垃圾车,,2026-09-02
6b8de7d074b34cd5,宁波,nb_vehicle,,,,330205005000,1,15.9,14.97,工程渣土车,,2026-09-02
84e287fc979f07fd,宁波,nb_vehicle,,,,330205005000,1,15.9,14.97,工程渣土车,,2026-09-02
9e47139c72363818,宁波,nb_vehicle,,,,330205005000,1,16.1,14.77,工程渣土车,,2026-09-02
d2429d40a9b4f182,宁波,nb_vehicle,,,,330205005000,1,16.1,14.77,工程渣土车,,2026-09-02
0692dd8d9bec1048,宁波,nb_vehicle,,,,330205005000,1,16.1,14.77,工程渣土车,,2026-09-02
67d8033b0540ed67,宁波,nb_vehicle,,,,330205005000,1,16.1,14.77,工程渣土车,,2026-09-02
772650664d9733ea,宁波,nb_vehicle,,,,330205005000,1,16.1,14.77,工程渣土车,,2026-09-02
a82ab6f7276d3927,宁波,nb_vehicle,,,,330205005000,1,16.1,14.77,工程渣土车,,2026-09-02
7deb9e3a385dfbc6,宁波,nb_vehicle,,,,330205005000,1,16.1,14.77,工程渣土车,,2026-09-02
ceaedfc391a90132,宁波,nb_vehicle,,,,330205005000,1,16100.0,14.77,工程渣土车,,2026-09-02
1c43e139bc69e949,宁波,nb_vehicle,,,,330205005000,1,16.1,14.77,工程渣土车,,2026-09-02
0647c421694dd7a8,宁波,nb_vehicle,,,,330205005000,1,16.1,1.61,工程渣土车,,2026-09-02
57308dd29d321669,宁波,nb_vehicle,,,,330205008000,1,15.37,15.5,工程渣土车,,2026-09-02
d7133ee6cd2acd6e,宁波,nb_vehicle,,,,330206000000,1,4.62,4.35,装修垃圾车,,2026-09-02
0067b2fb4c69540c,宁波,nb_vehicle,,,,330211000000,1,12.07,18.8,工程泥浆车,,2026-09-02
a386414432e02113,宁波,nb_vehicle,,,,330205008000,1,15.37,15.5,工程渣土车,,2026-09-02
21e30811786c9828,宁波,nb_vehicle,,,,330211000000,1,12.07,18.8,工程泥浆车,,2026-09-02
ae5989391e1464f2,宁波,nb_vehicle,,,,330211000000,1,10.97,19.9,工程泥浆车,,2026-09-02
be1515f9b3424bd4,宁波,nb_vehicle,,,,330211000000,1,12.07,18.8,工程泥浆车,,2026-09-02
cd1d053264d55069,宁波,nb_vehicle,,,,330212016000,1,1.645,2.72,装修垃圾车,,2026-09-02
85f51c4937ab214d,宁波,nb_vehicle,,,,330203000000,1,1.495,3.9,装修垃圾车,,2026-09-02
a6465fd208bdea17,宁波,nb_vehicle,,,,330205000000,1,1.645,2.72,装修垃圾车,,2026-09-02
57b9246f56009d08,宁波,nb_vehicle,,,,330205000000,1,1.645,2.72,工程渣土车,,2026-09-02
0be0a9c9b3fce6b4,宁波,nb_vehicle,,,,330205000000,1,1.645,2.72,工程渣土车,,2026-09-02
ec93693d9d83174f,宁波,nb_vehicle,,,,330205008000,1,15.37,15.5,工程渣土车,,2026-09-02
a044a2ef7c0e9067,宁波,nb_vehicle,,,,330205008000,1,15.37,15.5,工程渣土车,,2026-09-02
9ca8a97cff6278d3,宁波,nb_vehicle,,,,330282005000,1,1.645,2.72,装修垃圾车,,2026-09-02
294675351025d734,宁波,nb_vehicle,,,,330282005000,1,1.645,2.72,装修垃圾车,,2026-09-02
31d5b47cd1c6a23a,宁波,nb_vehicle,,,,330282005000,1,1.645,2.72,装修垃圾车,,2026-09-02
36368a41b8ee820e,宁波,nb_vehicle,,,,330282005000,1,1.645,2.72,装修垃圾车,,2026-09-02
8c9be0c04ad707f7,宁波,nb_vehicle,,,,330282005000,1,4.62,4.35,装修垃圾车,,2026-09-02
59f704de4cd64139,宁波,nb_vehicle,,,,330212006000,1,0.43,3.665,工程渣土车,,2026-09-02
9633c9434e47f325,宁波,nb_vehicle,,,,330212006000,1,0.55,3.75,工程渣土车,,2026-09-02
ebfe062b932087dd,宁波,nb_vehicle,,,,330212014000,1,7.115,4.75,装修垃圾车,,2026-09-02
62525abd44022ae3,宁波,nb_vehicle,,,,330212014000,1,1.645,2.72,装修垃圾车,,2026-09-02
9863a6a0f397769a,宁波,nb_vehicle,,,,330212014000,1,4.37,4.6,装修垃圾车,,2026-09-02
f3098ae864b9c560,宁波,nb_vehicle,,,,330212014000,1,4.37,4.6,装修垃圾车,,2026-09-02
c1eabd471705303e,宁波,nb_vehicle,,,,330212105000,1,16.02,14.85,工程渣土车,,2026-09-02
51b34abdcc8a81ba,宁波,nb_vehicle,,,,330212105000,1,16.02,14.85,工程渣土车,,2026-09-02
4eaf08dbe62d9792,宁波,nb_vehicle,,,,330212105000,1,16.02,14.85,工程渣土车,,2026-09-02
d8e368157c73accc,宁波,nb_vehicle,,,,330212007000,1,11.92,18.95,工程泥浆车,,2026-09-02
3c723be6bed48b2a,宁波,nb_vehicle,,,,330212007000,1,11.92,18.95,工程泥浆车,,2026-09-02
f4a50d29f7f195e6,宁波,nb_vehicle,,,,330212007000,1,13.57,17.3,工程泥浆车,,2026-09-02
a6e30e9a601aabf6,宁波,nb_vehicle,,,,330212007000,1,13.57,17.3,工程泥浆车,,2026-09-02
62e089b6f669bd61,宁波,nb_vehicle,,,,330212007000,1,11.92,18.95,工程泥浆车,,2026-09-02
ca6e885de5352e61,宁波,nb_vehicle,,,,330212104000,1,4.37,4.6,装修垃圾车,,2026-09-02
704641d28fe557e0,宁波,nb_vehicle,,,,330212006000,1,0.745,3.555,装修垃圾车,,2026-09-02
643dd387c3f93da1,宁波,nb_vehicle,,,,330212006000,1,1.645,2.72,装修垃圾车,,2026-09-02
d3f6f867c74247d5,宁波,nb_vehicle,,,,330212006000,1,0.68,3.5,装修垃圾车,,2026-09-02
5f1711d6daf407bd,宁波,nb_vehicle,,,,330212006000,1,4.37,4.6,装修垃圾车,,2026-09-02
75f9ae46823e2233,宁波,nb_vehicle,,,,330212006000,1,0.49,3.3,装修垃圾车,,2026-09-02
9ae88e97960ad8b5,宁波,nb_vehicle,,,,330212006000,1,4.37,4.6,装修垃圾车,,2026-09-02
ddd392128e6456d3,宁波,nb_vehicle,,,,330212006000,1,1.645,2.72,装修垃圾车,,2026-09-02
82b36a89dcf99603,宁波,nb_vehicle,,,,330212008000,1,1.645,2.72,工程渣土车,,2026-09-02
b843996f462e63f9,宁波,nb_vehicle,,,,330212008000,1,1.645,2.72,装修垃圾车,,2026-09-02
4958cef2f8c400bb,宁波,nb_vehicle,,,,330212002000,1,10.07,20.8,工程泥浆车,,2026-09-02
ae35b2cdf9694900,宁波,nb_vehicle,,,,330212005000,1,16.87,14.0,工程渣土车,,2026-09-02
7eaa4aeee0a2ecde,宁波,nb_vehicle,,,,330212005000,1,16.1,1.58,工程渣土车,,2026-09-02
4806f377c006639f,宁波,nb_vehicle,,,,330212005000,1,16.37,14.5,工程渣土车,,2026-09-02
a7fac3fbd30d5b7a,宁波,nb_vehicle,,,,330212005000,1,16.37,14.5,工程渣土车,,2026-09-02
68027e9c2f31f44e,宁波,nb_vehicle,,,,330212005000,1,16.37,14.5,工程渣土车,,2026-09-02
4e789857e579e68b,宁波,nb_vehicle,,,,330212005000,1,16.37,14.5,工程渣土车,,2026-09-02
fbe2bac88c3f4b36,宁波,nb_vehicle,,,,330212005000,1,16.37,14.5,工程渣土车,,2026-09-02
52110e899d452b05,宁波,nb_vehicle,,,,330212005000,1,16.37,14.5,工程渣土车,,2026-09-02
913e660aabb63ff0,宁波,nb_vehicle,,,,330212106000,1,0.43,3.665,工程渣土车,,2026-09-02
f63bb7afeda69f4c,宁波,nb_vehicle,,,,330212106000,1,0.495,3.665,工程渣土车,,2026-09-02
ac08fec52799c435,宁波,nb_vehicle,,,,330212106000,1,0.495,3.665,工程渣土车,,2026-09-02
d07025033a9f3ed2,宁波,nb_vehicle,,,,330212106000,1,0.495,3.665,工程渣土车,,2026-09-02
8d68648f9b1fe022,宁波,nb_vehicle,,,,330212005000,1,1.645,2.72,装修垃圾车,,2026-09-02
f8af50b79b98a3df,宁波,nb_vehicle,,,,330212005000,1,9.995,7.81,装修垃圾车,,2026-09-02
e5e7afb116151f13,宁波,nb_vehicle,,,,330212005000,1,9.995,7.81,装修垃圾车,,2026-09-02
59a251a587bfe3c3,宁波,nb_vehicle,,,,330212005000,1,1.645,2.72,装修垃圾车,,2026-09-02
eb70ab455ed12f5a,宁波,nb_vehicle,,,,330212005000,1,10.555,7.25,装修垃圾车,,2026-09-02
0169dc78f4aff6fa,宁波,nb_vehicle,,,,330212005000,1,9.53,8.275,装修垃圾车,,2026-09-02
620836cd4d38080d,宁波,nb_vehicle,,,,330212106000,1,10.555,7.25,装修垃圾车,,2026-09-02
1c9fc78fca2a8b71,宁波,nb_vehicle,,,,330212106000,1,1.645,2.72,工程渣土车,,2026-09-02
2fcc9cf25363a8fd,宁波,nb_vehicle,,,,330212106000,1,1.645,2.72,装修垃圾车,,2026-09-02
b954269298564f1b,宁波,nb_vehicle,,,,330212106000,1,7.355,6.45,装修垃圾车,,2026-09-02
dd7ed984439e5b83,宁波,nb_vehicle,,,,330212106000,1,7.355,6.45,装修垃圾车,,2026-09-02
5a92390f09d4a17b,宁波,nb_vehicle,,,,330212106000,1,0.495,3.665,工程渣土车,,2026-09-02
cd2dc5823d7b2bb9,宁波,nb_vehicle,,,,330212106000,1,1.645,2.72,装修垃圾车,,2026-09-02
a1371061b96972df,宁波,nb_vehicle,,,,330212106000,1,7.355,6.45,装修垃圾车,,2026-09-02
8471c085051ea758,宁波,nb_vehicle,,,,330212106000,1,1.645,2.72,装修垃圾车,,2026-09-02
a3743d790ecb6f13,宁波,nb_vehicle,,,,330212106000,1,4.37,4.6,装修垃圾车,,2026-09-02
4289c4d4c8094b3f,宁波,nb_vehicle,,,,330212106000,1,0.68,3.515,装修垃圾车,,2026-09-02
3baeddb611094dc6,宁波,nb_vehicle,,,,330212014000,1,1.645,2.72,装修垃圾车,,2026-09-02
89b027f32850ee70,宁波,nb_vehicle,,,,330212014000,1,1.495,2.805,装修垃圾车,,2026-09-02
74afb0f1798af649,宁波,nb_vehicle,,,,330212014000,1,1.495,2.8,装修垃圾车,,2026-09-02
27cf89a24cd0c3a7,宁波,nb_vehicle,,,,330212012000,1,1.645,2.72,装修垃圾车,,2026-09-02
4f788e1b27c0e72f,宁波,nb_vehicle,,,,330212012000,1,1.645,2.72,装修垃圾车,,2026-09-02
7dd61dcf1a04993d,宁波,nb_vehicle,,,,330212012000,1,1.645,2.72,装修垃圾车,,2026-09-02
be4b5caa65ffe723,宁波,nb_vehicle,,,,330212012000,1,1.645,2.72,装修垃圾车,,2026-09-02
38bb4d2fd5512b82,宁波,nb_vehicle,,,,330212012000,1,0.43,3.715,装修垃圾车,,2026-09-02
a22627965b26416a,宁波,nb_vehicle,,,,330212902000,1,1.645,2.72,装修垃圾车,,2026-09-02
a17be2500cb18abf,宁波,nb_vehicle,,,,330212902000,1,1.645,2.72,装修垃圾车,,2026-09-02
0a45ba515cd63778,宁波,nb_vehicle,,,,330212014000,1,0.69,3.61,工程渣土车,,2026-09-02
cd0114365e1b1ba3,宁波,nb_vehicle,,,,330212006000,1,0.68,3.5,装修垃圾车,,2026-09-02
eb3cea9b527624d4,宁波,nb_vehicle,,,,330212006000,1,0.68,3.5,装修垃圾车,,2026-09-02
97b93667748a387b,宁波,nb_vehicle,,,,330212006000,1,0.68,3.5,装修垃圾车,,2026-09-02
edc15ab32f1614ba,宁波,nb_vehicle,,,,330205006000,1,1.645,2.72,装修垃圾车,,2026-09-02
3e8ee27d81984687,宁波,nb_vehicle,,,,330205006000,1,1.645,2.72,装修垃圾车,,2026-09-02
53d96dd819c9ab68,宁波,nb_vehicle,,,,330205006000,1,1.645,2.72,装修垃圾车,,2026-09-02
81d88250808094b4,宁波,nb_vehicle,,,,330205006000,1,1.645,2.72,装修垃圾车,,2026-09-02
51a0787f13508b26,宁波,nb_vehicle,,,,330205006000,1,1.645,2.72,工程渣土车,,2026-09-02
e5f6a799e2d3de62,宁波,nb_vehicle,,,,330205006000,1,1.645,2.72,装修垃圾车,,2026-09-02
548c17310e3b250a,宁波,nb_vehicle,,,,330205006000,1,1.645,2.72,工程渣土车,,2026-09-02
2c164927f756ec8e,宁波,nb_vehicle,,,,330211000000,1,1.645,2.72,装修垃圾车,,2026-09-02
50db657624448563,宁波,nb_vehicle,,,,330211000000,1,1.645,2.72,装修垃圾车,,2026-09-02
db87d53a61ef24f0,宁波,nb_vehicle,,,,330225002000,1,8.87,22.0,工程泥浆车,,2026-09-02
965e39ab829f7d0e,宁波,nb_vehicle,,,,330211000000,1,16.1,14.77,工程渣土车,,2026-09-02
9e05b1c9b2c9ee97,宁波,nb_vehicle,,,,330226000000,1,4.525,4.38,装修垃圾车,,2026-09-02
691ba0cf972175d4,宁波,nb_vehicle,,,,330226001000,1,0.68,3.515,装修垃圾车,,2026-09-02
39e0f033bde2feee,宁波,nb_vehicle,,,,330226001000,1,1.58,2.72,工程渣土车,,2026-09-02
5d6b76c5c9fb3730,宁波,nb_vehicle,,,,330226001000,1,9.705,8.1,装修垃圾车,,2026-09-02
8e959b792d8ac5bd,宁波,nb_vehicle,,,,330226001000,1,7.31,4.49,装修垃圾车,,2026-09-02
8ab012ec4d99a5e4,宁波,nb_vehicle,,,,330206002000,1,16.1,16.1,工程渣土车/工程渣土车,,2026-09-02
b020a4e880e0f4a1,宁波,nb_vehicle,,,,330206002000,1,16.1,16.1,工程渣土车,,2026-09-02
1228ad64e67592ed,宁波,nb_vehicle,,,,330212103L00,1,4.6,1.56,装修垃圾车,,2026-09-02
a1574a62829a557a,宁波,nb_vehicle,,,,330212103L00,1,1.645,2.72,工程渣土车,,2026-09-02
7fd654ecdab91c02,宁波,nb_vehicle,,,,330203000000,1,16.37,14.5,工程渣土车,,2026-09-02
0e8fd9c241c86e40,宁波,nb_vehicle,,,,330203000000,1,16.37,14.5,工程渣土车,,2026-09-02
1150b66e31eef45b,宁波,nb_vehicle,,,,330203000000,1,15.37,15.5,工程渣土车,,2026-09-02
32f7fbe2d07c4ec0,宁波,nb_vehicle,,,,330203000000,1,16.37,14.5,工程渣土车,,2026-09-02
ae30c2d8cb06834f,宁波,nb_vehicle,,,,330203000000,1,16.87,14.0,工程渣土车,,2026-09-02
9263dcbf430fa8f5,宁波,nb_vehicle,,,,330203000000,1,16.87,14.0,工程渣土车,,2026-09-02
f9c4069f3ba4b207,宁波,nb_vehicle,,,,330203000000,1,16.37,14.5,工程渣土车,,2026-09-02
8d27c7db041b0813,宁波,nb_vehicle,,,,330203000000,1,16.37,14.5,工程渣土车,,2026-09-02
f2d2a007a3289b67,宁波,nb_vehicle,,,,330203000000,1,16.37,14.5,工程渣土车,,2026-09-02
3c2335041a790b24,宁波,nb_vehicle,,,,330205000000,1,1.495,2.805,装修垃圾车,,2026-09-02
ad6a2c1bcc60a60b,宁波,nb_vehicle,,,,330212000000,1,1.645,2.72,装修垃圾车,,2026-09-02
42c8c83e992e913f,宁波,nb_vehicle,,,,330212103000,1,1.645,2.72,装修垃圾车,,2026-09-02
bf593de65745be4c,宁波,nb_vehicle,,,,330203000000,1,1.495,2.805,装修垃圾车,,2026-09-02
aa0b784280747e3b,宁波,nb_vehicle,,,,330203000000,1,1.49,2.8,装修垃圾车,,2026-09-02
e18e5eb5faa195bf,宁波,nb_vehicle,,,,330205000000,1,0.745,3.555,装修垃圾车,,2026-09-02
3ade832367b58716,宁波,nb_vehicle,,,,330205000000,1,0.745,3.43,装修垃圾车,,2026-09-02
cce57b23bd1a1858,宁波,nb_vehicle,,,,330213000000,1,1.645,2.72,装修垃圾车,,2026-09-02
dccb169e4981cece,宁波,nb_vehicle,,,,330213000000,1,1.645,2.72,装修垃圾车,,2026-09-02
d190d99b5db1981d,宁波,nb_vehicle,,,,330213000000,1,4.37,4.6,装修垃圾车,,2026-09-02
2a7fe4463a1ec6c0,宁波,nb_vehicle,,,,330213000000,1,1.645,2.72,装修垃圾车,,2026-09-02
152900f2ce0ff6fd,宁波,nb_vehicle,,,,330225002000,1,16.1,15.0,工程渣土车,,2026-09-02
39c161f0eee160da,宁波,nb_vehicle,,,,330225002000,1,16.1,14.77,工程渣土车,,2026-09-02
6b09f624bfcdc716,宁波,nb_vehicle,,,,330205008000,1,15.37,15.5,工程渣土车,,2026-09-02
63e7ca5646de4a4c,宁波,nb_vehicle,,,,330205008000,1,15.37,1.53,工程渣土车,,2026-09-02
3bfeddd2c5eb9051,宁波,nb_vehicle,,,,330205008000,1,15.37,15.5,工程渣土车,,2026-09-02
8462b6adec5781ab,宁波,nb_vehicle,,,,330205008000,1,15.37,15.5,工程渣土车,,2026-09-02
b23b055b803b4fe1,宁波,nb_vehicle,,,,330205008000,1,15.37,15.5,工程渣土车,,2026-09-02
3c8ac264334c5574,宁波,nb_vehicle,,,,330205008000,1,15.37,15.5,工程渣土车,,2026-09-02
ac34e8822e173b66,宁波,nb_vehicle,,,,330205008000,1,15.37,15.5,工程渣土车,,2026-09-02
94599f36045cb354,宁波,nb_vehicle,,,,330212002000,1,10.07,1.427,工程泥浆车,,2026-09-02
9523779b9199d556,宁波,nb_vehicle,,,,330212002000,1,10.07,20.8,工程泥浆车,,2026-09-02
01d3d92e6b7ac705,宁波,nb_vehicle,,,,330225200000,1,16.1,14.77,工程渣土车,,2026-09-02
da063c97dfc278f5,宁波,nb_vehicle,,,,330225200000,1,16.1,14.77,工程渣土车,,2026-09-02
3949ed9eaf25ad60,宁波,nb_vehicle,,,,330225200000,1,16.1,1.93,工程渣土车,,2026-09-02
bb57cb7ca85a8c33,宁波,nb_vehicle,,,,330226002000,1,16.1,14.77,工程渣土车,,2026-09-02
e3db38b705375e9d,宁波,nb_vehicle,,,,330226002000,1,16.1,14.77,工程渣土车,,2026-09-02
49c061a77cb564ae,宁波,nb_vehicle,,,,330282118000,1,16.77,14.1,工程渣土车,,2026-09-02
4ff4c21b46c4a971,宁波,nb_vehicle,,,,330282118000,1,16.77,14.1,工程渣土车,,2026-09-02
4d1d5f91f3173422,宁波,nb_vehicle,,,,330282118000,1,15.37,15.5,工程渣土车,,2026-09-02
f2936096c1fb742e,宁波,nb_vehicle,,,,330282118000,1,16.1,14.77,工程渣土车,,2026-09-02
fc82854ef38e19af,宁波,nb_vehicle,,,,330282118000,1,16.77,1.346,工程渣土车,,2026-09-02
f112a1e9a66c0918,宁波,nb_vehicle,,,,330203000000,1,1.645,2.72,装修垃圾车,,2026-09-02
9da0aaaf795dccb7,宁波,nb_vehicle,,,,330203000000,1,1.645,2.72,装修垃圾车,,2026-09-02
fc15dbc715d88d77,宁波,nb_vehicle,,,,330206000000,1,1.645,2.72,装修垃圾车,,2026-09-02
e9ae6d7fcac448ea,宁波,nb_vehicle,,,,330205000000,1,1.645,2.72,装修垃圾车,,2026-09-02
bdddce238cd040a4,宁波,nb_vehicle,,,,330211000000,1,10.07,20.8,工程泥浆车,,2026-09-02
dc7eb326d4147d95,宁波,nb_vehicle,,,,330211000000,1,10.97,19.9,工程泥浆车,,2026-09-02
ab2561b495b33e36,宁波,nb_vehicle,,,,330211000000,1,12.07,18.8,工程泥浆车,,2026-09-02
012d7e9aacb99ab5,宁波,nb_vehicle,,,,330211000000,1,12.005,18.8,工程泥浆车,,2026-09-02
7a87d41dd9a4bc83,宁波,nb_vehicle,,,,330211000000,1,12.07,18.8,工程泥浆车,,2026-09-02
61b6f90a8e3b8c5b,宁波,nb_vehicle,,,,330211000000,1,12.005,18.8,工程泥浆车,,2026-09-02
5fe8d5e998132f44,宁波,nb_vehicle,,,,330211000000,1,12.07,18.8,工程泥浆车,,2026-09-02
e51ce12782b35bb9,宁波,nb_vehicle,,,,330226002000,1,16.1,14.77,工程渣土车,,2026-09-02
b8571be2fb07828f,宁波,nb_vehicle,,,,330226002000,1,15.37,15.5,工程渣土车,,2026-09-02
880c93a5e1ddeb53,宁波,nb_vehicle,,,,330226002000,1,16.1,14.77,工程渣土车,,2026-09-02
9b6d44280ba04539,宁波,nb_vehicle,,,,330226002000,1,16.1,14.77,工程渣土车,,2026-09-02
08034158ac47deaa,宁波,nb_vehicle,,,,330226002000,1,16.1,14.77,工程渣土车,,2026-09-02
dcd228baf7d37a89,宁波,nb_vehicle,,,,330226002000,1,15.37,15.5,工程渣土车,,2026-09-02
e5519608cd3dc3d9,宁波,nb_vehicle,,,,330226002000,1,15.37,15.5,工程渣土车,,2026-09-02
18c2be0d6bd7ae64,宁波,nb_vehicle,,,,330226002000,1,16.1,14.77,工程渣土车,,2026-09-02
3e3e9c0c0201d6bf,宁波,nb_vehicle,,,,330226002000,1,16.1,14.77,工程渣土车,,2026-09-02
94108cc864bd8c68,宁波,nb_vehicle,,,,330226002000,1,16.1,14.77,工程渣土车,,2026-09-02
7074cf1adfede288,宁波,nb_vehicle,,,,330226002000,1,15.37,15.5,工程渣土车,,2026-09-02
d8568cff87a233ce,宁波,nb_vehicle,,,,330226002000,1,16.1,14.77,工程渣土车,,2026-09-02
a7836254fde1389d,宁波,nb_vehicle,,,,330226002000,1,15.37,15.5,工程渣土车,,2026-09-02
fe37e7afb144e9fd,宁波,nb_vehicle,,,,330226002000,1,15.37,15.5,工程渣土车,,2026-09-02
81b35783a5d141d0,宁波,nb_vehicle,,,,330226002000,1,15.99,14.88,工程渣土车,,2026-09-02
d3a20877bed977b4,宁波,nb_vehicle,,,,330226002000,1,15.37,15.5,工程渣土车,,2026-09-02
4e123778e7b73ce5,宁波,nb_vehicle,,,,330226002000,1,16.1,14.77,工程渣土车,,2026-09-02
5e51ac25fb48b9dd,宁波,nb_vehicle,,,,330203000000,1,16.87,14.0,工程渣土车,,2026-09-02
efbee8667cf0748d,宁波,nb_vehicle,,,,330281002000,1,12.07,18.8,工程泥浆车,,2026-09-02
4b21f1bad4c90a0b,宁波,nb_vehicle,,,,330282005000,1,4.62,4.35,装修垃圾车,,2026-09-02
aeed55f2501738bf,宁波,nb_vehicle,,,,330205000000,1,0.43,3.715,装修垃圾车,,2026-09-02
34dbe0601855628f,宁波,nb_vehicle,,,,330226001000,1,1.645,2.72,工程渣土车,,2026-09-02
c3ea9d3bf9203e7d,宁波,nb_vehicle,,,,330226001000,1,1.645,2.72,工程渣土车,,2026-09-02
aad305f20dd2e186,宁波,nb_vehicle,,,,330226001000,1,1.645,2.72,工程渣土车,,2026-09-02
3d2145439be4bdec,宁波,nb_vehicle,,,,330226001000,1,4.37,4.6,装修垃圾车,,2026-09-02
9645031939ebe715,宁波,nb_vehicle,,,,330203006000,1,16.1,14.77,工程渣土车,,2026-09-02
3c92227abdb95e01,宁波,nb_vehicle,,,,330203006000,1,16.1,0.104,工程渣土车,,2026-09-02
913ecbafc919d435,宁波,nb_vehicle,,,,330203006000,1,7.7,4.1,装修垃圾车,,2026-09-02
2854e7c7070ff1ae,宁波,nb_vehicle,,,,330212100000,1,1.645,2.72,装修垃圾车,,2026-09-02
529705de765d0a69,宁波,nb_vehicle,,,,330212100000,1,1.645,2.72,装修垃圾车,,2026-09-02
8622fde5b0e76364,宁波,nb_vehicle,,,,330211002000,1,16.1,14.77,工程渣土车,,2026-09-02
0071cebada4fa2b9,宁波,nb_vehicle,,,,330211002000,1,15.37,15.5,工程渣土车,,2026-09-02
d7a2cbb531560c6f,宁波,nb_vehicle,,,,330211002000,1,16.1,14.77,工程渣土车,,2026-09-02
74467dfa17ed6b0a,宁波,nb_vehicle,,,,330211002000,1,16.1,14.77,工程渣土车,,2026-09-02
546a2ee9a436af0d,宁波,nb_vehicle,,,,330211002000,1,15.37,15.5,工程渣土车,,2026-09-02
9e3bcb8e3be1f017,宁波,nb_vehicle,,,,330211002000,1,16.1,14.77,工程渣土车,,2026-09-02
a7b6184ceaf0b837,宁波,nb_vehicle,,,,330211002000,1,16.1,14.77,工程渣土车,,2026-09-02
ccd1cb7413e43f74,宁波,nb_vehicle,,,,330211002000,1,16.1,14.77,工程渣土车,,2026-09-02
d63bac3c17dd0ac9,宁波,nb_vehicle,,,,330211002000,1,16.1,14.77,工程渣土车,,2026-09-02
3d1464cb808a972e,宁波,nb_vehicle,,,,330211002000,1,16.1,14.77,工程渣土车,,2026-09-02
e572c8d29e9e59ba,宁波,nb_vehicle,,,,330211002000,1,16.1,14.77,工程渣土车,,2026-09-02
f88da886846b08d7,宁波,nb_vehicle,,,,330211002000,1,15.37,15.5,工程渣土车,,2026-09-02
599b00a51aa2c5c0,宁波,nb_vehicle,,,,330211002000,1,16.1,14.77,工程渣土车,,2026-09-02
1cd35291b2aefcdf,宁波,nb_vehicle,,,,330211002000,1,16.1,14.77,工程渣土车,,2026-09-02
f8f644669521cdf5,宁波,nb_vehicle,,,,330211002000,1,16.1,14.77,工程渣土车,,2026-09-02
fb3ee87e47bda148,宁波,nb_vehicle,,,,330203009000,1,16.1,14.77,工程渣土车,,2026-09-02
953989ac2a55e8fe,宁波,nb_vehicle,,,,330203000000,1,1.645,2.72,装修垃圾车,,2026-09-02
7ec39d703f4fdc4b,宁波,nb_vehicle,,,,330212000000,1,0.495,3.665,工程渣土车,,2026-09-02
612b7ee6db7fc06f,宁波,nb_vehicle,,,,330212000000,1,0.495,3.665,工程渣土车,,2026-09-02
f7d65f336dd8f3dc,宁波,nb_vehicle,,,,330212000000,1,0.495,3.665,工程渣土车,,2026-09-02
dfa9f31a95e0c5cc,宁波,nb_vehicle,,,,330212000000,1,0.495,3.665,工程渣土车,,2026-09-02
b82dd3e209e1d5cd,宁波,nb_vehicle,,,,330205000000,1,15.67,15.2,工程渣土车,,2026-09-02
8a6cfcacd37c5823,宁波,nb_vehicle,,,,330212006000,1,1.645,2.72,装修垃圾车,,2026-09-02
f484e1d0dded6f55,宁波,nb_vehicle,,,,330212006000,1,1.645,2.72,装修垃圾车,,2026-09-02
7142b278acafee8b,宁波,nb_vehicle,,,,330212006000,1,1.645,2.72,装修垃圾车,,2026-09-02
5ac13321edf0a607,宁波,nb_vehicle,,,,330212007000,1,10.655,7.15,装修垃圾车,,2026-09-02
9a03f8e2604a5ae6,宁波,nb_vehicle,,,,330212007000,1,7.355,6.45,装修垃圾车,,2026-09-02
54496aa3967f4c36,宁波,nb_vehicle,,,,330212007000,1,7.355,6.45,装修垃圾车,,2026-09-02
961a8758a8c8c711,宁波,nb_vehicle,,,,330225002000,1,15.37,15.5,工程渣土车,,2026-09-02
e7dd933c8c8f2f99,宁波,nb_vehicle,,,,330225002000,1,16.1,14.77,工程渣土车,,2026-09-02
640f956afb8ebedd,宁波,nb_vehicle,,,,330225002000,1,15.37,15.5,工程渣土车,,2026-09-02
2ce193f959ea1012,宁波,nb_vehicle,,,,330225002000,1,15.37,15.5,工程渣土车,,2026-09-02
b0eadba57288538c,宁波,nb_vehicle,,,,330225002000,1,15.37,15.5,工程渣土车,,2026-09-02
6ad1829fb6f0a831,宁波,nb_vehicle,,,,330203000000,1,1.645,2.72,装修垃圾车,,2026-09-02
c3b13049445b0c64,宁波,nb_vehicle,,,,330205000000,1,10.655,7.15,装修垃圾车,,2026-09-02
928e5778a395b7ec,宁波,nb_vehicle,,,,330205000000,1,4.37,4.6,装修垃圾车,,2026-09-02
5a858118e098f3b2,宁波,nb_vehicle,,,,330206000000,1,9.505,6.5,装修垃圾车,,2026-09-02
40dbd20938c1ef73,宁波,nb_vehicle,,,,330206000000,1,4.62,4.35,装修垃圾车,,2026-09-02
3e0d3fd68451537f,宁波,nb_vehicle,,,,330203104000,1,3.79,3.44,装修垃圾车,,2026-09-02
8f53dfd34bcb2ffa,宁波,nb_vehicle,,,,330212000000,1,1.645,2.72,工程渣土车,,2026-09-02
31005e2cacf18d7f,宁波,nb_vehicle,,,,330212000000,1,1.645,2.72,工程渣土车,,2026-09-02
753e4b44734566e3,宁波,nb_vehicle,,,,330282005000,1,4.62,4.35,装修垃圾车,,2026-09-02
e27beaff0a3c5063,宁波,nb_vehicle,,,,330282005000,1,1.645,2.72,装修垃圾车,,2026-09-02
994f8927a496be27,宁波,nb_vehicle,,,,330282005000,1,1.645,2.72,装修垃圾车,,2026-09-02
f448234937dfe828,宁波,nb_vehicle,,,,330282005000,1,4.37,4.6,装修垃圾车,,2026-09-02
dd7e35f6f9561dfb,宁波,nb_vehicle,,,,330282005000,1,1.64,2.72,装修垃圾车,,2026-09-02
d0342a16033cff9d,宁波,nb_vehicle,,,,330282005000,1,1.64,2.72,装修垃圾车,,2026-09-02
9ef3e6693b9a0110,宁波,nb_vehicle,,,,330282005000,1,4.37,4.6,装修垃圾车,,2026-09-02
dd1c35bf041a2994,宁波,nb_vehicle,,,,330282005000,1,4.37,4.6,装修垃圾车,,2026-09-02
8c4dfe555d98df96,宁波,nb_vehicle,,,,330282004000,1,4.62,4.35,装修垃圾车,,2026-09-02
9baa8c37b646b80a,宁波,nb_vehicle,,,,330282004000,1,1.645,2.72,装修垃圾车,,2026-09-02
2745591795fed579,宁波,nb_vehicle,,,,330203006000,1,16.1,1.435,工程渣土车,,2026-09-02
5c948ae74ba84e92,宁波,nb_vehicle,,,,330203006000,1,16.1,16.0,工程渣土车,,2026-09-02
a48b5cbcf9fe0f17,宁波,nb_vehicle,,,,330203006000,1,16.1,14.77,工程渣土车,,2026-09-02
05fc4dabe616f1ba,宁波,nb_vehicle,,,,330203006000,1,16.1,14.77,工程渣土车,,2026-09-02
23226b8f4d512ab6,宁波,nb_vehicle,,,,330203006000,1,16.1,14.77,工程渣土车,,2026-09-02
8a3e07d2e7d3bf71,宁波,nb_vehicle,,,,330203006000,1,16.1,14.77,工程渣土车,,2026-09-02
940562766f9f43fa,宁波,nb_vehicle,,,,330213001000,1,15.37,15.5,工程渣土车,,2026-09-02
769c7d07b38f65a6,宁波,nb_vehicle,,,,330213001000,1,15.37,15.5,工程渣土车,,2026-09-02
e0aeac6d5462711c,宁波,nb_vehicle,,,,330213001000,1,15.99,15.0,工程渣土车,,2026-09-02
45127a8287ee13ce,宁波,nb_vehicle,,,,330213001000,1,15.37,15.5,工程渣土车,,2026-09-02
15fd6aee5a7a66cf,宁波,nb_vehicle,,,,330213001000,1,16.1,14.77,工程渣土车,,2026-09-02
b7b24dc624e279e1,宁波,nb_vehicle,,,,330213001000,1,16.1,14.77,工程渣土车,,2026-09-02
6d3f934d786a8e3c,宁波,nb_vehicle,,,,330213001000,1,15.37,15.0,工程渣土车,,2026-09-02
8851af5fb68996be,宁波,nb_vehicle,,,,330213001000,1,16.1,14.77,工程渣土车,,2026-09-02
1b2834428d604fa1,宁波,nb_vehicle,,,,330213001000,1,15.37,15.5,工程渣土车,,2026-09-02
c2969dee9bae2d95,宁波,nb_vehicle,,,,330213001000,1,15.99,15.5,工程渣土车,,2026-09-02
068567c36a4d2ba3,宁波,nb_vehicle,,,,330213001000,1,16.1,14.77,工程渣土车,,2026-09-02
68f3379dd9d8e399,宁波,nb_vehicle,,,,330213001000,1,16.1,14.77,工程渣土车,,2026-09-02
411f4958f56d3ed9,宁波,nb_vehicle,,,,330213001000,1,16.1,14.77,工程渣土车,,2026-09-02
685e71b647fc0d3c,宁波,nb_vehicle,,,,330213001000,1,16.1,14.77,工程渣土车,,2026-09-02
b1c201cb4cccd05d,宁波,nb_vehicle,,,,330213001000,1,15.9,14.97,工程渣土车,,2026-09-02
2e084a070569aeee,宁波,nb_vehicle,,,,330213001000,1,15.37,15.5,工程渣土车,,2026-09-02
ed2e49d832f56f4e,宁波,nb_vehicle,,,,330213001000,1,16.1,14.77,工程渣土车,,2026-09-02
769b7b8cd2b37829,宁波,nb_vehicle,,,,330213001000,1,15.37,15.5,工程渣土车,,2026-09-02
b5205cf1071a3aec,宁波,nb_vehicle,,,,330213001000,1,16.1,14.77,工程渣土车,,2026-09-02
a306cbe34ca0f1e6,宁波,nb_vehicle,,,,330213001000,1,15.37,15.5,工程渣土车,,2026-09-02
8efe50240f7c43c4,宁波,nb_vehicle,,,,330213001000,1,15.37,15.5,工程渣土车,,2026-09-02
ce025f7ad36b8d39,宁波,nb_vehicle,,,,330213001000,1,15.37,15500.0,工程渣土车,,2026-09-02
5ed0e30e2015449e,宁波,nb_vehicle,,,,330213001000,1,15.37,15.5,工程渣土车,,2026-09-02
857f2074911c40b2,宁波,nb_vehicle,,,,330213001000,1,15.37,15.5,工程渣土车,,2026-09-02
e6eb6312cbf170bf,宁波,nb_vehicle,,,,330213001000,1,16.1,14.77,工程渣土车,,2026-09-02
ad9090601f58ca79,宁波,nb_vehicle,,,,330213001000,1,15.37,15.5,工程渣土车,,2026-09-02
e575f834f93e6dc0,宁波,nb_vehicle,,,,330213001000,1,16.1,14.77,工程渣土车,,2026-09-02
66e51bf4da8694c5,宁波,nb_vehicle,,,,330213001000,1,15.37,15.5,工程渣土车,,2026-09-02
c3f56199d22a96e8,宁波,nb_vehicle,,,,330213001000,1,15.99,15.5,工程渣土车,,2026-09-02
1293bc707ab1342d,宁波,nb_vehicle,,,,330213001000,1,15.37,15.5,工程渣土车,,2026-09-02
2031334111886579,宁波,nb_vehicle,,,,330213001000,1,15.37,15.5,工程渣土车,,2026-09-02
0a1b804de8bce649,宁波,nb_vehicle,,,,330213002000,1,16.1,14.77,工程渣土车,,2026-09-02
a2e5c09bee0bb50e,宁波,nb_vehicle,,,,330213002000,1,15.37,15.5,工程渣土车,,2026-09-02
753948cedb9f7148,宁波,nb_vehicle,,,,330213002000,1,16.1,14.77,工程渣土车,,2026-09-02
8e82963e52e8b090,宁波,nb_vehicle,,,,330213002000,1,16.1,14.77,工程渣土车,,2026-09-02
b438be2dd07ff21f,宁波,nb_vehicle,,,,330213002000,1,16.1,14.77,工程渣土车,,2026-09-02
e0599faa32600311,宁波,nb_vehicle,,,,330213002000,1,16.1,14.77,工程渣土车,,2026-09-02
3d8fd8de354c8c6f,宁波,nb_vehicle,,,,330213002000,1,16.1,14.77,工程渣土车,,2026-09-02
0c30d866a311d1b7,宁波,nb_vehicle,,,,330213002000,1,16.1,14.77,工程渣土车,,2026-09-02
07afefe196beec50,宁波,nb_vehicle,,,,330213002000,1,16.1,14.77,工程渣土车,,2026-09-02
c777ef1de39e9595,宁波,nb_vehicle,,,,330213002000,1,16.1,14.77,工程渣土车,,2026-09-02
9cdbe1aee5096446,宁波,nb_vehicle,,,,330213002000,1,16.1,14.77,工程渣土车,,2026-09-02
13ef27aabf551cc4,宁波,nb_vehicle,,,,330213002000,1,15.37,15.5,工程渣土车,,2026-09-02
5088220782bfec1b,宁波,nb_vehicle,,,,330213002000,1,16.1,14.77,工程渣土车,,2026-09-02
9b17b2c67174d3ec,宁波,nb_vehicle,,,,330213002000,1,16.1,14.77,工程渣土车,,2026-09-02
74f591298c7ac24f,宁波,nb_vehicle,,,,330213002000,1,16.1,14.77,工程渣土车,,2026-09-02
bc1412372184d5a7,宁波,nb_vehicle,,,,330213002000,1,16.1,14.77,工程渣土车,,2026-09-02
9b740c70a775274d,宁波,nb_vehicle,,,,330213002000,1,16.1,14.77,工程渣土车,,2026-09-02
39e6fca55726bee5,宁波,nb_vehicle,,,,330213002000,1,16.1,14.77,工程渣土车,,2026-09-02
1852de0fdcdb2661,宁波,nb_vehicle,,,,330213002000,1,16.1,14.77,工程渣土车,,2026-09-02
5a7bce84e87db87a,宁波,nb_vehicle,,,,330213002000,1,15.78,15.09,工程渣土车,,2026-09-02
0353714a1c625252,宁波,nb_vehicle,,,,330203009000,1,1.645,2.72,工程渣土车,,2026-09-02
217a78fed661dbb7,宁波,nb_vehicle,,,,330203009000,1,1.645,2.72,装修垃圾车,,2026-09-02
c6ca2b982afd2f68,宁波,nb_vehicle,,,,330203009000,1,1.645,2.72,装修垃圾车,,2026-09-02
8bfed740901940d6,宁波,nb_vehicle,,,,330211000000,1,16.1,14.77,工程渣土车,,2026-09-02
e6d3c564672af24d,宁波,nb_vehicle,,,,33020300L000,1,1.645,2.72,装修垃圾车,,2026-09-02
4db528d70268c2ee,宁波,nb_vehicle,,,,33020300L000,1,1.645,2.72,装修垃圾车,,2026-09-02
009b62f4066656eb,宁波,nb_vehicle,,,,33020300L000,1,1.645,2.72,装修垃圾车,,2026-09-02
47176f0b80b1d8d3,宁波,nb_vehicle,,,,33020300L000,1,1.495,2.8,装修垃圾车,,2026-09-02
70207b9471608477,宁波,nb_vehicle,,,,330212103000,1,16.02,14.85,工程渣土车,,2026-09-02
42cf53f05b7a51c7,宁波,nb_vehicle,,,,330203008000,1,1.645,2.72,装修垃圾车,,2026-09-02
483041275f23167f,宁波,nb_vehicle,,,,330211000000,1,16.1,14.77,工程渣土车,,2026-09-02
ace2062aed1e3f07,宁波,nb_vehicle,,,,330211000000,1,16.1,14.77,工程渣土车,,2026-09-02
1cd9dc25904b99a8,宁波,nb_vehicle,,,,330211000000,1,16.1,1.276,工程渣土车,,2026-09-02
e2ebe65c1ab3f572,宁波,nb_vehicle,,,,330211000000,1,16.1,14.77,工程渣土车,,2026-09-02
a176ab3f0e4b406b,宁波,nb_vehicle,,,,330211000000,1,16.1,14.77,工程渣土车,,2026-09-02
0e5b89e48222b843,宁波,nb_vehicle,,,,330211000000,1,16.1,14.77,工程渣土车,,2026-09-02
06f6e7b5e13710b9,宁波,nb_vehicle,,,,330211000000,1,16.1,14.77,工程渣土车,,2026-09-02
269559421b3be7f3,宁波,nb_vehicle,,,,330282005000,1,1.645,2.72,装修垃圾车,,2026-09-02
51ea722c786b148d,宁波,nb_vehicle,,,,330282005000,1,1.645,2.72,装修垃圾车,,2026-09-02
5d06e6542c9e22da,宁波,nb_vehicle,,,,330203003000,1,1.495,2.805,装修垃圾车,,2026-09-02
d339e8061e3160e4,宁波,nb_vehicle,,,,330203003000,1,1.645,2.72,装修垃圾车,,2026-09-02
92e4e4c81973431e,宁波,nb_vehicle,,,,330203003000,1,1.645,2.72,装修垃圾车,,2026-09-02
9291a3e9dc556c3a,宁波,nb_vehicle,,,,330203003000,1,7.59,4.21,装修垃圾车,,2026-09-02
4dec2b699fe133cc,宁波,nb_vehicle,,,,330203003000,1,1.645,2.72,装修垃圾车,,2026-09-02
afd1598be4e32671,宁波,nb_vehicle,,,,330203003000,1,1.645,2.72,装修垃圾车,,2026-09-02
733f7650e4613b6a,宁波,nb_vehicle,,,,330203003000,1,1.49,2.805,装修垃圾车,,2026-09-02
28538750fa2c10f0,宁波,nb_vehicle,,,,330203003000,1,1.645,2.72,装修垃圾车,,2026-09-02
ca0fde2055c5a050,宁波,nb_vehicle,,,,330212005000,1,1.645,2.72,装修垃圾车,,2026-09-02
e4aff26b0bbf2377,宁波,nb_vehicle,,,,330212005000,1,1.645,2.72,装修垃圾车,,2026-09-02
d038da2c81269887,宁波,nb_vehicle,,,,330212103000,1,16.1,14.77,工程渣土车,,2026-09-02
0bf13ade3eb697ec,宁波,nb_vehicle,,,,330212103000,1,16.02,14.85,工程渣土车,,2026-09-02
8334e4f3ef7a3aaa,宁波,nb_vehicle,,,,330212000000,1,15.37,15.5,工程渣土车,,2026-09-02
29d163af40f9180a,宁波,nb_vehicle,,,,330213004000,1,4.37,4.6,装修垃圾车,,2026-09-02
c82e44a31d795798,宁波,nb_vehicle,,,,330213004000,1,7.245,4.62,装修垃圾车,,2026-09-02
ced2a7adfbd1ea2e,宁波,nb_vehicle,,,,330203000000,1,1.645,2.72,装修垃圾车,,2026-09-02
37b6fe06494ea38d,宁波,nb_vehicle,,,,330211004000,1,0.69,3.61,装修垃圾车,,2026-09-02
5d1d25b2cbe9f676,宁波,nb_vehicle,,,,330203006000,1,4.995,6.83,装修垃圾车,,2026-09-02
3e58b61f2f327d8b,宁波,nb_vehicle,,,,330203000000,1,1.645,2.72,装修垃圾车,,2026-09-02
49659cb1f53e028d,宁波,nb_vehicle,,,,330203000000,1,1.645,2.72,装修垃圾车,,2026-09-02
c524ad977bb0cebe,宁波,nb_vehicle,,,,330203000000,1,1.645,2.72,装修垃圾车,,2026-09-02
1839ff82551dcef7,宁波,nb_vehicle,,,,330212101000,1,1.645,2.72,装修垃圾车,,2026-09-02
ae4622056eb6044c,宁波,nb_vehicle,,,,330212101000,1,1.645,2.72,工程渣土车,,2026-09-02
1e8c753d2fce4d69,宁波,nb_vehicle,,,,330212101000,1,1.645,2.72,装修垃圾车,,2026-09-02
d5291f21c9618376,宁波,nb_vehicle,,,,330203000000,1,16.87,14.0,工程渣土车,,2026-09-02
d27524355962cd87,宁波,nb_vehicle,,,,330203000000,1,16.87,14.0,工程渣土车,,2026-09-02
062fe37dd365c448,宁波,nb_vehicle,,,,330203000000,1,4.37,4.6,装修垃圾车,,2026-09-02
986dcdbe2d9704ed,宁波,nb_vehicle,,,,330212000000,1,1.645,2.72,工程渣土车,,2026-09-02
6511a95f0391abbe,宁波,nb_vehicle,,,,330205000000,1,1.495,2.805,装修垃圾车,,2026-09-02
9e5f14e04e38399c,宁波,nb_vehicle,,,,330211000000,1,1.645,2.72,装修垃圾车,,2026-09-02
17428bcdb9d87317,宁波,nb_vehicle,,,,330281003000,1,16.1,14.77,工程渣土车,,2026-09-02
baa34f50d2308efd,宁波,nb_vehicle,,,,330226000000,1,1.645,2.72,工程渣土车,,2026-09-02
6ee9effc83c96cae,宁波,nb_vehicle,,,,330226000000,1,1.58,2.72,工程渣土车,,2026-09-02
6ed614ca0d5faef1,宁波,nb_vehicle,,,,330226000000,1,1.58,2.72,工程渣土车,,2026-09-02
d7ed79ed624409a6,宁波,nb_vehicle,,,,330282005000,1,1.645,2.72,装修垃圾车,,2026-09-02
b36ea7b9cbf0c94e,宁波,nb_vehicle,,,,330282005000,1,1.645,2.72,装修垃圾车,,2026-09-02
3ab64ec61481b9f5,宁波,nb_vehicle,,,,330282005000,1,1.645,2.72,装修垃圾车,,2026-09-02
a118b668c6a0e130,宁波,nb_vehicle,,,,330282005000,1,1.645,2.72,装修垃圾车,,2026-09-02
1364e62856301e19,宁波,nb_vehicle,,,,330282005000,1,1.645,2.72,装修垃圾车,,2026-09-02
bc2e4e0bdcd92390,宁波,nb_vehicle,,,,330282005000,1,1.645,2.72,装修垃圾车,,2026-09-02
a891900e47b7db22,宁波,nb_vehicle,,,,330282005000,1,4.62,4.35,装修垃圾车,,2026-09-02
f41039039e7c6611,宁波,nb_vehicle,,,,330203000000,1,10.97,19.9,工程泥浆车,,2026-09-02
0280cdb2e6c10013,宁波,nb_vehicle,,,,330226000000,1,1.645,2.72,工程渣土车,,2026-09-02
99c68dc71585357b,宁波,nb_vehicle,,,,330226000000,1,1.645,2.72,工程渣土车,,2026-09-02
ccb919b0e7172d62,宁波,nb_vehicle,,,,330226000000,1,1.645,2.72,工程渣土车,,2026-09-02
876b2f41509068ed,宁波,nb_vehicle,,,,330206009000,1,16.1,14.77,工程渣土车,,2026-09-02
723112b928c211c8,宁波,nb_vehicle,,,,330206009000,1,16.1,14.77,工程渣土车,,2026-09-02
2cbf24421e1a31eb,宁波,nb_vehicle,,,,330206009000,1,16.1,14.77,工程渣土车,,2026-09-02
3a4b55279f3db359,宁波,nb_vehicle,,,,330206009000,1,16.1,14.77,工程渣土车,,2026-09-02
90831dc5de175b1c,宁波,nb_vehicle,,,,330206009000,1,16.1,14.77,工程渣土车,,2026-09-02
d4abdc0fb55fa945,宁波,nb_vehicle,,,,330206009000,1,16.1,14.77,工程渣土车,,2026-09-02
b467c7c1000dbc12,宁波,nb_vehicle,,,,330206009000,1,16.1,14.77,工程渣土车,,2026-09-02
03227cb05f556629,宁波,nb_vehicle,,,,330212103000,1,16.02,14.85,工程渣土车,,2026-09-02
c139611bc30946a3,宁波,nb_vehicle,,,,330212103000,1,16.1,14.77,工程渣土车,,2026-09-02
55e15a22927de6d0,宁波,nb_vehicle,,,,330212103000,1,16.1,14.77,工程渣土车,,2026-09-02
75a84a19cb4dba94,宁波,nb_vehicle,,,,330212103000,1,16.02,14.85,工程渣土车,,2026-09-02
5d279b3b8a6ae8b4,宁波,nb_vehicle,,,,330212103000,1,16.1,14.77,工程渣土车,,2026-09-02
6641b52d43a495d7,宁波,nb_vehicle,,,,330212103000,1,16.1,14.77,工程渣土车,,2026-09-02
340d2c5549593207,宁波,nb_vehicle,,,,330212103000,1,16.1,14.77,工程渣土车,,2026-09-02
15f4748f07366351,宁波,nb_vehicle,,,,330212103000,1,16.1,14.77,工程渣土车,,2026-09-02
364eebe3897e0449,宁波,nb_vehicle,,,,330212103000,1,16.1,14.77,工程渣土车,,2026-09-02
b0596e1e147f150e,宁波,nb_vehicle,,,,330212103000,1,16.1,14.77,工程渣土车,,2026-09-02
f4e32803d8a53765,宁波,nb_vehicle,,,,330212103000,1,16.1,14.77,工程渣土车,,2026-09-02
f6621a9b2d5d87b9,宁波,nb_vehicle,,,,330212103000,1,16.1,14.77,工程渣土车,,2026-09-02
34093b991d2156fd,宁波,nb_vehicle,,,,330212103000,1,16.1,14.77,工程渣土车,,2026-09-02
60d2f74707219b20,宁波,nb_vehicle,,,,330212103000,1,16.02,14.85,工程渣土车,,2026-09-02
efa8ff0b39f50cb2,宁波,nb_vehicle,,,,330212103000,1,16.02,14.85,工程渣土车,,2026-09-02
6121e46dbd2ec857,宁波,nb_vehicle,,,,330212103000,1,16.02,14.85,工程渣土车,,2026-09-02
0eba07acd9cebf92,宁波,nb_vehicle,,,,330211000000,1,1.645,2.72,装修垃圾车,,2026-09-02
775427c32bd30e6c,宁波,nb_vehicle,,,,330281002000,1,1.645,2.72,装修垃圾车,,2026-09-02
8da8e67940144c9e,宁波,nb_vehicle,,,,330281002000,1,1.645,2.72,装修垃圾车,,2026-09-02
9e90b2a6524591b8,宁波,nb_vehicle,,,,330281002000,1,4.62,4.35,装修垃圾车,,2026-09-02
277d2a762a538eab,宁波,nb_vehicle,,,,330281002000,1,16.02,14.85,工程渣土车,,2026-09-02
e00d7aa24927242f,宁波,nb_vehicle,,,,330206000000,1,16.1,14.77,工程渣土车,,2026-09-02
efaa953ff435b9ca,宁波,nb_vehicle,,,,330206000000,1,1.61,14.77,工程渣土车,,2026-09-02
536e596527aaf648,宁波,nb_vehicle,,,,330206002000,1,15.37,15.63,工程渣土车,,2026-09-02
e23fefac51e7f63d,宁波,nb_vehicle,,,,330206002000,1,16.02,14.98,工程渣土车,,2026-09-02
31cdc4824f257143,宁波,nb_vehicle,,,,330206002000,1,16.02,14.98,工程渣土车,,2026-09-02
08500e10d9fb2ea2,宁波,nb_vehicle,,,,330206002000,1,16.02,14.98,工程渣土车,,2026-09-02
b72fafb82e9aedc9,宁波,nb_vehicle,,,,330206002000,1,16.37,14.5,工程渣土车,,2026-09-02
d03dda699b34911f,宁波,nb_vehicle,,,,330206002000,1,16.02,14.98,工程渣土车,,2026-09-02
d73df262cbbeb0ca,宁波,nb_vehicle,,,,330206002000,1,16.02,14.98,工程渣土车,,2026-09-02
df72c00e96039a52,宁波,nb_vehicle,,,,330206002000,1,16.37,14.5,工程渣土车,,2026-09-02
6a4dd51793e16b14,宁波,nb_vehicle,,,,330206002000,1,16.02,14.98,工程渣土车,,2026-09-02
9c2543cf9799cec2,宁波,nb_vehicle,,,,330206002000,1,16.37,14.5,工程渣土车,,2026-09-02
4add345e91d0fc44,宁波,nb_vehicle,,,,330206002000,1,16.37,14.5,工程渣土车,,2026-09-02
0db2aeb6106185a8,宁波,nb_vehicle,,,,330206002000,1,16.37,14.5,工程渣土车,,2026-09-02
431a0508e49f92e8,宁波,nb_vehicle,,,,330206002000,1,15.37,15.5,工程渣土车,,2026-09-02
25c8118673401dec,宁波,nb_vehicle,,,,330206002000,1,16.02,14.98,工程渣土车,,2026-09-02
0e558c4f92b24c09,宁波,nb_vehicle,,,,330206002000,1,16.02,14.98,工程渣土车,,2026-09-02
1482a850e369a2b5,宁波,nb_vehicle,,,,330206002000,1,16.37,14.5,工程渣土车,,2026-09-02
1efd64837cb9ea7a,宁波,nb_vehicle,,,,330203006000,1,4.62,4.35,装修垃圾车,,2026-09-02
2604a69c2c105763,宁波,nb_vehicle,,,,330226108000,1,16.1,14.77,工程渣土车,,2026-09-02
5ea95d06f2303f55,宁波,nb_vehicle,,,,330226108000,1,1.645,2.72,工程渣土车,,2026-09-02
8b34740deb5012a9,宁波,nb_vehicle,,,,330282000000,1,4.97,4.0,装修垃圾车,,2026-09-02
26bd2fb4229f556f,宁波,nb_vehicle,,,,330203000000,1,1.645,2.72,装修垃圾车,,2026-09-02
be92a5baa20bf0dd,宁波,nb_vehicle,,,,330203000000,1,1.645,2.72,装修垃圾车,,2026-09-02
c1b2f0bf458e0bce,宁波,nb_vehicle,,,,330205000000,1,7.7,4.1,装修垃圾车,,2026-09-02
47e59ee8e265571d,宁波,nb_vehicle,,,,330205000000,1,1.645,2.72,装修垃圾车,,2026-09-02
0c29a3f4932a847e,宁波,nb_vehicle,,,,330213001000,1,4.37,4.6,装修垃圾车,,2026-09-02
432373eb9a58f53c,宁波,nb_vehicle,,,,330213001000,1,4.37,4.6,装修垃圾车,,2026-09-02
91dee809e9b2f8ba,宁波,nb_vehicle,,,,330213001000,1,4.37,4.6,装修垃圾车,,2026-09-02
0604a4c02d06e3ba,宁波,nb_vehicle,,,,330213001000,1,4.37,4.6,装修垃圾车,,2026-09-02
023ee407a44c4126,宁波,nb_vehicle,,,,330213001000,1,4.37,4.6,装修垃圾车,,2026-09-02
b5ae68ffd07cd0eb,宁波,nb_vehicle,,,,330213001000,1,4.37,4.6,装修垃圾车,,2026-09-02
bed6bd438999d120,宁波,nb_vehicle,,,,330213001000,1,4.37,4.6,装修垃圾车,,2026-09-02
0cf0c75bec9b7684,宁波,nb_vehicle,,,,330226000000,1,1.645,2.72,工程渣土车,,2026-09-02
d75807716cf74c17,宁波,nb_vehicle,,,,330226000000,1,1.645,2.72,工程渣土车,,2026-09-02
961802e4717e1407,宁波,nb_vehicle,,,,330226000000,1,1.645,2.72,工程渣土车,,2026-09-02
a6ca2d6758239f48,宁波,nb_vehicle,,,,330226001000,1,1.645,2.72,工程渣土车,,2026-09-02
ad719b5d4ec5c41f,宁波,nb_vehicle,,,,330226106000,1,1.645,2.72,工程渣土车,,2026-09-02
cec2e7a8055551e2,宁波,nb_vehicle,,,,330226001000,1,1.645,2.72,工程渣土车,,2026-09-02
7d329a21f1049440,宁波,nb_vehicle,,,,330226001000,1,1.645,2.72,工程渣土车,,2026-09-02
f5e992c715633351,宁波,nb_vehicle,,,,330205000000,1,1.645,2.72,工程渣土车,,2026-09-02
5b7d3437f56b5977,宁波,nb_vehicle,,,,330205000000,1,1.645,2.72,工程渣土车,,2026-09-02
d8d419718d475d45,宁波,nb_vehicle,,,,330281004000,1,16.37,14.5,工程渣土车,,2026-09-02
ae973a09893dd9eb,宁波,nb_vehicle,,,,330281004000,1,16.37,14.5,工程渣土车,,2026-09-02
657855d9966adde9,宁波,nb_vehicle,,,,330205103000,1,16.1,14.77,工程渣土车,,2026-09-02
fb12f822a62e3e9d,宁波,nb_vehicle,,,,330205103000,1,16.1,14.77,工程渣土车,,2026-09-02
7d8c28db64a7d4b0,宁波,nb_vehicle,,,,330205103000,1,16.1,1.585,工程渣土车,,2026-09-02
996d623b91d44c92,宁波,nb_vehicle,,,,330205103000,1,15.37,15.5,工程渣土车,,2026-09-02
e88f017f4606d46e,宁波,nb_vehicle,,,,330205103000,1,16.1,14.77,工程渣土车,,2026-09-02
3b441bdaeb155fbd,宁波,nb_vehicle,,,,330205103000,1,15.37,15.5,工程渣土车,,2026-09-02
12c8ae63fa423883,宁波,nb_vehicle,,,,330205103000,1,16.1,14.77,工程渣土车,,2026-09-02
fd78a01905d81fd1,宁波,nb_vehicle,,,,330225002000,1,15.37,15.5,工程渣土车,,2026-09-02
db4a694c2d79c689,宁波,nb_vehicle,,,,330225002000,1,15.37,15.37,工程渣土车,,2026-09-02
74ec9b6e432dde0f,宁波,nb_vehicle,,,,330225002000,1,15.37,15.5,工程渣土车,,2026-09-02
1a52d377bcf54056,宁波,nb_vehicle,,,,330205007000,1,15.37,1.512,工程渣土车,,2026-09-02
6be5d94a39b2f720,宁波,nb_vehicle,,,,330205007000,1,16.1,14.77,工程渣土车,,2026-09-02
1232367e9d638fd4,宁波,nb_vehicle,,,,330205007000,1,15.37,15.5,工程渣土车,,2026-09-02
a2e8e012a7968fba,宁波,nb_vehicle,,,,330281003000,1,16.1,14.77,工程渣土车,,2026-09-02
f2d3f8d457f74aa0,宁波,nb_vehicle,,,,330203006000,1,9.93,7.875,装修垃圾车,,2026-09-02
1e09f813e7e1131b,宁波,nb_vehicle,,,,330203006000,1,7.115,4.75,装修垃圾车,,2026-09-02
546bad569205f86c,宁波,nb_vehicle,,,,330203006000,1,1.645,2.72,装修垃圾车,,2026-09-02
46aea0a4e5e0dac1,宁波,nb_vehicle,,,,330203006000,1,1.645,2.72,装修垃圾车,,2026-09-02
89910ae4d5b76f28,宁波,nb_vehicle,,,,330203006000,1,4.37,4.6,装修垃圾车,,2026-09-02
296a08c7eccbdb24,宁波,nb_vehicle,,,,330225200000,1,16.1,0.12,工程渣土车,,2026-09-02
9c8b2db2cecf7e85,宁波,nb_vehicle,,,,330282000000,1,15.675,15.195,工程渣土车,,2026-09-02
45ae3f0df7067145,宁波,nb_vehicle,,,,330282000000,1,16.1,14.77,工程渣土车,,2026-09-02
37b93b498232d684,宁波,nb_vehicle,,,,330213002000,1,16.37,14.5,工程渣土车,,2026-09-02
eb9fbfe82406cf2d,宁波,nb_vehicle,,,,330282000000,1,1.645,2.72,工程渣土车,,2026-09-02
b57617d875e13199,宁波,nb_vehicle,,,,330205007000,1,4.37,4.6,装修垃圾车,,2026-09-02
bb8bdc81f98c9565,宁波,nb_vehicle,,,,330205007000,1,0.69,0.115,装修垃圾车,,2026-09-02
8ff6c3eab98f04e0,宁波,nb_vehicle,,,,330203000000,1,1.645,2.72,装修垃圾车,,2026-09-02
6b1f63acb983fdae,宁波,nb_vehicle,,,,330205000000,1,1.645,2.72,工程渣土车,,2026-09-02
dfed3395381d2075,宁波,nb_vehicle,,,,330205008000,1,15.37,15.5,工程渣土车,,2026-09-02
271c40ba84651447,宁波,nb_vehicle,,,,330226001000,1,1.645,2.72,工程渣土车,,2026-09-02
9eca67260c6acf7b,宁波,nb_vehicle,,,,330213100000,1,4.37,4.6,装修垃圾车,,2026-09-02
cea57ba02ffe5317,宁波,nb_vehicle,,,,330213100000,1,4.37,1.24,装修垃圾车,,2026-09-02
728cf918c536e5cf,宁波,nb_vehicle,,,,330213100000,1,4.37,4.6,装修垃圾车,,2026-09-02
ff6a5ac392968cd2,宁波,nb_vehicle,,,,330205008000,1,16.1,14.77,工程渣土车,,2026-09-02
700552ba70621a6c,宁波,nb_vehicle,,,,330205008000,1,15.37,15.5,工程渣土车,,2026-09-02
1cb21f67f95e04c5,宁波,nb_vehicle,,,,330205008000,1,16.1,14.77,工程渣土车,,2026-09-02
ac6025ed355471be,宁波,nb_vehicle,,,,330205008000,1,15.37,15.5,工程渣土车,,2026-09-02
ce8df3a17f8f32f8,宁波,nb_vehicle,,,,330205008000,1,16.1,1.588,工程渣土车,,2026-09-02
d2a008f1b385dffe,宁波,nb_vehicle,,,,330205008000,1,15.37,15.5,工程渣土车,,2026-09-02
fec28bf644a1cd51,宁波,nb_vehicle,,,,330205008000,1,16.1,14.77,工程渣土车,,2026-09-02
eddd295668cf3590,宁波,nb_vehicle,,,,330205008000,1,16.1,14.77,工程渣土车,,2026-09-02
faa1053c9a859506,宁波,nb_vehicle,,,,330205008000,1,15.37,15.5,工程渣土车,,2026-09-02
273dae3c2142f302,宁波,nb_vehicle,,,,330205007000,1,16.1,14.77,工程渣土车,,2026-09-02
d66e8420d2f8eeaf,宁波,nb_vehicle,,,,330205007000,1,16.1,1.995,工程渣土车,,2026-09-02
94797e24bdb4eb80,宁波,nb_vehicle,,,,330205007000,1,16.1,14.77,工程渣土车,,2026-09-02
fa3691fcc111ad7d,宁波,nb_vehicle,,,,330205007000,1,16.1,14.77,工程渣土车,,2026-09-02
97729246ce2f040e,宁波,nb_vehicle,,,,330281003000,1,16.1,14.77,工程渣土车,,2026-09-02
ab9ab3616934a530,宁波,nb_vehicle,,,,330205007000,1,16.1,14.77,工程渣土车,,2026-09-02
9d198557bc57768e,宁波,nb_vehicle,,,,330205007000,1,16.1,14.77,工程渣土车,,2026-09-02
1caadfbaaba10c01,宁波,nb_vehicle,,,,330205007000,1,16.1,14.77,工程渣土车,,2026-09-02
ebc54b3450359ffb,宁波,nb_vehicle,,,,330281003000,1,16.1,14.77,工程渣土车,,2026-09-02
427947fea4a700ad,宁波,nb_vehicle,,,,330213002000,1,16.37,14.5,工程渣土车,,2026-09-02
fbfcc85776ffdbf6,宁波,nb_vehicle,,,,330213002000,1,16.37,14.5,工程渣土车,,2026-09-02
382e2699813fc572,宁波,nb_vehicle,,,,330213002000,1,16.37,14.5,工程渣土车,,2026-09-02
737cd52d79abc38e,宁波,nb_vehicle,,,,330213002000,1,16.37,14.5,工程渣土车,,2026-09-02
e50015475613a758,宁波,nb_vehicle,,,,330281000000,1,16.02,14.85,工程渣土车,,2026-09-02
df7e8fc687fd2b72,宁波,nb_vehicle,,,,330281000000,1,16.02,14.85,工程渣土车,,2026-09-02
54c2bcc99417d2d1,宁波,nb_vehicle,,,,330281000000,1,16.02,14.85,工程渣土车,,2026-09-02
2cd5abe7eb87c504,宁波,nb_vehicle,,,,330281000000,1,16.02,14.85,工程渣土车,,2026-09-02
708a3dc376f0528e,宁波,nb_vehicle,,,,330281000000,1,16.02,1.95,工程渣土车,,2026-09-02
7fa5be9c2c72b34b,宁波,nb_vehicle,,,,330281000000,1,16.02,14.85,工程渣土车,,2026-09-02
a6452660959f80a7,宁波,nb_vehicle,,,,330281000000,1,16.02,14.85,工程渣土车,,2026-09-02
d2feb39231eec399,宁波,nb_vehicle,,,,330281000000,1,16.02,14.85,工程渣土车,,2026-09-02
9018dbba32f1ce7b,宁波,nb_vehicle,,,,330281000000,1,16.02,14.85,工程渣土车,,2026-09-02
099f312f923a752c,宁波,nb_vehicle,,,,330281000000,1,16.02,14.85,工程渣土车,,2026-09-02
2e0e619bc8f8c4ba,宁波,nb_vehicle,,,,330281000000,1,16.02,14.85,工程渣土车,,2026-09-02
dbb23095cef26b56,宁波,nb_vehicle,,,,330281000000,1,16.02,14.85,工程渣土车,,2026-09-02
f0af7c96911ccc3c,宁波,nb_vehicle,,,,330281000000,1,16.02,14.85,工程渣土车,,2026-09-02
571716510d96a23a,宁波,nb_vehicle,,,,330281000000,1,16.02,14.85,工程渣土车,,2026-09-02
abc20dae4723e358,宁波,nb_vehicle,,,,330281000000,1,16.02,14.85,工程渣土车,,2026-09-02
54aa1301e2c3f967,宁波,nb_vehicle,,,,330281000000,1,16.02,14.85,工程渣土车,,2026-09-02
36d12d1b77728018,宁波,nb_vehicle,,,,330281000000,1,16.02,14.85,工程渣土车,,2026-09-02
b38648a0372ac297,宁波,nb_vehicle,,,,330281000000,1,16.02,14.85,工程渣土车,,2026-09-02
f3890635855238ba,宁波,nb_vehicle,,,,330212000000,1,12.07,18.8,工程泥浆车,,2026-09-02
5b6322320c54535d,宁波,nb_vehicle,,,,330203009000,1,16.1,14.77,工程渣土车,,2026-09-02
bb913edbcb92936b,宁波,nb_vehicle,,,,330203009000,1,16.87,14.0,工程渣土车,,2026-09-02
75d62512278b5bb5,宁波,nb_vehicle,,,,330205006000,1,16.1,14.77,工程渣土车,,2026-09-02
1f011aca07ebc3a7,宁波,nb_vehicle,,,,330205006000,1,16.1,1.94,工程渣土车,,2026-09-02
f14c004ac0b15165,宁波,nb_vehicle,,,,330205006000,1,16.1,14.77,工程渣土车,,2026-09-02
5c3428230292c065,宁波,nb_vehicle,,,,330205006000,1,16.1,14.77,工程渣土车,,2026-09-02
031cdf1ce259225e,宁波,nb_vehicle,,,,330205006000,1,16.1,14.77,工程渣土车,,2026-09-02
1c442d66d1d4f0b5,宁波,nb_vehicle,,,,330205006000,1,16.1,14.77,工程渣土车,,2026-09-02
2b7c1779c4a2613d,宁波,nb_vehicle,,,,330205006000,1,16.1,14.77,工程渣土车,,2026-09-02
c97b2646b6dd21af,宁波,nb_vehicle,,,,330205006000,1,16.1,14.77,工程渣土车,,2026-09-02
0344344b05abd5a6,宁波,nb_vehicle,,,,330205006000,1,16.1,1.55,工程渣土车,,2026-09-02
ae3c49c1f4e6f86e,宁波,nb_vehicle,,,,330206000000,1,16.37,14.5,工程渣土车,,2026-09-02
9c6668f9c71935e1,宁波,nb_vehicle,,,,330206000000,1,16.37,14.5,工程渣土车,,2026-09-02
f803ccff52dce902,宁波,nb_vehicle,,,,330206000000,1,16.37,14.5,工程渣土车,,2026-09-02
428b6ac3da6a9afb,宁波,nb_vehicle,,,,330206000000,1,16.37,14.5,工程渣土车,,2026-09-02
9769de4845591356,宁波,nb_vehicle,,,,330206000000,1,16.37,14.5,工程渣土车,,2026-09-02
ef797027a14b13ea,宁波,nb_vehicle,,,,330211003000,1,1.93,2.225,装修垃圾车,,2026-09-02
27c3e740e2701e02,宁波,nb_vehicle,,,,330211003000,1,4.62,4.35,装修垃圾车,,2026-09-02
13b0deeca0e62802,宁波,nb_vehicle,,,,330211003000,1,1.855,2.41,装修垃圾车,,2026-09-02
a7ff9fd52eab78e1,宁波,nb_vehicle,,,,330211003000,1,1.855,2.41,装修垃圾车,,2026-09-02
c298c14c816c5200,宁波,nb_vehicle,,,,330211003000,1,1.855,2.41,装修垃圾车,,2026-09-02
dccb0daa2b6f6be5,宁波,nb_vehicle,,,,330211003000,1,4.62,4.35,装修垃圾车,,2026-09-02
5f7a3cc8571003ff,宁波,nb_vehicle,,,,330211003000,1,1.1,3.2,装修垃圾车,,2026-09-02
9ff68e1b3bb293bd,宁波,nb_vehicle,,,,330211003000,1,4.62,4.35,装修垃圾车,,2026-09-02
cf6d0abbc48ffb66,宁波,nb_vehicle,,,,330211003000,1,1.1,3.2,装修垃圾车,,2026-09-02
01f87a6d034aa195,宁波,nb_vehicle,,,,330281004000,1,16.1,14.77,工程渣土车,,2026-09-02
ad62638502b6a5af,宁波,nb_vehicle,,,,330226002000,1,1.645,2.72,工程渣土车,,2026-09-02
7b9e951e9e92594c,宁波,nb_vehicle,,,,330203002000,1,1.645,2.72,装修垃圾车,,2026-09-02
d151c6253b957e6d,宁波,nb_vehicle,,,,330203002000,1,7.7,4.1,装修垃圾车,,2026-09-02
6582f3e86c86c293,宁波,nb_vehicle,,,,330203002000,1,1.645,2.72,装修垃圾车,,2026-09-02
1abf5409bc66805b,宁波,nb_vehicle,,,,330205006000,1,7.115,4.75,装修垃圾车,,2026-09-02
ab41e90fe1caa104,宁波,nb_vehicle,,,,330205006000,1,7.31,4.49,装修垃圾车,,2026-09-02
47f9df84651371ed,宁波,nb_vehicle,,,,330205006000,1,7.31,4.49,装修垃圾车,,2026-09-02
e1024e46d5eada7f,宁波,nb_vehicle,,,,330205006000,1,7.31,4.49,装修垃圾车,,2026-09-02
73f11ea16e150357,宁波,nb_vehicle,,,,330203000000,1,1.645,2.72,装修垃圾车,,2026-09-02
202c792ccae66ce0,宁波,nb_vehicle,,,,330203000000,1,1.645,2.72,装修垃圾车,,2026-09-02
5ba724a7bb058c9a,宁波,nb_vehicle,,,,330203000000,1,1.645,2.72,装修垃圾车,,2026-09-02
c2b39d6930f41973,宁波,nb_vehicle,,,,330226001000,1,16.37,14.5,工程渣土车,,2026-09-02
06f1c249b77bed6e,宁波,nb_vehicle,,,,330282000000,1,1.645,2.72,装修垃圾车,,2026-09-02
4ad8d3f734548fd8,宁波,nb_vehicle,,,,330212000000,1,1.645,2.72,装修垃圾车,,2026-09-02
779479de32e20390,宁波,nb_vehicle,,,,330212000000,1,1.645,2.72,装修垃圾车,,2026-09-02
66ab1ea22ff84dfa,宁波,nb_vehicle,,,,330212000000,1,1.645,2.72,工程渣土车,,2026-09-02
4ba3447f2072085c,宁波,nb_vehicle,,,,330212000000,1,1.645,2.72,工程渣土车,,2026-09-02
56f34c5a4c005b3b,宁波,nb_vehicle,,,,330212000000,1,1.645,2.72,工程渣土车,,2026-09-02
d9a33c7317ee85d1,宁波,nb_vehicle,,,,330206003000,1,4.62,4.35,装修垃圾车,,2026-09-02
1ed21c599581e33c,宁波,nb_vehicle,,,,330206003000,1,4.62,4.35,装修垃圾车,,2026-09-02
e69d575fcb8e60a2,宁波,nb_vehicle,,,,330206003000,1,4.62,4.35,装修垃圾车,,2026-09-02
46a32c011fe491ae,宁波,nb_vehicle,,,,330206003000,1,4.62,4.35,装修垃圾车,,2026-09-02
b1bc9a07972708a3,宁波,nb_vehicle,,,,330206003000,1,4.62,4.35,装修垃圾车,,2026-09-02
a1babb367a212514,宁波,nb_vehicle,,,,330206003000,1,1.65,2.715,装修垃圾车,,2026-09-02
338d1a65aa6ed68b,宁波,nb_vehicle,,,,330206003000,1,4.62,4.35,装修垃圾车,,2026-09-02
812c5b22be993930,宁波,nb_vehicle,,,,330206003000,1,4.62,4.35,装修垃圾车,,2026-09-02
9bf93ad5ad257ddc,宁波,nb_vehicle,,,,330206003000,1,4.62,4.35,装修垃圾车,,2026-09-02
79a0f44a97bea7a8,宁波,nb_vehicle,,,,330206003000,1,4.62,4.35,装修垃圾车,,2026-09-02
236fd854f2159233,宁波,nb_vehicle,,,,330206003000,1,4.62,4.35,装修垃圾车,,2026-09-02
d5fadd13fdce1466,宁波,nb_vehicle,,,,330281004000,1,15.37,15.5,工程渣土车,,2026-09-02
564f7feb146d2bf6,宁波,nb_vehicle,,,,330203000000,1,1.645,2.72,装修垃圾车,,2026-09-02
1c9e5a926af40e9c,宁波,nb_vehicle,,,,330281003000,1,16.02,14.85,工程渣土车,,2026-09-02
c713dc3e2e592852,宁波,nb_vehicle,,,,330206000000,1,16.1,14.77,工程渣土车,,2026-09-02
84f43455aeddc09b,宁波,nb_vehicle,,,,330226001000,1,6.72,4.35,装修垃圾车,,2026-09-02
aa429f7fb1b6c0f9,宁波,nb_vehicle,,,,330206002000,1,4.37,4.6,装修垃圾车,,2026-09-02
9dba0b28a6d7f041,宁波,nb_vehicle,,,,330206002000,1,4.62,2.227,装修垃圾车,,2026-09-02
09e87ccf29bf68a7,宁波,nb_vehicle,,,,330206002000,1,4.62,4.35,装修垃圾车,,2026-09-02
73e064ab596cf842,宁波,nb_vehicle,,,,330206002000,1,4.62,4.35,装修垃圾车,,2026-09-02
1a5f90590eb43a8f,宁波,nb_vehicle,,,,330206002000,1,4.62,4.35,装修垃圾车,,2026-09-02
b2777c1419f4011e,宁波,nb_vehicle,,,,330206002000,1,4.62,4.35,装修垃圾车,,2026-09-02
daed824872883061,宁波,nb_vehicle,,,,330206002000,1,4.62,4.35,装修垃圾车,,2026-09-02
45cff18cdb0195a0,宁波,nb_vehicle,,,,330203000000,1,1.645,2.72,装修垃圾车,,2026-09-02
4d9ccec1c4ffcc84,宁波,nb_vehicle,,,,330203008000,1,1.645,2.72,装修垃圾车,,2026-09-02
ed28ebe6936c0ac3,宁波,nb_vehicle,,,,330203008000,1,4.6,4.37,装修垃圾车,,2026-09-02
172f20054af8e1b0,宁波,nb_vehicle,,,,330213002000,1,16.37,14.5,工程渣土车,,2026-09-02
fe7b88dd9f84067b,宁波,nb_vehicle,,,,330213002000,1,16.37,14.5,工程渣土车,,2026-09-02
1bced9c02cd56bc6,宁波,nb_vehicle,,,,330213002000,1,16.37,14.5,工程渣土车,,2026-09-02
8a8bc73b98b706b9,宁波,nb_vehicle,,,,330212000000,1,1.645,2.72,装修垃圾车,,2026-09-02
37240e8dbcbb6597,宁波,nb_vehicle,,,,330211000000,1,1.645,2.72,装修垃圾车,,2026-09-02
a087b9d8d8973151,宁波,nb_vehicle,,,,330212013000,1,0.68,3.515,装修垃圾车,,2026-09-02
b75ef7eda7aa28c1,宁波,nb_vehicle,,,,330205000000,1,1.645,2.72,装修垃圾车,,2026-09-02
f0caafd2a09669a6,宁波,nb_vehicle,,,,330203008000,1,1.645,2.72,装修垃圾车,,2026-09-02
0a892027f1516b9c,宁波,nb_vehicle,,,,330203008000,1,4.37,4.6,装修垃圾车,,2026-09-02
c35a1f8b19e82195,宁波,nb_vehicle,,,,330225000000,1,16.87,14.0,工程渣土车,,2026-09-02
232201bad274855c,宁波,nb_vehicle,,,,330225000000,1,16.87,14.0,工程渣土车,,2026-09-02
d705f6f0a9559fef,宁波,nb_vehicle,,,,330205000000,1,1.645,2.72,装修垃圾车,,2026-09-02
201d2c2a3318a2f5,宁波,nb_vehicle,,,,330205000000,1,0.68,3.5,装修垃圾车,,2026-09-02
6669adf2217c9daa,宁波,nb_vehicle,,,,330281003000,1,16.02,14.85,工程渣土车,,2026-09-02
666700e398d2246c,宁波,nb_vehicle,,,,330281003000,1,16.02,14.85,工程渣土车,,2026-09-02
dedbc4e55970888f,宁波,nb_vehicle,,,,330281003000,1,16.02,14.85,工程渣土车,,2026-09-02
8b7dbe784739bbbb,宁波,nb_vehicle,,,,330281003000,1,16.02,14.85,工程渣土车,,2026-09-02
ff71deb28b6aa3da,宁波,nb_vehicle,,,,330281106000,1,15.37,15.5,工程渣土车,,2026-09-02
9bab49904cda1a44,宁波,nb_vehicle,,,,330203000000,1,16.87,14.0,工程渣土车,,2026-09-02
f84785fb376944b9,宁波,nb_vehicle,,,,330203000000,1,16.87,14.0,工程渣土车,,2026-09-02
ba0c11339455894b,宁波,nb_vehicle,,,,330203000000,1,16.87,14.0,工程渣土车,,2026-09-02
295275e8ade2a05f,宁波,nb_vehicle,,,,330203000000,1,16.87,14.0,工程渣土车,,2026-09-02
529c1bf1455b8642,宁波,nb_vehicle,,,,330203000000,1,16.87,14.0,工程渣土车,,2026-09-02
3e90092f11c8bcc5,宁波,nb_vehicle,,,,330203000000,1,16.87,14.0,工程渣土车,,2026-09-02
c1ccade2736e35f3,宁波,nb_vehicle,,,,330205007000,1,16.1,1.105,工程渣土车,,2026-09-02
d34314d0beb4369a,宁波,nb_vehicle,,,,330205007000,1,16.1,14.77,工程渣土车,,2026-09-02
fad68624bb3a1878,宁波,nb_vehicle,,,,330205007000,1,15.37,15.5,工程渣土车,,2026-09-02
8e6159d66b2eee1e,宁波,nb_vehicle,,,,330205007000,1,16.1,14.77,工程渣土车,,2026-09-02
c772c5c856f8e92d,宁波,nb_vehicle,,,,330205007000,1,16.1,14.77,工程渣土车,,2026-09-02
810c596da8586346,宁波,nb_vehicle,,,,330205007000,1,16.1,14.77,工程渣土车,,2026-09-02
3181e78c545bcdbf,宁波,nb_vehicle,,,,330205007000,1,15.37,15.5,工程渣土车,,2026-09-02
947b046088d52f8a,宁波,nb_vehicle,,,,330205007000,1,16.1,14.77,工程渣土车,,2026-09-02
6f1577cc73f96fe9,宁波,nb_vehicle,,,,330205007000,1,6.72,4.35,装修垃圾车,,2026-09-02
8c147caafbe368d8,宁波,nb_vehicle,,,,330205007000,1,6.72,4.35,装修垃圾车,,2026-09-02
6eb538166f328ec4,宁波,nb_vehicle,,,,330205007000,1,1.645,2.72,装修垃圾车,,2026-09-02
cdfb03feb749bc4d,宁波,nb_vehicle,,,,330205007000,1,6.72,4.35,装修垃圾车,,2026-09-02
4799d192bbbccdbe,宁波,nb_vehicle,,,,330205007000,1,6.72,4.35,装修垃圾车,,2026-09-02
e11f428dca776bad,宁波,nb_vehicle,,,,330211002000,1,4.37,5.5,装修垃圾车,,2026-09-02
22bfcdca62aaa5bc,宁波,nb_vehicle,,,,330211002000,1,8.655,6.95,装修垃圾车,,2026-09-02
340cc74a95a524c7,宁波,nb_vehicle,,,,330206002000,1,11.105,6.7,装修垃圾车,,2026-09-02
f99bc9038f19c29a,宁波,nb_vehicle,,,,330206002000,1,4.62,4.35,装修垃圾车,,2026-09-02
54f73d318d42303e,宁波,nb_vehicle,,,,330206002000,1,4.62,4.35,装修垃圾车,,2026-09-02
f5d380c6077df6c2,宁波,nb_vehicle,,,,330205007000,1,16.1,14.77,工程渣土车,,2026-09-02
46fbd49c2ff3ce01,宁波,nb_vehicle,,,,330205007000,1,16.1,14.77,工程渣土车,,2026-09-02
2749a5b625e9e4c1,宁波,nb_vehicle,,,,330205007000,1,16.1,14.77,工程渣土车,,2026-09-02
1131c2f06680b997,宁波,nb_vehicle,,,,330205007000,1,16.1,14.77,工程渣土车,,2026-09-02
650687dc14034703,宁波,nb_vehicle,,,,330205007000,1,16.1,14.77,工程渣土车,,2026-09-02
ce1468d0f4d9b516,宁波,nb_vehicle,,,,330205007000,1,16.1,14.77,工程渣土车,,2026-09-02
71b92d0c7ec6194f,宁波,nb_vehicle,,,,330205007000,1,16.1,14.77,工程渣土车,,2026-09-02
671da69ca56406e8,宁波,nb_vehicle,,,,330205000000,1,0.745,3.43,装修垃圾车,,2026-09-02
8754ef22df74f3a9,宁波,nb_vehicle,,,,330282002000,1,16.1,14.77,工程渣土车,,2026-09-02
ef3bbc485ee4b3e1,宁波,nb_vehicle,,,,330282002000,1,16.1,14.77,工程渣土车,,2026-09-02
fa6be15dff8f6dcd,宁波,nb_vehicle,,,,330282002000,1,16.1,14.77,工程渣土车,,2026-09-02
0219f15a0d92b518,宁波,nb_vehicle,,,,330282002000,1,16.1,14.77,工程渣土车,,2026-09-02
2a1a970b3fda1186,宁波,nb_vehicle,,,,330282002000,1,16.1,14.77,工程渣土车,,2026-09-02
2b4c122931f26375,宁波,nb_vehicle,,,,330282002000,1,16.1,14.77,工程渣土车,,2026-09-02
00c7220569996a26,宁波,nb_vehicle,,,,330282002000,1,16.1,14.77,工程渣土车,,2026-09-02
6e5666be580b2890,宁波,nb_vehicle,,,,330282002000,1,16.1,14.77,工程渣土车,,2026-09-02
cfb5a2157dcfcfb1,宁波,nb_vehicle,,,,330282002000,1,16.1,14.77,工程渣土车,,2026-09-02
00539faddf2f614c,宁波,nb_vehicle,,,,330282002000,1,16.1,14.77,工程渣土车,,2026-09-02
2c5c8277200db762,宁波,nb_vehicle,,,,330226000000,1,6.665,4.34,装修垃圾车,,2026-09-02
c291bfbb28529ee5,宁波,nb_vehicle,,,,330212000000,1,1.645,2.72,工程渣土车,,2026-09-02
8ac07acb55a92088,宁波,nb_vehicle,,,,330212000000,1,1.645,2.72,工程渣土车,,2026-09-02
45cfc61b9cc971f0,宁波,nb_vehicle,,,,330212000000,1,1.645,2.72,装修垃圾车,,2026-09-02
e071ae40ed86e68a,宁波,nb_vehicle,,,,330211000000,1,1.645,2.72,装修垃圾车,,2026-09-02
680e5d1915326434,宁波,nb_vehicle,,,,330203000000,1,16.87,14.0,工程渣土车,,2026-09-02
b35e923762a8670d,宁波,nb_vehicle,,,,330203000000,1,16.87,14.0,工程渣土车,,2026-09-02
3ca1a948cf2aaab1,宁波,nb_vehicle,,,,330203000000,1,16.87,14.0,工程渣土车,,2026-09-02
abd6c460b71b8319,宁波,nb_vehicle,,,,330203000000,1,16.87,14.0,工程渣土车,,2026-09-02
e2c60e64023df5be,宁波,nb_vehicle,,,,330203000000,1,16.87,14.0,工程渣土车,,2026-09-02
ebba6c2c4367e9f1,宁波,nb_vehicle,,,,330203000000,1,16.87,14.0,工程渣土车,,2026-09-02
35393149874707b1,宁波,nb_vehicle,,,,330203000000,1,16.87,1.69,工程渣土车,,2026-09-02
798f28402db486d5,宁波,nb_vehicle,,,,330203000000,1,16.87,14.0,工程渣土车,,2026-09-02
e0e3b35ef8ad3b0d,宁波,nb_vehicle,,,,330203000000,1,16.87,14.0,工程渣土车,,2026-09-02
89892f7e571431ca,宁波,nb_vehicle,,,,330203000000,1,16.1,14.77,工程渣土车,,2026-09-02
cee4778a71322e48,宁波,nb_vehicle,,,,330203000000,1,16.87,14.0,工程渣土车,,2026-09-02
135ffb5ef785a44c,宁波,nb_vehicle,,,,330203000000,1,16.1,14.77,工程渣土车,,2026-09-02
15c0aff1ab89dab2,宁波,nb_vehicle,,,,330203000000,1,16.87,1.6,工程渣土车,,2026-09-02
b1b12f2a7a306b5b,宁波,nb_vehicle,,,,330203000000,1,16.87,14.0,工程渣土车,,2026-09-02
eaab46de480b3dd5,宁波,nb_vehicle,,,,330203000000,1,16.87,1.25,工程渣土车,,2026-09-02
cacf66af69c32e56,宁波,nb_vehicle,,,,330203000000,1,16.87,14.0,工程渣土车,,2026-09-02
648d5afb81027edd,宁波,nb_vehicle,,,,330203000000,1,16.87,14.0,工程渣土车,,2026-09-02
774bce8b8ca511b5,宁波,nb_vehicle,,,,330203000000,1,16.87,14.0,工程渣土车,,2026-09-02
a4df4afce3bf773c,宁波,nb_vehicle,,,,330203000000,1,16.87,14.0,工程渣土车,,2026-09-02
6fce8b6c62666bbf,宁波,nb_vehicle,,,,330203000000,1,16.87,14.0,工程渣土车,,2026-09-02
a7a489f0071ef3d6,宁波,nb_vehicle,,,,330203000000,1,16.87,14.0,工程渣土车,,2026-09-02
afc053a27b6039fc,宁波,nb_vehicle,,,,330203000000,1,16.87,14.0,工程渣土车,,2026-09-02
ff50633c22fbb6ac,宁波,nb_vehicle,,,,330203000000,1,16.87,14.0,工程渣土车,,2026-09-02
cbf56c8e7a07b490,宁波,nb_vehicle,,,,330203000000,1,16.1,14.77,工程渣土车,,2026-09-02
fa69f03ccaadfa6f,宁波,nb_vehicle,,,,330203000000,1,16.87,14.0,工程渣土车,,2026-09-02
cd397fbee9663f79,宁波,nb_vehicle,,,,330203009000,1,1.645,2.72,装修垃圾车,,2026-09-02
52e4b9c261efde14,宁波,nb_vehicle,,,,330203009000,1,1.645,2.72,装修垃圾车,,2026-09-02
d7309daa9885ef4e,宁波,nb_vehicle,,,,330203009000,1,1.645,2.72,装修垃圾车,,2026-09-02
4b6cb788d5eb8b83,宁波,nb_vehicle,,,,330203102000,1,1.645,2.72,装修垃圾车,,2026-09-02
e10e7513dabc696b,宁波,nb_vehicle,,,,330203102000,1,1.645,2.72,装修垃圾车,,2026-09-02
73954b3630a0fce0,宁波,nb_vehicle,,,,330203102000,1,1.645,2.72,装修垃圾车,,2026-09-02
cf611ff5e57306b9,宁波,nb_vehicle,,,,330212100000,1,1.645,2.72,装修垃圾车,,2026-09-02
17121cc2703dbe3b,宁波,nb_vehicle,,,,330212100000,1,1.645,2.72,装修垃圾车,,2026-09-02
fcb433c09333b696,宁波,nb_vehicle,,,,330205000000,1,1.645,2.72,装修垃圾车,,2026-09-02
d7d4318030b99f37,宁波,nb_vehicle,,,,330212000000,1,1.645,2.72,工程渣土车,,2026-09-02
7f819f85d0e57bed,宁波,nb_vehicle,,,,330212000000,1,1.645,2.72,工程渣土车,,2026-09-02
630151704db31648,宁波,nb_vehicle,,,,330212000000,1,1.645,2.72,工程渣土车,,2026-09-02
513f929b16df11fc,宁波,nb_vehicle,,,,330212000000,1,16.605,14.2,工程渣土车,,2026-09-02
96390a7022d32cce,宁波,nb_vehicle,,,,330225002000,1,15.9,14.97,工程渣土车,,2026-09-02
806ac57798bcd667,宁波,nb_vehicle,,,,330225002000,1,15.37,15.5,工程渣土车,,2026-09-02
eb4c9ff0f2d20c30,宁波,nb_vehicle,,,,330212002000,1,1.645,2.72,工程渣土车,,2026-09-02
5f6826da9f2675e4,宁波,nb_vehicle,,,,330212002000,1,0.69,3.61,工程渣土车,,2026-09-02
bb32f45b3470bcff,宁波,nb_vehicle,,,,330212100000,1,1.645,2.72,装修垃圾车,,2026-09-02
7f52f4662a97c7c1,宁波,nb_vehicle,,,,330205000000,1,1.645,2.72,工程渣土车,,2026-09-02
c90273fb1c58639c,宁波,nb_vehicle,,,,330205000000,1,0.69,3.61,工程渣土车,,2026-09-02
1f59442064726e25,宁波,nb_vehicle,,,,330205000000,1,0.69,3.61,工程渣土车,,2026-09-02
cff6f93393d212f3,宁波,nb_vehicle,,,,330205000000,1,0.68,3.5,装修垃圾车,,2026-09-02
3c01f67dbe7819a3,宁波,nb_vehicle,,,,330205000000,1,1.645,2.72,工程渣土车,,2026-09-02
f3e84f8e555afcf3,宁波,nb_vehicle,,,,330205000000,1,1.645,2.72,工程渣土车,,2026-09-02
5b4ebc0af44aa9be,宁波,nb_vehicle,,,,330281114000,1,16.1,14.77,工程渣土车,,2026-09-02
2ee50d24bcee1dc9,宁波,nb_vehicle,,,,330212000000,1,0.43,3.665,工程渣土车,,2026-09-02
791ac048bbd737d6,宁波,nb_vehicle,,,,330212000000,1,1.645,2.72,工程渣土车,,2026-09-02
6d2323ec1bfb1639,宁波,nb_vehicle,,,,330212000000,1,0.43,3.665,工程渣土车,,2026-09-02
6a3a3c7da31f93eb,宁波,nb_vehicle,,,,330212002000,1,1.645,2.72,工程渣土车,,2026-09-02
27f74b0fa90a6e42,宁波,nb_vehicle,,,,330212002000,1,1.645,2.72,装修垃圾车,,2026-09-02
f41e476ccfd8ac57,宁波,nb_vehicle,,,,330212002000,1,1.645,2.72,装修垃圾车,,2026-09-02
cd79f8f3f5ed3719,宁波,nb_vehicle,,,,330212002000,1,1.645,2.72,装修垃圾车,,2026-09-02
c15f7f0bfbde6d3b,宁波,nb_vehicle,,,,330281004000,1,16.1,14.77,工程渣土车,,2026-09-02
769feb81e5d9ac21,宁波,nb_vehicle,,,,330281004000,1,16.1,14.77,工程渣土车,,2026-09-02
fdc2ee2950188429,宁波,nb_vehicle,,,,330281004000,1,15.37,15.5,工程渣土车,,2026-09-02
e22d15b4ae2f738a,宁波,nb_vehicle,,,,330281004000,1,16.1,14.77,工程渣土车,,2026-09-02
f2309aff24603ebf,宁波,nb_vehicle,,,,330281004000,1,16.1,14.77,工程渣土车,,2026-09-02
e0aa4733a3b49676,宁波,nb_vehicle,,,,330281004000,1,16.1,14.77,工程渣土车,,2026-09-02
7517a8f959b433ef,宁波,nb_vehicle,,,,330281004000,1,15.37,15.5,工程渣土车,,2026-09-02
6943e9e496b84fdb,宁波,nb_vehicle,,,,330281004000,1,15.37,15.5,工程渣土车,,2026-09-02
0b4b1ebe12abe8c0,宁波,nb_vehicle,,,,330206000000,1,1.645,2.72,装修垃圾车,,2026-09-02
517f8a7c4aa6459e,宁波,nb_vehicle,,,,330205000000,1,0.745,3.43,装修垃圾车,,2026-09-02
4d5ffd62414e5b54,宁波,nb_vehicle,,,,330206002000,1,0.69,3.61,装修垃圾车,,2026-09-02
d2325a6037948cd9,宁波,nb_vehicle,,,,330206002000,1,4.37,4.6,装修垃圾车,,2026-09-02
d310ee0cd7fc0de8,宁波,nb_vehicle,,,,330206002000,1,4.37,4.6,装修垃圾车,,2026-09-02
ec51c39f8adae978,宁波,nb_vehicle,,,,330206000000,1,4.62,4.35,装修垃圾车,,2026-09-02
ee083109de043346,宁波,nb_vehicle,,,,330206000000,1,4.62,4.35,装修垃圾车,,2026-09-02
c0e3f6f8c1ed5c73,宁波,nb_vehicle,,,,330206000000,1,4.62,4.35,装修垃圾车,,2026-09-02
0fb7717b9238f86f,宁波,nb_vehicle,,,,330206000000,1,4.62,4.35,装修垃圾车,,2026-09-02
0f9bdb89c3776e84,宁波,nb_vehicle,,,,330206000000,1,4.62,4.35,装修垃圾车,,2026-09-02
dd0a7db8ab696810,宁波,nb_vehicle,,,,330281114000,1,16.1,14.77,工程渣土车,,2026-09-02
bc541d2ea6f2229e,宁波,nb_vehicle,,,,330281114000,1,15.37,15.5,工程渣土车,,2026-09-02
63e83bcb91fc1a27,宁波,nb_vehicle,,,,330281114000,1,16.1,14.77,工程渣土车,,2026-09-02
a919c6a4de9279c9,宁波,nb_vehicle,,,,330281114000,1,16.1,14.77,工程渣土车,,2026-09-02
7db4b859ae9c34e2,宁波,nb_vehicle,,,,330281114000,1,16.1,14.77,工程渣土车,,2026-09-02
a4c495ad10df8ee9,宁波,nb_vehicle,,,,330281114000,1,15.37,15.5,工程渣土车,,2026-09-02
e05b6d5d1fb9fa30,宁波,nb_vehicle,,,,33028210L000,1,15.37,15.5,工程渣土车,,2026-09-02
8fea404eee070cb2,宁波,nb_vehicle,,,,330281114000,1,16.1,14.77,工程渣土车,,2026-09-02
977556f51215f822,宁波,nb_vehicle,,,,330281114000,1,16.1,14.77,工程渣土车,,2026-09-02
5fcd7b3ebc61de86,宁波,nb_vehicle,,,,330281114000,1,15.37,15.5,工程渣土车,,2026-09-02
a7462d1d8e50ca58,宁波,nb_vehicle,,,,330281114000,1,16.1,14.77,工程渣土车,,2026-09-02
336c7d398b41e732,宁波,nb_vehicle,,,,330281114000,1,15.37,15.5,工程渣土车,,2026-09-02
5261443d8e599d96,宁波,nb_vehicle,,,,330281114000,1,16.1,14.77,工程渣土车,,2026-09-02
3f5fa20c3dc55e0f,宁波,nb_vehicle,,,,330281114000,1,16.1,14.77,工程渣土车,,2026-09-02
f16a3eb60a4b6d58,宁波,nb_vehicle,,,,330281114000,1,15.37,15.5,工程渣土车,,2026-09-02
ac353751843932b6,宁波,nb_vehicle,,,,330281114000,1,16.1,14.77,工程渣土车,,2026-09-02
da36ef5cdf802a4d,宁波,nb_vehicle,,,,330281114000,1,16.1,14.77,工程渣土车,,2026-09-02
1c669d4579cbf009,宁波,nb_vehicle,,,,330281114000,1,16.1,14.77,工程渣土车,,2026-09-02
f7ed71463c5f17b0,宁波,nb_vehicle,,,,330281114000,1,16.1,14.77,工程渣土车,,2026-09-02
f6d2016ec86dc420,宁波,nb_vehicle,,,,330281114000,1,16.1,14.77,工程渣土车,,2026-09-02
91a8ca6955dcd339,宁波,nb_vehicle,,,,330281114000,1,16.1,14.77,工程渣土车,,2026-09-02
88e27e0eb9db699c,宁波,nb_vehicle,,,,330281114000,1,16.1,14.77,工程渣土车,,2026-09-02
c884a726c3c68118,宁波,nb_vehicle,,,,330281114000,1,16.1,14.77,工程渣土车,,2026-09-02
37e0bbaa60c95e6c,宁波,nb_vehicle,,,,330203000000,1,16.1,1.44,工程渣土车,,2026-09-02
e3ea3cf0ea0104c3,宁波,nb_vehicle,,,,330203000000,1,16.1,14.77,工程渣土车,,2026-09-02
e437fe6425eced87,宁波,nb_vehicle,,,,330203000000,1,16.87,14.0,工程渣土车,,2026-09-02
9022c358f09d42a3,宁波,nb_vehicle,,,,330203000000,1,16.87,14.0,工程渣土车,,2026-09-02
fd2ad16712b8bc25,宁波,nb_vehicle,,,,330203000000,1,16.1,14.77,工程渣土车,,2026-09-02
f114d671de35f923,宁波,nb_vehicle,,,,330226001000,1,1.645,2.72,工程渣土车,,2026-09-02
f99fb0faad35a1ea,宁波,nb_vehicle,,,,330226001000,1,4.62,4.35,装修垃圾车,,2026-09-02
65d4b5a58f182b2b,宁波,nb_vehicle,,,,330226001000,1,4.62,4.35,装修垃圾车,,2026-09-02
0e3c95e3d0c845ab,宁波,nb_vehicle,,,,330226001000,1,1.645,2.72,工程渣土车,,2026-09-02
3df897bd387cc487,宁波,nb_vehicle,,,,330205000000,1,1.645,2.72,装修垃圾车,,2026-09-02
031330f23305bd50,宁波,nb_vehicle,,,,330205000000,1,0.49,3.3,装修垃圾车,,2026-09-02
c6dbd57c84863364,宁波,nb_vehicle,,,,330205000000,1,1.645,2.72,装修垃圾车,,2026-09-02
6eb13759fe5a30c4,宁波,nb_vehicle,,,,330205000000,1,1.645,2.72,装修垃圾车,,2026-09-02
77f08565f3120c66,宁波,nb_vehicle,,,,330205000000,1,1.645,2.72,装修垃圾车,,2026-09-02
c238b7e466abdd7d,宁波,nb_vehicle,,,,330203009000,1,4.37,4.6,装修垃圾车,,2026-09-02
2dc2e02abb777c35,宁波,nb_vehicle,,,,330203009000,1,4.37,4.6,装修垃圾车,,2026-09-02
9dc8a662873e6632,宁波,nb_vehicle,,,,330203004000,1,7.7,4.1,装修垃圾车,,2026-09-02
8f8caf2f36e874e6,宁波,nb_vehicle,,,,330203004000,1,7.31,4.49,装修垃圾车,,2026-09-02
a7858fb3d0a94e7c,宁波,nb_vehicle,,,,330203009000,1,4.37,4.6,装修垃圾车,,2026-09-02
25af78498fc2f0ac,宁波,nb_vehicle,,,,330213002000,1,7.31,4.49,装修垃圾车,,2026-09-02
684aeeab7a841f86,宁波,nb_vehicle,,,,330226000000,1,1.495,2.805,装修垃圾车,,2026-09-02
6314ce6c67920a9e,宁波,nb_vehicle,,,,330206002000,1,16.1,16.1,工程渣土车,,2026-09-02
e4457c2c3076cfd7,宁波,nb_vehicle,,,,330206002000,1,15.37,15.37,工程渣土车,,2026-09-02
df066b7e54a77fe6,宁波,nb_vehicle,,,,330206002000,1,16.1,14.77,工程渣土车,,2026-09-02
19cb261aab302684,宁波,nb_vehicle,,,,330205000000,1,0.745,3.555,装修垃圾车,,2026-09-02
f679d607a8d6ec8b,宁波,nb_vehicle,,,,330205000000,1,1.645,2.72,工程渣土车,,2026-09-02
d62769782db65a60,宁波,nb_vehicle,,,,330203000000,1,1.645,2.72,装修垃圾车,,2026-09-02
1f6f86e5ae94a637,宁波,nb_vehicle,,,,330213003000,1,1.645,2.72,装修垃圾车,,2026-09-02
82d67bb6c93795e3,宁波,nb_vehicle,,,,330213003000,1,4.62,4.35,装修垃圾车,,2026-09-02
5f9583ab9882ad8b,宁波,nb_vehicle,,,,330212000000,1,0.43,3.665,工程渣土车,,2026-09-02
5ff0fadf8ba6b719,宁波,nb_vehicle,,,,330212000000,1,0.495,3.665,工程渣土车,,2026-09-02
93b3e289913fafc1,宁波,nb_vehicle,,,,330205000000,1,1.645,2.72,工程渣土车,,2026-09-02
60649521f3d8c9d8,宁波,nb_vehicle,,,,330206002000,1,4.62,4.35,装修垃圾车,,2026-09-02
9288e00ef5f6235c,宁波,nb_vehicle,,,,330212014000,1,7.115,4.75,装修垃圾车,,2026-09-02
e0aaf658c64386d5,宁波,nb_vehicle,,,,330205000000,1,1.645,2.72,装修垃圾车,,2026-09-02
078249d1f4454229,宁波,nb_vehicle,,,,330203000000,1,1.645,2.72,装修垃圾车,,2026-09-02
c3f6be0bbb6205c4,宁波,nb_vehicle,,,,330281004000,1,16.1,14.77,工程渣土车,,2026-09-02
8517d86f50d3b19c,宁波,nb_vehicle,,,,330281004000,1,16.1,14.77,工程渣土车,,2026-09-02
0cabc4fe0da70a94,宁波,nb_vehicle,,,,330281004000,1,16.1,14.77,工程渣土车,,2026-09-02
4b1ab858b5939a93,宁波,nb_vehicle,,,,330281004000,1,15.37,15.5,工程渣土车,,2026-09-02
ee57fd4cbb4a8719,宁波,nb_vehicle,,,,330281004000,1,16.1,14.77,工程渣土车,,2026-09-02
d14c7275750802bb,宁波,nb_vehicle,,,,330281004000,1,15.37,15.5,工程渣土车,,2026-09-02
33c8099787951164,宁波,nb_vehicle,,,,330281004000,1,16.1,14.77,工程渣土车,,2026-09-02
149545a38fc30088,宁波,nb_vehicle,,,,330281004000,1,16.1,14.77,工程渣土车,,2026-09-02
7e1e5d303e4615a6,宁波,nb_vehicle,,,,330281004000,1,16.1,14.77,工程渣土车,,2026-09-02
08aaad312e0c9b3a,宁波,nb_vehicle,,,,330281004000,1,16.1,14.77,工程渣土车,,2026-09-02
304daaf2e176108b,宁波,nb_vehicle,,,,330281004000,1,15.37,15.5,工程渣土车,,2026-09-02
00d767aa9452efec,宁波,nb_vehicle,,,,330281004000,1,16.1,14.77,工程渣土车,,2026-09-02
04573410cdef6253,宁波,nb_vehicle,,,,330281004000,1,16.1,14.77,工程渣土车,,2026-09-02
b46b26a42cff626e,宁波,nb_vehicle,,,,330281004000,1,16.1,14.77,工程渣土车,,2026-09-02
4deae3a70fb5827a,宁波,nb_vehicle,,,,330205000000,1,1.645,2.72,装修垃圾车,,2026-09-02
227a098d7c23109c,宁波,nb_vehicle,,,,330212000000,1,1.645,2.72,装修垃圾车,,2026-09-02
05672cea07415ab3,宁波,nb_vehicle,,,,330212000000,1,1.645,2.72,工程渣土车,,2026-09-02
88faa3aa22ee6b86,宁波,nb_vehicle,,,,330203005000,1,1.645,2.72,装修垃圾车,,2026-09-02
5f28808c6c6a6949,宁波,nb_vehicle,,,,330203005000,1,7.7,4.1,装修垃圾车,,2026-09-02
b9dc8fb808fa6d4b,宁波,nb_vehicle,,,,330203008000,1,4.6,4.37,装修垃圾车,,2026-09-02
67d254f7ffe886bc,宁波,nb_vehicle,,,,330203008000,1,4.6,4.37,装修垃圾车,,2026-09-02
f1aeb574f4cf5e64,宁波,nb_vehicle,,,,330212109000,1,4.37,4.6,装修垃圾车,,2026-09-02
59a64c5c8ae5da39,宁波,nb_vehicle,,,,330203008000,1,4.6,4.37,装修垃圾车,,2026-09-02
148deee6856c1971,宁波,nb_vehicle,,,,330203000000,1,1.645,2.72,装修垃圾车,,2026-09-02
87b4ae46ce0d5a40,宁波,nb_vehicle,,,,330281004000,1,16.1,14.77,工程渣土车,,2026-09-02
b50d2eebdadb588d,宁波,nb_vehicle,,,,330281004000,1,16.1,14.77,工程渣土车,,2026-09-02
df9ccf46e341a19e,宁波,nb_vehicle,,,,330281004000,1,15.37,15.5,工程渣土车,,2026-09-02
52a5baf3ba6314cb,宁波,nb_vehicle,,,,330281004000,1,16.1,14.77,工程渣土车,,2026-09-02
beba30234a63c91d,宁波,nb_vehicle,,,,330281004000,1,15.37,15.5,工程渣土车,,2026-09-02
3c1e40b4a4342fb6,宁波,nb_vehicle,,,,330281004000,1,16.1,14.77,工程渣土车,,2026-09-02
a822085be3aa1f23,宁波,nb_vehicle,,,,330281004000,1,15.37,15.5,工程渣土车,,2026-09-02
5051b55ce81d63dd,宁波,nb_vehicle,,,,330281004000,1,16.1,14.77,工程渣土车,,2026-09-02
f8f4b29a2dbee765,宁波,nb_vehicle,,,,330281004000,1,16.1,14.77,工程渣土车,,2026-09-02
b624190dcb73ae04,宁波,nb_vehicle,,,,330226111000,1,15.37,15.5,工程渣土车,,2026-09-02
2ee12091f84383be,宁波,nb_vehicle,,,,330226111000,1,15.37,15.5,工程渣土车,,2026-09-02
186498d7c08293b8,宁波,nb_vehicle,,,,330226111000,1,15.37,15.5,工程渣土车,,2026-09-02
d21219b8c4912e8a,宁波,nb_vehicle,,,,330226002000,1,16.02,14.85,工程渣土车,,2026-09-02
2eb94a8a2c21ed0e,宁波,nb_vehicle,,,,330226002000,1,16.02,14.85,工程渣土车,,2026-09-02
4b7142b78a3f0075,宁波,nb_vehicle,,,,330226002000,1,15.37,15.5,工程渣土车,,2026-09-02
48f5ccf7aa980461,宁波,nb_vehicle,,,,330205007000,1,15.37,15.5,工程渣土车,,2026-09-02
dd7f0349307ae7a3,宁波,nb_vehicle,,,,330203000000,1,1.645,2.72,装修垃圾车,,2026-09-02
9687c63160670ee6,宁波,nb_vehicle,,,,330281004000,1,15.37,15.5,工程渣土车,,2026-09-02
fc18bbf830ec27ec,宁波,nb_vehicle,,,,330281004000,1,16.1,14.77,工程渣土车,,2026-09-02
f3146c264a51238c,宁波,nb_vehicle,,,,330281004000,1,15.37,15.5,工程渣土车,,2026-09-02
5ab05bb4ce4d76e5,宁波,nb_vehicle,,,,330281004000,1,15.37,15.5,工程渣土车,,2026-09-02
cee18b7566967ee9,宁波,nb_vehicle,,,,330212103000,1,1.645,2.72,装修垃圾车,,2026-09-02
b46f4ee41deab5b4,宁波,nb_vehicle,,,,330203000000,1,1.645,2.72,装修垃圾车,,2026-09-02
c63d9c1760f2b842,宁波,nb_vehicle,,,,330203000000,1,1.645,2.72,装修垃圾车,,2026-09-02
362fa6f6ed2ac19f,宁波,nb_vehicle,,,,330211001000,1,0.69,3.61,装修垃圾车,,2026-09-02
143ff902c03be7cf,宁波,nb_vehicle,,,,330212006000,1,1.645,2.72,装修垃圾车,,2026-09-02
de4c921028e00d5f,宁波,nb_vehicle,,,,330211001000,1,0.69,3.61,装修垃圾车,,2026-09-02
5ea60a386082431a,宁波,nb_vehicle,,,,330282000000,1,16.07,1.645,工程泥浆车,,2026-09-02
1ea76cbb00424f05,宁波,nb_vehicle,,,,330281004000,1,16.1,14.77,工程渣土车,,2026-09-02
82b4f179d9c210d7,宁波,nb_vehicle,,,,330281004000,1,16.1,14.77,工程渣土车,,2026-09-02
e015e46a766a02cf,宁波,nb_vehicle,,,,330281004000,1,16.1,14.77,工程渣土车,,2026-09-02
e2e61bf3f37e3c57,宁波,nb_vehicle,,,,330212100000,1,0.68,3.5,装修垃圾车,,2026-09-02
ca508ae83e0003cf,宁波,nb_vehicle,,,,330212100000,1,0.69,3.61,工程渣土车,,2026-09-02
1a4bc1afad181841,宁波,nb_vehicle,,,,330212100000,1,0.68,3.5,装修垃圾车,,2026-09-02
e39ce65cbb310bbd,宁波,nb_vehicle,,,,330212100000,1,0.68,3.5,装修垃圾车,,2026-09-02
a80987eadfce42dd,宁波,nb_vehicle,,,,330212100000,1,0.68,3.5,装修垃圾车,,2026-09-02
460c354378d87542,宁波,nb_vehicle,,,,330281004000,1,16.1,14.77,工程渣土车,,2026-09-02
7d69aabc49d7ef80,宁波,nb_vehicle,,,,330281004000,1,16.1,14.77,工程渣土车,,2026-09-02
8c6db21bb46c6133,宁波,nb_vehicle,,,,330281004000,1,16.1,14.77,工程渣土车,,2026-09-02
0c6f054f20b9d69a,宁波,nb_vehicle,,,,330281004000,1,15.37,15.5,工程渣土车,,2026-09-02
9fc672056b100b2e,宁波,nb_vehicle,,,,330281004000,1,16.1,14.77,工程渣土车,,2026-09-02
1004a9b4cd0a3e7f,宁波,nb_vehicle,,,,330281004000,1,16.1,14.77,工程渣土车,,2026-09-02
2a932d683a3b4295,宁波,nb_vehicle,,,,330281004000,1,16.1,14.77,工程渣土车,,2026-09-02
bfcb56923bd731e1,宁波,nb_vehicle,,,,330281004000,1,16.1,14.77,工程渣土车,,2026-09-02
9162fde4d87471c4,宁波,nb_vehicle,,,,330281004000,1,16.1,14.77,工程渣土车,,2026-09-02
7b0594ef98383b5a,宁波,nb_vehicle,,,,330281004000,1,16.1,14.77,工程渣土车,,2026-09-02
4199d4feab10a408,宁波,nb_vehicle,,,,330212000000,1,0.43,3.665,工程渣土车,,2026-09-02
627aeaac4dd7eeb7,宁波,nb_vehicle,,,,330213002000,1,7.31,4.49,装修垃圾车,,2026-09-02
f11b9cc1649e88cb,宁波,nb_vehicle,,,,330213002000,1,7.31,4.49,装修垃圾车,,2026-09-02
4c1f30ae3bb2fc24,宁波,nb_vehicle,,,,330213002000,1,7.115,4.75,装修垃圾车,,2026-09-02
75096c46a6c8cadf,宁波,nb_vehicle,,,,330213002000,1,7.31,4.49,装修垃圾车,,2026-09-02
53ec09e87fc86b78,宁波,nb_vehicle,,,,330203000000,1,1.645,2.72,装修垃圾车,,2026-09-02
2b9c8aa39aafe238,宁波,nb_vehicle,,,,330281004000,1,16.87,14.0,工程渣土车,,2026-09-02
003d3785db1eb1fe,宁波,nb_vehicle,,,,330281004000,1,16.87,14.0,工程渣土车,,2026-09-02
95fce32b739fd688,宁波,nb_vehicle,,,,330281004000,1,16.87,14.0,工程渣土车,,2026-09-02
78c52ed8fd54cd95,宁波,nb_vehicle,,,,330281004000,1,16.87,14.0,工程渣土车,,2026-09-02
2416bbd5435cce98,宁波,nb_vehicle,,,,330281004000,1,16.87,14.0,工程渣土车,,2026-09-02
07bc53af0fdaf5fd,宁波,nb_vehicle,,,,330281004000,1,16.87,14.0,工程渣土车,,2026-09-02
d5a742f2c6a27dcc,宁波,nb_vehicle,,,,330281004000,1,16.37,14.5,工程渣土车,,2026-09-02
e1b584f229ec704b,宁波,nb_vehicle,,,,330281004000,1,16.37,14.5,工程渣土车,,2026-09-02
5012e17bfce697b6,宁波,nb_vehicle,,,,330281004000,1,16.37,14.5,工程渣土车,,2026-09-02
ef37b400df7c9a7b,宁波,nb_vehicle,,,,330281004000,1,16.87,14.0,工程渣土车,,2026-09-02
b89d6283597d9f2b,宁波,nb_vehicle,,,,330281004000,1,16.87,14.0,工程渣土车,,2026-09-02
e8e2ddbead60badf,宁波,nb_vehicle,,,,330281004000,1,16.37,14.5,工程渣土车,,2026-09-02
c65d208dbbd9ac8d,宁波,nb_vehicle,,,,330281004000,1,16.87,14.0,工程渣土车,,2026-09-02
855b7f781ed9f9f3,宁波,nb_vehicle,,,,330281004000,1,16.87,14.0,工程渣土车,,2026-09-02
32b5a8e57b33b3d4,宁波,nb_vehicle,,,,330281004000,1,16.37,14.5,工程渣土车,,2026-09-02
247828696dcf8398,宁波,nb_vehicle,,,,330203006000,1,0.68,3.515,装修垃圾车,,2026-09-02
46b6448007973fbc,宁波,nb_vehicle,,,,330203006000,1,4.62,4.35,装修垃圾车,,2026-09-02
ab43e8b80427cd39,宁波,nb_vehicle,,,,330203006000,1,0.745,3.555,装修垃圾车,,2026-09-02
d8b08a2f84c4046a,宁波,nb_vehicle,,,,330203006000,1,0.68,3.58,装修垃圾车,,2026-09-02
f02c2cdb7948f8e4,宁波,nb_vehicle,,,,330203006000,1,1.64,2.72,装修垃圾车,,2026-09-02
b69d1446a9c53ccc,宁波,nb_vehicle,,,,330203006000,1,0.745,3.555,装修垃圾车,,2026-09-02
6d4654a5111f7d37,宁波,nb_vehicle,,,,330203006000,1,4.62,4.35,装修垃圾车,,2026-09-02
752e9bd3109fa930,宁波,nb_vehicle,,,,330205000000,1,1.645,2.72,装修垃圾车,,2026-09-02
f988c6b4cf6d430b,宁波,nb_vehicle,,,,330212000000,1,1.645,2.72,工程渣土车,,2026-09-02
1aa005750dfb30d7,宁波,nb_vehicle,,,,330212000000,1,1.645,2.72,装修垃圾车,,2026-09-02
5316b50fc6d1d4f9,宁波,nb_vehicle,,,,330203006000,1,1.645,2.72,装修垃圾车,,2026-09-02
7dfc75be25cd9f1c,宁波,nb_vehicle,,,,330203006000,1,1.645,2.72,装修垃圾车,,2026-09-02
efce75c440d5a45f,宁波,nb_vehicle,,,,330226002000,1,15.37,15.5,工程渣土车,,2026-09-02
8557a70c7a30c73c,宁波,nb_vehicle,,,,330226002000,1,15.37,15.5,工程渣土车,,2026-09-02
6512356a9724c394,宁波,nb_vehicle,,,,330226002000,1,15.37,15.5,工程渣土车,,2026-09-02
35f730dad7f0bbc4,宁波,nb_vehicle,,,,330226002000,1,16.02,14.85,工程渣土车,,2026-09-02
09dca0a4a1fc57df,宁波,nb_vehicle,,,,330226002000,1,16.02,14.85,工程渣土车,,2026-09-02
0be3119f957ee374,宁波,nb_vehicle,,,,330226002000,1,16.02,14.85,工程渣土车,,2026-09-02
4dab5ec8ae58aaf5,宁波,nb_vehicle,,,,330226002000,1,16.02,14.85,工程渣土车,,2026-09-02
4ca801b89ea8ffb1,宁波,nb_vehicle,,,,330203000000,1,1.645,2.72,装修垃圾车,,2026-09-02
2ef6a8c12ec1e768,宁波,nb_vehicle,,,,330212005000,1,7.355,6.45,装修垃圾车,,2026-09-02
ab9f6199aadbd080,宁波,nb_vehicle,,,,330212000000,1,1.645,2.72,工程渣土车,,2026-09-02
6acfe7457aa84575,宁波,nb_vehicle,,,,330211004000,1,0.69,3.61,装修垃圾车,,2026-09-02
b21c6f7785d464c5,宁波,nb_vehicle,,,,330211004000,1,1.645,2.72,装修垃圾车,,2026-09-02
d8af598515673177,宁波,nb_vehicle,,,,330211004000,1,1.645,2.72,装修垃圾车,,2026-09-02
ec069aacc73a64b3,宁波,nb_vehicle,,,,330211004000,1,1.645,2.72,装修垃圾车,,2026-09-02
18c9fbda23c7babe,宁波,nb_vehicle,,,,330211004000,1,1.645,2.72,装修垃圾车,,2026-09-02
df758df4ea5bba25,宁波,nb_vehicle,,,,330211004000,1,0.69,3.61,装修垃圾车,,2026-09-02
194c8a0ebf93b2cd,宁波,nb_vehicle,,,,330211004000,1,1.645,2.72,装修垃圾车,,2026-09-02
279bdc0987853ece,宁波,nb_vehicle,,,,330211004000,1,1.645,2.72,装修垃圾车,,2026-09-02
f5c850ad9b38605a,宁波,nb_vehicle,,,,330211004000,1,1.645,1.52,装修垃圾车,,2026-09-02
82c6b459717c16dc,宁波,nb_vehicle,,,,330211004000,1,1.645,2.72,装修垃圾车,,2026-09-02
62bba29d4b1f3643,宁波,nb_vehicle,,,,330211004000,1,0.495,3.665,装修垃圾车,,2026-09-02
bdf7721348403701,宁波,nb_vehicle,,,,330281106000,1,16.1,14.77,工程渣土车,,2026-09-02
0d59e9b52c721e35,宁波,nb_vehicle,,,,330212000000,1,0.43,3.665,工程渣土车,,2026-09-02
ac238bf5ed0f099b,宁波,nb_vehicle,,,,330213003000,1,1.645,2.72,装修垃圾车,,2026-09-02
6a5657cb7a769145,宁波,nb_vehicle,,,,330212000000,1,1.645,2.72,装修垃圾车,,2026-09-02
a5700f489b2a1161,宁波,nb_vehicle,,,,330281106000,1,16.1,14.77,工程渣土车,,2026-09-02
7055d27f7f94aec0,宁波,nb_vehicle,,,,330281106000,1,16.1,14.77,工程渣土车,,2026-09-02
7d183564d1cf2a39,宁波,nb_vehicle,,,,330281106000,1,16.1,14.77,工程渣土车,,2026-09-02
840dc511a6de03a5,宁波,nb_vehicle,,,,330281106000,1,16.1,14.77,工程渣土车,,2026-09-02
13a51cb24e5145de,宁波,nb_vehicle,,,,330281106000,1,16.1,14.77,工程渣土车,,2026-09-02
d4658ee1480a29d7,宁波,nb_vehicle,,,,330281106000,1,16.1,14.77,工程渣土车,,2026-09-02
ef0b9e2b83f08460,宁波,nb_vehicle,,,,330281106000,1,16.1,14.77,工程渣土车,,2026-09-02
c47a254e1388b7fa,宁波,nb_vehicle,,,,330281106000,1,16.1,14.77,工程渣土车,,2026-09-02
71c0316a5642b0d9,宁波,nb_vehicle,,,,330281106000,1,16.1,14.77,工程渣土车,,2026-09-02
edb55c6fde1dd567,宁波,nb_vehicle,,,,330213003000,1,4.37,4.6,装修垃圾车,,2026-09-02
a5537a551a4da815,宁波,nb_vehicle,,,,330212000000,1,1.645,2.72,工程渣土车,,2026-09-02
492d9a133697b7dc,宁波,nb_vehicle,,,,330212000000,1,1.645,2.72,工程渣土车,,2026-09-02
fc2938bac24ce078,宁波,nb_vehicle,,,,330212000000,1,1.645,2.72,工程渣土车,,2026-09-02
47c4d3817b00ba83,宁波,nb_vehicle,,,,330203000000,1,1.645,2.72,装修垃圾车,,2026-09-02
5918dbd3d6d13d60,宁波,nb_vehicle,,,,330225200000,1,16.1,14.77,工程渣土车,,2026-09-02
209c5653127a6ebd,宁波,nb_vehicle,,,,330225200000,1,16.1,1.534,工程渣土车,,2026-09-02
6f1b707d0084b80f,宁波,nb_vehicle,,,,330225200000,1,16.1,1.42,工程渣土车,,2026-09-02
49cae70590e730f0,宁波,nb_vehicle,,,,330226201000,1,15.67,15.2,工程渣土车,,2026-09-02
3ce90a704b38f7f7,宁波,nb_vehicle,,,,330226201000,1,15.67,15.2,工程渣土车,,2026-09-02
9d3e871d7ca7f4b9,宁波,nb_vehicle,,,,330226201000,1,15.67,15.2,工程渣土车,,2026-09-02
af4d5fd13077d541,宁波,nb_vehicle,,,,330226201000,1,15.67,15.2,工程渣土车,,2026-09-02
93bc7600f360d29d,宁波,nb_vehicle,,,,330226201000,1,15.67,15.2,工程渣土车,,2026-09-02
0f593b50c8b03684,宁波,nb_vehicle,,,,330226201000,1,15.67,15.2,工程渣土车,,2026-09-02
b6be8acc614da11f,宁波,nb_vehicle,,,,330203000000,1,1.645,2.72,工程渣土车,,2026-09-02
7f2741eb6f7dd80a,宁波,nb_vehicle,,,,330226201000,1,15.67,15.2,工程渣土车,,2026-09-02
c91bdb0f9c82a12f,宁波,nb_vehicle,,,,330211101000,1,1.64,2.72,装修垃圾车,,2026-09-02
1d75377ed407b557,宁波,nb_vehicle,,,,330211101000,1,1.64,2.72,装修垃圾车,,2026-09-02
53af8eb638b1e57d,宁波,nb_vehicle,,,,330212000000,1,1.645,2.72,装修垃圾车,,2026-09-02
2282cdc5246ee2da,宁波,nb_vehicle,,,,330212000000,1,16.37,14.5,工程渣土车,,2026-09-02
40596c695f9b3a17,宁波,nb_vehicle,,,,330205008000,1,16.87,14.0,工程渣土车,,2026-09-02
2047bbeb1eb2645f,宁波,nb_vehicle,,,,330205008000,1,16.87,14.0,工程渣土车,,2026-09-02
b018cb23cf3b4b88,宁波,nb_vehicle,,,,330205008000,1,16.87,14.0,工程渣土车,,2026-09-02
8d85494b7175053a,宁波,nb_vehicle,,,,330205008000,1,16.87,14.0,工程渣土车,,2026-09-02
3137e6aab2268d00,宁波,nb_vehicle,,,,330205008000,1,16.87,14.0,工程渣土车,,2026-09-02
a7e8f0b499dd9316,宁波,nb_vehicle,,,,330203000000,1,1.645,2.72,装修垃圾车,,2026-09-02
695dc7e6f226c6a7,宁波,nb_vehicle,,,,330226201000,1,15.67,15.2,工程渣土车,,2026-09-02
e521e2bf640ed055,宁波,nb_vehicle,,,,330205006000,1,9.93,7.875,装修垃圾车,,2026-09-02
52a0cae78042b9a5,宁波,nb_vehicle,,,,330203000000,1,1.645,2.72,装修垃圾车,,2026-09-02
be5fd0cb16807971,宁波,nb_vehicle,,,,330203000000,1,1.645,2.72,装修垃圾车,,2026-09-02
f18381a80baaaea8,宁波,nb_vehicle,,,,330203000000,1,1.645,2.72,装修垃圾车,,2026-09-02
2d4ba1d2caf03e48,宁波,nb_vehicle,,,,330203000000,1,1.645,2.72,装修垃圾车,,2026-09-02
2a375d3bff9a88b2,宁波,nb_vehicle,,,,330203000000,1,1.645,2.72,装修垃圾车,,2026-09-02
86733e9adad26cc2,宁波,nb_vehicle,,,,330206000000,1,7.59,4.21,装修垃圾车,,2026-09-02
c75013be57621145,宁波,nb_vehicle,,,,330206000000,1,7.59,4.21,装修垃圾车,,2026-09-02
3b8da926dd20f3c9,宁波,nb_vehicle,,,,330212000000,1,0.43,3.665,工程渣土车,,2026-09-02
7b7d7672dfbbfea1,宁波,nb_vehicle,,,,330203000000,1,1.645,2.72,装修垃圾车,,2026-09-02
038ebdea06f44aea,宁波,nb_vehicle,,,,330203007000,1,16.1,14.77,工程渣土车,,2026-09-02
1b23370cee7d72b8,宁波,nb_vehicle,,,,330205000000,1,1.645,2.72,装修垃圾车,,2026-09-02
ad715943f6a34b83,宁波,nb_vehicle,,,,330205000000,1,1.645,2.72,装修垃圾车,,2026-09-02
56e70ee2811a5b95,宁波,nb_vehicle,,,,330203101000,1,1.645,2.72,装修垃圾车,,2026-09-02
2b5dc6903ad074b5,宁波,nb_vehicle,,,,330203101000,1,1.645,2.72,装修垃圾车,,2026-09-02
287c11de7b7c64f0,宁波,nb_vehicle,,,,330205000000,1,1.645,2.72,工程渣土车,,2026-09-02
bc6d8f1743cd2f18,宁波,nb_vehicle,,,,330203007000,1,16.1,14.77,工程渣土车,,2026-09-02
f92ab76b2bf09599,宁波,nb_vehicle,,,,330203007000,1,16.1,14.77,工程渣土车,,2026-09-02
c5d52713e4e1b47c,宁波,nb_vehicle,,,,330203007000,1,16.1,14.77,工程渣土车,,2026-09-02
cc98aa9b34d6822c,宁波,nb_vehicle,,,,330203007000,1,16.1,14.77,工程渣土车,,2026-09-02
0d53683984f77c4a,宁波,nb_vehicle,,,,330203007000,1,16.1,14.77,工程渣土车,,2026-09-02
34d041483b3e7e29,宁波,nb_vehicle,,,,330203007000,1,16.1,14.77,工程渣土车,,2026-09-02
795d5ffcfb0e50eb,宁波,nb_vehicle,,,,330203007000,1,15.37,15.5,工程渣土车,,2026-09-02
e00535c0cebb0718,宁波,nb_vehicle,,,,33021100L000,1,16.1,14.77,工程渣土车,,2026-09-02
0d522a4f305bbe17,宁波,nb_vehicle,,,,33021100L000,1,16.1,14.77,工程渣土车,,2026-09-02
a4a391cf6dabb4c5,宁波,nb_vehicle,,,,330203007000,1,16.1,14.77,工程渣土车,,2026-09-02
8777e5a779ce5b5b,宁波,nb_vehicle,,,,330203007000,1,16.1,14.77,工程渣土车,,2026-09-02
0fbcdceb743d59eb,宁波,nb_vehicle,,,,330203007000,1,16.1,14.77,工程渣土车,,2026-09-02
c540c9eb1fbfd2b7,宁波,nb_vehicle,,,,330203007000,1,16.1,14.77,工程渣土车,,2026-09-02
e0e7bb5d1d2210cc,宁波,nb_vehicle,,,,330203007000,1,15.99,14.88,工程渣土车,,2026-09-02
ecaec53b3f40b778,宁波,nb_vehicle,,,,330203007000,1,16.1,14.77,工程渣土车,,2026-09-02
bd9df7dc9aa883b1,宁波,nb_vehicle,,,,330203007000,1,16.1,14.77,工程渣土车,,2026-09-02
d4bd1186c1662565,宁波,nb_vehicle,,,,330203007000,1,16.1,14.77,工程渣土车,,2026-09-02
f9e18bcc96db46c6,宁波,nb_vehicle,,,,330203007000,1,15.99,14.88,工程渣土车,,2026-09-02
0f1098bcd20893f2,宁波,nb_vehicle,,,,33021100L000,1,16.1,14.77,工程渣土车,,2026-09-02
f56084e5732f367f,宁波,nb_vehicle,,,,330203007000,1,16.1,14.77,工程渣土车,,2026-09-02
94fea87a5703c59d,宁波,nb_vehicle,,,,330203007000,1,16.1,14.77,工程渣土车,,2026-09-02
f0ec01a75b4de90a,宁波,nb_vehicle,,,,330203007000,1,15.37,15.5,工程渣土车,,2026-09-02
4308f0eb0fee733e,宁波,nb_vehicle,,,,330203007000,1,15.99,14.88,工程渣土车,,2026-09-02
13e042ec5b670730,宁波,nb_vehicle,,,,330203007000,1,16.1,14.77,工程渣土车,,2026-09-02
5a023359cb5cb948,宁波,nb_vehicle,,,,330203007000,1,16.1,14.77,工程渣土车,,2026-09-02
9099eb79bfa9c516,宁波,nb_vehicle,,,,330203007000,1,16.1,14.77,工程渣土车,,2026-09-02
0fa8ccdd04e778da,宁波,nb_vehicle,,,,330203007000,1,16.1,14.77,工程渣土车,,2026-09-02
b72fb95e11108604,宁波,nb_vehicle,,,,330203007000,1,16.1,14.77,工程渣土车,,2026-09-02
d1390f8db7a9d65e,宁波,nb_vehicle,,,,330203007000,1,16.1,14.77,工程渣土车,,2026-09-02
e0caeb9d5a618098,宁波,nb_vehicle,,,,330203007000,1,16.1,14.77,工程渣土车,,2026-09-02
b331c31c0a7d7976,宁波,nb_vehicle,,,,33021100L000,1,16.1,14.77,工程渣土车,,2026-09-02
6ddedcf438c9a78c,宁波,nb_vehicle,,,,330203007000,1,15.99,14.88,工程渣土车,,2026-09-02
8989bf672668c327,宁波,nb_vehicle,,,,330203007000,1,16.1,14.77,工程渣土车,,2026-09-02
2ea688d2426bd8b8,宁波,nb_vehicle,,,,330203000000,1,1.645,2.72,装修垃圾车,,2026-09-02
f13f0982a73731bd,宁波,nb_vehicle,,,,330203004000,1,16.87,14.0,工程渣土车,,2026-09-02
9d8edd727c3acc9e,宁波,nb_vehicle,,,,330211100000,1,16.1,14.77,工程渣土车,,2026-09-02
9077fbd05cb0aa15,宁波,nb_vehicle,,,,330212008000,1,0.69,3.61,工程渣土车,,2026-09-02
4bddb9b9e0b17f2b,宁波,nb_vehicle,,,,330205008000,1,16.1,14.77,工程渣土车,,2026-09-02
ac843391df9e1753,宁波,nb_vehicle,,,,330203101000,1,0.495,3.665,装修垃圾车,,2026-09-02
d071c8a6b6cee1f0,宁波,nb_vehicle,,,,330203101000,1,0.74,3.56,装修垃圾车,,2026-09-02
2f908e49be2af9a0,宁波,nb_vehicle,,,,330203101000,1,0.645,3.655,装修垃圾车,,2026-09-02
b76a86c094febadb,宁波,nb_vehicle,,,,330281003000,1,16.02,14.85,工程渣土车,,2026-09-02
b4a6484fb34eaca6,宁波,nb_vehicle,,,,330281003000,1,16.02,14.85,工程渣土车,,2026-09-02
f3ae9ba03d46cd5b,宁波,nb_vehicle,,,,330281003000,1,16.1,14.77,工程渣土车,,2026-09-02
bb2ff5e07bfe6b93,宁波,nb_vehicle,,,,330281003000,1,16.02,14.85,工程渣土车,,2026-09-02
0e5f7c7bef4fe744,宁波,nb_vehicle,,,,330281003000,1,16.02,14.85,工程渣土车,,2026-09-02
83d62382f89b1adf,宁波,nb_vehicle,,,,330281002000,1,12.07,18.8,工程泥浆车,,2026-09-02
4238c245d1128afd,宁波,nb_vehicle,,,,330281002000,1,10.07,20.8,工程泥浆车,,2026-09-02
9ecff1d6a50b5105,宁波,nb_vehicle,,,,330281003000,1,16.1,14.77,工程渣土车,,2026-09-02
8216be73dec02b5c,宁波,nb_vehicle,,,,330281003000,1,16.1,14.77,工程渣土车,,2026-09-02
744da6f45633774d,宁波,nb_vehicle,,,,330281003000,1,15.37,15.5,工程渣土车,,2026-09-02
2b80eafb17fa1161,宁波,nb_vehicle,,,,330281003000,1,16.1,14.77,工程渣土车,,2026-09-02
8fb21324204a12e5,宁波,nb_vehicle,,,,330281003000,1,16.1,14.77,工程渣土车,,2026-09-02
eb6b869ac4c51051,宁波,nb_vehicle,,,,330281003000,1,16.1,14.77,工程渣土车,,2026-09-02
984c23aa827a5374,宁波,nb_vehicle,,,,330281003000,1,16.1,14.77,工程渣土车,,2026-09-02
f82f01cfcfb71d2e,宁波,nb_vehicle,,,,330281003000,1,16.1,14.77,工程渣土车,,2026-09-02
032c49ead4607f2b,宁波,nb_vehicle,,,,330281003000,1,16.1,14.77,工程渣土车,,2026-09-02
e170d536d548888d,宁波,nb_vehicle,,,,330281003000,1,16.1,14.77,工程渣土车,,2026-09-02
32a8eebbebf40815,宁波,nb_vehicle,,,,330281003000,1,16.1,14.77,工程渣土车,,2026-09-02
9e5faa93434e952c,宁波,nb_vehicle,,,,330281003000,1,16.1,14.77,工程渣土车,,2026-09-02
7881a1ab2bf3cb17,宁波,nb_vehicle,,,,330281003000,1,16.1,14.77,工程渣土车,,2026-09-02
30477cb0ba59e35e,宁波,nb_vehicle,,,,330281003000,1,16.02,14.85,工程渣土车,,2026-09-02
7c6d5726dd155b79,宁波,nb_vehicle,,,,330281003000,1,16.1,14.77,工程渣土车,,2026-09-02
047d4cb7e0632f30,宁波,nb_vehicle,,,,330281003000,1,16.1,14.77,工程渣土车,,2026-09-02
c6ccb9ba386c2f02,宁波,nb_vehicle,,,,330281003000,1,16.1,14.77,工程渣土车,,2026-09-02
d93abe61ac4024ab,宁波,nb_vehicle,,,,330281003000,1,16.02,14.85,工程渣土车,,2026-09-02
43f4bf9a1064ac2c,宁波,nb_vehicle,,,,330281003000,1,16.1,14.77,工程渣土车,,2026-09-02
afc9b8b635bd524c,宁波,nb_vehicle,,,,330281003000,1,16.1,14.77,工程渣土车,,2026-09-02
b3220dceff25ca49,宁波,nb_vehicle,,,,330281003000,1,16.1,14.77,工程渣土车,,2026-09-02
f329c8a4d0826715,宁波,nb_vehicle,,,,330205007000,1,15.37,15.5,工程渣土车,,2026-09-02
e542923c5b1a61f1,宁波,nb_vehicle,,,,330205007000,1,15.37,15.5,工程渣土车,,2026-09-02
b5cd47a513b4cded,宁波,nb_vehicle,,,,330205007000,1,16.1,14.77,工程渣土车,,2026-09-02
d843ae6f1fbb1b7f,宁波,nb_vehicle,,,,330205007000,1,15.37,1.44,工程渣土车,,2026-09-02
8411cc4b4437e71a,宁波,nb_vehicle,,,,330205007000,1,15.37,15.5,工程渣土车,,2026-09-02
7a3ac09dd300700d,宁波,nb_vehicle,,,,330205007000,1,15.37,15.5,工程渣土车,,2026-09-02
04f89300b25b7d35,宁波,nb_vehicle,,,,330205007000,1,15.37,15.5,工程渣土车,,2026-09-02
a0f1985dddc1bf3b,宁波,nb_vehicle,,,,330205007000,1,16.1,14.77,工程渣土车,,2026-09-02
d54eee0387631ad5,宁波,nb_vehicle,,,,330205007000,1,16.1,14.77,工程渣土车,,2026-09-02
dee69e60b99576ea,宁波,nb_vehicle,,,,330205007000,1,15.37,15.5,工程渣土车,,2026-09-02
d2f37330c765b487,宁波,nb_vehicle,,,,330205007000,1,15.37,15.5,工程渣土车,,2026-09-02
577edbf78f3a5c7a,宁波,nb_vehicle,,,,330205007000,1,15.37,15.5,工程渣土车,,2026-09-02
0d70c3bae93a0eba,宁波,nb_vehicle,,,,330205007000,1,15.37,15.5,工程渣土车,,2026-09-02
002385ab4a976ad6,宁波,nb_vehicle,,,,330205007000,1,15.37,15.5,工程渣土车,,2026-09-02
2f6fca0b0d478a4d,宁波,nb_vehicle,,,,330205007000,1,15.37,15.5,工程渣土车,,2026-09-02
5f5ff7e58ea21802,宁波,nb_vehicle,,,,330205007000,1,16.1,14.77,工程渣土车,,2026-09-02
12293ac6aa7249ef,宁波,nb_vehicle,,,,330205007000,1,16.1,14.77,工程渣土车,,2026-09-02
0b17b7e04e25ecc2,宁波,nb_vehicle,,,,330205007000,1,16.1,14.77,工程渣土车,,2026-09-02
0792a984b333646d,宁波,nb_vehicle,,,,330205007000,1,15.37,15.5,工程渣土车,,2026-09-02
3e3a14bf63963739,宁波,nb_vehicle,,,,330205007000,1,16.1,14.77,工程渣土车,,2026-09-02
4c5c56664111cd08,宁波,nb_vehicle,,,,330205007000,1,15.37,15.5,工程渣土车,,2026-09-02
4f59da2cfff2e7a7,宁波,nb_vehicle,,,,330226002000,1,16.67,14.2,工程渣土车,,2026-09-02
045e240c9700e1de,宁波,nb_vehicle,,,,330226002000,1,16.1,14.77,工程渣土车,,2026-09-02
8bafac9a1731b6c7,宁波,nb_vehicle,,,,330226002000,1,16.67,14.2,工程渣土车,,2026-09-02
4550cbf66d76662e,宁波,nb_vehicle,,,,330226002000,1,16.1,14.77,工程渣土车,,2026-09-02
ff7364b359003fae,宁波,nb_vehicle,,,,330226002000,1,16.1,14.77,工程渣土车,,2026-09-02
cb44a5852187189d,宁波,nb_vehicle,,,,330226002000,1,16.67,14.2,工程渣土车,,2026-09-02
271e62e1a5240d14,宁波,nb_vehicle,,,,330226002000,1,16.67,14.2,工程渣土车,,2026-09-02
aef7406957cf6895,宁波,nb_vehicle,,,,330226002000,1,16.67,14.2,工程渣土车,,2026-09-02
6df43edc4cddd83e,宁波,nb_vehicle,,,,330226002000,1,16.04,14.83,工程渣土车,,2026-09-02
7a5ccba01490cfdf,宁波,nb_vehicle,,,,330226002000,1,16.04,14.83,工程渣土车,,2026-09-02
cd4e0504337c2ac4,宁波,nb_vehicle,,,,330226002000,1,16.04,14.83,工程渣土车,,2026-09-02
1d0af0b75609975f,宁波,nb_vehicle,,,,330226002000,1,16.04,14.83,工程渣土车,,2026-09-02
8f9effebcd586278,宁波,nb_vehicle,,,,330226002000,1,16.04,14.83,工程渣土车,,2026-09-02
6d41d24dcc247f37,宁波,nb_vehicle,,,,330226002000,1,16.04,14.83,工程渣土车,,2026-09-02
99a699d7bc43e06a,宁波,nb_vehicle,,,,330226002000,1,16.04,14.83,工程渣土车,,2026-09-02
d54561c53a6a2138,宁波,nb_vehicle,,,,330226002000,1,16.04,14.83,工程渣土车,,2026-09-02
b2dffa2bddfb4382,宁波,nb_vehicle,,,,330226002000,1,16.04,14.83,工程渣土车,,2026-09-02
3135f6e3d5d069e0,宁波,nb_vehicle,,,,330226002000,1,16.04,14.83,工程渣土车,,2026-09-02
60dbfdf5fa959b75,宁波,nb_vehicle,,,,330211000000,1,0.49,3.81,工程渣土车,,2026-09-02
d0a2db4d22af1428,宁波,nb_vehicle,,,,330226201000,1,16.67,14.2,工程渣土车,,2026-09-02
fa8a879d631bd8fe,宁波,nb_vehicle,,,,330226201000,1,16.67,14.2,工程渣土车,,2026-09-02
bcbfe14a72010189,宁波,nb_vehicle,,,,330226201000,1,16.67,14.2,工程渣土车,,2026-09-02
8b89debff9c337a9,宁波,nb_vehicle,,,,330226201000,1,16.67,14.2,工程渣土车,,2026-09-02
b9c38ea66b0cdae1,宁波,nb_vehicle,,,,330226201000,1,16.67,14.2,工程渣土车,,2026-09-02
8373baf221f49c03,宁波,nb_vehicle,,,,330226002000,1,15.37,15.5,工程渣土车,,2026-09-02
952f1ca5a2a5d79b,宁波,nb_vehicle,,,,330281004000,1,16.1,14.77,工程渣土车,,2026-09-02
b005dab9ca851e26,宁波,nb_vehicle,,,,330281004000,1,16.1,14.77,工程渣土车,,2026-09-02
26dcab4119129975,宁波,nb_vehicle,,,,330281004000,1,16.1,14.77,工程渣土车,,2026-09-02
f8626731e703795a,宁波,nb_vehicle,,,,330281004000,1,16.1,14.77,工程渣土车,,2026-09-02
dd56b13506047409,宁波,nb_vehicle,,,,330281004000,1,16.1,14.77,工程渣土车,,2026-09-02
0cf15bcd74a276bf,宁波,nb_vehicle,,,,330281004000,1,16.1,14.77,工程渣土车,,2026-09-02
33f3c46353867464,宁波,nb_vehicle,,,,330281004000,1,16.1,14.77,工程渣土车,,2026-09-02
a16306b18608e114,宁波,nb_vehicle,,,,330281004000,1,16.1,14.77,工程渣土车,,2026-09-02
d8d81a46d3769230,宁波,nb_vehicle,,,,330281004000,1,16.1,14.77,工程渣土车,,2026-09-02
2ef16dc828ce96e1,宁波,nb_vehicle,,,,330281004000,1,16.1,14.77,工程渣土车,,2026-09-02
d576935ee30d5baf,宁波,nb_vehicle,,,,330281004000,1,16.1,14.77,工程渣土车,,2026-09-02
0a5ea60b1d1cffe0,宁波,nb_vehicle,,,,330281004000,1,16.1,14.77,工程渣土车,,2026-09-02
ec2465509e41dab6,宁波,nb_vehicle,,,,330281004000,1,16.1,14.77,工程渣土车,,2026-09-02
6ee7a58a3512b347,宁波,nb_vehicle,,,,330281004000,1,16.1,14.77,工程渣土车,,2026-09-02
b7b9f3c319c30271,宁波,nb_vehicle,,,,330281004000,1,16.1,14.77,工程渣土车,,2026-09-02
fba968d81cee32b4,宁波,nb_vehicle,,,,330281004000,1,16.1,14.77,工程渣土车,,2026-09-02
d2ebb4f4e1b66004,宁波,nb_vehicle,,,,330281004000,1,16.1,14.77,工程渣土车,,2026-09-02
7eb81034d0c1388f,宁波,nb_vehicle,,,,330281004000,1,16.1,14.77,工程渣土车,,2026-09-02
674d15d7c586ef1d,宁波,nb_vehicle,,,,330281004000,1,12.07,18.8,工程泥浆车,,2026-09-02
d1f4904dcd1526d7,宁波,nb_vehicle,,,,330281004000,1,16.1,14.77,工程渣土车,,2026-09-02
2e53eb5a5b653842,宁波,nb_vehicle,,,,330281004000,1,16.1,14.77,工程渣土车,,2026-09-02
5bfffd88cc4bad2f,宁波,nb_vehicle,,,,330281004000,1,16.1,14.77,工程渣土车,,2026-09-02
4f01dabf3a110757,宁波,nb_vehicle,,,,330281004000,1,16.1,14.77,工程渣土车,,2026-09-02
84059424f8741e49,宁波,nb_vehicle,,,,330281004000,1,16.1,14.77,工程渣土车,,2026-09-02
48630c26b7c7c3cc,宁波,nb_vehicle,,,,330281004000,1,12.07,18.8,工程泥浆车,,2026-09-02
92dab84f1bf806c0,宁波,nb_vehicle,,,,330281004000,1,10.97,19.9,工程泥浆车,,2026-09-02
ba43aeedc23ecd67,宁波,nb_vehicle,,,,330281004000,1,10.97,19.9,工程泥浆车,,2026-09-02
d9854600c50014d4,宁波,nb_vehicle,,,,330281004000,1,16.1,14.77,工程渣土车,,2026-09-02
b168494835282994,宁波,nb_vehicle,,,,330281004000,1,16.1,14.77,工程渣土车,,2026-09-02
a4108e00d78dfc67,宁波,nb_vehicle,,,,330281004000,1,16.1,14.77,工程渣土车,,2026-09-02
c8e0fe9a238d92ae,宁波,nb_vehicle,,,,330281002000,1,10.97,19.9,工程泥浆车,,2026-09-02
24c76e76de1a9547,宁波,nb_vehicle,,,,330205008000,1,16.67,14.2,工程渣土车,,2026-09-02
5a4aa5bc26146b52,宁波,nb_vehicle,,,,330205008000,1,16.87,14.0,工程渣土车,,2026-09-02
c8b0eac9f673acfe,宁波,nb_vehicle,,,,330205008000,1,16.67,14.2,工程渣土车,,2026-09-02
11e30c6cd37fbc93,宁波,nb_vehicle,,,,330205008000,1,16.87,14.0,工程渣土车,,2026-09-02
0597acc8e95eead7,宁波,nb_vehicle,,,,330205008000,1,16.67,14.2,工程渣土车,,2026-09-02
199e17157fc15a68,宁波,nb_vehicle,,,,330205008000,1,16.87,14.0,工程渣土车,,2026-09-02
30ce1a67d2fff1b4,宁波,nb_vehicle,,,,330205008000,1,16.87,14.0,工程渣土车,,2026-09-02
b5e00e6d3f134b1d,宁波,nb_vehicle,,,,330226000000,1,7.115,4.75,装修垃圾车,,2026-09-02
a806c709f0c12728,宁波,nb_vehicle,,,,330226001000,1,1.645,2.72,工程渣土车,,2026-09-02
1f24e6a87659f756,宁波,nb_vehicle,,,,330226001000,1,1.645,2.72,工程渣土车,,2026-09-02
6ec3172ab3a7b084,宁波,nb_vehicle,,,,330226002000,1,4.37,4.6,装修垃圾车,,2026-09-02
ce52be340f516eb6,宁波,nb_vehicle,,,,330226002000,1,1.645,2.72,工程渣土车,,2026-09-02
97be12c165aeec52,宁波,nb_vehicle,,,,330226002000,1,1.645,2.72,工程渣土车,,2026-09-02
c596bf0b7bcff7d5,宁波,nb_vehicle,,,,330226002000,1,1.645,2.72,工程渣土车,,2026-09-02
c997d80a06da7b84,宁波,nb_vehicle,,,,330226001000,1,1.645,2.72,工程渣土车,,2026-09-02
77e97c3c46dceb7e,宁波,nb_vehicle,,,,330226001000,1,1.645,2.72,工程渣土车,,2026-09-02
ed2fbaaa85e63cc3,宁波,nb_vehicle,,,,330226102000,1,1.645,2.72,工程渣土车,,2026-09-02
6e2ffa94e611800c,宁波,nb_vehicle,,,,330226102000,1,1.645,2.72,工程渣土车,,2026-09-02
a0648b9673542a78,宁波,nb_vehicle,,,,330226001000,1,1.645,2.72,工程渣土车,,2026-09-02
38594fedcc5f0ecb,宁波,nb_vehicle,,,,330226001000,1,1.645,2.72,工程渣土车,,2026-09-02
b2690ac7440137df,宁波,nb_vehicle,,,,330226001000,1,4.37,4.6,装修垃圾车,,2026-09-02
b9273cc3bd74fab3,宁波,nb_vehicle,,,,330281002000,1,12.07,18.8,工程泥浆车,,2026-09-02
e7c4423b059aa8f2,宁波,nb_vehicle,,,,330281002000,1,11.37,19.5,工程泥浆车,,2026-09-02
64a1f0e9cbfe757a,宁波,nb_vehicle,,,,330281002000,1,10.97,19.9,工程泥浆车,,2026-09-02
a208b900036d468d,宁波,nb_vehicle,,,,330211002000,1,1.645,2.72,装修垃圾车,,2026-09-02
14f399491e0a9323,宁波,nb_vehicle,,,,330211002000,1,7.7,4.1,装修垃圾车,,2026-09-02
88c7d55905681d44,宁波,nb_vehicle,,,,330211002000,1,7.7,4.1,装修垃圾车,,2026-09-02
d47adaa18bae284e,宁波,nb_vehicle,,,,330211002000,1,7.7,4.1,装修垃圾车,,2026-09-02
00e43dee5c24fe2d,宁波,nb_vehicle,,,,330211002000,1,1.645,2.72,装修垃圾车,,2026-09-02
40621508cca4dc77,宁波,nb_vehicle,,,,330211002000,1,7.7,4.1,装修垃圾车,,2026-09-02
b01f43f646dd8251,宁波,nb_vehicle,,,,330211002000,1,1.645,2.72,装修垃圾车,,2026-09-02
ecb8f4620a804314,宁波,nb_vehicle,,,,330211002000,1,7.7,4.1,装修垃圾车,,2026-09-02
