city,source,date,biz_type,net_weight_kg,snapshot
绍兴,sx_weighbridge,2025-01-15,Delivery,1850,2026-09-02
绍兴,sx_weighbridge,2025-01-14,Delivery,300,2026-09-02
绍兴,sx_weighbridge,2025-01-12,Delivery,100,2026-09-02
绍兴,sx_weighbridge,2025-01-11,Delivery,250,2026-09-02
绍兴,sx_weighbridge,2025-01-10,Delivery,2850,2026-09-02
绍兴,sx_weighbridge,2025-01-09,Delivery,24700,2026-09-02
绍兴,sx_weighbridge,2025-01-09,Delivery,19500,2026-09-02
绍兴,sx_weighbridge,2025-01-09,Delivery,10250,2026-09-02
绍兴,sx_weighbridge,2025-01-09,Delivery,450,2026-09-02
绍兴,sx_weighbridge,2025-01-08,Transfer,5750,2026-09-02
绍兴,sx_weighbridge,2025-01-08,Delivery,3600,2026-09-02
绍兴,sx_weighbridge,2025-01-08,Delivery,98600,2026-09-02
绍兴,sx_weighbridge,2025-01-08,Receipt,18850,2026-09-02
绍兴,sx_weighbridge,2025-01-08,Delivery,23200,2026-09-02
绍兴,sx_weighbridge,2025-01-07,Delivery,1900,2026-09-02
绍兴,sx_weighbridge,2025-01-07,Delivery,115900,2026-09-02
绍兴,sx_weighbridge,2025-01-06,Transfer,23700,2026-09-02
绍兴,sx_weighbridge,2025-01-06,Delivery,62900,2026-09-02
绍兴,sx_weighbridge,2025-01-06,Delivery,87550,2026-09-02
绍兴,sx_weighbridge,2025-01-06,Receipt,9250,2026-09-02
绍兴,sx_weighbridge,2025-01-06,Delivery,4800,2026-09-02
绍兴,sx_weighbridge,2025-01-05,Receipt,61800,2026-09-02
绍兴,sx_weighbridge,2025-01-05,Delivery,149300,2026-09-02
绍兴,sx_weighbridge,2025-01-05,Transfer,11300,2026-09-02
绍兴,sx_weighbridge,2025-01-05,Delivery,50400,2026-09-02
绍兴,sx_weighbridge,2025-01-05,Delivery,3950,2026-09-02
绍兴,sx_weighbridge,2025-01-04,Delivery,13050,2026-09-02
绍兴,sx_weighbridge,2025-01-04,Delivery,1800,2026-09-02
绍兴,sx_weighbridge,2025-01-04,Transfer,10250,2026-09-02
绍兴,sx_weighbridge,2025-01-04,Transfer,10150,2026-09-02
绍兴,sx_weighbridge,2025-01-03,Delivery,26850,2026-09-02
绍兴,sx_weighbridge,2025-01-03,Transfer,11300,2026-09-02
绍兴,sx_weighbridge,2025-01-03,Delivery,10900,2026-09-02
绍兴,sx_weighbridge,2025-01-03,Receipt,10400,2026-09-02
绍兴,sx_weighbridge,2025-01-03,Delivery,5100,2026-09-02
绍兴,sx_weighbridge,2025-01-02,Delivery,64750,2026-09-02
绍兴,sx_weighbridge,2025-01-02,Delivery,70150,2026-09-02
绍兴,sx_weighbridge,2025-01-02,Delivery,22000,2026-09-02
绍兴,sx_weighbridge,2025-01-02,Transfer,10200,2026-09-02
绍兴,sx_weighbridge,2025-01-02,Delivery,35750,2026-09-02
绍兴,sx_weighbridge,2025-01-02,Receipt,7500,2026-09-02
绍兴,sx_weighbridge,2025-01-02,Delivery,55350,2026-09-02
绍兴,sx_weighbridge,2025-01-01,Receipt,9450,2026-09-02
绍兴,sx_weighbridge,2025-01-01,Delivery,24300,2026-09-02
绍兴,sx_weighbridge,2025-01-01,Delivery,39400,2026-09-02
绍兴,sx_weighbridge,2025-01-01,Delivery,14350,2026-09-02
绍兴,sx_weighbridge,2024-12-31,Transfer,9200,2026-09-02
绍兴,sx_weighbridge,2024-12-31,Delivery,118650,2026-09-02
绍兴,sx_weighbridge,2024-12-31,Receipt,176700,2026-09-02
绍兴,sx_weighbridge,2024-12-31,Delivery,107400,2026-09-02
绍兴,sx_weighbridge,2024-12-31,Delivery,8800,2026-09-02
绍兴,sx_weighbridge,2024-12-30,Receipt,512000,2026-09-02
绍兴,sx_weighbridge,2024-12-30,Delivery,41100,2026-09-02
绍兴,sx_weighbridge,2024-12-30,Delivery,7000,2026-09-02
绍兴,sx_weighbridge,2024-12-29,Delivery,6050,2026-09-02
绍兴,sx_weighbridge,2024-12-29,Delivery,81800,2026-09-02
绍兴,sx_weighbridge,2024-12-29,Receipt,480400,2026-09-02
绍兴,sx_weighbridge,2024-12-28,Delivery,128750,2026-09-02
绍兴,sx_weighbridge,2024-12-28,Delivery,42150,2026-09-02
绍兴,sx_weighbridge,2024-12-28,Receipt,185750,2026-09-02
绍兴,sx_weighbridge,2024-12-28,Delivery,7700,2026-09-02
绍兴,sx_weighbridge,2024-12-27,Delivery,32200,2026-09-02
绍兴,sx_weighbridge,2024-12-27,Delivery,21350,2026-09-02
绍兴,sx_weighbridge,2024-12-27,Delivery,37350,2026-09-02
绍兴,sx_weighbridge,2024-12-27,Receipt,55900,2026-09-02
绍兴,sx_weighbridge,2024-12-26,Delivery,33600,2026-09-02
绍兴,sx_weighbridge,2024-12-26,Receipt,51850,2026-09-02
绍兴,sx_weighbridge,2024-12-26,Delivery,5850,2026-09-02
绍兴,sx_weighbridge,2024-12-26,Transfer,9900,2026-09-02
绍兴,sx_weighbridge,2024-12-26,Delivery,10050,2026-09-02
绍兴,sx_weighbridge,2024-12-25,Delivery,57600,2026-09-02
绍兴,sx_weighbridge,2024-12-25,Receipt,48500,2026-09-02
绍兴,sx_weighbridge,2024-12-25,Delivery,38400,2026-09-02
绍兴,sx_weighbridge,2024-12-25,Transfer,9550,2026-09-02
绍兴,sx_weighbridge,2024-12-25,Delivery,2050,2026-09-02
绍兴,sx_weighbridge,2024-12-24,Delivery,31600,2026-09-02
绍兴,sx_weighbridge,2024-12-24,Receipt,33100,2026-09-02
绍兴,sx_weighbridge,2024-12-24,Delivery,3950,2026-09-02
绍兴,sx_weighbridge,2024-12-23,Receipt,38250,2026-09-02
绍兴,sx_weighbridge,2024-12-23,Delivery,112000,2026-09-02
绍兴,sx_weighbridge,2024-12-23,Delivery,2650,2026-09-02
绍兴,sx_weighbridge,2024-12-23,Transfer,7650,2026-09-02
绍兴,sx_weighbridge,2024-12-23,Transfer,7900,2026-09-02
绍兴,sx_weighbridge,2024-12-23,Delivery,133100,2026-09-02
绍兴,sx_weighbridge,2024-12-23,Delivery,79300,2026-09-02
绍兴,sx_weighbridge,2024-12-22,Delivery,6950,2026-09-02
绍兴,sx_weighbridge,2024-12-22,Delivery,67850,2026-09-02
绍兴,sx_weighbridge,2024-12-22,Receipt,47650,2026-09-02
绍兴,sx_weighbridge,2024-12-21,Transfer,9100,2026-09-02
绍兴,sx_weighbridge,2024-12-21,Delivery,78300,2026-09-02
绍兴,sx_weighbridge,2024-12-21,Delivery,116650,2026-09-02
绍兴,sx_weighbridge,2024-12-21,Delivery,146500,2026-09-02
绍兴,sx_weighbridge,2024-12-21,Delivery,5300,2026-09-02
绍兴,sx_weighbridge,2024-12-21,Receipt,70950,2026-09-02
绍兴,sx_weighbridge,2024-12-20,Transfer,9500,2026-09-02
绍兴,sx_weighbridge,2024-12-20,Delivery,12400,2026-09-02
绍兴,sx_weighbridge,2024-12-20,Delivery,40300,2026-09-02
绍兴,sx_weighbridge,2024-12-20,Delivery,30450,2026-09-02
绍兴,sx_weighbridge,2024-12-20,Receipt,352750,2026-09-02
绍兴,sx_weighbridge,2024-12-19,Delivery,3300,2026-09-02
绍兴,sx_weighbridge,2024-12-19,Receipt,62750,2026-09-02
绍兴,sx_weighbridge,2024-12-18,Receipt,850,2026-09-02
绍兴,sx_weighbridge,2024-12-18,Delivery,3000,2026-09-02
绍兴,sx_weighbridge,2024-12-18,Receipt,191100,2026-09-02
绍兴,sx_weighbridge,2024-12-18,Delivery,39500,2026-09-02
绍兴,sx_weighbridge,2024-12-17,Receipt,127150,2026-09-02
绍兴,sx_weighbridge,2024-12-17,Delivery,4200,2026-09-02
绍兴,sx_weighbridge,2024-12-16,Receipt,124350,2026-09-02
绍兴,sx_weighbridge,2024-12-16,Delivery,1900,2026-09-02
绍兴,sx_weighbridge,2024-12-13,Delivery,35400,2026-09-02
绍兴,sx_weighbridge,2024-12-13,Delivery,42900,2026-09-02
绍兴,sx_weighbridge,2024-12-13,Delivery,43050,2026-09-02
绍兴,sx_weighbridge,2024-12-13,Delivery,6700,2026-09-02
绍兴,sx_weighbridge,2024-12-13,Delivery,1100,2026-09-02
绍兴,sx_weighbridge,2024-12-12,Delivery,0,2026-09-02
绍兴,sx_weighbridge,2024-12-12,Delivery,10650,2026-09-02
绍兴,sx_weighbridge,2024-12-12,Delivery,2300,2026-09-02
绍兴,sx_weighbridge,2024-12-11,Delivery,1400,2026-09-02
绍兴,sx_weighbridge,2024-12-11,Receipt,23450,2026-09-02
绍兴,sx_weighbridge,2024-12-10,Delivery,30050,2026-09-02
绍兴,sx_weighbridge,2024-12-10,Receipt,29650,2026-09-02
绍兴,sx_weighbridge,2024-12-10,Delivery,43300,2026-09-02
绍兴,sx_weighbridge,2024-12-10,Delivery,650,2026-09-02
绍兴,sx_weighbridge,2024-12-09,Delivery,1350,2026-09-02
绍兴,sx_weighbridge,2024-12-09,Receipt,35450,2026-09-02
绍兴,sx_weighbridge,2024-12-09,Delivery,11950,2026-09-02
绍兴,sx_weighbridge,2024-12-08,Delivery,42350,2026-09-02
绍兴,sx_weighbridge,2024-12-08,Receipt,11300,2026-09-02
绍兴,sx_weighbridge,2024-12-08,Delivery,350,2026-09-02
绍兴,sx_weighbridge,2024-12-07,Delivery,73650,2026-09-02
绍兴,sx_weighbridge,2024-12-07,Delivery,3750,2026-09-02
绍兴,sx_weighbridge,2024-12-06,Delivery,39400,2026-09-02
绍兴,sx_weighbridge,2024-12-06,Delivery,35550,2026-09-02
绍兴,sx_weighbridge,2024-12-06,Delivery,20200,2026-09-02
绍兴,sx_weighbridge,2024-12-06,Receipt,57500,2026-09-02
绍兴,sx_weighbridge,2024-12-06,Delivery,3950,2026-09-02
绍兴,sx_weighbridge,2024-12-05,Transfer,9600,2026-09-02
绍兴,sx_weighbridge,2024-12-05,Delivery,1100,2026-09-02
绍兴,sx_weighbridge,2024-12-05,Transfer,10550,2026-09-02
绍兴,sx_weighbridge,2024-12-05,Receipt,31600,2026-09-02
绍兴,sx_weighbridge,2024-12-04,Delivery,57850,2026-09-02
绍兴,sx_weighbridge,2024-12-04,Delivery,700,2026-09-02
绍兴,sx_weighbridge,2024-12-04,Receipt,190800,2026-09-02
绍兴,sx_weighbridge,2024-12-04,Delivery,38250,2026-09-02
绍兴,sx_weighbridge,2024-12-03,Delivery,6900,2026-09-02
绍兴,sx_weighbridge,2024-12-03,Delivery,17800,2026-09-02
绍兴,sx_weighbridge,2024-12-03,Delivery,48250,2026-09-02
绍兴,sx_weighbridge,2024-12-03,Delivery,1550,2026-09-02
绍兴,sx_weighbridge,2024-12-03,Receipt,18750,2026-09-02
绍兴,sx_weighbridge,2024-12-03,Delivery,4000,2026-09-02
绍兴,sx_weighbridge,2024-12-02,Delivery,38600,2026-09-02
绍兴,sx_weighbridge,2024-12-02,Receipt,45600,2026-09-02
绍兴,sx_weighbridge,2024-12-02,Delivery,82950,2026-09-02
绍兴,sx_weighbridge,2024-12-02,Delivery,2100,2026-09-02
绍兴,sx_weighbridge,2024-12-01,Receipt,150500,2026-09-02
绍兴,sx_weighbridge,2024-12-01,Delivery,64000,2026-09-02
绍兴,sx_weighbridge,2024-12-01,Transfer,10850,2026-09-02
绍兴,sx_weighbridge,2024-12-01,Delivery,58150,2026-09-02
绍兴,sx_weighbridge,2024-12-01,Delivery,1050,2026-09-02
绍兴,sx_weighbridge,2024-11-30,Transfer,8800,2026-09-02
绍兴,sx_weighbridge,2024-11-30,Delivery,300,2026-09-02
绍兴,sx_weighbridge,2024-11-30,Receipt,153900,2026-09-02
绍兴,sx_weighbridge,2024-11-29,Delivery,5800,2026-09-02
绍兴,sx_weighbridge,2024-11-29,Delivery,42900,2026-09-02
绍兴,sx_weighbridge,2024-11-29,Delivery,5150,2026-09-02
绍兴,sx_weighbridge,2024-11-29,Receipt,165300,2026-09-02
绍兴,sx_weighbridge,2024-11-29,Delivery,40200,2026-09-02
绍兴,sx_weighbridge,2024-11-29,Delivery,1300,2026-09-02
绍兴,sx_weighbridge,2024-11-29,Delivery,3650,2026-09-02
绍兴,sx_weighbridge,2024-11-28,Delivery,13950,2026-09-02
绍兴,sx_weighbridge,2024-11-28,Receipt,164900,2026-09-02
绍兴,sx_weighbridge,2024-11-28,Delivery,3350,2026-09-02
绍兴,sx_weighbridge,2024-11-27,Receipt,170300,2026-09-02
绍兴,sx_weighbridge,2024-11-27,Delivery,32100,2026-09-02
绍兴,sx_weighbridge,2024-11-27,Delivery,1500,2026-09-02
绍兴,sx_weighbridge,2024-11-27,Delivery,40850,2026-09-02
绍兴,sx_weighbridge,2024-11-27,Delivery,27550,2026-09-02
绍兴,sx_weighbridge,2024-11-26,Delivery,85250,2026-09-02
绍兴,sx_weighbridge,2024-11-26,Receipt,110350,2026-09-02
绍兴,sx_weighbridge,2024-11-26,Delivery,2350,2026-09-02
绍兴,sx_weighbridge,2024-11-26,Transfer,8250,2026-09-02
绍兴,sx_weighbridge,2024-11-26,Delivery,45800,2026-09-02
绍兴,sx_weighbridge,2024-11-26,Delivery,59000,2026-09-02
绍兴,sx_weighbridge,2024-11-25,Delivery,4850,2026-09-02
绍兴,sx_weighbridge,2024-11-25,Receipt,109100,2026-09-02
绍兴,sx_weighbridge,2024-11-25,Delivery,4350,2026-09-02
绍兴,sx_weighbridge,2024-11-24,Delivery,203050,2026-09-02
绍兴,sx_weighbridge,2024-11-23,Delivery,40400,2026-09-02
绍兴,sx_weighbridge,2024-11-23,Receipt,131450,2026-09-02
绍兴,sx_weighbridge,2024-11-23,Delivery,19300,2026-09-02
绍兴,sx_weighbridge,2024-11-22,Delivery,33600,2026-09-02
绍兴,sx_weighbridge,2024-11-22,Receipt,99450,2026-09-02
绍兴,sx_weighbridge,2024-11-20,Receipt,17950,2026-09-02
绍兴,sx_weighbridge,2024-11-20,Delivery,110700,2026-09-02
绍兴,sx_weighbridge,2024-11-19,Delivery,186350,2026-09-02
绍兴,sx_weighbridge,2024-11-19,Delivery,24600,2026-09-02
绍兴,sx_weighbridge,2024-11-19,Receipt,19100,2026-09-02
绍兴,sx_weighbridge,2024-11-18,Delivery,2850,2026-09-02
绍兴,sx_weighbridge,2024-11-18,Receipt,7700,2026-09-02
绍兴,sx_weighbridge,2024-11-17,Delivery,12100,2026-09-02
绍兴,sx_weighbridge,2024-11-17,Delivery,400,2026-09-02
绍兴,sx_weighbridge,2024-11-16,Delivery,36300,2026-09-02
绍兴,sx_weighbridge,2024-11-16,Delivery,3900,2026-09-02
绍兴,sx_weighbridge,2024-11-15,Delivery,700,2026-09-02
绍兴,sx_weighbridge,2024-11-15,Delivery,2350,2026-09-02
绍兴,sx_weighbridge,2024-11-15,Delivery,8000,2026-09-02
绍兴,sx_weighbridge,2024-11-14,Receipt,7550,2026-09-02
绍兴,sx_weighbridge,2024-11-14,Delivery,2200,2026-09-02
绍兴,sx_weighbridge,2024-11-13,Delivery,13000,2026-09-02
绍兴,sx_weighbridge,2024-11-13,Delivery,45900,2026-09-02
绍兴,sx_weighbridge,2024-11-13,Delivery,900,2026-09-02
绍兴,sx_weighbridge,2024-11-12,Delivery,35550,2026-09-02
绍兴,sx_weighbridge,2024-11-12,Delivery,32000,2026-09-02
绍兴,sx_weighbridge,2024-11-12,Delivery,5000,2026-09-02
绍兴,sx_weighbridge,2024-11-12,Transfer,7800,2026-09-02
绍兴,sx_weighbridge,2024-11-12,Receipt,19450,2026-09-02
绍兴,sx_weighbridge,2024-11-11,Delivery,29050,2026-09-02
绍兴,sx_weighbridge,2024-11-11,Delivery,11150,2026-09-02
绍兴,sx_weighbridge,2024-11-11,Transfer,10250,2026-09-02
绍兴,sx_weighbridge,2024-11-11,Delivery,5100,2026-09-02
绍兴,sx_weighbridge,2024-11-11,Delivery,3150,2026-09-02
绍兴,sx_weighbridge,2024-11-10,Delivery,17600,2026-09-02
绍兴,sx_weighbridge,2024-11-10,Delivery,550,2026-09-02
绍兴,sx_weighbridge,2024-11-09,Delivery,30000,2026-09-02
绍兴,sx_weighbridge,2024-11-09,Delivery,2550,2026-09-02
绍兴,sx_weighbridge,2024-11-08,Delivery,8550,2026-09-02
绍兴,sx_weighbridge,2024-11-08,Delivery,3650,2026-09-02
绍兴,sx_weighbridge,2024-11-08,Receipt,137500,2026-09-02
绍兴,sx_weighbridge,2024-11-07,Delivery,2650,2026-09-02
绍兴,sx_weighbridge,2024-11-07,Delivery,20250,2026-09-02
绍兴,sx_weighbridge,2024-11-07,Receipt,23600,2026-09-02
绍兴,sx_weighbridge,2024-11-07,Delivery,31650,2026-09-02
绍兴,sx_weighbridge,2024-11-06,Receipt,9450,2026-09-02
绍兴,sx_weighbridge,2024-11-06,Delivery,131700,2026-09-02
绍兴,sx_weighbridge,2024-11-06,Delivery,8300,2026-09-02
绍兴,sx_weighbridge,2024-11-06,Delivery,48600,2026-09-02
绍兴,sx_weighbridge,2024-11-06,Delivery,3250,2026-09-02
绍兴,sx_weighbridge,2024-11-05,Delivery,47450,2026-09-02
绍兴,sx_weighbridge,2024-11-05,Delivery,1700,2026-09-02
绍兴,sx_weighbridge,2024-11-04,Receipt,5550,2026-09-02
绍兴,sx_weighbridge,2024-11-04,Receipt,3000,2026-09-02
绍兴,sx_weighbridge,2024-11-04,Delivery,20900,2026-09-02
绍兴,sx_weighbridge,2024-11-04,Transfer,10250,2026-09-02
绍兴,sx_weighbridge,2024-11-04,Delivery,44050,2026-09-02
绍兴,sx_weighbridge,2024-11-04,Delivery,11800,2026-09-02
绍兴,sx_weighbridge,2024-11-04,Delivery,1050,2026-09-02
绍兴,sx_weighbridge,2024-11-03,Delivery,44400,2026-09-02
绍兴,sx_weighbridge,2024-11-03,Receipt,27350,2026-09-02
绍兴,sx_weighbridge,2024-11-03,Delivery,39900,2026-09-02
绍兴,sx_weighbridge,2024-11-03,Delivery,15050,2026-09-02
绍兴,sx_weighbridge,2024-11-03,Delivery,3200,2026-09-02
绍兴,sx_weighbridge,2024-11-02,Transfer,6100,2026-09-02
绍兴,sx_weighbridge,2024-11-02,Delivery,131750,2026-09-02
绍兴,sx_weighbridge,2024-11-02,Receipt,24300,2026-09-02
绍兴,sx_weighbridge,2024-11-02,Delivery,8500,2026-09-02
绍兴,sx_weighbridge,2024-11-01,Transfer,10300,2026-09-02
绍兴,sx_weighbridge,2024-11-01,Receipt,1350,2026-09-02
绍兴,sx_weighbridge,2024-11-01,Delivery,500,2026-09-02
绍兴,sx_weighbridge,2024-11-01,Delivery,22250,2026-09-02
绍兴,sx_weighbridge,2024-11-01,Receipt,16250,2026-09-02
绍兴,sx_weighbridge,2024-10-31,Delivery,8200,2026-09-02
绍兴,sx_weighbridge,2024-10-31,Receipt,128250,2026-09-02
绍兴,sx_weighbridge,2024-10-31,Receipt,1750,2026-09-02
绍兴,sx_weighbridge,2024-10-30,Delivery,700,2026-09-02
绍兴,sx_weighbridge,2024-10-30,Receipt,215650,2026-09-02
绍兴,sx_weighbridge,2024-10-30,Transfer,5300,2026-09-02
绍兴,sx_weighbridge,2024-10-30,Receipt,1600,2026-09-02
绍兴,sx_weighbridge,2024-10-29,Delivery,1700,2026-09-02
绍兴,sx_weighbridge,2024-10-28,Delivery,3850,2026-09-02
绍兴,sx_weighbridge,2024-10-28,Receipt,90700,2026-09-02
绍兴,sx_weighbridge,2024-10-27,Receipt,43850,2026-09-02
绍兴,sx_weighbridge,2024-10-27,Delivery,300,2026-09-02
绍兴,sx_weighbridge,2024-10-26,Receipt,52800,2026-09-02
绍兴,sx_weighbridge,2024-10-26,Delivery,250,2026-09-02
绍兴,sx_weighbridge,2024-10-25,Receipt,61850,2026-09-02
绍兴,sx_weighbridge,2024-10-25,Delivery,2800,2026-09-02
绍兴,sx_weighbridge,2024-10-24,Delivery,12200,2026-09-02
绍兴,sx_weighbridge,2024-10-24,Receipt,68000,2026-09-02
绍兴,sx_weighbridge,2024-10-24,Delivery,1500,2026-09-02
绍兴,sx_weighbridge,2024-10-23,Delivery,450,2026-09-02
绍兴,sx_weighbridge,2024-10-22,Receipt,9750,2026-09-02
绍兴,sx_weighbridge,2024-10-22,Delivery,850,2026-09-02
绍兴,sx_weighbridge,2024-10-21,Delivery,1000,2026-09-02
绍兴,sx_weighbridge,2024-10-20,Receipt,9400,2026-09-02
绍兴,sx_weighbridge,2024-10-20,Delivery,7700,2026-09-02
绍兴,sx_weighbridge,2024-10-19,Delivery,6650,2026-09-02
绍兴,sx_weighbridge,2024-10-18,Delivery,2400,2026-09-02
绍兴,sx_weighbridge,2024-10-17,Receipt,9050,2026-09-02
绍兴,sx_weighbridge,2024-10-17,Delivery,2800,2026-09-02
绍兴,sx_weighbridge,2024-10-16,Receipt,6850,2026-09-02
绍兴,sx_weighbridge,2024-10-16,Delivery,1500,2026-09-02
绍兴,sx_weighbridge,2024-10-15,Receipt,7700,2026-09-02
绍兴,sx_weighbridge,2024-10-15,Delivery,9750,2026-09-02
绍兴,sx_weighbridge,2024-10-14,Receipt,7550,2026-09-02
绍兴,sx_weighbridge,2024-10-14,Delivery,1450,2026-09-02
绍兴,sx_weighbridge,2024-10-13,Receipt,9450,2026-09-02
绍兴,sx_weighbridge,2024-10-13,Delivery,1650,2026-09-02
绍兴,sx_weighbridge,2024-10-12,Delivery,2750,2026-09-02
绍兴,sx_weighbridge,2024-10-11,Transfer,8100,2026-09-02
绍兴,sx_weighbridge,2024-10-11,Delivery,53450,2026-09-02
绍兴,sx_weighbridge,2024-10-10,Delivery,3550,2026-09-02
绍兴,sx_weighbridge,2024-10-09,Delivery,5200,2026-09-02
绍兴,sx_weighbridge,2024-10-09,Delivery,14800,2026-09-02
绍兴,sx_weighbridge,2024-10-08,Delivery,13950,2026-09-02
绍兴,sx_weighbridge,2024-10-07,Delivery,46950,2026-09-02
绍兴,sx_weighbridge,2024-10-07,Delivery,1000,2026-09-02
绍兴,sx_weighbridge,2024-10-06,Delivery,83100,2026-09-02
绍兴,sx_weighbridge,2024-10-06,Delivery,5900,2026-09-02
绍兴,sx_weighbridge,2024-10-06,Delivery,2300,2026-09-02
绍兴,sx_weighbridge,2024-10-05,Delivery,1900,2026-09-02
绍兴,sx_weighbridge,2024-10-05,Delivery,54350,2026-09-02
绍兴,sx_weighbridge,2024-10-04,Delivery,42950,2026-09-02
绍兴,sx_weighbridge,2024-10-04,Delivery,47550,2026-09-02
绍兴,sx_weighbridge,2024-10-04,Delivery,28850,2026-09-02
绍兴,sx_weighbridge,2024-10-04,Delivery,42650,2026-09-02
绍兴,sx_weighbridge,2024-10-04,Delivery,36750,2026-09-02
绍兴,sx_weighbridge,2024-10-03,Delivery,48000,2026-09-02
绍兴,sx_weighbridge,2024-10-03,Delivery,42150,2026-09-02
绍兴,sx_weighbridge,2024-10-03,Delivery,51500,2026-09-02
绍兴,sx_weighbridge,2024-10-03,Delivery,14650,2026-09-02
绍兴,sx_weighbridge,2024-10-02,Delivery,11950,2026-09-02
绍兴,sx_weighbridge,2024-10-01,Delivery,22150,2026-09-02
绍兴,sx_weighbridge,2024-09-30,Receipt,9300,2026-09-02
绍兴,sx_weighbridge,2024-09-30,Delivery,650,2026-09-02
绍兴,sx_weighbridge,2024-09-29,Delivery,2050,2026-09-02
绍兴,sx_weighbridge,2024-09-28,Delivery,37950,2026-09-02
绍兴,sx_weighbridge,2024-09-27,Receipt,9100,2026-09-02
绍兴,sx_weighbridge,2024-09-27,Delivery,38450,2026-09-02
绍兴,sx_weighbridge,2024-09-26,Delivery,58950,2026-09-02
绍兴,sx_weighbridge,2024-09-25,Delivery,800,2026-09-02
绍兴,sx_weighbridge,2024-09-25,Receipt,16200,2026-09-02
绍兴,sx_weighbridge,2024-09-24,Receipt,5400,2026-09-02
绍兴,sx_weighbridge,2024-09-24,Delivery,2750,2026-09-02
绍兴,sx_weighbridge,2024-09-23,Delivery,12850,2026-09-02
绍兴,sx_weighbridge,2024-09-22,Receipt,11050,2026-09-02
绍兴,sx_weighbridge,2024-09-22,Delivery,3300,2026-09-02
绍兴,sx_weighbridge,2024-09-21,Delivery,200,2026-09-02
绍兴,sx_weighbridge,2024-09-20,Delivery,36500,2026-09-02
绍兴,sx_weighbridge,2024-09-19,Delivery,3800,2026-09-02
绍兴,sx_weighbridge,2024-09-18,Transfer,7100,2026-09-02
绍兴,sx_weighbridge,2024-09-18,Delivery,8200,2026-09-02
绍兴,sx_weighbridge,2024-09-17,Receipt,6850,2026-09-02
绍兴,sx_weighbridge,2024-09-17,Delivery,700,2026-09-02
绍兴,sx_weighbridge,2024-09-16,Delivery,3950,2026-09-02
绍兴,sx_weighbridge,2024-09-15,Delivery,11850,2026-09-02
绍兴,sx_weighbridge,2024-09-14,Delivery,550,2026-09-02
绍兴,sx_weighbridge,2024-09-13,Delivery,350,2026-09-02
绍兴,sx_weighbridge,2024-09-12,Delivery,2400,2026-09-02
绍兴,sx_weighbridge,2024-09-11,Delivery,4100,2026-09-02
绍兴,sx_weighbridge,2024-09-10,Receipt,14600,2026-09-02
绍兴,sx_weighbridge,2024-09-10,Delivery,20500,2026-09-02
绍兴,sx_weighbridge,2024-09-08,Delivery,28200,2026-09-02
绍兴,sx_weighbridge,2024-09-07,Delivery,350,2026-09-02
绍兴,sx_weighbridge,2024-09-06,Delivery,4600,2026-09-02
绍兴,sx_weighbridge,2024-09-02,Delivery,21350,2026-09-02
绍兴,sx_weighbridge,2024-09-02,Receipt,77150,2026-09-02
绍兴,sx_weighbridge,2024-09-01,Delivery,59400,2026-09-02
绍兴,sx_weighbridge,2024-09-01,Receipt,118950,2026-09-02
绍兴,sx_weighbridge,2024-09-01,Delivery,104750,2026-09-02
绍兴,sx_weighbridge,2024-08-31,Delivery,750,2026-09-02
绍兴,sx_weighbridge,2024-08-31,Delivery,112300,2026-09-02
绍兴,sx_weighbridge,2024-08-31,Receipt,53050,2026-09-02
绍兴,sx_weighbridge,2024-08-30,Receipt,8200,2026-09-02
绍兴,sx_weighbridge,2024-08-30,Delivery,93300,2026-09-02
绍兴,sx_weighbridge,2024-08-30,Delivery,8000,2026-09-02
绍兴,sx_weighbridge,2024-08-30,Delivery,13850,2026-09-02
绍兴,sx_weighbridge,2024-08-29,Delivery,10150,2026-09-02
绍兴,sx_weighbridge,2024-08-29,Delivery,62250,2026-09-02
绍兴,sx_weighbridge,2024-08-28,Receipt,28350,2026-09-02
绍兴,sx_weighbridge,2024-08-28,Delivery,7000,2026-09-02
绍兴,sx_weighbridge,2024-08-28,Delivery,16850,2026-09-02
绍兴,sx_weighbridge,2024-08-27,Delivery,17150,2026-09-02
绍兴,sx_weighbridge,2024-08-27,Delivery,28600,2026-09-02
绍兴,sx_weighbridge,2024-08-27,Transfer,19050,2026-09-02
绍兴,sx_weighbridge,2024-08-27,Delivery,12150,2026-09-02
绍兴,sx_weighbridge,2024-08-27,Receipt,55450,2026-09-02
绍兴,sx_weighbridge,2024-08-27,Delivery,66650,2026-09-02
绍兴,sx_weighbridge,2024-08-26,Receipt,19300,2026-09-02
绍兴,sx_weighbridge,2024-08-26,Delivery,250,2026-09-02
绍兴,sx_weighbridge,2024-08-26,Delivery,109900,2026-09-02
绍兴,sx_weighbridge,2024-08-26,Delivery,13450,2026-09-02
绍兴,sx_weighbridge,2024-08-26,Delivery,27500,2026-09-02
绍兴,sx_weighbridge,2024-08-25,Delivery,15400,2026-09-02
绍兴,sx_weighbridge,2024-08-25,Receipt,8550,2026-09-02
绍兴,sx_weighbridge,2024-08-25,Delivery,26100,2026-09-02
绍兴,sx_weighbridge,2024-08-25,Delivery,60500,2026-09-02
绍兴,sx_weighbridge,2024-08-24,Receipt,6900,2026-09-02
绍兴,sx_weighbridge,2024-08-24,Delivery,5600,2026-09-02
绍兴,sx_weighbridge,2024-08-24,Delivery,77450,2026-09-02
绍兴,sx_weighbridge,2024-08-24,Delivery,121050,2026-09-02
绍兴,sx_weighbridge,2024-08-24,Delivery,48700,2026-09-02
绍兴,sx_weighbridge,2024-08-23,Transfer,9950,2026-09-02
绍兴,sx_weighbridge,2024-08-23,Delivery,10800,2026-09-02
绍兴,sx_weighbridge,2024-08-23,Transfer,10000,2026-09-02
绍兴,sx_weighbridge,2024-08-23,Delivery,48700,2026-09-02
绍兴,sx_weighbridge,2024-08-23,Receipt,10850,2026-09-02
绍兴,sx_weighbridge,2024-08-23,Delivery,105200,2026-09-02
绍兴,sx_weighbridge,2024-08-22,Delivery,27600,2026-09-02
绍兴,sx_weighbridge,2024-08-22,Delivery,85600,2026-09-02
绍兴,sx_weighbridge,2024-08-22,Delivery,3150,2026-09-02
绍兴,sx_weighbridge,2024-08-22,Receipt,27850,2026-09-02
绍兴,sx_weighbridge,2024-08-21,Delivery,100150,2026-09-02
绍兴,sx_weighbridge,2024-08-21,Delivery,1750,2026-09-02
绍兴,sx_weighbridge,2024-08-21,Receipt,17700,2026-09-02
绍兴,sx_weighbridge,2024-08-21,Delivery,22100,2026-09-02
绍兴,sx_weighbridge,2024-08-20,Delivery,85700,2026-09-02
绍兴,sx_weighbridge,2024-08-20,Transfer,9200,2026-09-02
绍兴,sx_weighbridge,2024-08-20,Delivery,146250,2026-09-02
绍兴,sx_weighbridge,2024-08-20,Receipt,49600,2026-09-02
绍兴,sx_weighbridge,2024-08-20,Delivery,10200,2026-09-02
绍兴,sx_weighbridge,2024-08-19,Delivery,44150,2026-09-02
绍兴,sx_weighbridge,2024-08-19,Delivery,6900,2026-09-02
绍兴,sx_weighbridge,2024-08-19,Receipt,42200,2026-09-02
绍兴,sx_weighbridge,2024-08-19,Delivery,132050,2026-09-02
绍兴,sx_weighbridge,2024-08-19,Delivery,14700,2026-09-02
绍兴,sx_weighbridge,2024-08-18,Delivery,46350,2026-09-02
绍兴,sx_weighbridge,2024-08-18,Transfer,9150,2026-09-02
绍兴,sx_weighbridge,2024-08-18,Delivery,7500,2026-09-02
绍兴,sx_weighbridge,2024-08-18,Delivery,115600,2026-09-02
绍兴,sx_weighbridge,2024-08-18,Receipt,62150,2026-09-02
绍兴,sx_weighbridge,2024-08-18,Delivery,29450,2026-09-02
绍兴,sx_weighbridge,2024-08-18,Transfer,10000,2026-09-02
绍兴,sx_weighbridge,2024-08-17,Delivery,206550,2026-09-02
绍兴,sx_weighbridge,2024-08-17,Delivery,47000,2026-09-02
绍兴,sx_weighbridge,2024-08-17,Delivery,96000,2026-09-02
绍兴,sx_weighbridge,2024-08-17,Receipt,43150,2026-09-02
绍兴,sx_weighbridge,2024-08-16,Transfer,7300,2026-09-02
绍兴,sx_weighbridge,2024-08-16,Transfer,9650,2026-09-02
绍兴,sx_weighbridge,2024-08-16,Delivery,87700,2026-09-02
绍兴,sx_weighbridge,2024-08-16,Delivery,7800,2026-09-02
绍兴,sx_weighbridge,2024-08-16,Receipt,50000,2026-09-02
绍兴,sx_weighbridge,2024-08-16,Delivery,113350,2026-09-02
绍兴,sx_weighbridge,2024-08-15,Transfer,9200,2026-09-02
绍兴,sx_weighbridge,2024-08-15,Delivery,27150,2026-09-02
绍兴,sx_weighbridge,2024-08-15,Delivery,64750,2026-09-02
绍兴,sx_weighbridge,2024-08-15,Delivery,250350,2026-09-02
绍兴,sx_weighbridge,2024-08-15,Delivery,250,2026-09-02
绍兴,sx_weighbridge,2024-08-15,Receipt,42550,2026-09-02
绍兴,sx_weighbridge,2024-08-14,Delivery,30350,2026-09-02
绍兴,sx_weighbridge,2024-08-14,Delivery,63400,2026-09-02
绍兴,sx_weighbridge,2024-08-14,Delivery,25700,2026-09-02
绍兴,sx_weighbridge,2024-08-14,Receipt,54700,2026-09-02
绍兴,sx_weighbridge,2024-08-14,Delivery,179650,2026-09-02
绍兴,sx_weighbridge,2024-08-14,Delivery,350,2026-09-02
绍兴,sx_weighbridge,2024-08-13,Delivery,136700,2026-09-02
绍兴,sx_weighbridge,2024-08-13,Delivery,1500,2026-09-02
绍兴,sx_weighbridge,2024-08-13,Delivery,44600,2026-09-02
绍兴,sx_weighbridge,2024-08-13,Transfer,19200,2026-09-02
绍兴,sx_weighbridge,2024-08-13,Delivery,74850,2026-09-02
绍兴,sx_weighbridge,2024-08-13,Delivery,29900,2026-09-02
绍兴,sx_weighbridge,2024-08-12,Delivery,88350,2026-09-02
绍兴,sx_weighbridge,2024-08-12,Delivery,285900,2026-09-02
绍兴,sx_weighbridge,2024-08-12,Delivery,21200,2026-09-02
绍兴,sx_weighbridge,2024-08-12,Receipt,42250,2026-09-02
绍兴,sx_weighbridge,2024-08-11,Delivery,48600,2026-09-02
绍兴,sx_weighbridge,2024-08-11,Delivery,42050,2026-09-02
绍兴,sx_weighbridge,2024-08-11,Delivery,88700,2026-09-02
绍兴,sx_weighbridge,2024-08-11,Delivery,12150,2026-09-02
绍兴,sx_weighbridge,2024-08-11,Transfer,19250,2026-09-02
绍兴,sx_weighbridge,2024-08-11,Receipt,151250,2026-09-02
绍兴,sx_weighbridge,2024-08-11,Delivery,89150,2026-09-02
绍兴,sx_weighbridge,2024-08-10,Delivery,6150,2026-09-02
绍兴,sx_weighbridge,2024-08-10,Delivery,69200,2026-09-02
绍兴,sx_weighbridge,2024-08-10,Delivery,79400,2026-09-02
绍兴,sx_weighbridge,2024-08-10,Transfer,20000,2026-09-02
绍兴,sx_weighbridge,2024-08-10,Receipt,166000,2026-09-02
绍兴,sx_weighbridge,2024-08-10,Delivery,44150,2026-09-02
绍兴,sx_weighbridge,2024-08-09,Delivery,87250,2026-09-02
绍兴,sx_weighbridge,2024-08-09,Receipt,165150,2026-09-02
绍兴,sx_weighbridge,2024-08-09,Transfer,20150,2026-09-02
绍兴,sx_weighbridge,2024-08-09,Delivery,153750,2026-09-02
绍兴,sx_weighbridge,2024-08-09,Delivery,109700,2026-09-02
绍兴,sx_weighbridge,2024-08-09,Delivery,150,2026-09-02
绍兴,sx_weighbridge,2024-08-08,Receipt,79800,2026-09-02
绍兴,sx_weighbridge,2024-08-08,Transfer,17050,2026-09-02
绍兴,sx_weighbridge,2024-08-08,Delivery,51550,2026-09-02
绍兴,sx_weighbridge,2024-08-08,Delivery,42700,2026-09-02
绍兴,sx_weighbridge,2024-08-08,Delivery,98650,2026-09-02
绍兴,sx_weighbridge,2024-08-08,Delivery,79800,2026-09-02
绍兴,sx_weighbridge,2024-08-07,Delivery,61900,2026-09-02
绍兴,sx_weighbridge,2024-08-07,Delivery,68000,2026-09-02
绍兴,sx_weighbridge,2024-08-07,Receipt,151200,2026-09-02
绍兴,sx_weighbridge,2024-08-07,Transfer,15350,2026-09-02
绍兴,sx_weighbridge,2024-08-07,Delivery,67050,2026-09-02
绍兴,sx_weighbridge,2024-08-07,Delivery,62100,2026-09-02
绍兴,sx_weighbridge,2024-08-07,Delivery,42250,2026-09-02
绍兴,sx_weighbridge,2024-08-06,Delivery,1905250,2026-09-02
绍兴,sx_weighbridge,2024-08-06,Delivery,6800,2026-09-02
绍兴,sx_weighbridge,2024-08-06,Receipt,272450,2026-09-02
绍兴,sx_weighbridge,2024-08-06,Transfer,8900,2026-09-02
绍兴,sx_weighbridge,2024-08-06,Delivery,93650,2026-09-02
绍兴,sx_weighbridge,2024-08-05,Delivery,16350,2026-09-02
绍兴,sx_weighbridge,2024-08-05,Delivery,350,2026-09-02
绍兴,sx_weighbridge,2024-08-05,Transfer,5500,2026-09-02
绍兴,sx_weighbridge,2024-08-05,Delivery,9750,2026-09-02
绍兴,sx_weighbridge,2024-08-05,Transfer,9200,2026-09-02
绍兴,sx_weighbridge,2024-08-05,Delivery,2561350,2026-09-02
绍兴,sx_weighbridge,2024-08-05,Receipt,514200,2026-09-02
绍兴,sx_weighbridge,2024-08-04,Delivery,650,2026-09-02
绍兴,sx_weighbridge,2024-08-04,Delivery,8800,2026-09-02
绍兴,sx_weighbridge,2024-08-04,Transfer,14050,2026-09-02
绍兴,sx_weighbridge,2024-08-04,Receipt,9150,2026-09-02
绍兴,sx_weighbridge,2024-08-04,Delivery,191000,2026-09-02
绍兴,sx_weighbridge,2024-08-04,Delivery,120150,2026-09-02
绍兴,sx_weighbridge,2024-08-03,Delivery,39200,2026-09-02
绍兴,sx_weighbridge,2024-08-03,Delivery,117950,2026-09-02
绍兴,sx_weighbridge,2024-08-03,Delivery,26600,2026-09-02
绍兴,sx_weighbridge,2024-08-03,Transfer,19350,2026-09-02
绍兴,sx_weighbridge,2024-08-03,Receipt,8300,2026-09-02
绍兴,sx_weighbridge,2024-08-02,Transfer,9200,2026-09-02
绍兴,sx_weighbridge,2024-08-02,Transfer,9700,2026-09-02
绍兴,sx_weighbridge,2024-08-02,Delivery,103100,2026-09-02
绍兴,sx_weighbridge,2024-08-02,Delivery,26600,2026-09-02
绍兴,sx_weighbridge,2024-08-02,Delivery,186550,2026-09-02
绍兴,sx_weighbridge,2024-08-02,Receipt,16250,2026-09-02
绍兴,sx_weighbridge,2024-08-02,Delivery,35000,2026-09-02
绍兴,sx_weighbridge,2024-08-01,Transfer,6150,2026-09-02
绍兴,sx_weighbridge,2024-08-01,Receipt,3050,2026-09-02
绍兴,sx_weighbridge,2024-08-01,Delivery,55150,2026-09-02
绍兴,sx_weighbridge,2024-08-01,Transfer,9850,2026-09-02
绍兴,sx_weighbridge,2024-08-01,Delivery,235450,2026-09-02
绍兴,sx_weighbridge,2024-08-01,Delivery,38500,2026-09-02
绍兴,sx_weighbridge,2024-08-01,Receipt,115050,2026-09-02
绍兴,sx_weighbridge,2024-08-01,Delivery,105150,2026-09-02
绍兴,sx_weighbridge,2024-08-01,Delivery,450,2026-09-02
绍兴,sx_weighbridge,2024-07-27,Delivery,750,2026-09-02
绍兴,sx_weighbridge,2024-07-27,Receipt,7350,2026-09-02
绍兴,sx_weighbridge,2024-07-27,Delivery,78100,2026-09-02
绍兴,sx_weighbridge,2024-07-27,Transfer,20350,2026-09-02
绍兴,sx_weighbridge,2024-07-27,Delivery,166750,2026-09-02
绍兴,sx_weighbridge,2024-07-27,Delivery,30400,2026-09-02
绍兴,sx_weighbridge,2024-07-27,Delivery,4100,2026-09-02
绍兴,sx_weighbridge,2024-07-27,Delivery,143100,2026-09-02
绍兴,sx_weighbridge,2024-07-26,Delivery,43150,2026-09-02
绍兴,sx_weighbridge,2024-07-26,Transfer,7900,2026-09-02
绍兴,sx_weighbridge,2024-07-26,Delivery,93650,2026-09-02
绍兴,sx_weighbridge,2024-07-26,Delivery,26350,2026-09-02
绍兴,sx_weighbridge,2024-07-26,Delivery,11200,2026-09-02
绍兴,sx_weighbridge,2024-07-26,Transfer,9450,2026-09-02
绍兴,sx_weighbridge,2024-07-26,Receipt,195500,2026-09-02
绍兴,sx_weighbridge,2024-07-25,Delivery,250,2026-09-02
绍兴,sx_weighbridge,2024-07-25,Delivery,245050,2026-09-02
绍兴,sx_weighbridge,2024-07-25,Transfer,18200,2026-09-02
绍兴,sx_weighbridge,2024-07-25,Delivery,138500,2026-09-02
绍兴,sx_weighbridge,2024-07-25,Receipt,705200,2026-09-02
绍兴,sx_weighbridge,2024-07-25,Delivery,42800,2026-09-02
绍兴,sx_weighbridge,2024-07-25,Delivery,97350,2026-09-02
绍兴,sx_weighbridge,2024-07-24,Transfer,14000,2026-09-02
绍兴,sx_weighbridge,2024-07-24,Delivery,136200,2026-09-02
绍兴,sx_weighbridge,2024-07-24,Delivery,25600,2026-09-02
绍兴,sx_weighbridge,2024-07-24,Receipt,641900,2026-09-02
绍兴,sx_weighbridge,2024-07-24,Delivery,100,2026-09-02
绍兴,sx_weighbridge,2024-07-24,Delivery,89850,2026-09-02
绍兴,sx_weighbridge,2024-07-23,Transfer,18350,2026-09-02
绍兴,sx_weighbridge,2024-07-23,Delivery,116200,2026-09-02
绍兴,sx_weighbridge,2024-07-23,Receipt,26450,2026-09-02
绍兴,sx_weighbridge,2024-07-23,Delivery,200,2026-09-02
绍兴,sx_weighbridge,2024-07-23,Delivery,111000,2026-09-02
绍兴,sx_weighbridge,2024-07-22,Delivery,12900,2026-09-02
绍兴,sx_weighbridge,2024-07-22,Receipt,24000,2026-09-02
绍兴,sx_weighbridge,2024-07-22,Transfer,18500,2026-09-02
绍兴,sx_weighbridge,2024-07-22,Delivery,73400,2026-09-02
绍兴,sx_weighbridge,2024-07-22,Delivery,81100,2026-09-02
绍兴,sx_weighbridge,2024-07-22,Delivery,500,2026-09-02
绍兴,sx_weighbridge,2024-07-21,Transfer,9450,2026-09-02
绍兴,sx_weighbridge,2024-07-21,Receipt,6450,2026-09-02
绍兴,sx_weighbridge,2024-07-21,Delivery,173400,2026-09-02
绍兴,sx_weighbridge,2024-07-21,Delivery,150,2026-09-02
绍兴,sx_weighbridge,2024-07-21,Transfer,8300,2026-09-02
绍兴,sx_weighbridge,2024-07-21,Delivery,132600,2026-09-02
绍兴,sx_weighbridge,2024-07-20,Transfer,8600,2026-09-02
绍兴,sx_weighbridge,2024-07-20,Transfer,8950,2026-09-02
绍兴,sx_weighbridge,2024-07-20,Delivery,122350,2026-09-02
绍兴,sx_weighbridge,2024-07-20,Delivery,47750,2026-09-02
绍兴,sx_weighbridge,2024-07-20,Delivery,350,2026-09-02
绍兴,sx_weighbridge,2024-07-20,Delivery,190650,2026-09-02
绍兴,sx_weighbridge,2024-07-19,Delivery,60700,2026-09-02
绍兴,sx_weighbridge,2024-07-19,Delivery,11300,2026-09-02
绍兴,sx_weighbridge,2024-07-19,Transfer,17350,2026-09-02
绍兴,sx_weighbridge,2024-07-19,Delivery,68700,2026-09-02
绍兴,sx_weighbridge,2024-07-19,Delivery,49050,2026-09-02
绍兴,sx_weighbridge,2024-07-19,Receipt,27150,2026-09-02
绍兴,sx_weighbridge,2024-07-19,Delivery,1050,2026-09-02
绍兴,sx_weighbridge,2024-07-18,Delivery,150,2026-09-02
绍兴,sx_weighbridge,2024-07-18,Delivery,35900,2026-09-02
绍兴,sx_weighbridge,2024-07-18,Delivery,183050,2026-09-02
绍兴,sx_weighbridge,2024-07-18,Receipt,39300,2026-09-02
绍兴,sx_weighbridge,2024-07-18,Transfer,18500,2026-09-02
绍兴,sx_weighbridge,2024-07-18,Delivery,85850,2026-09-02
绍兴,sx_weighbridge,2024-07-17,Transfer,17850,2026-09-02
绍兴,sx_weighbridge,2024-07-17,Receipt,34700,2026-09-02
绍兴,sx_weighbridge,2024-07-17,Delivery,5600,2026-09-02
绍兴,sx_weighbridge,2024-07-16,Delivery,38150,2026-09-02
绍兴,sx_weighbridge,2024-07-16,Delivery,58950,2026-09-02
绍兴,sx_weighbridge,2024-07-16,Delivery,41450,2026-09-02
绍兴,sx_weighbridge,2024-07-16,Receipt,59050,2026-09-02
绍兴,sx_weighbridge,2024-07-16,Delivery,104350,2026-09-02
绍兴,sx_weighbridge,2024-07-16,Receipt,650,2026-09-02
绍兴,sx_weighbridge,2024-07-16,Transfer,17200,2026-09-02
绍兴,sx_weighbridge,2024-07-16,Delivery,50,2026-09-02
绍兴,sx_weighbridge,2024-07-15,Delivery,12950,2026-09-02
绍兴,sx_weighbridge,2024-07-15,Receipt,500,2026-09-02
绍兴,sx_weighbridge,2024-07-15,Delivery,156200,2026-09-02
绍兴,sx_weighbridge,2024-07-15,Delivery,78700,2026-09-02
绍兴,sx_weighbridge,2024-07-15,Transfer,17750,2026-09-02
绍兴,sx_weighbridge,2024-07-15,Receipt,172200,2026-09-02
绍兴,sx_weighbridge,2024-07-15,Delivery,0,2026-09-02
绍兴,sx_weighbridge,2024-07-15,Delivery,207800,2026-09-02
绍兴,sx_weighbridge,2024-07-14,Transfer,9400,2026-09-02
绍兴,sx_weighbridge,2024-07-14,Delivery,79000,2026-09-02
绍兴,sx_weighbridge,2024-07-14,Delivery,38700,2026-09-02
绍兴,sx_weighbridge,2024-07-14,Transfer,8700,2026-09-02
绍兴,sx_weighbridge,2024-07-14,Delivery,500,2026-09-02
绍兴,sx_weighbridge,2024-07-14,Delivery,47750,2026-09-02
绍兴,sx_weighbridge,2024-07-14,Delivery,16850,2026-09-02
绍兴,sx_weighbridge,2024-07-13,Transfer,8800,2026-09-02
绍兴,sx_weighbridge,2024-07-13,Delivery,50,2026-09-02
绍兴,sx_weighbridge,2024-07-13,Delivery,186600,2026-09-02
绍兴,sx_weighbridge,2024-07-13,Delivery,119000,2026-09-02
绍兴,sx_weighbridge,2024-07-13,Delivery,31150,2026-09-02
绍兴,sx_weighbridge,2024-07-13,Receipt,10250,2026-09-02
绍兴,sx_weighbridge,2024-07-13,Transfer,7900,2026-09-02
绍兴,sx_weighbridge,2024-07-12,Transfer,20800,2026-09-02
绍兴,sx_weighbridge,2024-07-12,Delivery,80950,2026-09-02
绍兴,sx_weighbridge,2024-07-12,Delivery,100,2026-09-02
绍兴,sx_weighbridge,2024-07-12,Receipt,7400,2026-09-02
绍兴,sx_weighbridge,2024-07-11,Delivery,24700,2026-09-02
绍兴,sx_weighbridge,2024-07-11,Transfer,12500,2026-09-02
绍兴,sx_weighbridge,2024-07-11,Delivery,50,2026-09-02
绍兴,sx_weighbridge,2024-07-11,Delivery,34100,2026-09-02
绍兴,sx_weighbridge,2024-07-11,Delivery,117000,2026-09-02
绍兴,sx_weighbridge,2024-07-10,Transfer,8550,2026-09-02
绍兴,sx_weighbridge,2024-07-10,Delivery,22100,2026-09-02
绍兴,sx_weighbridge,2024-07-10,Delivery,8350,2026-09-02
绍兴,sx_weighbridge,2024-07-10,Delivery,136650,2026-09-02
绍兴,sx_weighbridge,2024-07-10,Receipt,7950,2026-09-02
绍兴,sx_weighbridge,2024-07-10,Delivery,233050,2026-09-02
绍兴,sx_weighbridge,2024-07-10,Delivery,100,2026-09-02
绍兴,sx_weighbridge,2024-07-10,Transfer,8050,2026-09-02
绍兴,sx_weighbridge,2024-07-09,Delivery,17800,2026-09-02
绍兴,sx_weighbridge,2024-07-09,Delivery,56650,2026-09-02
绍兴,sx_weighbridge,2024-07-09,Transfer,14950,2026-09-02
绍兴,sx_weighbridge,2024-07-09,Delivery,164250,2026-09-02
绍兴,sx_weighbridge,2024-07-09,Delivery,50,2026-09-02
绍兴,sx_weighbridge,2024-07-08,Delivery,235350,2026-09-02
绍兴,sx_weighbridge,2024-07-08,Delivery,105650,2026-09-02
绍兴,sx_weighbridge,2024-07-08,Delivery,0,2026-09-02
绍兴,sx_weighbridge,2024-07-08,Delivery,93250,2026-09-02
绍兴,sx_weighbridge,2024-07-08,Delivery,17550,2026-09-02
绍兴,sx_weighbridge,2024-07-08,Transfer,16800,2026-09-02
绍兴,sx_weighbridge,2024-07-07,Transfer,9200,2026-09-02
绍兴,sx_weighbridge,2024-07-07,Delivery,15250,2026-09-02
绍兴,sx_weighbridge,2024-07-07,Delivery,68450,2026-09-02
绍兴,sx_weighbridge,2024-07-07,Delivery,50,2026-09-02
绍兴,sx_weighbridge,2024-07-07,Receipt,539600,2026-09-02
绍兴,sx_weighbridge,2024-07-07,Delivery,81550,2026-09-02
绍兴,sx_weighbridge,2024-07-06,Delivery,450,2026-09-02
绍兴,sx_weighbridge,2024-07-06,Delivery,190500,2026-09-02
绍兴,sx_weighbridge,2024-07-06,Delivery,139750,2026-09-02
绍兴,sx_weighbridge,2024-07-06,Transfer,14750,2026-09-02
绍兴,sx_weighbridge,2024-07-06,Delivery,73500,2026-09-02
绍兴,sx_weighbridge,2024-07-06,Receipt,615350,2026-09-02
绍兴,sx_weighbridge,2024-07-05,Receipt,129600,2026-09-02
绍兴,sx_weighbridge,2024-07-05,Transfer,8750,2026-09-02
绍兴,sx_weighbridge,2024-07-05,Delivery,450,2026-09-02
绍兴,sx_weighbridge,2024-07-05,Receipt,8900,2026-09-02
绍兴,sx_weighbridge,2024-07-05,Delivery,121500,2026-09-02
绍兴,sx_weighbridge,2024-07-05,Delivery,62950,2026-09-02
绍兴,sx_weighbridge,2024-07-05,Receipt,3000,2026-09-02
绍兴,sx_weighbridge,2024-07-05,Delivery,27450,2026-09-02
绍兴,sx_weighbridge,2024-07-04,Transfer,7350,2026-09-02
绍兴,sx_weighbridge,2024-07-04,Receipt,10500,2026-09-02
绍兴,sx_weighbridge,2024-07-04,Delivery,87550,2026-09-02
绍兴,sx_weighbridge,2024-07-04,Delivery,500,2026-09-02
绍兴,sx_weighbridge,2024-07-04,Delivery,176950,2026-09-02
绍兴,sx_weighbridge,2024-07-04,Delivery,227500,2026-09-02
绍兴,sx_weighbridge,2024-07-03,Delivery,79400,2026-09-02
绍兴,sx_weighbridge,2024-07-03,Transfer,9700,2026-09-02
绍兴,sx_weighbridge,2024-07-03,Delivery,69750,2026-09-02
绍兴,sx_weighbridge,2024-07-03,Delivery,15200,2026-09-02
绍兴,sx_weighbridge,2026-08-30,Delivery,6300,2026-09-02
绍兴,sx_weighbridge,2026-08-30,Receipt,115500,2026-09-02
绍兴,sx_weighbridge,2026-08-30,Delivery,10850,2026-09-02
绍兴,sx_weighbridge,2026-08-30,Delivery,100,2026-09-02
绍兴,sx_weighbridge,2026-08-30,Transfer,16550,2026-09-02
绍兴,sx_weighbridge,2026-08-30,Delivery,57950,2026-09-02
绍兴,sx_weighbridge,2026-08-29,Delivery,214200,2026-09-02
绍兴,sx_weighbridge,2026-08-29,Delivery,110550,2026-09-02
绍兴,sx_weighbridge,2026-08-29,Delivery,35700,2026-09-02
绍兴,sx_weighbridge,2026-08-29,Receipt,292550,2026-09-02
绍兴,sx_weighbridge,2026-08-29,Delivery,200,2026-09-02
绍兴,sx_weighbridge,2026-08-28,Delivery,88100,2026-09-02
绍兴,sx_weighbridge,2026-08-28,Delivery,24950,2026-09-02
绍兴,sx_weighbridge,2026-08-28,Delivery,23000,2026-09-02
绍兴,sx_weighbridge,2026-08-28,Receipt,375100,2026-09-02
绍兴,sx_weighbridge,2026-08-28,Delivery,56850,2026-09-02
绍兴,sx_weighbridge,2026-08-28,Delivery,100,2026-09-02
绍兴,sx_weighbridge,2026-08-27,Delivery,50,2026-09-02
绍兴,sx_weighbridge,2026-08-27,Delivery,159950,2026-09-02
绍兴,sx_weighbridge,2026-08-27,Delivery,30350,2026-09-02
绍兴,sx_weighbridge,2026-08-27,Delivery,280450,2026-09-02
绍兴,sx_weighbridge,2026-08-27,Receipt,243350,2026-09-02
绍兴,sx_weighbridge,2026-08-26,Delivery,47700,2026-09-02
绍兴,sx_weighbridge,2026-08-26,Delivery,150,2026-09-02
绍兴,sx_weighbridge,2026-08-26,Delivery,39150,2026-09-02
绍兴,sx_weighbridge,2026-08-26,Delivery,68400,2026-09-02
绍兴,sx_weighbridge,2026-08-26,Receipt,266100,2026-09-02
绍兴,sx_weighbridge,2026-08-25,Transfer,7450,2026-09-02
绍兴,sx_weighbridge,2026-08-25,Transfer,8700,2026-09-02
绍兴,sx_weighbridge,2026-08-25,Delivery,52100,2026-09-02
绍兴,sx_weighbridge,2026-08-25,Delivery,5250,2026-09-02
绍兴,sx_weighbridge,2026-08-25,Delivery,39550,2026-09-02
绍兴,sx_weighbridge,2026-08-25,Delivery,0,2026-09-02
绍兴,sx_weighbridge,2026-08-25,Receipt,216150,2026-09-02
绍兴,sx_weighbridge,2026-08-24,Receipt,3000,2026-09-02
绍兴,sx_weighbridge,2026-08-24,Delivery,50,2026-09-02
绍兴,sx_weighbridge,2026-08-24,Delivery,5700,2026-09-02
绍兴,sx_weighbridge,2026-08-24,Delivery,114550,2026-09-02
绍兴,sx_weighbridge,2026-08-24,Delivery,34600,2026-09-02
绍兴,sx_weighbridge,2026-08-24,Receipt,204100,2026-09-02
绍兴,sx_weighbridge,2026-08-23,Transfer,7650,2026-09-02
绍兴,sx_weighbridge,2026-08-23,Delivery,0,2026-09-02
绍兴,sx_weighbridge,2026-08-23,Delivery,103250,2026-09-02
绍兴,sx_weighbridge,2026-08-23,Receipt,203500,2026-09-02
绍兴,sx_weighbridge,2026-08-23,Delivery,24350,2026-09-02
绍兴,sx_weighbridge,2026-08-23,Transfer,10100,2026-09-02
绍兴,sx_weighbridge,2026-08-23,Delivery,68400,2026-09-02
绍兴,sx_weighbridge,2026-08-22,Delivery,36900,2026-09-02
绍兴,sx_weighbridge,2026-08-22,Delivery,0,2026-09-02
绍兴,sx_weighbridge,2026-08-22,Delivery,34050,2026-09-02
绍兴,sx_weighbridge,2026-08-22,Receipt,151100,2026-09-02
绍兴,sx_weighbridge,2026-08-21,Delivery,26250,2026-09-02
绍兴,sx_weighbridge,2026-08-21,Delivery,200,2026-09-02
绍兴,sx_weighbridge,2026-08-21,Delivery,16850,2026-09-02
绍兴,sx_weighbridge,2026-08-21,Receipt,134400,2026-09-02
绍兴,sx_weighbridge,2026-08-20,Transfer,18100,2026-09-02
绍兴,sx_weighbridge,2026-08-20,Delivery,17350,2026-09-02
绍兴,sx_weighbridge,2026-08-20,Delivery,50,2026-09-02
绍兴,sx_weighbridge,2026-08-20,Delivery,14550,2026-09-02
绍兴,sx_weighbridge,2026-08-20,Delivery,109150,2026-09-02
绍兴,sx_weighbridge,2026-08-20,Delivery,8300,2026-09-02
绍兴,sx_weighbridge,2026-08-20,Receipt,190300,2026-09-02
绍兴,sx_weighbridge,2026-08-19,Transfer,8600,2026-09-02
绍兴,sx_weighbridge,2026-08-19,Receipt,100850,2026-09-02
绍兴,sx_weighbridge,2026-08-19,Delivery,250,2026-09-02
绍兴,sx_weighbridge,2026-08-19,Delivery,73350,2026-09-02
绍兴,sx_weighbridge,2026-08-19,Delivery,9650,2026-09-02
绍兴,sx_weighbridge,2026-08-19,Delivery,66900,2026-09-02
绍兴,sx_weighbridge,2026-08-18,Transfer,9000,2026-09-02
绍兴,sx_weighbridge,2026-08-18,Delivery,47300,2026-09-02
绍兴,sx_weighbridge,2026-08-18,Delivery,400,2026-09-02
绍兴,sx_weighbridge,2026-08-18,Receipt,39100,2026-09-02
绍兴,sx_weighbridge,2026-08-18,Delivery,23650,2026-09-02
绍兴,sx_weighbridge,2026-08-18,Delivery,99700,2026-09-02
绍兴,sx_weighbridge,2026-08-17,Transfer,8950,2026-09-02
绍兴,sx_weighbridge,2026-08-17,Delivery,43150,2026-09-02
绍兴,sx_weighbridge,2026-08-17,Delivery,150,2026-09-02
绍兴,sx_weighbridge,2026-08-17,Delivery,10500,2026-09-02
绍兴,sx_weighbridge,2026-08-17,Receipt,161900,2026-09-02
绍兴,sx_weighbridge,2026-08-16,Delivery,5300,2026-09-02
绍兴,sx_weighbridge,2026-08-16,Delivery,15200,2026-09-02
绍兴,sx_weighbridge,2026-08-16,Delivery,23750,2026-09-02
绍兴,sx_weighbridge,2026-08-16,Delivery,850,2026-09-02
绍兴,sx_weighbridge,2026-08-16,Delivery,82600,2026-09-02
绍兴,sx_weighbridge,2026-08-16,Receipt,200750,2026-09-02
绍兴,sx_weighbridge,2026-08-15,Transfer,8850,2026-09-02
绍兴,sx_weighbridge,2026-08-15,Delivery,200,2026-09-02
绍兴,sx_weighbridge,2026-08-15,Receipt,69300,2026-09-02
绍兴,sx_weighbridge,2026-08-15,Delivery,90450,2026-09-02
绍兴,sx_weighbridge,2026-08-15,Delivery,99650,2026-09-02
绍兴,sx_weighbridge,2026-08-15,Delivery,42700,2026-09-02
绍兴,sx_weighbridge,2026-08-14,Delivery,0,2026-09-02
绍兴,sx_weighbridge,2026-08-14,Receipt,304550,2026-09-02
绍兴,sx_weighbridge,2026-08-14,Delivery,30700,2026-09-02
绍兴,sx_weighbridge,2026-08-14,Delivery,10950,2026-09-02
绍兴,sx_weighbridge,2026-08-13,Delivery,0,2026-09-02
绍兴,sx_weighbridge,2026-08-13,Receipt,143200,2026-09-02
绍兴,sx_weighbridge,2026-08-13,Delivery,123100,2026-09-02
绍兴,sx_weighbridge,2026-08-13,Delivery,104150,2026-09-02
绍兴,sx_weighbridge,2026-08-13,Delivery,142950,2026-09-02
绍兴,sx_weighbridge,2026-08-12,Delivery,98000,2026-09-02
绍兴,sx_weighbridge,2026-08-12,Delivery,50,2026-09-02
绍兴,sx_weighbridge,2026-08-12,Delivery,15500,2026-09-02
绍兴,sx_weighbridge,2026-08-12,Receipt,55600,2026-09-02
绍兴,sx_weighbridge,2026-08-12,Delivery,67550,2026-09-02
绍兴,sx_weighbridge,2026-08-12,Delivery,140050,2026-09-02
绍兴,sx_weighbridge,2026-08-11,Delivery,50,2026-09-02
绍兴,sx_weighbridge,2026-08-11,Receipt,129400,2026-09-02
绍兴,sx_weighbridge,2026-08-11,Delivery,65150,2026-09-02
绍兴,sx_weighbridge,2026-08-11,Delivery,57300,2026-09-02
绍兴,sx_weighbridge,2026-08-10,Delivery,5950,2026-09-02
绍兴,sx_weighbridge,2026-08-10,Delivery,10950,2026-09-02
绍兴,sx_weighbridge,2026-08-10,Delivery,3500,2026-09-02
绍兴,sx_weighbridge,2026-08-10,Receipt,62900,2026-09-02
绍兴,sx_weighbridge,2026-08-09,Transfer,16250,2026-09-02
绍兴,sx_weighbridge,2026-08-09,Delivery,200,2026-09-02
绍兴,sx_weighbridge,2026-08-09,Receipt,9500,2026-09-02
绍兴,sx_weighbridge,2026-08-09,Delivery,15550,2026-09-02
绍兴,sx_weighbridge,2026-08-08,Delivery,11300,2026-09-02
绍兴,sx_weighbridge,2026-08-08,Delivery,44450,2026-09-02
绍兴,sx_weighbridge,2026-08-08,Receipt,380650,2026-09-02
绍兴,sx_weighbridge,2026-08-08,Delivery,200,2026-09-02
绍兴,sx_weighbridge,2026-08-07,Delivery,28050,2026-09-02
绍兴,sx_weighbridge,2026-08-07,Delivery,46300,2026-09-02
绍兴,sx_weighbridge,2026-08-07,Delivery,10050,2026-09-02
绍兴,sx_weighbridge,2026-08-07,Delivery,150,2026-09-02
绍兴,sx_weighbridge,2026-08-07,Receipt,367650,2026-09-02
绍兴,sx_weighbridge,2026-08-06,Delivery,33500,2026-09-02
绍兴,sx_weighbridge,2026-08-06,Delivery,1150,2026-09-02
绍兴,sx_weighbridge,2026-08-06,Delivery,2450,2026-09-02
绍兴,sx_weighbridge,2026-08-06,Delivery,78000,2026-09-02
绍兴,sx_weighbridge,2026-08-06,Delivery,40500,2026-09-02
绍兴,sx_weighbridge,2026-08-06,Receipt,332000,2026-09-02
绍兴,sx_weighbridge,2026-08-05,Delivery,550,2026-09-02
绍兴,sx_weighbridge,2026-08-05,Delivery,26600,2026-09-02
绍兴,sx_weighbridge,2026-08-05,Delivery,14650,2026-09-02
绍兴,sx_weighbridge,2026-08-05,Delivery,162450,2026-09-02
绍兴,sx_weighbridge,2026-08-05,Receipt,107050,2026-09-02
绍兴,sx_weighbridge,2026-08-04,Transfer,16800,2026-09-02
绍兴,sx_weighbridge,2026-08-04,Delivery,50,2026-09-02
绍兴,sx_weighbridge,2026-08-04,Delivery,65050,2026-09-02
绍兴,sx_weighbridge,2026-08-04,Delivery,45600,2026-09-02
绍兴,sx_weighbridge,2026-08-04,Receipt,177300,2026-09-02
绍兴,sx_weighbridge,2026-08-03,Delivery,100,2026-09-02
绍兴,sx_weighbridge,2026-08-03,Delivery,130400,2026-09-02
绍兴,sx_weighbridge,2026-08-03,Delivery,48850,2026-09-02
绍兴,sx_weighbridge,2026-08-03,Receipt,139600,2026-09-02
绍兴,sx_weighbridge,2026-08-02,Delivery,50,2026-09-02
绍兴,sx_weighbridge,2026-08-02,Delivery,8100,2026-09-02
绍兴,sx_weighbridge,2026-08-02,Transfer,9000,2026-09-02
绍兴,sx_weighbridge,2026-08-02,Delivery,17450,2026-09-02
绍兴,sx_weighbridge,2026-08-02,Receipt,92850,2026-09-02
绍兴,sx_weighbridge,2026-08-02,Transfer,6900,2026-09-02
绍兴,sx_weighbridge,2026-08-02,Delivery,268250,2026-09-02
绍兴,sx_weighbridge,2026-08-02,Delivery,40200,2026-09-02
绍兴,sx_weighbridge,2026-08-01,Delivery,40600,2026-09-02
绍兴,sx_weighbridge,2026-08-01,Delivery,32400,2026-09-02
绍兴,sx_weighbridge,2026-08-01,Delivery,0,2026-09-02
绍兴,sx_weighbridge,2026-08-01,Delivery,898400,2026-09-02
绍兴,sx_weighbridge,2026-08-01,Receipt,167550,2026-09-02
绍兴,sx_weighbridge,2026-07-31,Delivery,150,2026-09-02
绍兴,sx_weighbridge,2026-07-31,Delivery,15700,2026-09-02
绍兴,sx_weighbridge,2026-07-31,Delivery,23550,2026-09-02
绍兴,sx_weighbridge,2026-07-31,Delivery,34600,2026-09-02
绍兴,sx_weighbridge,2026-07-31,Receipt,200950,2026-09-02
绍兴,sx_weighbridge,2026-07-30,Delivery,49000,2026-09-02
绍兴,sx_weighbridge,2026-07-30,Receipt,218400,2026-09-02
绍兴,sx_weighbridge,2026-07-30,Delivery,78600,2026-09-02
绍兴,sx_weighbridge,2026-07-30,Delivery,500,2026-09-02
绍兴,sx_weighbridge,2026-07-30,Delivery,77800,2026-09-02
绍兴,sx_weighbridge,2026-07-29,Delivery,56300,2026-09-02
绍兴,sx_weighbridge,2026-07-29,Delivery,100,2026-09-02
绍兴,sx_weighbridge,2026-07-29,Receipt,56850,2026-09-02
绍兴,sx_weighbridge,2026-07-29,Delivery,78200,2026-09-02
绍兴,sx_weighbridge,2026-07-29,Delivery,28700,2026-09-02
绍兴,sx_weighbridge,2026-07-28,Delivery,7400,2026-09-02
绍兴,sx_weighbridge,2026-07-28,Receipt,79500,2026-09-02
绍兴,sx_weighbridge,2026-07-28,Delivery,17050,2026-09-02
绍兴,sx_weighbridge,2026-07-28,Delivery,200,2026-09-02
绍兴,sx_weighbridge,2026-07-28,Delivery,17100,2026-09-02
绍兴,sx_weighbridge,2026-07-27,Receipt,80300,2026-09-02
绍兴,sx_weighbridge,2026-07-27,Delivery,200,2026-09-02
绍兴,sx_weighbridge,2026-07-27,Delivery,100500,2026-09-02
绍兴,sx_weighbridge,2026-07-27,Delivery,28300,2026-09-02
绍兴,sx_weighbridge,2026-07-26,Receipt,51550,2026-09-02
绍兴,sx_weighbridge,2026-07-26,Delivery,17400,2026-09-02
绍兴,sx_weighbridge,2026-07-26,Delivery,0,2026-09-02
绍兴,sx_weighbridge,2026-07-26,Delivery,15300,2026-09-02
绍兴,sx_weighbridge,2026-07-22,Transfer,8450,2026-09-02
绍兴,sx_weighbridge,2026-07-22,Delivery,600,2026-09-02
绍兴,sx_weighbridge,2026-07-22,Delivery,20600,2026-09-02
绍兴,sx_weighbridge,2026-07-22,Delivery,45150,2026-09-02
绍兴,sx_weighbridge,2026-07-22,Transfer,7800,2026-09-02
绍兴,sx_weighbridge,2026-07-22,Receipt,118300,2026-09-02
绍兴,sx_weighbridge,2026-07-20,Delivery,118450,2026-09-02
绍兴,sx_weighbridge,2026-07-20,Delivery,18350,2026-09-02
绍兴,sx_weighbridge,2026-07-20,Receipt,107650,2026-09-02
绍兴,sx_weighbridge,2026-07-20,Delivery,50,2026-09-02
绍兴,sx_weighbridge,2026-07-19,Delivery,4500,2026-09-02
绍兴,sx_weighbridge,2026-07-19,Delivery,16600,2026-09-02
绍兴,sx_weighbridge,2026-07-19,Delivery,100,2026-09-02
绍兴,sx_weighbridge,2026-07-19,Receipt,198950,2026-09-02
绍兴,sx_weighbridge,2026-07-18,Delivery,1950,2026-09-02
绍兴,sx_weighbridge,2026-07-18,Delivery,69150,2026-09-02
绍兴,sx_weighbridge,2026-07-18,Delivery,23650,2026-09-02
绍兴,sx_weighbridge,2026-07-18,Receipt,175000,2026-09-02
绍兴,sx_weighbridge,2026-07-17,Receipt,30950,2026-09-02
绍兴,sx_weighbridge,2026-07-17,Delivery,15150,2026-09-02
绍兴,sx_weighbridge,2026-07-17,Delivery,36400,2026-09-02
绍兴,sx_weighbridge,2026-07-17,Delivery,16200,2026-09-02
绍兴,sx_weighbridge,2026-07-17,Delivery,300,2026-09-02
绍兴,sx_weighbridge,2026-07-16,Delivery,20700,2026-09-02
绍兴,sx_weighbridge,2026-07-16,Delivery,150,2026-09-02
绍兴,sx_weighbridge,2026-07-16,Receipt,146150,2026-09-02
绍兴,sx_weighbridge,2026-07-15,Delivery,100,2026-09-02
绍兴,sx_weighbridge,2026-07-15,Delivery,76600,2026-09-02
绍兴,sx_weighbridge,2026-07-15,Delivery,31100,2026-09-02
绍兴,sx_weighbridge,2026-07-15,Delivery,54750,2026-09-02
绍兴,sx_weighbridge,2026-07-14,Delivery,42150,2026-09-02
绍兴,sx_weighbridge,2026-07-14,Delivery,48800,2026-09-02
绍兴,sx_weighbridge,2026-07-14,Receipt,56550,2026-09-02
绍兴,sx_weighbridge,2026-07-14,Delivery,50,2026-09-02
绍兴,sx_weighbridge,2026-07-13,Delivery,14400,2026-09-02
绍兴,sx_weighbridge,2026-07-13,Delivery,23850,2026-09-02
绍兴,sx_weighbridge,2026-07-13,Delivery,9200,2026-09-02
绍兴,sx_weighbridge,2026-07-12,Delivery,51900,2026-09-02
绍兴,sx_weighbridge,2026-07-12,Delivery,0,2026-09-02
绍兴,sx_weighbridge,2026-07-11,Delivery,28150,2026-09-02
绍兴,sx_weighbridge,2026-07-11,Delivery,0,2026-09-02
绍兴,sx_weighbridge,2026-07-11,Delivery,25550,2026-09-02
绍兴,sx_weighbridge,2026-07-10,Receipt,27450,2026-09-02
绍兴,sx_weighbridge,2026-07-10,Receipt,500,2026-09-02
绍兴,sx_weighbridge,2026-07-10,Delivery,87200,2026-09-02
绍兴,sx_weighbridge,2026-07-10,Delivery,100,2026-09-02
绍兴,sx_weighbridge,2026-07-10,Delivery,40950,2026-09-02
绍兴,sx_weighbridge,2026-07-09,Delivery,30800,2026-09-02
绍兴,sx_weighbridge,2026-07-09,Receipt,20850,2026-09-02
绍兴,sx_weighbridge,2026-07-09,Delivery,0,2026-09-02
绍兴,sx_weighbridge,2026-07-09,Delivery,100950,2026-09-02
绍兴,sx_weighbridge,2026-07-08,Delivery,13850,2026-09-02
绍兴,sx_weighbridge,2026-07-08,Receipt,101250,2026-09-02
绍兴,sx_weighbridge,2026-07-08,Delivery,0,2026-09-02
绍兴,sx_weighbridge,2026-07-08,Delivery,54050,2026-09-02
绍兴,sx_weighbridge,2026-07-08,Delivery,45400,2026-09-02
绍兴,sx_weighbridge,2026-07-07,Receipt,24400,2026-09-02
绍兴,sx_weighbridge,2026-07-07,Transfer,8750,2026-09-02
绍兴,sx_weighbridge,2026-07-07,Delivery,15300,2026-09-02
绍兴,sx_weighbridge,2026-07-07,Delivery,4250,2026-09-02
绍兴,sx_weighbridge,2026-07-07,Transfer,9150,2026-09-02
绍兴,sx_weighbridge,2026-07-07,Delivery,0,2026-09-02
绍兴,sx_weighbridge,2026-07-06,Delivery,25450,2026-09-02
绍兴,sx_weighbridge,2026-07-06,Delivery,150,2026-09-02
绍兴,sx_weighbridge,2026-07-06,Delivery,66250,2026-09-02
绍兴,sx_weighbridge,2026-07-06,Receipt,106650,2026-09-02
绍兴,sx_weighbridge,2026-07-06,Delivery,31200,2026-09-02
绍兴,sx_weighbridge,2026-07-05,Delivery,5450,2026-09-02
绍兴,sx_weighbridge,2026-07-05,Delivery,50,2026-09-02
绍兴,sx_weighbridge,2026-07-05,Receipt,30150,2026-09-02
绍兴,sx_weighbridge,2026-07-05,Delivery,50300,2026-09-02
绍兴,sx_weighbridge,2026-07-04,Delivery,100,2026-09-02
绍兴,sx_weighbridge,2026-07-04,Receipt,12800,2026-09-02
绍兴,sx_weighbridge,2026-07-03,Transfer,8000,2026-09-02
绍兴,sx_weighbridge,2026-07-03,Transfer,9000,2026-09-02
绍兴,sx_weighbridge,2026-07-03,Delivery,1600,2026-09-02
绍兴,sx_weighbridge,2026-07-03,Delivery,45550,2026-09-02
绍兴,sx_weighbridge,2026-07-03,Delivery,194400,2026-09-02
绍兴,sx_weighbridge,2026-07-02,Delivery,51650,2026-09-02
绍兴,sx_weighbridge,2026-07-02,Delivery,150,2026-09-02
绍兴,sx_weighbridge,2026-07-02,Receipt,34200,2026-09-02
绍兴,sx_weighbridge,2026-07-01,Transfer,8000,2026-09-02
绍兴,sx_weighbridge,2026-07-01,Delivery,900,2026-09-02
绍兴,sx_weighbridge,2026-06-30,Delivery,14800,2026-09-02
绍兴,sx_weighbridge,2026-06-30,Delivery,350,2026-09-02
绍兴,sx_weighbridge,2026-06-30,Receipt,160500,2026-09-02
绍兴,sx_weighbridge,2026-05-28,Delivery,5600,2026-09-02
绍兴,sx_weighbridge,2026-05-28,Delivery,167300,2026-09-02
绍兴,sx_weighbridge,2026-05-28,Receipt,159850,2026-09-02
绍兴,sx_weighbridge,2026-05-28,Delivery,150,2026-09-02
绍兴,sx_weighbridge,2026-05-27,Delivery,12900,2026-09-02
绍兴,sx_weighbridge,2026-05-27,Delivery,27900,2026-09-02
绍兴,sx_weighbridge,2026-05-27,Delivery,300,2026-09-02
绍兴,sx_weighbridge,2026-05-27,Receipt,217950,2026-09-02
绍兴,sx_weighbridge,2026-05-26,Delivery,150,2026-09-02
绍兴,sx_weighbridge,2026-05-26,Delivery,31150,2026-09-02
绍兴,sx_weighbridge,2026-05-26,Delivery,27250,2026-09-02
绍兴,sx_weighbridge,2026-05-26,Receipt,166450,2026-09-02
绍兴,sx_weighbridge,2026-05-25,Delivery,12350,2026-09-02
绍兴,sx_weighbridge,2026-05-25,Delivery,17750,2026-09-02
绍兴,sx_weighbridge,2026-05-25,Delivery,24800,2026-09-02
绍兴,sx_weighbridge,2026-05-25,Delivery,35450,2026-09-02
绍兴,sx_weighbridge,2026-05-25,Receipt,112600,2026-09-02
绍兴,sx_weighbridge,2026-05-25,Delivery,150,2026-09-02
绍兴,sx_weighbridge,2026-05-24,Transfer,9150,2026-09-02
绍兴,sx_weighbridge,2026-05-24,,17650,2026-09-02
绍兴,sx_weighbridge,2026-05-24,Delivery,19050,2026-09-02
绍兴,sx_weighbridge,2026-05-24,Delivery,82550,2026-09-02
绍兴,sx_weighbridge,2026-05-24,Delivery,80500,2026-09-02
绍兴,sx_weighbridge,2026-05-24,Receipt,97600,2026-09-02
绍兴,sx_weighbridge,2026-05-24,Delivery,500,2026-09-02
绍兴,sx_weighbridge,2026-05-23,Delivery,53500,2026-09-02
绍兴,sx_weighbridge,2026-05-23,Delivery,30600,2026-09-02
绍兴,sx_weighbridge,2026-05-23,Receipt,67950,2026-09-02
绍兴,sx_weighbridge,2026-05-23,Delivery,100,2026-09-02
绍兴,sx_weighbridge,2026-05-22,Receipt,27700,2026-09-02
绍兴,sx_weighbridge,2026-05-22,Delivery,19600,2026-09-02
绍兴,sx_weighbridge,2026-05-22,Delivery,50,2026-09-02
绍兴,sx_weighbridge,2026-05-21,Delivery,44450,2026-09-02
绍兴,sx_weighbridge,2026-05-21,Receipt,47400,2026-09-02
绍兴,sx_weighbridge,2026-05-21,Delivery,2350,2026-09-02
绍兴,sx_weighbridge,2026-05-20,Delivery,11600,2026-09-02
绍兴,sx_weighbridge,2026-05-20,Receipt,61900,2026-09-02
绍兴,sx_weighbridge,2026-05-20,Delivery,200,2026-09-02
绍兴,sx_weighbridge,2026-05-19,Transfer,6200,2026-09-02
绍兴,sx_weighbridge,2026-05-19,Delivery,800,2026-09-02
绍兴,sx_weighbridge,2026-05-19,Delivery,14350,2026-09-02
绍兴,sx_weighbridge,2026-05-19,Receipt,95150,2026-09-02
绍兴,sx_weighbridge,2026-05-19,Transfer,9050,2026-09-02
绍兴,sx_weighbridge,2026-05-19,Delivery,11000,2026-09-02
绍兴,sx_weighbridge,2026-05-18,Delivery,7950,2026-09-02
绍兴,sx_weighbridge,2026-05-18,Receipt,57750,2026-09-02
绍兴,sx_weighbridge,2026-05-18,Delivery,39300,2026-09-02
绍兴,sx_weighbridge,2026-05-18,Delivery,550,2026-09-02
绍兴,sx_weighbridge,2026-05-18,Delivery,128500,2026-09-02
绍兴,sx_weighbridge,2026-05-17,Delivery,12250,2026-09-02
绍兴,sx_weighbridge,2026-05-17,Delivery,32200,2026-09-02
绍兴,sx_weighbridge,2026-05-17,Receipt,68900,2026-09-02
绍兴,sx_weighbridge,2026-05-17,Delivery,100,2026-09-02
绍兴,sx_weighbridge,2026-05-17,Delivery,54850,2026-09-02
绍兴,sx_weighbridge,2026-05-16,Delivery,100,2026-09-02
绍兴,sx_weighbridge,2026-05-16,Delivery,30200,2026-09-02
绍兴,sx_weighbridge,2026-05-16,Receipt,39950,2026-09-02
绍兴,sx_weighbridge,2026-05-16,Delivery,30450,2026-09-02
绍兴,sx_weighbridge,2026-05-16,Delivery,56100,2026-09-02
绍兴,sx_weighbridge,2026-05-16,Delivery,104700,2026-09-02
绍兴,sx_weighbridge,2026-05-15,Delivery,11050,2026-09-02
绍兴,sx_weighbridge,2026-05-15,Delivery,14200,2026-09-02
绍兴,sx_weighbridge,2026-05-15,Delivery,118350,2026-09-02
绍兴,sx_weighbridge,2026-05-15,Delivery,350,2026-09-02
绍兴,sx_weighbridge,2026-05-15,Receipt,66350,2026-09-02
绍兴,sx_weighbridge,2026-05-14,Delivery,14300,2026-09-02
绍兴,sx_weighbridge,2026-05-14,Receipt,232250,2026-09-02
绍兴,sx_weighbridge,2026-05-14,Delivery,1350,2026-09-02
绍兴,sx_weighbridge,2026-05-13,Delivery,32950,2026-09-02
绍兴,sx_weighbridge,2026-05-13,Transfer,9350,2026-09-02
绍兴,sx_weighbridge,2026-05-13,Delivery,0,2026-09-02
绍兴,sx_weighbridge,2026-05-13,Delivery,29950,2026-09-02
绍兴,sx_weighbridge,2026-05-13,Receipt,211900,2026-09-02
绍兴,sx_weighbridge,2026-05-13,Delivery,60400,2026-09-02
绍兴,sx_weighbridge,2026-05-12,Delivery,14450,2026-09-02
绍兴,sx_weighbridge,2026-05-12,Transfer,8400,2026-09-02
绍兴,sx_weighbridge,2026-05-12,Delivery,34800,2026-09-02
绍兴,sx_weighbridge,2026-05-12,Receipt,53100,2026-09-02
绍兴,sx_weighbridge,2026-05-12,Delivery,7100,2026-09-02
绍兴,sx_weighbridge,2026-05-12,Delivery,150,2026-09-02
绍兴,sx_weighbridge,2026-05-11,Receipt,17750,2026-09-02
绍兴,sx_weighbridge,2026-05-11,Delivery,14200,2026-09-02
绍兴,sx_weighbridge,2026-05-11,Transfer,16700,2026-09-02
绍兴,sx_weighbridge,2026-05-11,Delivery,21250,2026-09-02
绍兴,sx_weighbridge,2026-05-11,Delivery,196500,2026-09-02
绍兴,sx_weighbridge,2026-05-11,Receipt,84050,2026-09-02
绍兴,sx_weighbridge,2026-05-10,Delivery,14200,2026-09-02
绍兴,sx_weighbridge,2026-05-10,Transfer,7550,2026-09-02
绍兴,sx_weighbridge,2026-05-10,Delivery,1900,2026-09-02
绍兴,sx_weighbridge,2026-05-10,Receipt,240250,2026-09-02
绍兴,sx_weighbridge,2026-05-09,Receipt,75350,2026-09-02
绍兴,sx_weighbridge,2026-05-09,Delivery,0,2026-09-02
绍兴,sx_weighbridge,2026-05-09,Delivery,14550,2026-09-02
绍兴,sx_weighbridge,2026-05-08,Receipt,83900,2026-09-02
绍兴,sx_weighbridge,2026-05-08,Delivery,5000,2026-09-02
绍兴,sx_weighbridge,2026-05-08,Delivery,150,2026-09-02
绍兴,sx_weighbridge,2026-05-08,Delivery,8500,2026-09-02
绍兴,sx_weighbridge,2026-05-07,Delivery,1000,2026-09-02
绍兴,sx_weighbridge,2026-05-07,Receipt,53200,2026-09-02
绍兴,sx_weighbridge,2026-05-07,Delivery,6000,2026-09-02
绍兴,sx_weighbridge,2026-05-07,Delivery,72950,2026-09-02
绍兴,sx_weighbridge,2026-05-07,Delivery,129900,2026-09-02
绍兴,sx_weighbridge,2026-05-07,Delivery,300,2026-09-02
绍兴,sx_weighbridge,2026-05-06,Delivery,150,2026-09-02
绍兴,sx_weighbridge,2026-05-06,Delivery,116400,2026-09-02
绍兴,sx_weighbridge,2026-05-06,Delivery,54300,2026-09-02
绍兴,sx_weighbridge,2026-05-06,Receipt,50250,2026-09-02
绍兴,sx_weighbridge,2026-05-05,Delivery,34350,2026-09-02
绍兴,sx_weighbridge,2026-05-05,Delivery,50,2026-09-02
绍兴,sx_weighbridge,2026-05-05,Receipt,84350,2026-09-02
绍兴,sx_weighbridge,2026-05-04,Delivery,300,2026-09-02
绍兴,sx_weighbridge,2026-05-04,Receipt,70050,2026-09-02
绍兴,sx_weighbridge,2026-05-03,Delivery,550,2026-09-02
绍兴,sx_weighbridge,2026-05-03,Receipt,36000,2026-09-02
绍兴,sx_weighbridge,2026-05-03,Delivery,19050,2026-09-02
绍兴,sx_weighbridge,2026-05-02,Delivery,200,2026-09-02
绍兴,sx_weighbridge,2026-05-02,Delivery,101750,2026-09-02
绍兴,sx_weighbridge,2026-05-02,Receipt,59100,2026-09-02
绍兴,sx_weighbridge,2026-05-02,Delivery,41150,2026-09-02
绍兴,sx_weighbridge,2026-05-02,Delivery,12050,2026-09-02
绍兴,sx_weighbridge,2026-05-01,Transfer,8750,2026-09-02
绍兴,sx_weighbridge,2026-05-01,Delivery,200,2026-09-02
绍兴,sx_weighbridge,2026-05-01,Delivery,63800,2026-09-02
绍兴,sx_weighbridge,2026-05-01,Delivery,104900,2026-09-02
绍兴,sx_weighbridge,2026-05-01,Receipt,93200,2026-09-02
绍兴,sx_weighbridge,2026-04-30,Delivery,50,2026-09-02
绍兴,sx_weighbridge,2026-04-30,Transfer,8750,2026-09-02
绍兴,sx_weighbridge,2026-04-30,Receipt,38850,2026-09-02
绍兴,sx_weighbridge,2026-04-30,Delivery,50000,2026-09-02
绍兴,sx_weighbridge,2026-04-30,Delivery,86250,2026-09-02
绍兴,sx_weighbridge,2026-04-29,Delivery,42650,2026-09-02
绍兴,sx_weighbridge,2026-04-29,Transfer,15300,2026-09-02
绍兴,sx_weighbridge,2026-04-29,Delivery,50,2026-09-02
绍兴,sx_weighbridge,2026-04-29,Receipt,39700,2026-09-02
绍兴,sx_weighbridge,2026-04-28,Delivery,94550,2026-09-02
绍兴,sx_weighbridge,2026-04-28,Delivery,25950,2026-09-02
绍兴,sx_weighbridge,2026-04-28,Delivery,1750,2026-09-02
绍兴,sx_weighbridge,2026-04-28,Delivery,24550,2026-09-02
绍兴,sx_weighbridge,2026-04-28,Receipt,166100,2026-09-02
绍兴,sx_weighbridge,2026-04-27,Delivery,50,2026-09-02
绍兴,sx_weighbridge,2026-04-27,Delivery,6550,2026-09-02
绍兴,sx_weighbridge,2026-04-27,Transfer,7350,2026-09-02
绍兴,sx_weighbridge,2026-04-27,Transfer,8850,2026-09-02
绍兴,sx_weighbridge,2026-04-27,Receipt,98700,2026-09-02
绍兴,sx_weighbridge,2026-04-26,Delivery,5500,2026-09-02
绍兴,sx_weighbridge,2026-04-26,Transfer,8300,2026-09-02
绍兴,sx_weighbridge,2026-04-26,Delivery,10650,2026-09-02
绍兴,sx_weighbridge,2026-04-26,Delivery,100,2026-09-02
绍兴,sx_weighbridge,2026-04-26,Delivery,17100,2026-09-02
绍兴,sx_weighbridge,2026-04-26,Receipt,241750,2026-09-02
绍兴,sx_weighbridge,2026-04-25,Delivery,0,2026-09-02
绍兴,sx_weighbridge,2026-04-25,Receipt,74350,2026-09-02
绍兴,sx_weighbridge,2026-04-25,Delivery,76400,2026-09-02
绍兴,sx_weighbridge,2026-04-25,Delivery,78600,2026-09-02
绍兴,sx_weighbridge,2026-04-24,Delivery,115150,2026-09-02
绍兴,sx_weighbridge,2026-04-24,Delivery,185400,2026-09-02
绍兴,sx_weighbridge,2026-04-24,Delivery,50,2026-09-02
绍兴,sx_weighbridge,2026-04-24,Receipt,195550,2026-09-02
绍兴,sx_weighbridge,2026-04-23,Delivery,72600,2026-09-02
绍兴,sx_weighbridge,2026-04-23,Receipt,117500,2026-09-02
绍兴,sx_weighbridge,2026-04-23,Delivery,0,2026-09-02
绍兴,sx_weighbridge,2026-04-23,Delivery,63250,2026-09-02
绍兴,sx_weighbridge,2026-04-22,Delivery,34400,2026-09-02
绍兴,sx_weighbridge,2026-04-22,Receipt,99850,2026-09-02
绍兴,sx_weighbridge,2026-04-22,Delivery,150,2026-09-02
绍兴,sx_weighbridge,2026-04-22,Delivery,16050,2026-09-02
绍兴,sx_weighbridge,2026-04-21,Delivery,27150,2026-09-02
绍兴,sx_weighbridge,2026-04-21,Delivery,1500,2026-09-02
绍兴,sx_weighbridge,2026-04-21,Delivery,92400,2026-09-02
绍兴,sx_weighbridge,2026-04-21,Receipt,148300,2026-09-02
绍兴,sx_weighbridge,2026-04-20,Transfer,6650,2026-09-02
绍兴,sx_weighbridge,2026-04-20,Delivery,75400,2026-09-02
绍兴,sx_weighbridge,2026-04-20,Delivery,50,2026-09-02
绍兴,sx_weighbridge,2026-04-20,Transfer,9100,2026-09-02
绍兴,sx_weighbridge,2026-04-20,Delivery,31600,2026-09-02
绍兴,sx_weighbridge,2026-04-20,Receipt,249000,2026-09-02
绍兴,sx_weighbridge,2026-04-19,Delivery,150,2026-09-02
绍兴,sx_weighbridge,2026-04-19,Delivery,60350,2026-09-02
绍兴,sx_weighbridge,2026-04-19,Delivery,13850,2026-09-02
绍兴,sx_weighbridge,2026-04-19,Receipt,256950,2026-09-02
绍兴,sx_weighbridge,2026-04-19,Delivery,202650,2026-09-02
绍兴,sx_weighbridge,2026-04-18,Delivery,133950,2026-09-02
绍兴,sx_weighbridge,2026-04-18,Delivery,11850,2026-09-02
绍兴,sx_weighbridge,2026-04-18,Delivery,0,2026-09-02
绍兴,sx_weighbridge,2026-04-18,Delivery,159650,2026-09-02
绍兴,sx_weighbridge,2026-04-18,Receipt,35850,2026-09-02
绍兴,sx_weighbridge,2026-04-17,Delivery,100,2026-09-02
绍兴,sx_weighbridge,2026-04-17,Receipt,96650,2026-09-02
绍兴,sx_weighbridge,2026-04-17,Delivery,120300,2026-09-02
绍兴,sx_weighbridge,2026-04-16,Delivery,42400,2026-09-02
绍兴,sx_weighbridge,2026-04-16,Delivery,1550,2026-09-02
绍兴,sx_weighbridge,2026-04-16,Receipt,51500,2026-09-02
绍兴,sx_weighbridge,2026-04-16,Delivery,64950,2026-09-02
绍兴,sx_weighbridge,2026-04-15,Delivery,33200,2026-09-02
绍兴,sx_weighbridge,2026-04-15,Delivery,100,2026-09-02
绍兴,sx_weighbridge,2026-04-15,Delivery,7200,2026-09-02
绍兴,sx_weighbridge,2026-04-15,Receipt,61350,2026-09-02
绍兴,sx_weighbridge,2026-04-15,Delivery,43050,2026-09-02
绍兴,sx_weighbridge,2026-04-14,Transfer,8750,2026-09-02
绍兴,sx_weighbridge,2026-04-14,Delivery,16500,2026-09-02
绍兴,sx_weighbridge,2026-04-14,Receipt,55750,2026-09-02
绍兴,sx_weighbridge,2026-04-14,Delivery,150,2026-09-02
绍兴,sx_weighbridge,2026-04-14,Delivery,7600,2026-09-02
绍兴,sx_weighbridge,2026-04-13,Delivery,100,2026-09-02
绍兴,sx_weighbridge,2026-04-13,Delivery,15750,2026-09-02
绍兴,sx_weighbridge,2026-04-13,Receipt,117800,2026-09-02
绍兴,sx_weighbridge,2026-04-13,Delivery,13750,2026-09-02
绍兴,sx_weighbridge,2026-04-12,Delivery,95950,2026-09-02
绍兴,sx_weighbridge,2026-04-12,Delivery,32850,2026-09-02
绍兴,sx_weighbridge,2026-04-12,Delivery,1700,2026-09-02
绍兴,sx_weighbridge,2026-04-12,Receipt,57950,2026-09-02
绍兴,sx_weighbridge,2026-04-12,Delivery,35050,2026-09-02
绍兴,sx_weighbridge,2026-04-11,Delivery,105800,2026-09-02
绍兴,sx_weighbridge,2026-04-11,Receipt,54550,2026-09-02
绍兴,sx_weighbridge,2026-04-11,Delivery,17800,2026-09-02
绍兴,sx_weighbridge,2026-04-11,Delivery,100,2026-09-02
绍兴,sx_weighbridge,2026-04-10,Receipt,3000,2026-09-02
绍兴,sx_weighbridge,2026-04-10,Receipt,65650,2026-09-02
绍兴,sx_weighbridge,2026-04-10,Delivery,54750,2026-09-02
绍兴,sx_weighbridge,2026-04-10,Delivery,500,2026-09-02
绍兴,sx_weighbridge,2026-04-09,Delivery,750,2026-09-02
绍兴,sx_weighbridge,2026-04-09,Delivery,14300,2026-09-02
绍兴,sx_weighbridge,2026-04-09,Receipt,67350,2026-09-02
绍兴,sx_weighbridge,2026-04-09,Delivery,71950,2026-09-02
绍兴,sx_weighbridge,2026-04-08,Delivery,800,2026-09-02
绍兴,sx_weighbridge,2026-04-08,Receipt,79800,2026-09-02
绍兴,sx_weighbridge,2026-04-08,Delivery,17750,2026-09-02
绍兴,sx_weighbridge,2026-04-08,Delivery,54550,2026-09-02
绍兴,sx_weighbridge,2026-04-07,Delivery,27950,2026-09-02
绍兴,sx_weighbridge,2026-04-07,Delivery,1100,2026-09-02
绍兴,sx_weighbridge,2026-04-07,Receipt,40650,2026-09-02
绍兴,sx_weighbridge,2026-04-07,Delivery,59450,2026-09-02
绍兴,sx_weighbridge,2026-04-06,Transfer,9100,2026-09-02
绍兴,sx_weighbridge,2026-04-06,Receipt,67100,2026-09-02
绍兴,sx_weighbridge,2026-04-06,Delivery,100,2026-09-02
绍兴,sx_weighbridge,2026-04-06,Delivery,112350,2026-09-02
绍兴,sx_weighbridge,2026-04-06,Delivery,28750,2026-09-02
绍兴,sx_weighbridge,2026-04-06,Delivery,133800,2026-09-02
绍兴,sx_weighbridge,2026-04-05,Delivery,1300,2026-09-02
绍兴,sx_weighbridge,2026-04-05,Transfer,17750,2026-09-02
绍兴,sx_weighbridge,2026-04-05,Receipt,39950,2026-09-02
绍兴,sx_weighbridge,2026-04-05,Delivery,53100,2026-09-02
绍兴,sx_weighbridge,2026-04-05,Delivery,69400,2026-09-02
绍兴,sx_weighbridge,2026-04-05,Delivery,119700,2026-09-02
绍兴,sx_weighbridge,2026-04-04,Delivery,28950,2026-09-02
绍兴,sx_weighbridge,2026-04-04,Delivery,100,2026-09-02
绍兴,sx_weighbridge,2026-04-04,Delivery,58850,2026-09-02
绍兴,sx_weighbridge,2026-04-04,Delivery,57400,2026-09-02
绍兴,sx_weighbridge,2026-04-04,Receipt,109800,2026-09-02
绍兴,sx_weighbridge,2026-04-03,Receipt,101400,2026-09-02
绍兴,sx_weighbridge,2026-04-03,Delivery,7950,2026-09-02
绍兴,sx_weighbridge,2026-04-03,Delivery,21900,2026-09-02
绍兴,sx_weighbridge,2026-04-03,Delivery,1250,2026-09-02
绍兴,sx_weighbridge,2026-04-03,Delivery,13300,2026-09-02
绍兴,sx_weighbridge,2026-04-02,Delivery,900,2026-09-02
绍兴,sx_weighbridge,2026-04-02,Delivery,9700,2026-09-02
绍兴,sx_weighbridge,2026-04-02,Delivery,2450,2026-09-02
绍兴,sx_weighbridge,2026-04-02,Receipt,119400,2026-09-02
绍兴,sx_weighbridge,2026-04-02,Delivery,8600,2026-09-02
绍兴,sx_weighbridge,2026-04-02,Delivery,44050,2026-09-02
绍兴,sx_weighbridge,2026-04-02,Delivery,39700,2026-09-02
绍兴,sx_weighbridge,2026-04-01,Receipt,49900,2026-09-02
绍兴,sx_weighbridge,2026-04-01,Delivery,19450,2026-09-02
绍兴,sx_weighbridge,2026-04-01,Delivery,3200,2026-09-02
绍兴,sx_weighbridge,2026-04-01,Delivery,7750,2026-09-02
绍兴,sx_weighbridge,2026-03-31,Delivery,0,2026-09-02
绍兴,sx_weighbridge,2026-03-31,Delivery,8550,2026-09-02
绍兴,sx_weighbridge,2026-03-31,Delivery,54300,2026-09-02
绍兴,sx_weighbridge,2026-03-31,Receipt,124650,2026-09-02
绍兴,sx_weighbridge,2026-03-31,Delivery,12700,2026-09-02
绍兴,sx_weighbridge,2026-03-30,Delivery,35950,2026-09-02
绍兴,sx_weighbridge,2026-03-30,Delivery,6000,2026-09-02
绍兴,sx_weighbridge,2026-03-30,Delivery,32150,2026-09-02
绍兴,sx_weighbridge,2026-03-30,Receipt,107650,2026-09-02
绍兴,sx_weighbridge,2026-03-30,Delivery,68700,2026-09-02
绍兴,sx_weighbridge,2026-03-30,Delivery,200,2026-09-02
绍兴,sx_weighbridge,2026-03-29,Delivery,34600,2026-09-02
绍兴,sx_weighbridge,2026-03-29,Transfer,7950,2026-09-02
绍兴,sx_weighbridge,2026-03-29,Receipt,500,2026-09-02
绍兴,sx_weighbridge,2026-03-29,Delivery,10200,2026-09-02
绍兴,sx_weighbridge,2026-03-29,Delivery,57300,2026-09-02
绍兴,sx_weighbridge,2026-03-29,Receipt,25100,2026-09-02
绍兴,sx_weighbridge,2026-03-28,Transfer,8500,2026-09-02
绍兴,sx_weighbridge,2026-03-28,Delivery,31100,2026-09-02
绍兴,sx_weighbridge,2026-03-28,Delivery,87050,2026-09-02
绍兴,sx_weighbridge,2026-03-28,Receipt,35100,2026-09-02
绍兴,sx_weighbridge,2026-03-28,Delivery,3250,2026-09-02
绍兴,sx_weighbridge,2026-03-28,Delivery,38600,2026-09-02
绍兴,sx_weighbridge,2026-03-27,Delivery,9500,2026-09-02
绍兴,sx_weighbridge,2026-03-27,Transfer,8900,2026-09-02
绍兴,sx_weighbridge,2026-03-27,Delivery,3000,2026-09-02
绍兴,sx_weighbridge,2026-03-27,Delivery,71900,2026-09-02
绍兴,sx_weighbridge,2026-03-27,Receipt,132100,2026-09-02
绍兴,sx_weighbridge,2026-03-27,Delivery,18400,2026-09-02
绍兴,sx_weighbridge,2026-03-26,Delivery,19950,2026-09-02
绍兴,sx_weighbridge,2026-03-26,Delivery,2700,2026-09-02
绍兴,sx_weighbridge,2026-03-26,Delivery,92400,2026-09-02
绍兴,sx_weighbridge,2026-03-26,Delivery,44700,2026-09-02
绍兴,sx_weighbridge,2026-03-26,Receipt,169500,2026-09-02
绍兴,sx_weighbridge,2026-03-25,Delivery,49700,2026-09-02
绍兴,sx_weighbridge,2026-03-25,Delivery,92800,2026-09-02
绍兴,sx_weighbridge,2026-03-25,Delivery,4000,2026-09-02
绍兴,sx_weighbridge,2026-03-25,Delivery,10900,2026-09-02
绍兴,sx_weighbridge,2026-03-25,Receipt,169250,2026-09-02
绍兴,sx_weighbridge,2026-03-24,Delivery,11450,2026-09-02
绍兴,sx_weighbridge,2026-03-24,Receipt,200050,2026-09-02
绍兴,sx_weighbridge,2026-03-24,Delivery,1500,2026-09-02
绍兴,sx_weighbridge,2026-03-24,Delivery,30350,2026-09-02
绍兴,sx_weighbridge,2026-03-24,Delivery,32050,2026-09-02
绍兴,sx_weighbridge,2026-03-24,Delivery,56350,2026-09-02
绍兴,sx_weighbridge,2026-03-23,Delivery,132100,2026-09-02
绍兴,sx_weighbridge,2026-03-23,Delivery,77100,2026-09-02
绍兴,sx_weighbridge,2026-03-23,Receipt,145150,2026-09-02
绍兴,sx_weighbridge,2026-03-23,Delivery,1700,2026-09-02
绍兴,sx_weighbridge,2026-03-23,Delivery,68750,2026-09-02
绍兴,sx_weighbridge,2026-03-22,Delivery,3600,2026-09-02
绍兴,sx_weighbridge,2026-03-22,Delivery,34950,2026-09-02
绍兴,sx_weighbridge,2026-03-22,Delivery,0,2026-09-02
绍兴,sx_weighbridge,2026-03-22,Receipt,157400,2026-09-02
绍兴,sx_weighbridge,2026-03-22,Delivery,42250,2026-09-02
绍兴,sx_weighbridge,2026-03-21,Transfer,8200,2026-09-02
绍兴,sx_weighbridge,2026-03-21,Delivery,64100,2026-09-02
绍兴,sx_weighbridge,2026-03-21,Delivery,67550,2026-09-02
绍兴,sx_weighbridge,2026-03-21,Receipt,73550,2026-09-02
绍兴,sx_weighbridge,2026-03-21,Delivery,53250,2026-09-02
绍兴,sx_weighbridge,2026-03-21,Delivery,450,2026-09-02
绍兴,sx_weighbridge,2026-03-20,Delivery,0,2026-09-02
绍兴,sx_weighbridge,2026-03-20,Transfer,8500,2026-09-02
绍兴,sx_weighbridge,2026-03-20,Transfer,7450,2026-09-02
绍兴,sx_weighbridge,2026-03-20,Delivery,61650,2026-09-02
绍兴,sx_weighbridge,2026-03-20,Receipt,127750,2026-09-02
绍兴,sx_weighbridge,2026-03-20,Delivery,36400,2026-09-02
绍兴,sx_weighbridge,2026-03-20,Delivery,27950,2026-09-02
绍兴,sx_weighbridge,2026-03-19,Delivery,77550,2026-09-02
绍兴,sx_weighbridge,2026-03-19,Delivery,23650,2026-09-02
绍兴,sx_weighbridge,2026-03-19,Receipt,119450,2026-09-02
绍兴,sx_weighbridge,2026-03-19,Delivery,110050,2026-09-02
绍兴,sx_weighbridge,2026-03-19,Delivery,1650,2026-09-02
绍兴,sx_weighbridge,2026-03-18,Delivery,21950,2026-09-02
绍兴,sx_weighbridge,2026-03-18,Receipt,183100,2026-09-02
绍兴,sx_weighbridge,2026-03-18,Delivery,80400,2026-09-02
绍兴,sx_weighbridge,2026-03-18,Delivery,62500,2026-09-02
绍兴,sx_weighbridge,2026-03-18,Delivery,50,2026-09-02
绍兴,sx_weighbridge,2026-03-18,Delivery,61950,2026-09-02
绍兴,sx_weighbridge,2026-03-17,Delivery,21000,2026-09-02
绍兴,sx_weighbridge,2026-03-17,Delivery,18650,2026-09-02
绍兴,sx_weighbridge,2026-03-17,Delivery,89100,2026-09-02
绍兴,sx_weighbridge,2026-03-17,Transfer,8250,2026-09-02
绍兴,sx_weighbridge,2026-03-17,Receipt,191050,2026-09-02
绍兴,sx_weighbridge,2026-03-17,Delivery,100,2026-09-02
绍兴,sx_weighbridge,2026-03-16,Delivery,22400,2026-09-02
绍兴,sx_weighbridge,2026-03-16,Delivery,53000,2026-09-02
绍兴,sx_weighbridge,2026-03-16,Receipt,187250,2026-09-02
绍兴,sx_weighbridge,2026-03-16,Delivery,1750,2026-09-02
绍兴,sx_weighbridge,2026-03-16,Delivery,163450,2026-09-02
绍兴,sx_weighbridge,2026-03-15,Delivery,0,2026-09-02
绍兴,sx_weighbridge,2026-03-15,Delivery,109400,2026-09-02
绍兴,sx_weighbridge,2026-03-15,Receipt,321900,2026-09-02
绍兴,sx_weighbridge,2026-03-15,Delivery,9450,2026-09-02
绍兴,sx_weighbridge,2026-03-15,Transfer,27250,2026-09-02
绍兴,sx_weighbridge,2026-03-14,Transfer,17850,2026-09-02
绍兴,sx_weighbridge,2026-03-14,Delivery,78550,2026-09-02
绍兴,sx_weighbridge,2026-03-14,Transfer,8850,2026-09-02
绍兴,sx_weighbridge,2026-03-14,Delivery,56700,2026-09-02
绍兴,sx_weighbridge,2026-03-14,Delivery,0,2026-09-02
绍兴,sx_weighbridge,2026-03-14,Receipt,178850,2026-09-02
绍兴,sx_weighbridge,2026-03-13,Transfer,17700,2026-09-02
绍兴,sx_weighbridge,2026-03-13,Delivery,26550,2026-09-02
绍兴,sx_weighbridge,2026-03-13,Delivery,63800,2026-09-02
绍兴,sx_weighbridge,2026-03-13,Transfer,6000,2026-09-02
绍兴,sx_weighbridge,2026-03-13,Receipt,97500,2026-09-02
绍兴,sx_weighbridge,2026-03-13,Delivery,13450,2026-09-02
绍兴,sx_weighbridge,2026-03-13,Delivery,4000,2026-09-02
绍兴,sx_weighbridge,2026-03-12,Delivery,850,2026-09-02
绍兴,sx_weighbridge,2026-03-12,Delivery,73700,2026-09-02
绍兴,sx_weighbridge,2026-03-12,Delivery,43700,2026-09-02
绍兴,sx_weighbridge,2026-03-12,Delivery,60650,2026-09-02
绍兴,sx_weighbridge,2026-03-12,Receipt,121550,2026-09-02
绍兴,sx_weighbridge,2026-03-12,Delivery,1450,2026-09-02
绍兴,sx_weighbridge,2026-03-11,Delivery,18150,2026-09-02
绍兴,sx_weighbridge,2026-03-11,Receipt,78900,2026-09-02
绍兴,sx_weighbridge,2026-03-11,Delivery,200,2026-09-02
绍兴,sx_weighbridge,2026-03-11,Delivery,28400,2026-09-02
绍兴,sx_weighbridge,2026-03-10,Delivery,7450,2026-09-02
绍兴,sx_weighbridge,2026-03-10,Delivery,71850,2026-09-02
绍兴,sx_weighbridge,2026-03-10,Receipt,156550,2026-09-02
绍兴,sx_weighbridge,2026-03-10,Delivery,12300,2026-09-02
绍兴,sx_weighbridge,2026-03-10,Delivery,39250,2026-09-02
绍兴,sx_weighbridge,2026-03-09,Delivery,38350,2026-09-02
绍兴,sx_weighbridge,2026-03-09,Receipt,91250,2026-09-02
绍兴,sx_weighbridge,2026-03-09,Delivery,22450,2026-09-02
绍兴,sx_weighbridge,2026-03-09,Delivery,66700,2026-09-02
绍兴,sx_weighbridge,2026-03-09,Delivery,2300,2026-09-02
绍兴,sx_weighbridge,2026-03-08,Receipt,47050,2026-09-02
绍兴,sx_weighbridge,2026-03-08,Delivery,11150,2026-09-02
绍兴,sx_weighbridge,2026-03-08,Delivery,12650,2026-09-02
绍兴,sx_weighbridge,2026-03-08,Delivery,1500,2026-09-02
绍兴,sx_weighbridge,2026-03-07,Receipt,52550,2026-09-02
绍兴,sx_weighbridge,2026-03-07,Delivery,12700,2026-09-02
绍兴,sx_weighbridge,2026-03-07,Delivery,17300,2026-09-02
绍兴,sx_weighbridge,2026-03-07,Delivery,150,2026-09-02
绍兴,sx_weighbridge,2026-03-07,Delivery,50000,2026-09-02
绍兴,sx_weighbridge,2026-03-07,Delivery,7250,2026-09-02
绍兴,sx_weighbridge,2026-03-06,Transfer,17750,2026-09-02
绍兴,sx_weighbridge,2026-03-06,Delivery,57400,2026-09-02
绍兴,sx_weighbridge,2026-03-06,Receipt,68600,2026-09-02
绍兴,sx_weighbridge,2026-03-06,Delivery,34550,2026-09-02
绍兴,sx_weighbridge,2026-03-06,Delivery,250,2026-09-02
绍兴,sx_weighbridge,2026-03-06,Delivery,8100,2026-09-02
绍兴,sx_weighbridge,2026-03-05,Receipt,64300,2026-09-02
绍兴,sx_weighbridge,2026-03-05,Delivery,45300,2026-09-02
绍兴,sx_weighbridge,2026-03-05,Delivery,31650,2026-09-02
绍兴,sx_weighbridge,2026-03-05,Transfer,8000,2026-09-02
绍兴,sx_weighbridge,2026-03-05,Delivery,1000,2026-09-02
绍兴,sx_weighbridge,2026-03-05,Delivery,44500,2026-09-02
绍兴,sx_weighbridge,2026-03-04,Delivery,15650,2026-09-02
绍兴,sx_weighbridge,2026-03-04,Delivery,2150,2026-09-02
绍兴,sx_weighbridge,2026-03-04,Receipt,70800,2026-09-02
绍兴,sx_weighbridge,2026-03-04,Transfer,13550,2026-09-02
绍兴,sx_weighbridge,2026-03-04,Delivery,64200,2026-09-02
绍兴,sx_weighbridge,2026-03-04,Delivery,5800,2026-09-02
绍兴,sx_weighbridge,2026-03-03,Delivery,27450,2026-09-02
绍兴,sx_weighbridge,2026-03-03,Delivery,100,2026-09-02
绍兴,sx_weighbridge,2026-03-03,Delivery,53000,2026-09-02
绍兴,sx_weighbridge,2026-03-03,Delivery,74250,2026-09-02
绍兴,sx_weighbridge,2026-03-03,Receipt,14900,2026-09-02
绍兴,sx_weighbridge,2026-03-02,Receipt,16650,2026-09-02
绍兴,sx_weighbridge,2026-03-02,Delivery,4450,2026-09-02
绍兴,sx_weighbridge,2026-03-02,Delivery,22650,2026-09-02
绍兴,sx_weighbridge,2026-03-02,Delivery,200,2026-09-02
绍兴,sx_weighbridge,2026-03-01,Delivery,150,2026-09-02
绍兴,sx_weighbridge,2026-02-28,Delivery,150,2026-09-02
绍兴,sx_weighbridge,2026-02-28,Delivery,24000,2026-09-02
绍兴,sx_weighbridge,2026-02-27,Delivery,5650,2026-09-02
绍兴,sx_weighbridge,2026-02-27,Delivery,2000,2026-09-02
绍兴,sx_weighbridge,2026-02-26,Delivery,0,2026-09-02
绍兴,sx_weighbridge,2026-02-26,Delivery,4050,2026-09-02
绍兴,sx_weighbridge,2026-02-25,Delivery,150,2026-09-02
绍兴,sx_weighbridge,2026-02-24,Delivery,50,2026-09-02
绍兴,sx_weighbridge,2026-02-10,Receipt,19250,2026-09-02
绍兴,sx_weighbridge,2026-02-10,Delivery,1500,2026-09-02
绍兴,sx_weighbridge,2026-02-09,Receipt,63950,2026-09-02
绍兴,sx_weighbridge,2026-02-09,Delivery,2800,2026-09-02
绍兴,sx_weighbridge,2026-02-09,Delivery,36450,2026-09-02
绍兴,sx_weighbridge,2026-02-08,Delivery,64800,2026-09-02
绍兴,sx_weighbridge,2026-02-08,Delivery,4600,2026-09-02
绍兴,sx_weighbridge,2026-02-08,Receipt,130900,2026-09-02
绍兴,sx_weighbridge,2026-02-07,Delivery,200,2026-09-02
绍兴,sx_weighbridge,2026-02-07,Receipt,42500,2026-09-02
绍兴,sx_weighbridge,2026-02-07,Delivery,65650,2026-09-02
绍兴,sx_weighbridge,2026-02-06,Receipt,194600,2026-09-02
绍兴,sx_weighbridge,2026-02-06,Delivery,4050,2026-09-02
绍兴,sx_weighbridge,2026-02-05,Receipt,145050,2026-09-02
绍兴,sx_weighbridge,2026-02-05,Delivery,119950,2026-09-02
绍兴,sx_weighbridge,2026-02-05,Delivery,50050,2026-09-02
绍兴,sx_weighbridge,2026-02-05,Delivery,200,2026-09-02
绍兴,sx_weighbridge,2026-02-04,Receipt,150500,2026-09-02
绍兴,sx_weighbridge,2026-02-04,Delivery,2700,2026-09-02
绍兴,sx_weighbridge,2026-02-04,Delivery,120750,2026-09-02
绍兴,sx_weighbridge,2026-02-04,Delivery,69100,2026-09-02
绍兴,sx_weighbridge,2026-02-03,Transfer,8300,2026-09-02
绍兴,sx_weighbridge,2026-02-03,Delivery,2550,2026-09-02
绍兴,sx_weighbridge,2026-02-03,Transfer,8100,2026-09-02
绍兴,sx_weighbridge,2026-02-03,Delivery,70700,2026-09-02
绍兴,sx_weighbridge,2026-02-03,Delivery,39500,2026-09-02
绍兴,sx_weighbridge,2026-02-03,Delivery,78850,2026-09-02
绍兴,sx_weighbridge,2026-02-03,Delivery,96200,2026-09-02
绍兴,sx_weighbridge,2026-02-03,Receipt,164500,2026-09-02
绍兴,sx_weighbridge,2026-02-02,Delivery,250,2026-09-02
绍兴,sx_weighbridge,2026-02-02,Delivery,24850,2026-09-02
绍兴,sx_weighbridge,2026-02-02,Delivery,22700,2026-09-02
绍兴,sx_weighbridge,2026-02-02,Receipt,110350,2026-09-02
绍兴,sx_weighbridge,2026-02-02,Delivery,108550,2026-09-02
绍兴,sx_weighbridge,2026-02-01,Delivery,1000,2026-09-02
绍兴,sx_weighbridge,2026-02-01,Delivery,32500,2026-09-02
绍兴,sx_weighbridge,2026-02-01,Receipt,112750,2026-09-02
绍兴,sx_weighbridge,2026-02-01,Delivery,2400,2026-09-02
绍兴,sx_weighbridge,2026-01-31,Delivery,23000,2026-09-02
绍兴,sx_weighbridge,2026-01-31,Receipt,37500,2026-09-02
绍兴,sx_weighbridge,2026-01-31,Delivery,2050,2026-09-02
绍兴,sx_weighbridge,2026-01-30,Receipt,68750,2026-09-02
绍兴,sx_weighbridge,2026-01-30,Delivery,150,2026-09-02
绍兴,sx_weighbridge,2026-01-29,Transfer,7800,2026-09-02
绍兴,sx_weighbridge,2026-01-29,Delivery,26200,2026-09-02
绍兴,sx_weighbridge,2026-01-29,Receipt,94200,2026-09-02
绍兴,sx_weighbridge,2026-01-29,Delivery,1550,2026-09-02
绍兴,sx_weighbridge,2026-01-29,Delivery,28100,2026-09-02
绍兴,sx_weighbridge,2026-01-29,Delivery,5900,2026-09-02
绍兴,sx_weighbridge,2026-01-28,Transfer,7750,2026-09-02
绍兴,sx_weighbridge,2026-01-28,Delivery,33650,2026-09-02
绍兴,sx_weighbridge,2026-01-28,Delivery,10950,2026-09-02
绍兴,sx_weighbridge,2026-01-28,Delivery,77500,2026-09-02
绍兴,sx_weighbridge,2026-01-28,Receipt,93150,2026-09-02
绍兴,sx_weighbridge,2026-01-28,Delivery,200,2026-09-02
绍兴,sx_weighbridge,2026-01-27,Transfer,9050,2026-09-02
绍兴,sx_weighbridge,2026-01-27,Delivery,14300,2026-09-02
绍兴,sx_weighbridge,2026-01-27,Delivery,400,2026-09-02
绍兴,sx_weighbridge,2026-01-27,Delivery,79500,2026-09-02
绍兴,sx_weighbridge,2026-01-27,Delivery,208750,2026-09-02
绍兴,sx_weighbridge,2026-01-27,Receipt,140650,2026-09-02
绍兴,sx_weighbridge,2026-01-26,Transfer,15950,2026-09-02
绍兴,sx_weighbridge,2026-01-26,Delivery,7150,2026-09-02
绍兴,sx_weighbridge,2026-01-26,Delivery,86400,2026-09-02
绍兴,sx_weighbridge,2026-01-26,Delivery,55500,2026-09-02
绍兴,sx_weighbridge,2026-01-26,Receipt,166500,2026-09-02
绍兴,sx_weighbridge,2026-01-26,Delivery,2250,2026-09-02
绍兴,sx_weighbridge,2026-01-25,Receipt,62250,2026-09-02
绍兴,sx_weighbridge,2026-01-25,Delivery,450,2026-09-02
绍兴,sx_weighbridge,2026-01-25,Transfer,14850,2026-09-02
绍兴,sx_weighbridge,2026-01-24,Delivery,66250,2026-09-02
绍兴,sx_weighbridge,2026-01-24,Transfer,26050,2026-09-02
绍兴,sx_weighbridge,2026-01-24,Delivery,10000,2026-09-02
绍兴,sx_weighbridge,2026-01-24,Delivery,250,2026-09-02
绍兴,sx_weighbridge,2026-01-24,Receipt,83150,2026-09-02
绍兴,sx_weighbridge,2026-01-23,Delivery,88450,2026-09-02
绍兴,sx_weighbridge,2026-01-23,Transfer,7200,2026-09-02
绍兴,sx_weighbridge,2026-01-23,Receipt,63350,2026-09-02
绍兴,sx_weighbridge,2026-01-23,Delivery,450,2026-09-02
绍兴,sx_weighbridge,2026-01-23,Delivery,24050,2026-09-02
绍兴,sx_weighbridge,2026-01-22,Transfer,15850,2026-09-02
绍兴,sx_weighbridge,2026-01-22,Delivery,92900,2026-09-02
绍兴,sx_weighbridge,2026-01-22,Receipt,66150,2026-09-02
绍兴,sx_weighbridge,2026-01-22,Delivery,106500,2026-09-02
绍兴,sx_weighbridge,2026-01-22,Delivery,2150,2026-09-02
绍兴,sx_weighbridge,2026-01-21,Delivery,28650,2026-09-02
绍兴,sx_weighbridge,2026-01-21,Receipt,82200,2026-09-02
绍兴,sx_weighbridge,2026-01-21,Delivery,100,2026-09-02
绍兴,sx_weighbridge,2026-01-21,Delivery,90950,2026-09-02
绍兴,sx_weighbridge,2026-01-20,Delivery,15150,2026-09-02
绍兴,sx_weighbridge,2026-01-20,Delivery,58250,2026-09-02
绍兴,sx_weighbridge,2026-01-20,Receipt,108650,2026-09-02
绍兴,sx_weighbridge,2026-01-20,Delivery,750,2026-09-02
绍兴,sx_weighbridge,2026-01-20,Delivery,108800,2026-09-02
绍兴,sx_weighbridge,2026-01-19,Delivery,8150,2026-09-02
绍兴,sx_weighbridge,2026-01-19,Delivery,8700,2026-09-02
绍兴,sx_weighbridge,2026-01-19,Delivery,111300,2026-09-02
绍兴,sx_weighbridge,2026-01-19,Delivery,50,2026-09-02
绍兴,sx_weighbridge,2026-01-19,Receipt,94850,2026-09-02
绍兴,sx_weighbridge,2026-01-18,Delivery,92200,2026-09-02
绍兴,sx_weighbridge,2026-01-18,Delivery,2250,2026-09-02
绍兴,sx_weighbridge,2026-01-18,Receipt,92600,2026-09-02
绍兴,sx_weighbridge,2026-01-18,Delivery,75550,2026-09-02
绍兴,sx_weighbridge,2026-01-18,Delivery,26550,2026-09-02
绍兴,sx_weighbridge,2026-01-17,Delivery,6500,2026-09-02
绍兴,sx_weighbridge,2026-01-17,Delivery,2250,2026-09-02
绍兴,sx_weighbridge,2026-01-17,Delivery,14300,2026-09-02
绍兴,sx_weighbridge,2026-01-17,Delivery,121300,2026-09-02
绍兴,sx_weighbridge,2026-01-17,Receipt,108600,2026-09-02
绍兴,sx_weighbridge,2026-01-16,Receipt,116050,2026-09-02
绍兴,sx_weighbridge,2026-01-16,Delivery,150,2026-09-02
绍兴,sx_weighbridge,2026-01-16,Delivery,10200,2026-09-02
绍兴,sx_weighbridge,2026-01-16,Delivery,98000,2026-09-02
绍兴,sx_weighbridge,2026-01-15,Delivery,55450,2026-09-02
绍兴,sx_weighbridge,2026-01-15,Delivery,450,2026-09-02
绍兴,sx_weighbridge,2026-01-15,Receipt,170650,2026-09-02
绍兴,sx_weighbridge,2026-01-15,Delivery,20250,2026-09-02
绍兴,sx_weighbridge,2026-01-14,Delivery,43350,2026-09-02
绍兴,sx_weighbridge,2026-01-14,Delivery,150,2026-09-02
绍兴,sx_weighbridge,2026-01-14,Delivery,103000,2026-09-02
绍兴,sx_weighbridge,2026-01-14,Receipt,100400,2026-09-02
绍兴,sx_weighbridge,2026-01-14,Delivery,71850,2026-09-02
绍兴,sx_weighbridge,2026-01-13,Delivery,42850,2026-09-02
绍兴,sx_weighbridge,2026-01-13,Delivery,1000,2026-09-02
绍兴,sx_weighbridge,2026-01-13,Receipt,141650,2026-09-02
绍兴,sx_weighbridge,2026-01-13,Delivery,173200,2026-09-02
绍兴,sx_weighbridge,2026-01-13,Delivery,11450,2026-09-02
绍兴,sx_weighbridge,2026-01-12,Receipt,163000,2026-09-02
绍兴,sx_weighbridge,2026-01-12,Delivery,155950,2026-09-02
绍兴,sx_weighbridge,2026-01-12,Delivery,850,2026-09-02
绍兴,sx_weighbridge,2026-01-12,Delivery,22550,2026-09-02
绍兴,sx_weighbridge,2026-01-11,Delivery,46800,2026-09-02
绍兴,sx_weighbridge,2026-01-11,Delivery,100,2026-09-02
绍兴,sx_weighbridge,2026-01-11,Receipt,151650,2026-09-02
绍兴,sx_weighbridge,2026-01-11,Delivery,22200,2026-09-02
绍兴,sx_weighbridge,2026-01-10,Receipt,45800,2026-09-02
绍兴,sx_weighbridge,2026-01-10,Delivery,10500,2026-09-02
绍兴,sx_weighbridge,2026-01-10,Delivery,3750,2026-09-02
绍兴,sx_weighbridge,2026-01-09,Delivery,12050,2026-09-02
绍兴,sx_weighbridge,2026-01-09,Delivery,10350,2026-09-02
绍兴,sx_weighbridge,2026-01-09,Delivery,100,2026-09-02
绍兴,sx_weighbridge,2026-01-09,Receipt,53100,2026-09-02
绍兴,sx_weighbridge,2026-01-08,Delivery,18850,2026-09-02
绍兴,sx_weighbridge,2026-01-08,Receipt,54350,2026-09-02
绍兴,sx_weighbridge,2026-01-08,Delivery,2200,2026-09-02
绍兴,sx_weighbridge,2026-01-07,Delivery,117950,2026-09-02
绍兴,sx_weighbridge,2026-01-07,Delivery,1600,2026-09-02
绍兴,sx_weighbridge,2026-01-07,Receipt,117050,2026-09-02
绍兴,sx_weighbridge,2026-01-06,Delivery,100,2026-09-02
绍兴,sx_weighbridge,2026-01-06,Receipt,57850,2026-09-02
绍兴,sx_weighbridge,2026-01-06,Delivery,11150,2026-09-02
绍兴,sx_weighbridge,2026-01-06,Receipt,11350,2026-09-02
绍兴,sx_weighbridge,2026-01-05,Receipt,67850,2026-09-02
绍兴,sx_weighbridge,2026-01-05,Delivery,43800,2026-09-02
绍兴,sx_weighbridge,2026-01-05,Delivery,600,2026-09-02
绍兴,sx_weighbridge,2026-01-04,Delivery,197800,2026-09-02
绍兴,sx_weighbridge,2026-01-04,Receipt,35500,2026-09-02
绍兴,sx_weighbridge,2026-01-04,Delivery,29800,2026-09-02
绍兴,sx_weighbridge,2026-01-04,Delivery,0,2026-09-02
绍兴,sx_weighbridge,2026-01-04,Receipt,5950,2026-09-02
绍兴,sx_weighbridge,2026-01-03,Delivery,60800,2026-09-02
绍兴,sx_weighbridge,2026-01-03,Delivery,2000,2026-09-02
绍兴,sx_weighbridge,2026-01-03,Delivery,7300,2026-09-02
绍兴,sx_weighbridge,2026-01-02,Delivery,33100,2026-09-02
绍兴,sx_weighbridge,2026-01-02,Delivery,7800,2026-09-02
绍兴,sx_weighbridge,2026-01-02,Receipt,43000,2026-09-02
绍兴,sx_weighbridge,2026-01-02,Delivery,200,2026-09-02
绍兴,sx_weighbridge,2026-01-02,Delivery,60350,2026-09-02
绍兴,sx_weighbridge,2026-01-01,Delivery,101000,2026-09-02
绍兴,sx_weighbridge,2026-01-01,Receipt,40950,2026-09-02
绍兴,sx_weighbridge,2026-01-01,Delivery,100,2026-09-02
绍兴,sx_weighbridge,2026-01-01,Delivery,8350,2026-09-02
绍兴,sx_weighbridge,2026-01-01,Delivery,145050,2026-09-02
绍兴,sx_weighbridge,2025-12-31,Delivery,172500,2026-09-02
绍兴,sx_weighbridge,2025-12-31,Delivery,19200,2026-09-02
绍兴,sx_weighbridge,2025-12-31,Delivery,300,2026-09-02
绍兴,sx_weighbridge,2025-12-31,Receipt,66050,2026-09-02
绍兴,sx_weighbridge,2025-12-30,Delivery,17550,2026-09-02
绍兴,sx_weighbridge,2025-12-30,Delivery,103500,2026-09-02
绍兴,sx_weighbridge,2025-12-30,Receipt,26850,2026-09-02
绍兴,sx_weighbridge,2025-12-30,Delivery,15600,2026-09-02
绍兴,sx_weighbridge,2025-12-29,Receipt,188000,2026-09-02
绍兴,sx_weighbridge,2025-12-29,Transfer,6700,2026-09-02
绍兴,sx_weighbridge,2025-12-29,Delivery,24850,2026-09-02
绍兴,sx_weighbridge,2025-12-29,Delivery,62500,2026-09-02
绍兴,sx_weighbridge,2025-12-29,Delivery,16650,2026-09-02
绍兴,sx_weighbridge,2025-12-28,Receipt,205150,2026-09-02
绍兴,sx_weighbridge,2025-12-28,Receipt,750,2026-09-02
绍兴,sx_weighbridge,2025-12-28,Transfer,16850,2026-09-02
绍兴,sx_weighbridge,2025-12-28,Delivery,43300,2026-09-02
绍兴,sx_weighbridge,2025-12-28,Delivery,100,2026-09-02
绍兴,sx_weighbridge,2025-12-28,Delivery,16150,2026-09-02
绍兴,sx_weighbridge,2025-12-27,Delivery,101700,2026-09-02
绍兴,sx_weighbridge,2025-12-27,Delivery,2900,2026-09-02
绍兴,sx_weighbridge,2025-12-27,Delivery,41350,2026-09-02
绍兴,sx_weighbridge,2025-12-27,Receipt,129600,2026-09-02
绍兴,sx_weighbridge,2025-12-27,Delivery,4700,2026-09-02
绍兴,sx_weighbridge,2025-12-26,Delivery,4800,2026-09-02
绍兴,sx_weighbridge,2025-12-26,Receipt,850,2026-09-02
绍兴,sx_weighbridge,2025-12-26,Delivery,650,2026-09-02
绍兴,sx_weighbridge,2025-12-26,Receipt,118900,2026-09-02
绍兴,sx_weighbridge,2025-12-26,Transfer,7800,2026-09-02
绍兴,sx_weighbridge,2025-12-26,Delivery,138750,2026-09-02
绍兴,sx_weighbridge,2025-12-24,Transfer,7900,2026-09-02
绍兴,sx_weighbridge,2025-12-24,Delivery,700,2026-09-02
绍兴,sx_weighbridge,2025-12-24,Delivery,22400,2026-09-02
绍兴,sx_weighbridge,2025-12-24,Receipt,154600,2026-09-02
绍兴,sx_weighbridge,2025-12-23,Delivery,85150,2026-09-02
绍兴,sx_weighbridge,2025-12-23,Delivery,169900,2026-09-02
绍兴,sx_weighbridge,2025-12-23,Delivery,17850,2026-09-02
绍兴,sx_weighbridge,2025-12-23,Receipt,162600,2026-09-02
绍兴,sx_weighbridge,2025-12-23,Delivery,2550,2026-09-02
绍兴,sx_weighbridge,2025-12-22,Transfer,6950,2026-09-02
绍兴,sx_weighbridge,2025-12-22,Delivery,135950,2026-09-02
绍兴,sx_weighbridge,2025-12-22,Delivery,82900,2026-09-02
绍兴,sx_weighbridge,2025-12-22,Delivery,68750,2026-09-02
绍兴,sx_weighbridge,2025-12-22,Receipt,180800,2026-09-02
绍兴,sx_weighbridge,2025-12-22,Delivery,7950,2026-09-02
绍兴,sx_weighbridge,2025-12-21,Delivery,58550,2026-09-02
绍兴,sx_weighbridge,2025-12-21,Delivery,32800,2026-09-02
绍兴,sx_weighbridge,2025-12-21,Delivery,71200,2026-09-02
绍兴,sx_weighbridge,2025-12-21,Delivery,750,2026-09-02
绍兴,sx_weighbridge,2025-12-21,Receipt,343750,2026-09-02
绍兴,sx_weighbridge,2025-12-20,Delivery,7950,2026-09-02
绍兴,sx_weighbridge,2025-12-20,Receipt,255300,2026-09-02
绍兴,sx_weighbridge,2025-12-19,Delivery,30150,2026-09-02
绍兴,sx_weighbridge,2025-12-19,Delivery,33000,2026-09-02
绍兴,sx_weighbridge,2025-12-19,Receipt,118650,2026-09-02
绍兴,sx_weighbridge,2025-12-19,Delivery,3750,2026-09-02
绍兴,sx_weighbridge,2025-12-19,Delivery,17150,2026-09-02
绍兴,sx_weighbridge,2025-12-18,Delivery,29550,2026-09-02
绍兴,sx_weighbridge,2025-12-18,Receipt,58050,2026-09-02
绍兴,sx_weighbridge,2025-12-18,Delivery,11300,2026-09-02
绍兴,sx_weighbridge,2025-12-17,Receipt,67850,2026-09-02
绍兴,sx_weighbridge,2025-12-17,Transfer,9500,2026-09-02
绍兴,sx_weighbridge,2025-12-17,Delivery,17450,2026-09-02
绍兴,sx_weighbridge,2025-12-17,Delivery,43250,2026-09-02
绍兴,sx_weighbridge,2025-12-17,Delivery,26800,2026-09-02
绍兴,sx_weighbridge,2025-12-17,Transfer,6500,2026-09-02
绍兴,sx_weighbridge,2025-12-17,Delivery,5200,2026-09-02
绍兴,sx_weighbridge,2025-12-16,Receipt,90050,2026-09-02
绍兴,sx_weighbridge,2025-12-16,Delivery,13800,2026-09-02
绍兴,sx_weighbridge,2025-12-16,Delivery,7200,2026-09-02
绍兴,sx_weighbridge,2025-12-16,Delivery,124550,2026-09-02
绍兴,sx_weighbridge,2025-12-16,Delivery,6400,2026-09-02
绍兴,sx_weighbridge,2025-12-15,Receipt,60450,2026-09-02
绍兴,sx_weighbridge,2025-12-15,Delivery,5350,2026-09-02
绍兴,sx_weighbridge,2025-12-15,Delivery,22950,2026-09-02
绍兴,sx_weighbridge,2025-12-15,Delivery,7600,2026-09-02
绍兴,sx_weighbridge,2025-12-15,Delivery,24750,2026-09-02
绍兴,sx_weighbridge,2025-12-14,Delivery,8100,2026-09-02
绍兴,sx_weighbridge,2025-12-14,Delivery,37550,2026-09-02
绍兴,sx_weighbridge,2025-12-14,Receipt,86350,2026-09-02
绍兴,sx_weighbridge,2025-12-14,Delivery,20250,2026-09-02
绍兴,sx_weighbridge,2025-12-14,Delivery,5450,2026-09-02
绍兴,sx_weighbridge,2025-12-13,Delivery,14900,2026-09-02
绍兴,sx_weighbridge,2025-12-13,Delivery,11700,2026-09-02
绍兴,sx_weighbridge,2025-12-13,Receipt,96800,2026-09-02
绍兴,sx_weighbridge,2025-12-13,Delivery,2150,2026-09-02
绍兴,sx_weighbridge,2025-12-12,Receipt,86200,2026-09-02
绍兴,sx_weighbridge,2025-12-12,Delivery,13050,2026-09-02
绍兴,sx_weighbridge,2025-12-12,Delivery,6100,2026-09-02
绍兴,sx_weighbridge,2025-12-11,Delivery,13550,2026-09-02
绍兴,sx_weighbridge,2025-12-11,Delivery,9100,2026-09-02
绍兴,sx_weighbridge,2025-12-11,Receipt,94950,2026-09-02
绍兴,sx_weighbridge,2025-12-11,Delivery,15050,2026-09-02
绍兴,sx_weighbridge,2025-12-10,Receipt,63000,2026-09-02
绍兴,sx_weighbridge,2025-12-10,Delivery,18300,2026-09-02
绍兴,sx_weighbridge,2025-12-10,Delivery,13000,2026-09-02
绍兴,sx_weighbridge,2025-12-09,Delivery,17150,2026-09-02
绍兴,sx_weighbridge,2025-12-09,Receipt,82450,2026-09-02
绍兴,sx_weighbridge,2025-12-09,Transfer,8950,2026-09-02
绍兴,sx_weighbridge,2025-12-09,Delivery,6150,2026-09-02
绍兴,sx_weighbridge,2025-12-08,Transfer,6300,2026-09-02
绍兴,sx_weighbridge,2025-12-08,Delivery,27050,2026-09-02
绍兴,sx_weighbridge,2025-12-08,Delivery,100400,2026-09-02
绍兴,sx_weighbridge,2025-12-08,Delivery,20100,2026-09-02
绍兴,sx_weighbridge,2025-12-08,Receipt,26800,2026-09-02
绍兴,sx_weighbridge,2025-12-07,Receipt,2900,2026-09-02
绍兴,sx_weighbridge,2025-12-07,Delivery,151850,2026-09-02
绍兴,sx_weighbridge,2025-12-07,Delivery,8450,2026-09-02
绍兴,sx_weighbridge,2025-12-07,Delivery,15850,2026-09-02
绍兴,sx_weighbridge,2025-12-06,Receipt,275100,2026-09-02
绍兴,sx_weighbridge,2025-12-06,Delivery,2400,2026-09-02
绍兴,sx_weighbridge,2025-12-05,Receipt,46350,2026-09-02
绍兴,sx_weighbridge,2025-12-05,Delivery,6550,2026-09-02
绍兴,sx_weighbridge,2025-12-04,Delivery,2750,2026-09-02
绍兴,sx_weighbridge,2025-12-04,Receipt,152200,2026-09-02
绍兴,sx_weighbridge,2025-12-04,Transfer,9750,2026-09-02
绍兴,sx_weighbridge,2025-12-04,Delivery,35300,2026-09-02
绍兴,sx_weighbridge,2025-12-04,Delivery,13350,2026-09-02
绍兴,sx_weighbridge,2025-12-03,Delivery,46700,2026-09-02
绍兴,sx_weighbridge,2025-12-03,Delivery,5950,2026-09-02
绍兴,sx_weighbridge,2025-12-03,Delivery,14850,2026-09-02
绍兴,sx_weighbridge,2025-12-03,Receipt,119600,2026-09-02
绍兴,sx_weighbridge,2025-12-03,Delivery,30300,2026-09-02
绍兴,sx_weighbridge,2025-12-02,Delivery,1000,2026-09-02
绍兴,sx_weighbridge,2025-12-02,Delivery,14700,2026-09-02
绍兴,sx_weighbridge,2025-12-02,Receipt,22150,2026-09-02
绍兴,sx_weighbridge,2025-12-02,Delivery,28300,2026-09-02
绍兴,sx_weighbridge,2025-12-02,Delivery,117650,2026-09-02
绍兴,sx_weighbridge,2025-12-02,Delivery,12300,2026-09-02
绍兴,sx_weighbridge,2025-12-01,Receipt,36450,2026-09-02
绍兴,sx_weighbridge,2025-12-01,Delivery,118350,2026-09-02
绍兴,sx_weighbridge,2025-12-01,Delivery,52850,2026-09-02
绍兴,sx_weighbridge,2025-12-01,Delivery,5800,2026-09-02
绍兴,sx_weighbridge,2025-11-30,Receipt,129350,2026-09-02
绍兴,sx_weighbridge,2025-11-30,Delivery,2150,2026-09-02
绍兴,sx_weighbridge,2025-11-29,Receipt,66200,2026-09-02
绍兴,sx_weighbridge,2025-11-29,Delivery,94450,2026-09-02
绍兴,sx_weighbridge,2025-11-29,Delivery,11250,2026-09-02
绍兴,sx_weighbridge,2025-11-28,Transfer,17850,2026-09-02
绍兴,sx_weighbridge,2025-11-28,Delivery,47450,2026-09-02
绍兴,sx_weighbridge,2025-11-28,Delivery,37600,2026-09-02
绍兴,sx_weighbridge,2025-11-28,Receipt,52350,2026-09-02
绍兴,sx_weighbridge,2025-11-28,Delivery,7150,2026-09-02
绍兴,sx_weighbridge,2025-11-27,Receipt,27450,2026-09-02
绍兴,sx_weighbridge,2025-11-27,Delivery,14050,2026-09-02
绍兴,sx_weighbridge,2025-11-27,Delivery,11700,2026-09-02
绍兴,sx_weighbridge,2025-11-26,Transfer,8800,2026-09-02
绍兴,sx_weighbridge,2025-11-26,Delivery,82650,2026-09-02
绍兴,sx_weighbridge,2025-11-26,Delivery,7800,2026-09-02
绍兴,sx_weighbridge,2025-11-26,Receipt,122150,2026-09-02
绍兴,sx_weighbridge,2025-11-25,Receipt,60150,2026-09-02
绍兴,sx_weighbridge,2025-11-25,Delivery,13550,2026-09-02
绍兴,sx_weighbridge,2025-11-25,Delivery,3750,2026-09-02
绍兴,sx_weighbridge,2025-11-24,Receipt,34500,2026-09-02
绍兴,sx_weighbridge,2025-11-24,Delivery,30650,2026-09-02
绍兴,sx_weighbridge,2025-11-24,Delivery,5000,2026-09-02
绍兴,sx_weighbridge,2025-11-23,Delivery,16500,2026-09-02
绍兴,sx_weighbridge,2025-11-23,Transfer,7700,2026-09-02
绍兴,sx_weighbridge,2025-11-23,Delivery,141550,2026-09-02
绍兴,sx_weighbridge,2025-11-23,Receipt,99550,2026-09-02
绍兴,sx_weighbridge,2025-11-23,Delivery,8950,2026-09-02
绍兴,sx_weighbridge,2025-11-23,Delivery,142700,2026-09-02
绍兴,sx_weighbridge,2025-11-22,Delivery,28400,2026-09-02
绍兴,sx_weighbridge,2025-11-22,Receipt,38150,2026-09-02
绍兴,sx_weighbridge,2025-11-22,Delivery,18250,2026-09-02
绍兴,sx_weighbridge,2025-11-22,Delivery,30650,2026-09-02
绍兴,sx_weighbridge,2025-11-22,Delivery,2800,2026-09-02
绍兴,sx_weighbridge,2025-11-21,Receipt,38500,2026-09-02
绍兴,sx_weighbridge,2025-11-21,Delivery,37550,2026-09-02
绍兴,sx_weighbridge,2025-11-21,Delivery,16250,2026-09-02
绍兴,sx_weighbridge,2025-11-21,Delivery,30950,2026-09-02
绍兴,sx_weighbridge,2025-11-21,Delivery,4300,2026-09-02
绍兴,sx_weighbridge,2025-11-20,Delivery,49000,2026-09-02
绍兴,sx_weighbridge,2025-11-20,Delivery,41800,2026-09-02
绍兴,sx_weighbridge,2025-11-20,Receipt,148750,2026-09-02
绍兴,sx_weighbridge,2025-11-20,Delivery,33300,2026-09-02
绍兴,sx_weighbridge,2025-11-20,Delivery,6600,2026-09-02
绍兴,sx_weighbridge,2025-11-16,Delivery,35100,2026-09-02
绍兴,sx_weighbridge,2025-11-17,Delivery,11800,2026-09-02
绍兴,sx_weighbridge,2025-11-17,Delivery,31350,2026-09-02
绍兴,sx_weighbridge,2025-11-16,Delivery,31450,2026-09-02
绍兴,sx_weighbridge,2025-11-13,Receipt,222150,2026-09-02
绍兴,sx_weighbridge,2025-11-15,Delivery,15400,2026-09-02
绍兴,sx_weighbridge,2025-11-15,Delivery,5550,2026-09-02
绍兴,sx_weighbridge,2025-11-15,Receipt,224050,2026-09-02
绍兴,sx_weighbridge,2025-11-14,Delivery,16250,2026-09-02
绍兴,sx_weighbridge,2025-11-16,Delivery,16000,2026-09-02
绍兴,sx_weighbridge,2025-11-13,Delivery,36600,2026-09-02
绍兴,sx_weighbridge,2025-11-15,Delivery,34950,2026-09-02
绍兴,sx_weighbridge,2025-11-17,Delivery,37300,2026-09-02
绍兴,sx_weighbridge,2025-11-14,Delivery,97750,2026-09-02
绍兴,sx_weighbridge,2025-11-15,Delivery,11050,2026-09-02
绍兴,sx_weighbridge,2025-11-13,Delivery,12550,2026-09-02
绍兴,sx_weighbridge,2025-11-14,Delivery,8750,2026-09-02
绍兴,sx_weighbridge,2025-11-14,Receipt,246850,2026-09-02
绍兴,sx_weighbridge,2025-11-16,Delivery,9600,2026-09-02
绍兴,sx_weighbridge,2025-11-15,Delivery,16850,2026-09-02
绍兴,sx_weighbridge,2025-11-14,Transfer,8850,2026-09-02
绍兴,sx_weighbridge,2025-11-17,Receipt,26250,2026-09-02
绍兴,sx_weighbridge,2025-11-14,Delivery,30350,2026-09-02
绍兴,sx_weighbridge,2025-11-16,Receipt,258600,2026-09-02
绍兴,sx_weighbridge,2025-10-13,Delivery,13100,2026-09-02
绍兴,sx_weighbridge,2025-10-13,Delivery,7250,2026-09-02
绍兴,sx_weighbridge,2025-10-13,Receipt,115150,2026-09-02
绍兴,sx_weighbridge,2025-10-13,Delivery,30900,2026-09-02
绍兴,sx_weighbridge,2025-10-12,Delivery,12700,2026-09-02
绍兴,sx_weighbridge,2025-10-12,Receipt,53150,2026-09-02
绍兴,sx_weighbridge,2025-10-12,Delivery,6350,2026-09-02
绍兴,sx_weighbridge,2025-10-11,Transfer,8200,2026-09-02
绍兴,sx_weighbridge,2025-10-11,Receipt,47650,2026-09-02
绍兴,sx_weighbridge,2025-10-11,Transfer,9750,2026-09-02
绍兴,sx_weighbridge,2025-10-11,Delivery,2350,2026-09-02
绍兴,sx_weighbridge,2025-10-10,Receipt,82500,2026-09-02
绍兴,sx_weighbridge,2025-10-10,Delivery,11550,2026-09-02
绍兴,sx_weighbridge,2025-10-10,Delivery,27750,2026-09-02
绍兴,sx_weighbridge,2025-10-10,Delivery,6200,2026-09-02
绍兴,sx_weighbridge,2025-10-09,Receipt,73950,2026-09-02
绍兴,sx_weighbridge,2025-10-09,Delivery,5450,2026-09-02
绍兴,sx_weighbridge,2025-10-09,Delivery,38400,2026-09-02
绍兴,sx_weighbridge,2025-10-08,Delivery,67950,2026-09-02
绍兴,sx_weighbridge,2025-10-08,Delivery,23250,2026-09-02
绍兴,sx_weighbridge,2025-10-08,Receipt,66350,2026-09-02
绍兴,sx_weighbridge,2025-10-08,Delivery,1250,2026-09-02
绍兴,sx_weighbridge,2025-10-07,Delivery,23000,2026-09-02
绍兴,sx_weighbridge,2025-10-07,Delivery,140800,2026-09-02
绍兴,sx_weighbridge,2025-10-07,Receipt,20300,2026-09-02
绍兴,sx_weighbridge,2025-10-07,Delivery,23650,2026-09-02
绍兴,sx_weighbridge,2025-10-07,Delivery,2600,2026-09-02
绍兴,sx_weighbridge,2025-10-06,Receipt,41250,2026-09-02
绍兴,sx_weighbridge,2025-10-06,Delivery,3700,2026-09-02
绍兴,sx_weighbridge,2025-10-05,Receipt,198400,2026-09-02
绍兴,sx_weighbridge,2025-10-05,Delivery,82900,2026-09-02
绍兴,sx_weighbridge,2025-10-05,Transfer,17950,2026-09-02
绍兴,sx_weighbridge,2025-10-05,Delivery,2950,2026-09-02
绍兴,sx_weighbridge,2025-10-04,Receipt,131650,2026-09-02
绍兴,sx_weighbridge,2025-10-04,Delivery,176350,2026-09-02
绍兴,sx_weighbridge,2025-10-04,Delivery,4000,2026-09-02
绍兴,sx_weighbridge,2025-10-03,Delivery,108900,2026-09-02
绍兴,sx_weighbridge,2025-10-03,Delivery,5800,2026-09-02
绍兴,sx_weighbridge,2025-10-03,Delivery,6350,2026-09-02
绍兴,sx_weighbridge,2025-10-03,Receipt,203000,2026-09-02
绍兴,sx_weighbridge,2025-10-02,Delivery,12100,2026-09-02
绍兴,sx_weighbridge,2025-10-02,Delivery,1300,2026-09-02
绍兴,sx_weighbridge,2025-10-02,Delivery,20100,2026-09-02
绍兴,sx_weighbridge,2025-10-02,Receipt,112050,2026-09-02
绍兴,sx_weighbridge,2025-10-01,Delivery,15850,2026-09-02
绍兴,sx_weighbridge,2025-10-01,Delivery,82900,2026-09-02
绍兴,sx_weighbridge,2025-10-01,Delivery,1000,2026-09-02
绍兴,sx_weighbridge,2025-10-01,Receipt,61550,2026-09-02
绍兴,sx_weighbridge,2025-10-01,Delivery,37550,2026-09-02
绍兴,sx_weighbridge,2025-09-30,Delivery,12500,2026-09-02
绍兴,sx_weighbridge,2025-09-30,Transfer,9050,2026-09-02
绍兴,sx_weighbridge,2025-09-30,Delivery,32800,2026-09-02
绍兴,sx_weighbridge,2025-09-30,Delivery,56200,2026-09-02
绍兴,sx_weighbridge,2025-09-30,Receipt,91250,2026-09-02
绍兴,sx_weighbridge,2025-09-30,Delivery,2100,2026-09-02
绍兴,sx_weighbridge,2025-09-29,Receipt,55400,2026-09-02
绍兴,sx_weighbridge,2025-09-29,Delivery,12500,2026-09-02
绍兴,sx_weighbridge,2025-09-29,Delivery,88100,2026-09-02
绍兴,sx_weighbridge,2025-09-29,Delivery,52200,2026-09-02
绍兴,sx_weighbridge,2025-09-29,Delivery,10550,2026-09-02
绍兴,sx_weighbridge,2025-09-28,Delivery,12500,2026-09-02
绍兴,sx_weighbridge,2025-09-28,Receipt,79600,2026-09-02
绍兴,sx_weighbridge,2025-09-28,Delivery,7450,2026-09-02
绍兴,sx_weighbridge,2025-09-27,Delivery,19300,2026-09-02
绍兴,sx_weighbridge,2025-09-27,Transfer,8700,2026-09-02
绍兴,sx_weighbridge,2025-09-27,Delivery,7500,2026-09-02
绍兴,sx_weighbridge,2025-09-27,Delivery,42200,2026-09-02
绍兴,sx_weighbridge,2025-09-27,Delivery,32550,2026-09-02
绍兴,sx_weighbridge,2025-09-27,Receipt,120200,2026-09-02
绍兴,sx_weighbridge,2025-09-26,Transfer,9200,2026-09-02
绍兴,sx_weighbridge,2025-09-26,Delivery,12350,2026-09-02
绍兴,sx_weighbridge,2025-09-26,Delivery,7600,2026-09-02
绍兴,sx_weighbridge,2025-09-26,Delivery,48400,2026-09-02
绍兴,sx_weighbridge,2025-09-26,Delivery,26450,2026-09-02
绍兴,sx_weighbridge,2025-09-26,Receipt,244850,2026-09-02
绍兴,sx_weighbridge,2025-09-25,Delivery,27950,2026-09-02
绍兴,sx_weighbridge,2025-09-25,Delivery,33700,2026-09-02
绍兴,sx_weighbridge,2025-09-25,Delivery,17800,2026-09-02
绍兴,sx_weighbridge,2025-09-25,Delivery,7450,2026-09-02
绍兴,sx_weighbridge,2025-09-25,Receipt,143600,2026-09-02
绍兴,sx_weighbridge,2025-09-24,Delivery,59700,2026-09-02
绍兴,sx_weighbridge,2025-09-24,Delivery,134700,2026-09-02
绍兴,sx_weighbridge,2025-09-24,Delivery,3400,2026-09-02
绍兴,sx_weighbridge,2025-09-24,Receipt,180550,2026-09-02
绍兴,sx_weighbridge,2025-09-23,Delivery,6000,2026-09-02
绍兴,sx_weighbridge,2025-09-23,Receipt,151300,2026-09-02
绍兴,sx_weighbridge,2025-09-22,Receipt,47450,2026-09-02
绍兴,sx_weighbridge,2025-09-22,Delivery,11550,2026-09-02
绍兴,sx_weighbridge,2025-09-22,Delivery,82600,2026-09-02
绍兴,sx_weighbridge,2025-09-21,Delivery,67500,2026-09-02
绍兴,sx_weighbridge,2025-09-21,Receipt,171150,2026-09-02
绍兴,sx_weighbridge,2025-09-21,Delivery,3350,2026-09-02
绍兴,sx_weighbridge,2025-09-20,Receipt,152450,2026-09-02
绍兴,sx_weighbridge,2025-09-20,Delivery,11650,2026-09-02
绍兴,sx_weighbridge,2025-09-20,Delivery,15250,2026-09-02
绍兴,sx_weighbridge,2025-09-20,Delivery,16950,2026-09-02
绍兴,sx_weighbridge,2025-09-19,Delivery,47950,2026-09-02
绍兴,sx_weighbridge,2025-09-19,Transfer,8150,2026-09-02
绍兴,sx_weighbridge,2025-09-19,Delivery,12600,2026-09-02
绍兴,sx_weighbridge,2025-09-19,Delivery,11000,2026-09-02
绍兴,sx_weighbridge,2025-09-19,Delivery,9750,2026-09-02
绍兴,sx_weighbridge,2025-09-19,Delivery,10600,2026-09-02
绍兴,sx_weighbridge,2025-09-18,Transfer,8250,2026-09-02
绍兴,sx_weighbridge,2025-09-18,Delivery,52950,2026-09-02
绍兴,sx_weighbridge,2025-09-18,Delivery,44800,2026-09-02
绍兴,sx_weighbridge,2025-09-18,Delivery,9800,2026-09-02
绍兴,sx_weighbridge,2025-09-17,Receipt,43550,2026-09-02
绍兴,sx_weighbridge,2025-09-17,Delivery,23150,2026-09-02
绍兴,sx_weighbridge,2025-09-17,Delivery,59850,2026-09-02
绍兴,sx_weighbridge,2025-09-17,Delivery,22700,2026-09-02
绍兴,sx_weighbridge,2025-09-17,Delivery,10950,2026-09-02
绍兴,sx_weighbridge,2025-09-16,Delivery,65600,2026-09-02
绍兴,sx_weighbridge,2025-09-16,Receipt,25350,2026-09-02
绍兴,sx_weighbridge,2025-09-16,Delivery,14300,2026-09-02
绍兴,sx_weighbridge,2025-09-15,Delivery,25750,2026-09-02
绍兴,sx_weighbridge,2025-09-15,Receipt,65200,2026-09-02
绍兴,sx_weighbridge,2025-09-15,Delivery,9500,2026-09-02
绍兴,sx_weighbridge,2025-09-12,Delivery,27400,2026-09-02
绍兴,sx_weighbridge,2025-09-12,Delivery,17050,2026-09-02
绍兴,sx_weighbridge,2025-09-12,Delivery,42700,2026-09-02
绍兴,sx_weighbridge,2025-09-12,Receipt,62650,2026-09-02
绍兴,sx_weighbridge,2025-09-11,Receipt,31350,2026-09-02
绍兴,sx_weighbridge,2025-09-11,Delivery,9550,2026-09-02
绍兴,sx_weighbridge,2025-09-11,Delivery,7850,2026-09-02
绍兴,sx_weighbridge,2025-09-10,Receipt,91500,2026-09-02
绍兴,sx_weighbridge,2025-09-10,Delivery,6600,2026-09-02
绍兴,sx_weighbridge,2025-09-10,Transfer,9100,2026-09-02
绍兴,sx_weighbridge,2025-09-10,Delivery,53650,2026-09-02
绍兴,sx_weighbridge,2025-09-09,Delivery,124450,2026-09-02
绍兴,sx_weighbridge,2025-09-09,Receipt,82100,2026-09-02
绍兴,sx_weighbridge,2025-09-09,Delivery,69550,2026-09-02
绍兴,sx_weighbridge,2025-09-09,Transfer,8450,2026-09-02
绍兴,sx_weighbridge,2025-09-09,Delivery,5150,2026-09-02
绍兴,sx_weighbridge,2025-09-08,Delivery,38450,2026-09-02
绍兴,sx_weighbridge,2025-09-08,Receipt,79750,2026-09-02
绍兴,sx_weighbridge,2025-09-08,Delivery,1750,2026-09-02
绍兴,sx_weighbridge,2025-09-08,Transfer,8050,2026-09-02
绍兴,sx_weighbridge,2025-09-08,Delivery,14650,2026-09-02
绍兴,sx_weighbridge,2025-09-08,Delivery,8650,2026-09-02
绍兴,sx_weighbridge,2025-09-07,Receipt,900,2026-09-02
绍兴,sx_weighbridge,2025-09-07,Delivery,115700,2026-09-02
绍兴,sx_weighbridge,2025-09-07,Delivery,36550,2026-09-02
绍兴,sx_weighbridge,2025-09-07,Delivery,33800,2026-09-02
绍兴,sx_weighbridge,2025-09-07,Receipt,119500,2026-09-02
绍兴,sx_weighbridge,2025-09-07,Delivery,6350,2026-09-02
绍兴,sx_weighbridge,2025-09-06,Delivery,107350,2026-09-02
绍兴,sx_weighbridge,2025-09-06,Receipt,61750,2026-09-02
绍兴,sx_weighbridge,2025-09-06,Delivery,74700,2026-09-02
绍兴,sx_weighbridge,2025-09-06,Delivery,64900,2026-09-02
绍兴,sx_weighbridge,2025-09-06,Delivery,5000,2026-09-02
绍兴,sx_weighbridge,2025-09-05,Delivery,10100,2026-09-02
绍兴,sx_weighbridge,2025-09-05,Delivery,10600,2026-09-02
绍兴,sx_weighbridge,2025-09-05,Receipt,89250,2026-09-02
绍兴,sx_weighbridge,2025-09-05,Delivery,62950,2026-09-02
绍兴,sx_weighbridge,2025-09-04,Delivery,121950,2026-09-02
绍兴,sx_weighbridge,2025-09-04,Delivery,9400,2026-09-02
绍兴,sx_weighbridge,2025-09-04,Receipt,40050,2026-09-02
绍兴,sx_weighbridge,2025-09-04,Delivery,7550,2026-09-02
绍兴,sx_weighbridge,2025-09-03,Transfer,7550,2026-09-02
绍兴,sx_weighbridge,2025-09-03,Receipt,44850,2026-09-02
绍兴,sx_weighbridge,2025-09-03,Delivery,8100,2026-09-02
绍兴,sx_weighbridge,2025-09-03,Delivery,5000,2026-09-02
绍兴,sx_weighbridge,2025-09-02,Delivery,8000,2026-09-02
绍兴,sx_weighbridge,2025-09-02,Delivery,950,2026-09-02
绍兴,sx_weighbridge,2025-09-02,Receipt,38900,2026-09-02
绍兴,sx_weighbridge,2025-09-02,Delivery,6200,2026-09-02
绍兴,sx_weighbridge,2025-09-02,Transfer,9100,2026-09-02
绍兴,sx_weighbridge,2025-09-02,Delivery,3100,2026-09-02
绍兴,sx_weighbridge,2025-09-02,Delivery,52050,2026-09-02
绍兴,sx_weighbridge,2025-09-01,Delivery,16100,2026-09-02
绍兴,sx_weighbridge,2025-09-01,Receipt,35050,2026-09-02
绍兴,sx_weighbridge,2025-09-01,Delivery,134250,2026-09-02
绍兴,sx_weighbridge,2025-09-01,Delivery,4550,2026-09-02
绍兴,sx_weighbridge,2025-08-31,Transfer,8450,2026-09-02
绍兴,sx_weighbridge,2025-08-31,Delivery,6750,2026-09-02
绍兴,sx_weighbridge,2025-08-31,Delivery,7400,2026-09-02
绍兴,sx_weighbridge,2025-08-31,Receipt,131500,2026-09-02
绍兴,sx_weighbridge,2025-08-31,Delivery,20850,2026-09-02
绍兴,sx_weighbridge,2025-08-30,Delivery,96050,2026-09-02
绍兴,sx_weighbridge,2025-08-30,Delivery,125050,2026-09-02
绍兴,sx_weighbridge,2025-08-30,Delivery,1800,2026-09-02
绍兴,sx_weighbridge,2025-08-30,Transfer,9550,2026-09-02
绍兴,sx_weighbridge,2025-08-30,Receipt,85300,2026-09-02
绍兴,sx_weighbridge,2025-08-29,Delivery,7000,2026-09-02
绍兴,sx_weighbridge,2025-08-29,Delivery,4400,2026-09-02
绍兴,sx_weighbridge,2025-08-29,Delivery,35200,2026-09-02
绍兴,sx_weighbridge,2025-08-29,Transfer,8050,2026-09-02
绍兴,sx_weighbridge,2025-08-29,Receipt,116300,2026-09-02
绍兴,sx_weighbridge,2025-08-28,Delivery,24950,2026-09-02
绍兴,sx_weighbridge,2025-08-28,Receipt,3000,2026-09-02
绍兴,sx_weighbridge,2025-08-28,Delivery,10200,2026-09-02
绍兴,sx_weighbridge,2025-08-28,Delivery,90850,2026-09-02
绍兴,sx_weighbridge,2025-08-28,Receipt,185650,2026-09-02
绍兴,sx_weighbridge,2025-08-28,Delivery,4050,2026-09-02
绍兴,sx_weighbridge,2025-08-27,Delivery,51350,2026-09-02
绍兴,sx_weighbridge,2025-08-27,Transfer,8450,2026-09-02
绍兴,sx_weighbridge,2025-08-27,Delivery,4600,2026-09-02
绍兴,sx_weighbridge,2025-08-27,Delivery,105700,2026-09-02
绍兴,sx_weighbridge,2025-08-27,Receipt,205000,2026-09-02
绍兴,sx_weighbridge,2025-08-26,Delivery,107900,2026-09-02
绍兴,sx_weighbridge,2025-08-26,Receipt,176050,2026-09-02
绍兴,sx_weighbridge,2025-08-26,Delivery,96350,2026-09-02
绍兴,sx_weighbridge,2025-08-26,Delivery,19900,2026-09-02
绍兴,sx_weighbridge,2025-08-25,Receipt,152350,2026-09-02
绍兴,sx_weighbridge,2025-08-25,Delivery,5850,2026-09-02
绍兴,sx_weighbridge,2025-08-25,Delivery,107150,2026-09-02
绍兴,sx_weighbridge,2025-08-24,Delivery,24350,2026-09-02
绍兴,sx_weighbridge,2025-08-24,Delivery,36650,2026-09-02
绍兴,sx_weighbridge,2025-08-24,Delivery,50350,2026-09-02
绍兴,sx_weighbridge,2025-08-24,Delivery,1950,2026-09-02
绍兴,sx_weighbridge,2025-08-24,Receipt,141850,2026-09-02
绍兴,sx_weighbridge,2025-08-23,Delivery,55250,2026-09-02
绍兴,sx_weighbridge,2025-08-23,Delivery,4250,2026-09-02
绍兴,sx_weighbridge,2025-08-23,Receipt,26950,2026-09-02
绍兴,sx_weighbridge,2025-08-23,Delivery,12950,2026-09-02
绍兴,sx_weighbridge,2025-08-22,Transfer,8300,2026-09-02
绍兴,sx_weighbridge,2025-08-22,Delivery,10900,2026-09-02
绍兴,sx_weighbridge,2025-08-22,Delivery,2950,2026-09-02
绍兴,sx_weighbridge,2025-08-22,Receipt,70000,2026-09-02
绍兴,sx_weighbridge,2025-08-22,Delivery,17500,2026-09-02
绍兴,sx_weighbridge,2025-08-21,Delivery,10300,2026-09-02
绍兴,sx_weighbridge,2025-08-21,Delivery,14750,2026-09-02
绍兴,sx_weighbridge,2025-08-21,Delivery,3650,2026-09-02
绍兴,sx_weighbridge,2025-08-21,Transfer,8950,2026-09-02
绍兴,sx_weighbridge,2025-08-21,Receipt,55400,2026-09-02
绍兴,sx_weighbridge,2025-08-20,Delivery,29150,2026-09-02
绍兴,sx_weighbridge,2025-08-20,Delivery,229600,2026-09-02
绍兴,sx_weighbridge,2025-08-20,Delivery,10700,2026-09-02
绍兴,sx_weighbridge,2025-08-20,Receipt,48700,2026-09-02
绍兴,sx_weighbridge,2025-08-20,Delivery,3550,2026-09-02
绍兴,sx_weighbridge,2025-08-19,Receipt,88950,2026-09-02
绍兴,sx_weighbridge,2025-08-19,Delivery,1800,2026-09-02
绍兴,sx_weighbridge,2025-08-18,Receipt,62800,2026-09-02
绍兴,sx_weighbridge,2025-08-18,Delivery,4150,2026-09-02
绍兴,sx_weighbridge,2025-08-16,Delivery,600,2026-09-02
绍兴,sx_weighbridge,2025-08-16,Receipt,96450,2026-09-02
绍兴,sx_weighbridge,2025-08-15,Receipt,158900,2026-09-02
绍兴,sx_weighbridge,2025-08-15,Delivery,61250,2026-09-02
绍兴,sx_weighbridge,2025-08-15,Delivery,9000,2026-09-02
绍兴,sx_weighbridge,2025-08-14,Delivery,8000,2026-09-02
绍兴,sx_weighbridge,2025-08-14,Delivery,2750,2026-09-02
绍兴,sx_weighbridge,2025-08-14,Receipt,62000,2026-09-02
绍兴,sx_weighbridge,2025-08-13,Transfer,10300,2026-09-02
绍兴,sx_weighbridge,2025-08-13,Delivery,1100,2026-09-02
绍兴,sx_weighbridge,2025-08-13,Delivery,75550,2026-09-02
绍兴,sx_weighbridge,2025-08-13,Delivery,73850,2026-09-02
绍兴,sx_weighbridge,2025-08-13,Receipt,110450,2026-09-02
绍兴,sx_weighbridge,2025-08-13,Delivery,121500,2026-09-02
绍兴,sx_weighbridge,2025-08-12,Delivery,36050,2026-09-02
绍兴,sx_weighbridge,2025-08-12,Receipt,113700,2026-09-02
绍兴,sx_weighbridge,2025-08-12,Delivery,7400,2026-09-02
绍兴,sx_weighbridge,2025-08-12,Delivery,32000,2026-09-02
绍兴,sx_weighbridge,2025-08-12,Delivery,134000,2026-09-02
绍兴,sx_weighbridge,2025-08-11,Delivery,1000,2026-09-02
绍兴,sx_weighbridge,2025-08-11,Delivery,79100,2026-09-02
绍兴,sx_weighbridge,2025-08-11,Receipt,14900,2026-09-02
绍兴,sx_weighbridge,2025-08-10,Receipt,30550,2026-09-02
绍兴,sx_weighbridge,2025-08-10,Delivery,400,2026-09-02
绍兴,sx_weighbridge,2025-08-10,Delivery,12950,2026-09-02
绍兴,sx_weighbridge,2025-08-10,Delivery,57350,2026-09-02
绍兴,sx_weighbridge,2025-08-09,Receipt,15550,2026-09-02
绍兴,sx_weighbridge,2025-08-09,Delivery,10200,2026-09-02
绍兴,sx_weighbridge,2025-08-09,Delivery,600,2026-09-02
绍兴,sx_weighbridge,2025-08-08,Delivery,8100,2026-09-02
绍兴,sx_weighbridge,2025-08-08,Delivery,81150,2026-09-02
绍兴,sx_weighbridge,2025-08-08,Receipt,19400,2026-09-02
绍兴,sx_weighbridge,2025-08-08,Delivery,43850,2026-09-02
绍兴,sx_weighbridge,2025-08-07,Delivery,109700,2026-09-02
绍兴,sx_weighbridge,2025-08-07,Delivery,185100,2026-09-02
绍兴,sx_weighbridge,2025-08-07,Delivery,7300,2026-09-02
绍兴,sx_weighbridge,2025-08-07,Transfer,10850,2026-09-02
绍兴,sx_weighbridge,2025-08-07,Receipt,34400,2026-09-02
绍兴,sx_weighbridge,2025-08-06,Receipt,24200,2026-09-02
绍兴,sx_weighbridge,2025-08-06,Delivery,8150,2026-09-02
绍兴,sx_weighbridge,2025-08-06,Delivery,42050,2026-09-02
绍兴,sx_weighbridge,2025-08-06,Transfer,9650,2026-09-02
绍兴,sx_weighbridge,2025-08-05,Delivery,69900,2026-09-02
绍兴,sx_weighbridge,2025-08-05,Receipt,27150,2026-09-02
绍兴,sx_weighbridge,2025-08-05,Transfer,900,2026-09-02
绍兴,sx_weighbridge,2025-08-05,Delivery,10250,2026-09-02
绍兴,sx_weighbridge,2025-08-05,Delivery,1150,2026-09-02
绍兴,sx_weighbridge,2025-08-04,Delivery,14550,2026-09-02
绍兴,sx_weighbridge,2025-08-04,Receipt,186200,2026-09-02
绍兴,sx_weighbridge,2025-08-04,Delivery,12850,2026-09-02
绍兴,sx_weighbridge,2025-08-04,Delivery,72400,2026-09-02
绍兴,sx_weighbridge,2025-08-04,Delivery,1900,2026-09-02
绍兴,sx_weighbridge,2025-08-03,Receipt,43200,2026-09-02
绍兴,sx_weighbridge,2025-08-03,Delivery,500,2026-09-02
绍兴,sx_weighbridge,2025-08-03,Delivery,94150,2026-09-02
绍兴,sx_weighbridge,2025-08-03,Delivery,76750,2026-09-02
绍兴,sx_weighbridge,2025-08-03,Delivery,87600,2026-09-02
绍兴,sx_weighbridge,2025-08-02,Delivery,20050,2026-09-02
绍兴,sx_weighbridge,2025-08-02,Delivery,850,2026-09-02
绍兴,sx_weighbridge,2025-08-02,Delivery,3550,2026-09-02
绍兴,sx_weighbridge,2025-08-02,Delivery,81300,2026-09-02
绍兴,sx_weighbridge,2025-08-02,Delivery,126900,2026-09-02
绍兴,sx_weighbridge,2025-08-02,Receipt,72100,2026-09-02
绍兴,sx_weighbridge,2025-08-01,Delivery,2350,2026-09-02
绍兴,sx_weighbridge,2025-08-01,Delivery,50700,2026-09-02
绍兴,sx_weighbridge,2025-08-01,Receipt,59700,2026-09-02
绍兴,sx_weighbridge,2025-07-31,Receipt,119900,2026-09-02
绍兴,sx_weighbridge,2025-07-31,Delivery,3800,2026-09-02
绍兴,sx_weighbridge,2025-07-31,Delivery,22900,2026-09-02
绍兴,sx_weighbridge,2025-07-31,Delivery,94150,2026-09-02
绍兴,sx_weighbridge,2025-07-30,Delivery,5700,2026-09-02
绍兴,sx_weighbridge,2025-07-30,Delivery,44600,2026-09-02
绍兴,sx_weighbridge,2025-07-30,Receipt,94300,2026-09-02
绍兴,sx_weighbridge,2025-07-29,Receipt,39450,2026-09-02
绍兴,sx_weighbridge,2025-07-29,Delivery,73900,2026-09-02
绍兴,sx_weighbridge,2025-07-29,Delivery,3950,2026-09-02
绍兴,sx_weighbridge,2025-07-28,Receipt,48700,2026-09-02
绍兴,sx_weighbridge,2025-07-28,Delivery,5250,2026-09-02
绍兴,sx_weighbridge,2025-07-28,Transfer,9200,2026-09-02
绍兴,sx_weighbridge,2025-07-28,Delivery,10000,2026-09-02
绍兴,sx_weighbridge,2025-07-28,Delivery,42500,2026-09-02
绍兴,sx_weighbridge,2025-07-27,Delivery,14100,2026-09-02
绍兴,sx_weighbridge,2025-07-27,Transfer,9300,2026-09-02
绍兴,sx_weighbridge,2025-07-27,Delivery,10100,2026-09-02
绍兴,sx_weighbridge,2025-07-27,Receipt,59300,2026-09-02
绍兴,sx_weighbridge,2025-07-27,Delivery,1150,2026-09-02
绍兴,sx_weighbridge,2025-07-26,Delivery,10200,2026-09-02
绍兴,sx_weighbridge,2025-07-26,Receipt,118050,2026-09-02
绍兴,sx_weighbridge,2025-07-26,Transfer,8050,2026-09-02
绍兴,sx_weighbridge,2025-07-26,Delivery,120200,2026-09-02
绍兴,sx_weighbridge,2025-07-26,Delivery,1300,2026-09-02
绍兴,sx_weighbridge,2025-07-25,Transfer,10000,2026-09-02
绍兴,sx_weighbridge,2025-07-25,Delivery,23800,2026-09-02
绍兴,sx_weighbridge,2025-07-25,Delivery,1250,2026-09-02
绍兴,sx_weighbridge,2025-07-25,Delivery,13800,2026-09-02
绍兴,sx_weighbridge,2025-07-25,Receipt,145050,2026-09-02
绍兴,sx_weighbridge,2025-07-24,Transfer,8250,2026-09-02
绍兴,sx_weighbridge,2025-07-24,Delivery,800,2026-09-02
绍兴,sx_weighbridge,2025-07-24,Receipt,178400,2026-09-02
绍兴,sx_weighbridge,2025-07-24,Delivery,25750,2026-09-02
绍兴,sx_weighbridge,2025-07-23,Delivery,4600,2026-09-02
绍兴,sx_weighbridge,2025-07-23,Delivery,181100,2026-09-02
绍兴,sx_weighbridge,2025-07-23,Delivery,5400,2026-09-02
绍兴,sx_weighbridge,2025-07-23,Delivery,23350,2026-09-02
绍兴,sx_weighbridge,2025-07-23,Receipt,350,2026-09-02
绍兴,sx_weighbridge,2025-07-23,Receipt,87200,2026-09-02
绍兴,sx_weighbridge,2025-07-22,Delivery,1200,2026-09-02
绍兴,sx_weighbridge,2025-07-22,Delivery,21350,2026-09-02
绍兴,sx_weighbridge,2025-07-22,Receipt,116500,2026-09-02
绍兴,sx_weighbridge,2025-07-21,Delivery,10650,2026-09-02
绍兴,sx_weighbridge,2025-07-21,Receipt,75800,2026-09-02
绍兴,sx_weighbridge,2025-07-21,Delivery,2800,2026-09-02
绍兴,sx_weighbridge,2025-07-20,Receipt,116550,2026-09-02
绍兴,sx_weighbridge,2025-07-20,Delivery,2150,2026-09-02
绍兴,sx_weighbridge,2025-07-20,Delivery,5650,2026-09-02
绍兴,sx_weighbridge,2025-07-20,Delivery,132300,2026-09-02
绍兴,sx_weighbridge,2025-07-19,Transfer,9600,2026-09-02
绍兴,sx_weighbridge,2025-07-19,Delivery,33100,2026-09-02
绍兴,sx_weighbridge,2025-07-19,Delivery,1900,2026-09-02
绍兴,sx_weighbridge,2025-07-19,Receipt,79300,2026-09-02
绍兴,sx_weighbridge,2025-07-19,Delivery,49900,2026-09-02
绍兴,sx_weighbridge,2025-07-18,Delivery,8250,2026-09-02
绍兴,sx_weighbridge,2025-07-18,Delivery,41800,2026-09-02
绍兴,sx_weighbridge,2025-07-18,Delivery,16900,2026-09-02
绍兴,sx_weighbridge,2025-07-18,Receipt,72550,2026-09-02
绍兴,sx_weighbridge,2025-07-18,Delivery,8300,2026-09-02
绍兴,sx_weighbridge,2025-07-17,Transfer,10550,2026-09-02
绍兴,sx_weighbridge,2025-07-17,Delivery,90500,2026-09-02
绍兴,sx_weighbridge,2025-07-17,Receipt,78150,2026-09-02
绍兴,sx_weighbridge,2025-07-17,Delivery,2750,2026-09-02
绍兴,sx_weighbridge,2025-07-16,Receipt,111000,2026-09-02
绍兴,sx_weighbridge,2025-07-16,Delivery,130300,2026-09-02
绍兴,sx_weighbridge,2025-07-16,Transfer,9850,2026-09-02
绍兴,sx_weighbridge,2025-07-16,Delivery,117550,2026-09-02
绍兴,sx_weighbridge,2025-07-16,Delivery,1250,2026-09-02
绍兴,sx_weighbridge,2025-07-15,Delivery,7150,2026-09-02
绍兴,sx_weighbridge,2025-07-15,Receipt,157950,2026-09-02
绍兴,sx_weighbridge,2025-07-15,Delivery,21300,2026-09-02
绍兴,sx_weighbridge,2025-07-15,Delivery,2950,2026-09-02
绍兴,sx_weighbridge,2025-07-14,Delivery,62450,2026-09-02
绍兴,sx_weighbridge,2025-07-14,Receipt,178100,2026-09-02
绍兴,sx_weighbridge,2025-07-14,Delivery,30950,2026-09-02
绍兴,sx_weighbridge,2025-07-14,Delivery,1000,2026-09-02
绍兴,sx_weighbridge,2025-07-13,Receipt,97000,2026-09-02
绍兴,sx_weighbridge,2025-07-13,Delivery,500,2026-09-02
绍兴,sx_weighbridge,2025-07-13,Transfer,9650,2026-09-02
绍兴,sx_weighbridge,2025-07-13,Delivery,46300,2026-09-02
绍兴,sx_weighbridge,2025-07-13,Delivery,23250,2026-09-02
绍兴,sx_weighbridge,2025-07-12,Receipt,145650,2026-09-02
绍兴,sx_weighbridge,2025-07-12,Delivery,62100,2026-09-02
绍兴,sx_weighbridge,2025-07-12,Delivery,44450,2026-09-02
绍兴,sx_weighbridge,2025-07-12,Delivery,950,2026-09-02
绍兴,sx_weighbridge,2025-07-11,Receipt,219450,2026-09-02
绍兴,sx_weighbridge,2025-07-11,Delivery,2300,2026-09-02
绍兴,sx_weighbridge,2025-07-11,Delivery,23400,2026-09-02
绍兴,sx_weighbridge,2025-07-11,Delivery,92600,2026-09-02
绍兴,sx_weighbridge,2025-07-10,Delivery,1000,2026-09-02
绍兴,sx_weighbridge,2025-07-10,Delivery,5250,2026-09-02
绍兴,sx_weighbridge,2025-07-10,Receipt,105400,2026-09-02
绍兴,sx_weighbridge,2025-07-09,Delivery,5300,2026-09-02
绍兴,sx_weighbridge,2025-07-09,Delivery,65850,2026-09-02
绍兴,sx_weighbridge,2025-07-09,Delivery,5650,2026-09-02
绍兴,sx_weighbridge,2025-07-09,Receipt,94000,2026-09-02
绍兴,sx_weighbridge,2025-07-09,Delivery,6800,2026-09-02
绍兴,sx_weighbridge,2025-07-08,Transfer,9460,2026-09-02
绍兴,sx_weighbridge,2025-07-08,Delivery,83000,2026-09-02
绍兴,sx_weighbridge,2025-07-08,Delivery,19500,2026-09-02
绍兴,sx_weighbridge,2025-07-08,Delivery,13000,2026-09-02
绍兴,sx_weighbridge,2025-07-08,,20650,2026-09-02
绍兴,sx_weighbridge,2025-07-08,Delivery,15200,2026-09-02
绍兴,sx_weighbridge,2025-07-08,Receipt,113000,2026-09-02
绍兴,sx_weighbridge,2025-07-07,Delivery,8450,2026-09-02
绍兴,sx_weighbridge,2025-07-07,Receipt,40100,2026-09-02
绍兴,sx_weighbridge,2025-07-07,Delivery,6550,2026-09-02
绍兴,sx_weighbridge,2025-07-05,Receipt,25700,2026-09-02
绍兴,sx_weighbridge,2025-07-05,Delivery,2800,2026-09-02
绍兴,sx_weighbridge,2025-07-04,Delivery,69050,2026-09-02
绍兴,sx_weighbridge,2025-07-04,Delivery,4250,2026-09-02
绍兴,sx_weighbridge,2025-07-04,Delivery,41000,2026-09-02
绍兴,sx_weighbridge,2025-07-04,Receipt,36100,2026-09-02
绍兴,sx_weighbridge,2025-07-03,Transfer,9100,2026-09-02
绍兴,sx_weighbridge,2025-07-03,Delivery,57750,2026-09-02
绍兴,sx_weighbridge,2025-07-03,Delivery,2700,2026-09-02
绍兴,sx_weighbridge,2025-07-02,Delivery,10550,2026-09-02
绍兴,sx_weighbridge,2025-07-02,Delivery,9250,2026-09-02
绍兴,sx_weighbridge,2025-07-02,Transfer,8100,2026-09-02
绍兴,sx_weighbridge,2025-07-02,Delivery,82450,2026-09-02
绍兴,sx_weighbridge,2025-07-01,Delivery,82000,2026-09-02
绍兴,sx_weighbridge,2025-07-01,Delivery,45700,2026-09-02
绍兴,sx_weighbridge,2025-07-01,Delivery,9250,2026-09-02
绍兴,sx_weighbridge,2025-07-01,Delivery,4650,2026-09-02
绍兴,sx_weighbridge,2025-06-30,Delivery,1450,2026-09-02
绍兴,sx_weighbridge,2025-06-30,Receipt,41000,2026-09-02
绍兴,sx_weighbridge,2025-06-30,Delivery,31850,2026-09-02
绍兴,sx_weighbridge,2025-06-29,Delivery,54850,2026-09-02
绍兴,sx_weighbridge,2025-06-29,Delivery,1900,2026-09-02
绍兴,sx_weighbridge,2025-06-29,Receipt,100900,2026-09-02
绍兴,sx_weighbridge,2025-06-28,Delivery,9800,2026-09-02
绍兴,sx_weighbridge,2025-06-28,Delivery,11600,2026-09-02
绍兴,sx_weighbridge,2025-06-28,Receipt,46750,2026-09-02
绍兴,sx_weighbridge,2025-06-28,Delivery,44300,2026-09-02
绍兴,sx_weighbridge,2025-06-27,Transfer,9100,2026-09-02
绍兴,sx_weighbridge,2025-06-27,Delivery,700,2026-09-02
绍兴,sx_weighbridge,2025-06-27,Delivery,9300,2026-09-02
绍兴,sx_weighbridge,2025-06-27,Receipt,83400,2026-09-02
绍兴,sx_weighbridge,2025-06-27,Delivery,30900,2026-09-02
绍兴,sx_weighbridge,2025-06-26,Delivery,39850,2026-09-02
绍兴,sx_weighbridge,2025-06-26,Delivery,126750,2026-09-02
绍兴,sx_weighbridge,2025-06-26,Delivery,1050,2026-09-02
绍兴,sx_weighbridge,2025-06-26,Receipt,53650,2026-09-02
绍兴,sx_weighbridge,2025-06-26,Delivery,2250,2026-09-02
绍兴,sx_weighbridge,2025-06-25,Delivery,2300,2026-09-02
绍兴,sx_weighbridge,2025-06-25,Receipt,89650,2026-09-02
绍兴,sx_weighbridge,2025-06-25,Delivery,149500,2026-09-02
绍兴,sx_weighbridge,2025-06-25,Transfer,10800,2026-09-02
绍兴,sx_weighbridge,2025-06-25,Delivery,67900,2026-09-02
绍兴,sx_weighbridge,2025-06-24,Transfer,11400,2026-09-02
绍兴,sx_weighbridge,2025-06-24,Receipt,153050,2026-09-02
绍兴,sx_weighbridge,2025-06-24,Delivery,10550,2026-09-02
绍兴,sx_weighbridge,2025-06-24,Delivery,2850,2026-09-02
绍兴,sx_weighbridge,2025-06-23,Delivery,36950,2026-09-02
绍兴,sx_weighbridge,2025-06-23,Delivery,3550,2026-09-02
绍兴,sx_weighbridge,2025-06-23,Delivery,22650,2026-09-02
绍兴,sx_weighbridge,2025-06-23,Receipt,69250,2026-09-02
绍兴,sx_weighbridge,2025-06-22,Delivery,10200,2026-09-02
绍兴,sx_weighbridge,2025-06-22,Delivery,95550,2026-09-02
绍兴,sx_weighbridge,2025-06-22,Delivery,2650,2026-09-02
绍兴,sx_weighbridge,2025-06-22,Receipt,142100,2026-09-02
绍兴,sx_weighbridge,2025-06-22,Delivery,4900,2026-09-02
绍兴,sx_weighbridge,2025-06-22,Receipt,50,2026-09-02
绍兴,sx_weighbridge,2025-06-21,Delivery,59850,2026-09-02
绍兴,sx_weighbridge,2025-06-21,Receipt,150,2026-09-02
绍兴,sx_weighbridge,2025-06-21,Receipt,75450,2026-09-02
绍兴,sx_weighbridge,2025-06-21,Transfer,9600,2026-09-02
绍兴,sx_weighbridge,2025-06-21,Delivery,6200,2026-09-02
绍兴,sx_weighbridge,2025-06-21,Delivery,128600,2026-09-02
绍兴,sx_weighbridge,2025-06-20,,1700,2026-09-02
绍兴,sx_weighbridge,2025-06-20,Delivery,2550,2026-09-02
绍兴,sx_weighbridge,2025-06-20,Delivery,56500,2026-09-02
绍兴,sx_weighbridge,2025-06-20,Receipt,100,2026-09-02
绍兴,sx_weighbridge,2025-06-20,Delivery,43700,2026-09-02
绍兴,sx_weighbridge,2025-06-20,Receipt,164200,2026-09-02
绍兴,sx_weighbridge,2025-06-19,Receipt,95100,2026-09-02
绍兴,sx_weighbridge,2025-06-19,Delivery,66450,2026-09-02
绍兴,sx_weighbridge,2025-06-19,Delivery,104000,2026-09-02
绍兴,sx_weighbridge,2025-06-19,Delivery,53000,2026-09-02
绍兴,sx_weighbridge,2025-06-19,Delivery,2350,2026-09-02
绍兴,sx_weighbridge,2025-06-18,Transfer,10300,2026-09-02
绍兴,sx_weighbridge,2025-06-18,Delivery,26500,2026-09-02
绍兴,sx_weighbridge,2025-06-18,Receipt,156850,2026-09-02
绍兴,sx_weighbridge,2025-06-18,Delivery,79000,2026-09-02
绍兴,sx_weighbridge,2025-06-18,Delivery,42150,2026-09-02
绍兴,sx_weighbridge,2025-06-18,Delivery,6450,2026-09-02
绍兴,sx_weighbridge,2025-06-17,Transfer,11100,2026-09-02
绍兴,sx_weighbridge,2025-06-17,Delivery,32200,2026-09-02
绍兴,sx_weighbridge,2025-06-17,Delivery,22650,2026-09-02
绍兴,sx_weighbridge,2025-06-17,Receipt,129600,2026-09-02
绍兴,sx_weighbridge,2025-06-17,Delivery,5050,2026-09-02
绍兴,sx_weighbridge,2025-06-16,Delivery,20150,2026-09-02
绍兴,sx_weighbridge,2025-06-16,Delivery,66800,2026-09-02
绍兴,sx_weighbridge,2025-06-16,Delivery,5700,2026-09-02
绍兴,sx_weighbridge,2025-06-16,Delivery,104150,2026-09-02
绍兴,sx_weighbridge,2025-06-16,Receipt,139950,2026-09-02
绍兴,sx_weighbridge,2025-06-15,Receipt,174250,2026-09-02
绍兴,sx_weighbridge,2025-06-15,Delivery,1300,2026-09-02
绍兴,sx_weighbridge,2025-06-15,Delivery,17750,2026-09-02
绍兴,sx_weighbridge,2025-06-15,Delivery,13000,2026-09-02
绍兴,sx_weighbridge,2025-06-14,Receipt,122100,2026-09-02
绍兴,sx_weighbridge,2025-06-14,Delivery,1600,2026-09-02
绍兴,sx_weighbridge,2025-06-14,Delivery,51700,2026-09-02
绍兴,sx_weighbridge,2025-06-14,Delivery,72500,2026-09-02
绍兴,sx_weighbridge,2025-06-13,Receipt,70550,2026-09-02
绍兴,sx_weighbridge,2025-06-13,Delivery,2300,2026-09-02
绍兴,sx_weighbridge,2025-06-13,Delivery,27950,2026-09-02
绍兴,sx_weighbridge,2025-06-13,Delivery,16250,2026-09-02
绍兴,sx_weighbridge,2025-06-12,Delivery,84450,2026-09-02
绍兴,sx_weighbridge,2025-06-12,Receipt,108100,2026-09-02
绍兴,sx_weighbridge,2025-06-12,Delivery,9350,2026-09-02
绍兴,sx_weighbridge,2025-06-12,Delivery,46500,2026-09-02
绍兴,sx_weighbridge,2025-06-12,Delivery,2350,2026-09-02
绍兴,sx_weighbridge,2025-06-11,Receipt,61700,2026-09-02
绍兴,sx_weighbridge,2025-06-11,Delivery,3500,2026-09-02
绍兴,sx_weighbridge,2025-06-11,Delivery,13550,2026-09-02
绍兴,sx_weighbridge,2025-06-11,Transfer,9850,2026-09-02
绍兴,sx_weighbridge,2025-06-10,Receipt,86050,2026-09-02
绍兴,sx_weighbridge,2025-06-10,Delivery,1150,2026-09-02
绍兴,sx_weighbridge,2025-06-09,Receipt,149100,2026-09-02
绍兴,sx_weighbridge,2025-06-09,Delivery,2100,2026-09-02
绍兴,sx_weighbridge,2025-06-09,Delivery,12300,2026-09-02
绍兴,sx_weighbridge,2025-06-08,Receipt,107150,2026-09-02
绍兴,sx_weighbridge,2025-06-08,Delivery,450,2026-09-02
绍兴,sx_weighbridge,2025-06-07,Delivery,500,2026-09-02
绍兴,sx_weighbridge,2025-06-07,Receipt,73650,2026-09-02
绍兴,sx_weighbridge,2025-06-06,Receipt,450,2026-09-02
绍兴,sx_weighbridge,2025-06-06,Receipt,107750,2026-09-02
绍兴,sx_weighbridge,2025-06-06,Delivery,2450,2026-09-02
绍兴,sx_weighbridge,2025-06-05,Delivery,2800,2026-09-02
绍兴,sx_weighbridge,2025-06-05,Transfer,9600,2026-09-02
绍兴,sx_weighbridge,2025-06-05,Receipt,40750,2026-09-02
绍兴,sx_weighbridge,2025-06-04,Transfer,9150,2026-09-02
绍兴,sx_weighbridge,2025-06-04,Delivery,84050,2026-09-02
绍兴,sx_weighbridge,2025-06-04,Delivery,14200,2026-09-02
绍兴,sx_weighbridge,2025-06-04,Receipt,67850,2026-09-02
绍兴,sx_weighbridge,2025-06-04,Delivery,650,2026-09-02
绍兴,sx_weighbridge,2025-05-31,Receipt,88900,2026-09-02
绍兴,sx_weighbridge,2025-05-31,Delivery,800,2026-09-02
绍兴,sx_weighbridge,2025-05-30,Transfer,8300,2026-09-02
绍兴,sx_weighbridge,2025-05-30,Receipt,47700,2026-09-02
绍兴,sx_weighbridge,2025-05-30,Delivery,4400,2026-09-02
绍兴,sx_weighbridge,2025-05-29,Delivery,57300,2026-09-02
绍兴,sx_weighbridge,2025-05-29,Delivery,7900,2026-09-02
绍兴,sx_weighbridge,2025-05-29,Receipt,35650,2026-09-02
绍兴,sx_weighbridge,2025-05-28,Receipt,56650,2026-09-02
绍兴,sx_weighbridge,2025-05-28,Delivery,56750,2026-09-02
绍兴,sx_weighbridge,2025-05-28,Delivery,2200,2026-09-02
绍兴,sx_weighbridge,2025-05-27,Receipt,139400,2026-09-02
绍兴,sx_weighbridge,2025-05-27,Delivery,85850,2026-09-02
绍兴,sx_weighbridge,2025-05-27,Receipt,750,2026-09-02
绍兴,sx_weighbridge,2025-05-27,Delivery,3550,2026-09-02
绍兴,sx_weighbridge,2025-05-27,Delivery,9200,2026-09-02
绍兴,sx_weighbridge,2025-05-26,Delivery,30700,2026-09-02
绍兴,sx_weighbridge,2025-05-26,Receipt,48700,2026-09-02
绍兴,sx_weighbridge,2025-05-26,Delivery,2400,2026-09-02
绍兴,sx_weighbridge,2025-05-26,Delivery,34400,2026-09-02
绍兴,sx_weighbridge,2025-05-26,Receipt,3000,2026-09-02
绍兴,sx_weighbridge,2025-05-26,Delivery,93850,2026-09-02
绍兴,sx_weighbridge,2025-05-22,Receipt,6800,2026-09-02
绍兴,sx_weighbridge,2025-05-22,Delivery,94500,2026-09-02
绍兴,sx_weighbridge,2025-05-22,Delivery,2800,2026-09-02
绍兴,sx_weighbridge,2025-05-21,Receipt,9900,2026-09-02
绍兴,sx_weighbridge,2025-05-21,Delivery,650,2026-09-02
绍兴,sx_weighbridge,2025-05-20,Receipt,14800,2026-09-02
绍兴,sx_weighbridge,2025-05-20,Delivery,10150,2026-09-02
绍兴,sx_weighbridge,2025-05-20,Delivery,26950,2026-09-02
绍兴,sx_weighbridge,2025-05-20,Delivery,1500,2026-09-02
绍兴,sx_weighbridge,2025-05-19,Delivery,550,2026-09-02
绍兴,sx_weighbridge,2025-05-19,Receipt,22600,2026-09-02
绍兴,sx_weighbridge,2025-05-19,Delivery,20000,2026-09-02
绍兴,sx_weighbridge,2025-05-19,Delivery,90600,2026-09-02
绍兴,sx_weighbridge,2025-05-18,Delivery,99700,2026-09-02
绍兴,sx_weighbridge,2025-05-18,Receipt,47200,2026-09-02
绍兴,sx_weighbridge,2025-05-18,Delivery,400,2026-09-02
绍兴,sx_weighbridge,2025-05-17,Delivery,13200,2026-09-02
绍兴,sx_weighbridge,2025-05-17,Delivery,55250,2026-09-02
绍兴,sx_weighbridge,2025-05-17,Delivery,150,2026-09-02
绍兴,sx_weighbridge,2025-05-17,Receipt,87050,2026-09-02
绍兴,sx_weighbridge,2025-05-16,Delivery,41700,2026-09-02
绍兴,sx_weighbridge,2025-05-16,Receipt,77150,2026-09-02
绍兴,sx_weighbridge,2025-05-16,Delivery,1200,2026-09-02
绍兴,sx_weighbridge,2025-05-16,Delivery,35200,2026-09-02
绍兴,sx_weighbridge,2025-05-15,Delivery,450,2026-09-02
绍兴,sx_weighbridge,2025-05-15,Receipt,84150,2026-09-02
绍兴,sx_weighbridge,2025-05-14,Transfer,8700,2026-09-02
绍兴,sx_weighbridge,2025-05-14,Delivery,1100,2026-09-02
绍兴,sx_weighbridge,2025-05-14,Delivery,54950,2026-09-02
绍兴,sx_weighbridge,2025-05-14,Delivery,13700,2026-09-02
绍兴,sx_weighbridge,2025-05-14,Receipt,7800,2026-09-02
绍兴,sx_weighbridge,2025-05-14,Delivery,8800,2026-09-02
绍兴,sx_weighbridge,2025-05-14,Delivery,12950,2026-09-02
绍兴,sx_weighbridge,2025-05-13,Delivery,100,2026-09-02
绍兴,sx_weighbridge,2025-05-13,Delivery,41750,2026-09-02
绍兴,sx_weighbridge,2025-05-13,Delivery,1050,2026-09-02
绍兴,sx_weighbridge,2025-05-13,Delivery,107850,2026-09-02
绍兴,sx_weighbridge,2025-05-13,Transfer,9050,2026-09-02
绍兴,sx_weighbridge,2025-05-13,Delivery,51100,2026-09-02
绍兴,sx_weighbridge,2025-05-13,Receipt,50250,2026-09-02
绍兴,sx_weighbridge,2025-05-12,Transfer,9500,2026-09-02
绍兴,sx_weighbridge,2025-05-12,Delivery,46400,2026-09-02
绍兴,sx_weighbridge,2025-05-12,Delivery,26700,2026-09-02
绍兴,sx_weighbridge,2025-05-12,Receipt,75550,2026-09-02
绍兴,sx_weighbridge,2025-05-12,Delivery,19850,2026-09-02
绍兴,sx_weighbridge,2025-05-11,Delivery,25350,2026-09-02
绍兴,sx_weighbridge,2025-05-11,Receipt,52900,2026-09-02
绍兴,sx_weighbridge,2025-05-11,Delivery,950,2026-09-02
绍兴,sx_weighbridge,2025-05-11,Delivery,14800,2026-09-02
绍兴,sx_weighbridge,2025-05-11,Delivery,95600,2026-09-02
绍兴,sx_weighbridge,2025-05-10,Delivery,8300,2026-09-02
绍兴,sx_weighbridge,2025-05-10,Delivery,39700,2026-09-02
绍兴,sx_weighbridge,2025-05-10,Receipt,41050,2026-09-02
绍兴,sx_weighbridge,2025-05-10,Transfer,9050,2026-09-02
绍兴,sx_weighbridge,2025-05-10,Delivery,5250,2026-09-02
绍兴,sx_weighbridge,2025-05-10,Delivery,57750,2026-09-02
绍兴,sx_weighbridge,2025-05-09,Delivery,7150,2026-09-02
绍兴,sx_weighbridge,2025-05-09,Delivery,3200,2026-09-02
绍兴,sx_weighbridge,2025-05-08,Delivery,8650,2026-09-02
绍兴,sx_weighbridge,2025-05-08,Delivery,18400,2026-09-02
绍兴,sx_weighbridge,2025-05-08,Delivery,156150,2026-09-02
绍兴,sx_weighbridge,2025-05-08,Delivery,36050,2026-09-02
绍兴,sx_weighbridge,2025-05-08,Transfer,8150,2026-09-02
绍兴,sx_weighbridge,2025-05-08,Transfer,8700,2026-09-02
绍兴,sx_weighbridge,2025-05-08,Receipt,83550,2026-09-02
绍兴,sx_weighbridge,2025-05-08,Delivery,14200,2026-09-02
绍兴,sx_weighbridge,2025-05-07,Delivery,25800,2026-09-02
绍兴,sx_weighbridge,2025-05-07,Delivery,2600,2026-09-02
绍兴,sx_weighbridge,2025-05-07,Delivery,134250,2026-09-02
绍兴,sx_weighbridge,2025-05-07,Receipt,116150,2026-09-02
绍兴,sx_weighbridge,2025-05-07,Transfer,10650,2026-09-02
绍兴,sx_weighbridge,2025-05-06,Delivery,40300,2026-09-02
绍兴,sx_weighbridge,2025-05-06,Delivery,93450,2026-09-02
绍兴,sx_weighbridge,2025-05-06,Receipt,171000,2026-09-02
绍兴,sx_weighbridge,2025-05-06,Delivery,5050,2026-09-02
绍兴,sx_weighbridge,2025-05-05,Receipt,141900,2026-09-02
绍兴,sx_weighbridge,2025-05-05,Delivery,97050,2026-09-02
绍兴,sx_weighbridge,2025-05-05,Delivery,550,2026-09-02
绍兴,sx_weighbridge,2025-05-04,Transfer,7900,2026-09-02
绍兴,sx_weighbridge,2025-05-04,Delivery,47350,2026-09-02
绍兴,sx_weighbridge,2025-05-04,Receipt,166650,2026-09-02
绍兴,sx_weighbridge,2025-05-04,Delivery,10950,2026-09-02
绍兴,sx_weighbridge,2025-05-04,Delivery,1050,2026-09-02
绍兴,sx_weighbridge,2025-05-04,Delivery,23100,2026-09-02
绍兴,sx_weighbridge,2025-05-03,Delivery,35000,2026-09-02
绍兴,sx_weighbridge,2025-05-03,Delivery,92700,2026-09-02
绍兴,sx_weighbridge,2025-05-03,Receipt,86800,2026-09-02
绍兴,sx_weighbridge,2025-05-03,Delivery,50,2026-09-02
绍兴,sx_weighbridge,2025-05-02,Delivery,450,2026-09-02
绍兴,sx_weighbridge,2025-05-02,Delivery,144950,2026-09-02
绍兴,sx_weighbridge,2025-05-02,Delivery,95650,2026-09-02
绍兴,sx_weighbridge,2025-05-02,Transfer,9200,2026-09-02
绍兴,sx_weighbridge,2025-05-02,Delivery,43800,2026-09-02
绍兴,sx_weighbridge,2025-05-02,Receipt,208300,2026-09-02
绍兴,sx_weighbridge,2025-05-01,Receipt,95100,2026-09-02
绍兴,sx_weighbridge,2025-05-01,Transfer,9600,2026-09-02
绍兴,sx_weighbridge,2025-05-01,Delivery,1350,2026-09-02
绍兴,sx_weighbridge,2025-04-30,Receipt,112950,2026-09-02
绍兴,sx_weighbridge,2025-04-30,Transfer,8900,2026-09-02
绍兴,sx_weighbridge,2025-04-30,Delivery,41250,2026-09-02
绍兴,sx_weighbridge,2025-04-30,Delivery,1100,2026-09-02
绍兴,sx_weighbridge,2025-04-29,Delivery,16300,2026-09-02
绍兴,sx_weighbridge,2025-04-29,Delivery,9900,2026-09-02
绍兴,sx_weighbridge,2025-04-29,Receipt,200050,2026-09-02
绍兴,sx_weighbridge,2025-04-29,Delivery,4850,2026-09-02
绍兴,sx_weighbridge,2025-04-29,Delivery,33600,2026-09-02
绍兴,sx_weighbridge,2025-04-29,Transfer,8200,2026-09-02
绍兴,sx_weighbridge,2025-04-28,Transfer,8900,2026-09-02
绍兴,sx_weighbridge,2025-04-28,Delivery,15750,2026-09-02
绍兴,sx_weighbridge,2025-04-28,Delivery,193550,2026-09-02
绍兴,sx_weighbridge,2025-04-28,Delivery,6900,2026-09-02
绍兴,sx_weighbridge,2025-04-28,Delivery,3450,2026-09-02
绍兴,sx_weighbridge,2025-04-28,Receipt,184000,2026-09-02
绍兴,sx_weighbridge,2025-04-27,Receipt,170950,2026-09-02
绍兴,sx_weighbridge,2025-04-27,Delivery,450,2026-09-02
绍兴,sx_weighbridge,2025-04-27,Delivery,149550,2026-09-02
绍兴,sx_weighbridge,2025-04-27,Delivery,163350,2026-09-02
绍兴,sx_weighbridge,2025-04-26,Delivery,26300,2026-09-02
绍兴,sx_weighbridge,2025-04-26,Delivery,6950,2026-09-02
绍兴,sx_weighbridge,2025-04-26,Receipt,395600,2026-09-02
绍兴,sx_weighbridge,2025-04-26,Delivery,400,2026-09-02
绍兴,sx_weighbridge,2025-04-26,Delivery,77050,2026-09-02
绍兴,sx_weighbridge,2025-04-25,Transfer,8500,2026-09-02
绍兴,sx_weighbridge,2025-04-25,Delivery,20150,2026-09-02
绍兴,sx_weighbridge,2025-04-25,Delivery,43900,2026-09-02
绍兴,sx_weighbridge,2025-04-25,Delivery,450,2026-09-02
绍兴,sx_weighbridge,2025-04-25,Receipt,233250,2026-09-02
绍兴,sx_weighbridge,2025-04-24,Delivery,800,2026-09-02
绍兴,sx_weighbridge,2025-04-24,Receipt,124400,2026-09-02
绍兴,sx_weighbridge,2025-04-23,Receipt,50200,2026-09-02
绍兴,sx_weighbridge,2025-04-23,Delivery,17050,2026-09-02
绍兴,sx_weighbridge,2025-04-23,Delivery,650,2026-09-02
绍兴,sx_weighbridge,2025-04-22,Delivery,16550,2026-09-02
绍兴,sx_weighbridge,2025-04-22,Delivery,28050,2026-09-02
绍兴,sx_weighbridge,2025-04-22,Receipt,60350,2026-09-02
绍兴,sx_weighbridge,2025-04-21,Receipt,37350,2026-09-02
绍兴,sx_weighbridge,2025-04-21,Delivery,4600,2026-09-02
绍兴,sx_weighbridge,2025-04-20,Delivery,16800,2026-09-02
绍兴,sx_weighbridge,2025-04-20,Delivery,12450,2026-09-02
绍兴,sx_weighbridge,2025-04-20,Delivery,250,2026-09-02
绍兴,sx_weighbridge,2025-04-20,Receipt,80100,2026-09-02
绍兴,sx_weighbridge,2025-04-19,Delivery,600,2026-09-02
绍兴,sx_weighbridge,2025-04-19,Delivery,10600,2026-09-02
绍兴,sx_weighbridge,2025-04-19,Delivery,1900,2026-09-02
绍兴,sx_weighbridge,2025-04-19,Transfer,9400,2026-09-02
绍兴,sx_weighbridge,2025-04-19,Receipt,22350,2026-09-02
绍兴,sx_weighbridge,2025-04-18,Delivery,38800,2026-09-02
绍兴,sx_weighbridge,2025-04-18,Delivery,700,2026-09-02
绍兴,sx_weighbridge,2025-04-18,Receipt,63050,2026-09-02
绍兴,sx_weighbridge,2025-04-17,Delivery,13100,2026-09-02
绍兴,sx_weighbridge,2025-04-17,Delivery,1600,2026-09-02
绍兴,sx_weighbridge,2025-04-17,Transfer,7450,2026-09-02
绍兴,sx_weighbridge,2025-04-17,Delivery,80200,2026-09-02
绍兴,sx_weighbridge,2025-04-17,Receipt,84250,2026-09-02
绍兴,sx_weighbridge,2025-04-16,Delivery,71750,2026-09-02
绍兴,sx_weighbridge,2025-04-16,Receipt,26500,2026-09-02
绍兴,sx_weighbridge,2025-04-16,Delivery,92400,2026-09-02
绍兴,sx_weighbridge,2025-04-16,Delivery,92150,2026-09-02
绍兴,sx_weighbridge,2025-04-16,Delivery,350,2026-09-02
绍兴,sx_weighbridge,2025-04-15,Transfer,7950,2026-09-02
绍兴,sx_weighbridge,2025-04-15,Delivery,109050,2026-09-02
绍兴,sx_weighbridge,2025-04-15,Delivery,16450,2026-09-02
绍兴,sx_weighbridge,2025-04-15,Delivery,400,2026-09-02
绍兴,sx_weighbridge,2025-04-15,Receipt,119150,2026-09-02
绍兴,sx_weighbridge,2025-04-10,Receipt,86300,2026-09-02
绍兴,sx_weighbridge,2025-04-10,Delivery,7550,2026-09-02
绍兴,sx_weighbridge,2025-04-10,Transfer,9500,2026-09-02
绍兴,sx_weighbridge,2025-04-10,Receipt,550,2026-09-02
绍兴,sx_weighbridge,2025-04-09,Delivery,9750,2026-09-02
绍兴,sx_weighbridge,2025-04-09,Transfer,8750,2026-09-02
绍兴,sx_weighbridge,2025-04-09,Receipt,850,2026-09-02
绍兴,sx_weighbridge,2025-04-09,Transfer,8550,2026-09-02
绍兴,sx_weighbridge,2025-04-09,Delivery,3100,2026-09-02
绍兴,sx_weighbridge,2025-04-09,Receipt,92700,2026-09-02
绍兴,sx_weighbridge,2025-04-08,Delivery,14600,2026-09-02
绍兴,sx_weighbridge,2025-04-08,Delivery,12100,2026-09-02
绍兴,sx_weighbridge,2025-04-08,Delivery,33250,2026-09-02
绍兴,sx_weighbridge,2025-04-08,Receipt,86300,2026-09-02
绍兴,sx_weighbridge,2025-04-06,Delivery,33550,2026-09-02
绍兴,sx_weighbridge,2025-04-06,Delivery,250,2026-09-02
绍兴,sx_weighbridge,2025-04-06,Delivery,37800,2026-09-02
绍兴,sx_weighbridge,2025-04-06,Receipt,85650,2026-09-02
绍兴,sx_weighbridge,2025-04-05,Delivery,26150,2026-09-02
绍兴,sx_weighbridge,2025-04-05,Delivery,42100,2026-09-02
绍兴,sx_weighbridge,2025-04-05,Delivery,2250,2026-09-02
绍兴,sx_weighbridge,2025-04-05,Delivery,86950,2026-09-02
绍兴,sx_weighbridge,2025-04-05,Receipt,46300,2026-09-02
绍兴,sx_weighbridge,2025-04-04,Delivery,79350,2026-09-02
绍兴,sx_weighbridge,2025-04-04,Delivery,2000,2026-09-02
绍兴,sx_weighbridge,2025-04-04,Receipt,137450,2026-09-02
绍兴,sx_weighbridge,2025-04-04,Delivery,59100,2026-09-02
绍兴,sx_weighbridge,2025-04-04,Delivery,94850,2026-09-02
绍兴,sx_weighbridge,2025-04-03,Delivery,1850,2026-09-02
绍兴,sx_weighbridge,2025-04-03,Receipt,73850,2026-09-02
绍兴,sx_weighbridge,2025-04-02,Receipt,60450,2026-09-02
绍兴,sx_weighbridge,2025-04-02,Delivery,3100,2026-09-02
绍兴,sx_weighbridge,2025-04-01,Receipt,72300,2026-09-02
绍兴,sx_weighbridge,2025-04-01,Delivery,2400,2026-09-02
绍兴,sx_weighbridge,2025-03-31,Receipt,80250,2026-09-02
绍兴,sx_weighbridge,2025-03-31,Delivery,3400,2026-09-02
绍兴,sx_weighbridge,2025-03-31,Delivery,21000,2026-09-02
绍兴,sx_weighbridge,2025-03-30,Receipt,84550,2026-09-02
绍兴,sx_weighbridge,2025-03-30,Delivery,57600,2026-09-02
绍兴,sx_weighbridge,2025-03-30,Delivery,4550,2026-09-02
绍兴,sx_weighbridge,2025-03-29,Delivery,13750,2026-09-02
绍兴,sx_weighbridge,2025-03-29,Delivery,11050,2026-09-02
绍兴,sx_weighbridge,2025-03-29,Delivery,4200,2026-09-02
绍兴,sx_weighbridge,2025-03-29,Transfer,9300,2026-09-02
绍兴,sx_weighbridge,2025-03-29,Transfer,8150,2026-09-02
绍兴,sx_weighbridge,2025-03-29,Receipt,8900,2026-09-02
绍兴,sx_weighbridge,2025-03-28,Delivery,19800,2026-09-02
绍兴,sx_weighbridge,2025-03-28,Delivery,9950,2026-09-02
绍兴,sx_weighbridge,2025-03-28,Receipt,82950,2026-09-02
绍兴,sx_weighbridge,2025-03-28,Transfer,8850,2026-09-02
绍兴,sx_weighbridge,2025-03-28,Delivery,6350,2026-09-02
绍兴,sx_weighbridge,2025-03-28,Delivery,5200,2026-09-02
绍兴,sx_weighbridge,2025-03-27,Delivery,10700,2026-09-02
绍兴,sx_weighbridge,2025-03-27,Delivery,23150,2026-09-02
绍兴,sx_weighbridge,2025-03-27,Delivery,56600,2026-09-02
绍兴,sx_weighbridge,2025-03-27,Delivery,59200,2026-09-02
绍兴,sx_weighbridge,2025-03-27,Receipt,37800,2026-09-02
绍兴,sx_weighbridge,2025-03-26,Delivery,68800,2026-09-02
绍兴,sx_weighbridge,2025-03-26,Delivery,76750,2026-09-02
绍兴,sx_weighbridge,2025-03-26,Delivery,1050,2026-09-02
绍兴,sx_weighbridge,2025-03-26,Delivery,147250,2026-09-02
绍兴,sx_weighbridge,2025-03-26,Receipt,145000,2026-09-02
绍兴,sx_weighbridge,2025-03-25,Delivery,1850,2026-09-02
绍兴,sx_weighbridge,2025-03-25,Receipt,132350,2026-09-02
绍兴,sx_weighbridge,2025-03-24,Delivery,8300,2026-09-02
绍兴,sx_weighbridge,2025-03-24,Receipt,163850,2026-09-02
绍兴,sx_weighbridge,2025-03-24,Transfer,20100,2026-09-02
绍兴,sx_weighbridge,2025-03-23,Receipt,118500,2026-09-02
绍兴,sx_weighbridge,2025-03-23,Delivery,10350,2026-09-02
绍兴,sx_weighbridge,2025-03-23,Receipt,13000,2026-09-02
绍兴,sx_weighbridge,2025-03-23,Transfer,8700,2026-09-02
绍兴,sx_weighbridge,2025-03-23,Delivery,2400,2026-09-02
绍兴,sx_weighbridge,2025-03-22,Delivery,11600,2026-09-02
绍兴,sx_weighbridge,2025-03-22,Delivery,63350,2026-09-02
绍兴,sx_weighbridge,2025-03-22,Delivery,3300,2026-09-02
绍兴,sx_weighbridge,2025-03-21,Receipt,43700,2026-09-02
绍兴,sx_weighbridge,2025-03-21,Delivery,96400,2026-09-02
绍兴,sx_weighbridge,2025-03-21,Receipt,3000,2026-09-02
绍兴,sx_weighbridge,2025-03-21,Delivery,4550,2026-09-02
绍兴,sx_weighbridge,2025-03-20,Delivery,7000,2026-09-02
绍兴,sx_weighbridge,2025-03-20,Receipt,42650,2026-09-02
绍兴,sx_weighbridge,2025-03-20,Delivery,7250,2026-09-02
绍兴,sx_weighbridge,2025-03-20,Delivery,100700,2026-09-02
绍兴,sx_weighbridge,2025-03-20,Delivery,37250,2026-09-02
绍兴,sx_weighbridge,2025-03-20,Delivery,12750,2026-09-02
绍兴,sx_weighbridge,2025-03-20,Delivery,12600,2026-09-02
绍兴,sx_weighbridge,2025-03-19,Delivery,60200,2026-09-02
绍兴,sx_weighbridge,2025-03-19,Transfer,9750,2026-09-02
绍兴,sx_weighbridge,2025-03-19,Delivery,7050,2026-09-02
绍兴,sx_weighbridge,2025-03-19,Delivery,77250,2026-09-02
绍兴,sx_weighbridge,2025-03-19,Delivery,7550,2026-09-02
绍兴,sx_weighbridge,2025-03-19,Receipt,49450,2026-09-02
绍兴,sx_weighbridge,2025-03-18,Transfer,9050,2026-09-02
绍兴,sx_weighbridge,2025-03-18,Delivery,10600,2026-09-02
绍兴,sx_weighbridge,2025-03-18,Delivery,12100,2026-09-02
绍兴,sx_weighbridge,2025-03-18,Transfer,7050,2026-09-02
绍兴,sx_weighbridge,2025-03-18,Delivery,24850,2026-09-02
绍兴,sx_weighbridge,2025-03-18,Delivery,11800,2026-09-02
绍兴,sx_weighbridge,2025-03-18,Receipt,156150,2026-09-02
绍兴,sx_weighbridge,2025-03-17,Delivery,3700,2026-09-02
绍兴,sx_weighbridge,2025-03-17,Delivery,4000,2026-09-02
绍兴,sx_weighbridge,2025-03-17,Receipt,163850,2026-09-02
绍兴,sx_weighbridge,2025-03-17,Delivery,25250,2026-09-02
绍兴,sx_weighbridge,2025-03-16,Delivery,47250,2026-09-02
绍兴,sx_weighbridge,2025-03-16,Receipt,126000,2026-09-02
绍兴,sx_weighbridge,2025-03-16,Delivery,3800,2026-09-02
绍兴,sx_weighbridge,2025-03-16,Delivery,36300,2026-09-02
绍兴,sx_weighbridge,2025-03-16,Delivery,29500,2026-09-02
绍兴,sx_weighbridge,2025-03-15,Delivery,96200,2026-09-02
绍兴,sx_weighbridge,2025-03-15,Delivery,68700,2026-09-02
绍兴,sx_weighbridge,2025-03-15,Delivery,35250,2026-09-02
绍兴,sx_weighbridge,2025-03-15,Receipt,68700,2026-09-02
绍兴,sx_weighbridge,2025-03-15,Delivery,3550,2026-09-02
绍兴,sx_weighbridge,2025-03-14,Receipt,85900,2026-09-02
绍兴,sx_weighbridge,2025-03-14,Delivery,6450,2026-09-02
绍兴,sx_weighbridge,2025-03-13,Delivery,5500,2026-09-02
绍兴,sx_weighbridge,2025-03-13,Receipt,64650,2026-09-02
绍兴,sx_weighbridge,2025-03-12,Transfer,7900,2026-09-02
绍兴,sx_weighbridge,2025-03-12,Delivery,35700,2026-09-02
绍兴,sx_weighbridge,2025-03-12,Receipt,104250,2026-09-02
绍兴,sx_weighbridge,2025-03-12,Delivery,2800,2026-09-02
绍兴,sx_weighbridge,2025-03-11,Receipt,10500,2026-09-02
绍兴,sx_weighbridge,2025-03-11,Delivery,5950,2026-09-02
绍兴,sx_weighbridge,2025-03-11,Delivery,9150,2026-09-02
绍兴,sx_weighbridge,2025-03-11,Transfer,9800,2026-09-02
绍兴,sx_weighbridge,2025-03-10,Receipt,33270,2026-09-02
绍兴,sx_weighbridge,2025-03-10,Transfer,19700,2026-09-02
绍兴,sx_weighbridge,2025-03-10,Delivery,31300,2026-09-02
绍兴,sx_weighbridge,2025-03-10,Delivery,25450,2026-09-02
绍兴,sx_weighbridge,2025-03-09,Delivery,9150,2026-09-02
绍兴,sx_weighbridge,2025-03-09,Transfer,8950,2026-09-02
绍兴,sx_weighbridge,2025-03-09,Receipt,31900,2026-09-02
绍兴,sx_weighbridge,2025-03-09,Delivery,750,2026-09-02
绍兴,sx_weighbridge,2025-03-08,Delivery,44050,2026-09-02
绍兴,sx_weighbridge,2025-03-08,Delivery,33400,2026-09-02
绍兴,sx_weighbridge,2025-03-08,Transfer,9600,2026-09-02
绍兴,sx_weighbridge,2025-03-08,Delivery,47950,2026-09-02
绍兴,sx_weighbridge,2025-03-08,Delivery,7000,2026-09-02
绍兴,sx_weighbridge,2025-03-07,Receipt,53450,2026-09-02
绍兴,sx_weighbridge,2025-03-07,Delivery,43600,2026-09-02
绍兴,sx_weighbridge,2025-03-07,Transfer,9250,2026-09-02
绍兴,sx_weighbridge,2025-03-07,Delivery,74950,2026-09-02
绍兴,sx_weighbridge,2025-03-07,Delivery,7050,2026-09-02
绍兴,sx_weighbridge,2025-03-06,Delivery,26750,2026-09-02
绍兴,sx_weighbridge,2025-03-06,Delivery,48250,2026-09-02
绍兴,sx_weighbridge,2025-03-06,Receipt,29250,2026-09-02
绍兴,sx_weighbridge,2025-03-06,Delivery,2600,2026-09-02
绍兴,sx_weighbridge,2025-03-06,Transfer,9600,2026-09-02
绍兴,sx_weighbridge,2025-03-06,Delivery,15700,2026-09-02
绍兴,sx_weighbridge,2025-03-05,Transfer,9450,2026-09-02
绍兴,sx_weighbridge,2025-03-05,Delivery,400,2026-09-02
绍兴,sx_weighbridge,2025-03-05,Delivery,6200,2026-09-02
绍兴,sx_weighbridge,2025-03-05,Receipt,39200,2026-09-02
绍兴,sx_weighbridge,2025-03-04,Transfer,5300,2026-09-02
绍兴,sx_weighbridge,2025-03-04,Delivery,16150,2026-09-02
绍兴,sx_weighbridge,2025-03-04,Delivery,5800,2026-09-02
绍兴,sx_weighbridge,2025-03-04,Receipt,34850,2026-09-02
绍兴,sx_weighbridge,2025-03-04,Delivery,4400,2026-09-02
绍兴,sx_weighbridge,2025-03-03,Transfer,9750,2026-09-02
绍兴,sx_weighbridge,2025-03-03,Receipt,46000,2026-09-02
绍兴,sx_weighbridge,2025-03-03,Transfer,9100,2026-09-02
绍兴,sx_weighbridge,2025-03-03,Delivery,11150,2026-09-02
绍兴,sx_weighbridge,2025-03-03,Delivery,55200,2026-09-02
绍兴,sx_weighbridge,2025-03-03,Delivery,3200,2026-09-02
绍兴,sx_weighbridge,2025-03-02,Delivery,11100,2026-09-02
绍兴,sx_weighbridge,2025-03-02,Receipt,450,2026-09-02
绍兴,sx_weighbridge,2025-03-02,Delivery,250,2026-09-02
绍兴,sx_weighbridge,2025-03-02,Delivery,9500,2026-09-02
绍兴,sx_weighbridge,2025-03-02,Transfer,6800,2026-09-02
绍兴,sx_weighbridge,2025-03-02,Delivery,97150,2026-09-02
绍兴,sx_weighbridge,2025-03-02,Receipt,35100,2026-09-02
绍兴,sx_weighbridge,2025-03-01,Delivery,60600,2026-09-02
绍兴,sx_weighbridge,2025-03-01,Receipt,11750,2026-09-02
绍兴,sx_weighbridge,2025-03-01,Delivery,2800,2026-09-02
绍兴,sx_weighbridge,2025-03-01,Receipt,400,2026-09-02
绍兴,sx_weighbridge,2025-03-01,Delivery,8250,2026-09-02
绍兴,sx_weighbridge,2025-03-01,Delivery,69350,2026-09-02
绍兴,sx_weighbridge,2025-02-28,Delivery,117400,2026-09-02
绍兴,sx_weighbridge,2025-02-28,Receipt,129850,2026-09-02
绍兴,sx_weighbridge,2025-02-28,Delivery,39650,2026-09-02
绍兴,sx_weighbridge,2025-02-28,Delivery,91500,2026-09-02
绍兴,sx_weighbridge,2025-02-28,Delivery,6350,2026-09-02
绍兴,sx_weighbridge,2025-02-27,Delivery,90050,2026-09-02
绍兴,sx_weighbridge,2025-02-27,Receipt,31100,2026-09-02
绍兴,sx_weighbridge,2025-02-27,Delivery,71000,2026-09-02
绍兴,sx_weighbridge,2025-02-27,Delivery,2450,2026-09-02
绍兴,sx_weighbridge,2025-02-26,Delivery,66750,2026-09-02
绍兴,sx_weighbridge,2025-02-26,Delivery,23000,2026-09-02
绍兴,sx_weighbridge,2025-02-26,Delivery,11600,2026-09-02
绍兴,sx_weighbridge,2025-02-26,Delivery,5650,2026-09-02
绍兴,sx_weighbridge,2025-02-26,Receipt,81800,2026-09-02
绍兴,sx_weighbridge,2025-02-25,Delivery,11350,2026-09-02
绍兴,sx_weighbridge,2025-02-25,Delivery,30000,2026-09-02
绍兴,sx_weighbridge,2025-02-25,Receipt,48050,2026-09-02
绍兴,sx_weighbridge,2025-02-25,Delivery,5300,2026-09-02
绍兴,sx_weighbridge,2025-02-21,Delivery,28400,2026-09-02
绍兴,sx_weighbridge,2025-02-21,Receipt,161200,2026-09-02
绍兴,sx_weighbridge,2025-02-21,Delivery,500,2026-09-02
绍兴,sx_weighbridge,2025-02-21,Delivery,6850,2026-09-02
绍兴,sx_weighbridge,2025-02-20,Delivery,5700,2026-09-02
绍兴,sx_weighbridge,2025-02-20,Delivery,25050,2026-09-02
绍兴,sx_weighbridge,2025-02-20,Receipt,36700,2026-09-02
绍兴,sx_weighbridge,2025-02-19,Receipt,188000,2026-09-02
绍兴,sx_weighbridge,2025-02-19,Delivery,2500,2026-09-02
绍兴,sx_weighbridge,2025-02-19,Delivery,11050,2026-09-02
绍兴,sx_weighbridge,2025-02-18,Receipt,98250,2026-09-02
绍兴,sx_weighbridge,2025-02-18,Delivery,5500,2026-09-02
绍兴,sx_weighbridge,2025-02-17,Delivery,1150,2026-09-02
绍兴,sx_weighbridge,2025-02-16,Delivery,7450,2026-09-02
绍兴,sx_weighbridge,2025-02-15,Delivery,15550,2026-09-02
绍兴,sx_weighbridge,2025-02-15,Delivery,4000,2026-09-02
绍兴,sx_weighbridge,2025-02-14,Delivery,8800,2026-09-02
绍兴,sx_weighbridge,2025-02-14,Receipt,10450,2026-09-02
绍兴,sx_weighbridge,2025-02-14,Delivery,3200,2026-09-02
绍兴,sx_weighbridge,2025-02-13,Delivery,1400,2026-09-02
绍兴,sx_weighbridge,2025-02-12,Delivery,24150,2026-09-02
绍兴,sx_weighbridge,2025-02-12,Receipt,8600,2026-09-02
绍兴,sx_weighbridge,2025-02-12,Delivery,3900,2026-09-02
绍兴,sx_weighbridge,2025-02-11,Delivery,650,2026-09-02
绍兴,sx_weighbridge,2025-02-11,Receipt,5050,2026-09-02
绍兴,sx_weighbridge,2025-02-10,Delivery,850,2026-09-02
绍兴,sx_weighbridge,2025-02-09,Delivery,450,2026-09-02
绍兴,sx_weighbridge,2025-02-08,Delivery,250,2026-09-02
绍兴,sx_weighbridge,2025-02-07,Delivery,500,2026-09-02
绍兴,sx_weighbridge,2025-02-06,Delivery,50,2026-09-02
绍兴,sx_weighbridge,2025-02-05,Delivery,1750,2026-09-02
绍兴,sx_weighbridge,2025-01-21,Delivery,2950,2026-09-02
绍兴,sx_weighbridge,2025-01-20,Transfer,100,2026-09-02
绍兴,sx_weighbridge,2025-01-20,Delivery,2300,2026-09-02
绍兴,sx_weighbridge,2025-01-19,Transfer,50,2026-09-02
绍兴,sx_weighbridge,2025-01-19,Delivery,5900,2026-09-02
绍兴,sx_weighbridge,2025-01-19,Delivery,70450,2026-09-02
绍兴,sx_weighbridge,2025-01-18,Delivery,2750,2026-09-02
绍兴,sx_weighbridge,2025-01-18,Delivery,73000,2026-09-02
绍兴,sx_weighbridge,2025-01-17,Delivery,2350,2026-09-02
绍兴,sx_weighbridge,2025-01-16,Delivery,24100,2026-09-02
绍兴,sx_weighbridge,2025-01-16,Delivery,2900,2026-09-02
